ISO-10303-21;
HEADER;
/* Generated by software containing ST-Developer
 * from STEP Tools, Inc. (www.steptools.com) 
 */

FILE_DESCRIPTION(
/* description */ (''),
/* implementation_level */ '2;1');

FILE_NAME(
/* name */ 'Fueselage_bot.stp',
/* time_stamp */ '2026-03-23T14:50:57-04:00',
/* author */ ('samue'),
/* organization */ (''),
/* preprocessor_version */ 'ST-DEVELOPER v20.1',
/* originating_system */ 'Autodesk Inventor 2026',
/* authorisation */ '');

FILE_SCHEMA (('AUTOMOTIVE_DESIGN { 1 0 10303 214 3 1 1 }'));
ENDSEC;

DATA;
#10=MECHANICAL_DESIGN_GEOMETRIC_PRESENTATION_REPRESENTATION('',(#35,#36,
#37,#38,#39,#40,#41,#42,#43,#44,#45,#46,#47,#48,#49,#50,#51),#10742);
#11=GEOMETRICALLY_BOUNDED_WIREFRAME_SHAPE_REPRESENTATION('',(#12,#13,#14,
#15),#10741);
#12=GEOMETRIC_CURVE_SET('Sketch15',(#10705));
#13=GEOMETRIC_CURVE_SET('Sketch38',(#10706));
#14=GEOMETRIC_CURVE_SET('Sketch53',(#10707));
#15=GEOMETRIC_CURVE_SET('Sketch80',(#23,#24,#19,#25,#20,#26,#27,#28,#21,
#29,#22,#30,#31,#10738));
#16=SHAPE_REPRESENTATION_RELATIONSHIP('SRR','None',#10749,#18);
#17=SHAPE_REPRESENTATION_RELATIONSHIP('SRR','None',#10749,#11);
#18=ADVANCED_BREP_SHAPE_REPRESENTATION('',(#5496,#32,#33,#34),#10741);
#19=TRIMMED_CURVE('',#206,(#10713,PARAMETER_VALUE(1.04398327231245E-16)),
(#10714,PARAMETER_VALUE(1.5707963267949)),.T.,.PARAMETER.);
#20=TRIMMED_CURVE('',#207,(#10718,PARAMETER_VALUE(4.71238898038469)),(#10719,
PARAMETER_VALUE(6.28318530717959)),.T.,.PARAMETER.);
#21=TRIMMED_CURVE('',#208,(#10727,PARAMETER_VALUE(4.71238898038469)),(#10728,
PARAMETER_VALUE(6.28318530718368)),.T.,.PARAMETER.);
#22=TRIMMED_CURVE('',#209,(#10732,PARAMETER_VALUE(1.04398327231245E-16)),
(#10733,PARAMETER_VALUE(1.5707963267949)),.T.,.PARAMETER.);
#23=POLYLINE('',(#10708,#10709));
#24=POLYLINE('',(#10710,#10711));
#25=POLYLINE('',(#10715,#10716));
#26=POLYLINE('',(#10720,#10721));
#27=POLYLINE('',(#10722,#10723));
#28=POLYLINE('',(#10724,#10725));
#29=POLYLINE('',(#10729,#10730));
#30=POLYLINE('',(#10734,#10735));
#31=POLYLINE('',(#10736,#10737));
#32=MANIFOLD_SOLID_BREP('Solid51',#5493);
#33=MANIFOLD_SOLID_BREP('Solid52',#5494);
#34=MANIFOLD_SOLID_BREP('Solid53',#5495);
#35=STYLED_ITEM('',(#10758),#5496);
#36=STYLED_ITEM('',(#10758),#32);
#37=STYLED_ITEM('',(#10758),#33);
#38=STYLED_ITEM('',(#10758),#34);
#39=STYLED_ITEM('',(#10759),#23);
#40=STYLED_ITEM('',(#10759),#24);
#41=STYLED_ITEM('',(#10759),#19);
#42=STYLED_ITEM('',(#10759),#25);
#43=STYLED_ITEM('',(#10759),#20);
#44=STYLED_ITEM('',(#10759),#26);
#45=STYLED_ITEM('',(#10759),#27);
#46=STYLED_ITEM('',(#10759),#28);
#47=STYLED_ITEM('',(#10759),#21);
#48=STYLED_ITEM('',(#10759),#29);
#49=STYLED_ITEM('',(#10759),#22);
#50=STYLED_ITEM('',(#10759),#30);
#51=STYLED_ITEM('',(#10760),#31);
#52=ORIENTED_CLOSED_SHELL('',*,#5491,.F.);
#53=ORIENTED_CLOSED_SHELL('',*,#5492,.F.);
#54=(
BOUNDED_SURFACE()
B_SPLINE_SURFACE(1,2,((#7566,#7567,#7568),(#7569,#7570,#7571)),
 .UNSPECIFIED.,.F.,.F.,.F.)
B_SPLINE_SURFACE_WITH_KNOTS((2,2),(3,3),(0.172446375033558,3.42616488488945),
(-3.74844015890271,-2.17997901088965),.UNSPECIFIED.)
GEOMETRIC_REPRESENTATION_ITEM()
RATIONAL_B_SPLINE_SURFACE(((1.,0.707931909388017,1.),(1.,0.707931909388017,
1.)))
REPRESENTATION_ITEM('')
SURFACE()
);
#55=(
BOUNDED_SURFACE()
B_SPLINE_SURFACE(1,2,((#9388,#9389,#9390),(#9391,#9392,#9393)),
 .UNSPECIFIED.,.F.,.F.,.F.)
B_SPLINE_SURFACE_WITH_KNOTS((2,2),(3,3),(0.172446375033558,3.42616488488945),
(2.17997901088984,3.74844015890291),.UNSPECIFIED.)
GEOMETRIC_REPRESENTATION_ITEM()
RATIONAL_B_SPLINE_SURFACE(((1.,0.707931909388015,1.),(1.,0.707931909388015,
1.)))
REPRESENTATION_ITEM('')
SURFACE()
);
#56=(
BOUNDED_SURFACE()
B_SPLINE_SURFACE(1,2,((#9414,#9415,#9416),(#9417,#9418,#9419)),
 .UNSPECIFIED.,.F.,.F.,.F.)
B_SPLINE_SURFACE_WITH_KNOTS((2,2),(3,3),(-0.111325048508729,3.4093333241134),
(2.69515240493658,4.26169245368401),.UNSPECIFIED.)
GEOMETRIC_REPRESENTATION_ITEM()
RATIONAL_B_SPLINE_SURFACE(((1.,0.70861000035154,1.),(1.,0.70861000035154,
1.)))
REPRESENTATION_ITEM('')
SURFACE()
);
#57=(
BOUNDED_SURFACE()
B_SPLINE_SURFACE(1,2,((#9432,#9433,#9434),(#9435,#9436,#9437)),
 .UNSPECIFIED.,.F.,.F.,.F.)
B_SPLINE_SURFACE_WITH_KNOTS((2,2),(3,3),(-0.111325048508726,3.40933332411374),
(-4.26169245368402,-2.69515240493247),.UNSPECIFIED.)
GEOMETRIC_REPRESENTATION_ITEM()
RATIONAL_B_SPLINE_SURFACE(((1.,0.708610000350089,1.),(1.,0.708610000350089,
1.)))
REPRESENTATION_ITEM('')
SURFACE()
);
#58=B_SPLINE_SURFACE_WITH_KNOTS('',3,3,((#7488,#7489,#7490,#7491),(#7492,
#7493,#7494,#7495),(#7496,#7497,#7498,#7499),(#7500,#7501,#7502,#7503),
(#7504,#7505,#7506,#7507),(#7508,#7509,#7510,#7511),(#7512,#7513,#7514,
#7515)),.UNSPECIFIED.,.F.,.F.,.F.,(4,1,1,1,4),(4,4),(0.,0.285714285714286,
0.571428571428571,0.857142857142857,1.),(0.,0.172151473556114),
 .UNSPECIFIED.);
#59=B_SPLINE_SURFACE_WITH_KNOTS('',3,3,((#7547,#7548,#7549,#7550),(#7551,
#7552,#7553,#7554),(#7555,#7556,#7557,#7558),(#7559,#7560,#7561,#7562)),
 .UNSPECIFIED.,.F.,.F.,.F.,(4,4),(4,4),(0.,0.0974704035655509),(0.,0.110581853282804),
 .UNSPECIFIED.);
#60=B_SPLINE_SURFACE_WITH_KNOTS('',3,3,((#7585,#7586,#7587,#7588,#7589),
(#7590,#7591,#7592,#7593,#7594),(#7595,#7596,#7597,#7598,#7599),(#7600,
#7601,#7602,#7603,#7604),(#7605,#7606,#7607,#7608,#7609),(#7610,#7611,#7612,
#7613,#7614)),.UNSPECIFIED.,.F.,.F.,.F.,(4,1,1,4),(4,1,4),(0.,0.285714285714286,
0.571428571428571,1.),(-1.80752770974075,-0.774654732746032,5.73485068232825E-15),
 .UNSPECIFIED.);
#61=B_SPLINE_SURFACE_WITH_KNOTS('',3,3,((#7649,#7650,#7651,#7652),(#7653,
#7654,#7655,#7656),(#7657,#7658,#7659,#7660),(#7661,#7662,#7663,#7664)),
 .UNSPECIFIED.,.F.,.F.,.F.,(4,4),(4,4),(0.786727634480877,1.),(0.,0.49987317251052),
 .UNSPECIFIED.);
#62=B_SPLINE_SURFACE_WITH_KNOTS('',3,3,((#7666,#7667,#7668,#7669),(#7670,
#7671,#7672,#7673),(#7674,#7675,#7676,#7677),(#7678,#7679,#7680,#7681),
(#7682,#7683,#7684,#7685),(#7686,#7687,#7688,#7689),(#7690,#7691,#7692,
#7693)),.UNSPECIFIED.,.F.,.F.,.F.,(4,1,1,1,4),(4,4),(0.,0.285714285714286,
0.571428571428571,0.857142857142857,1.),(0.,0.920654921865034),
 .UNSPECIFIED.);
#63=B_SPLINE_SURFACE_WITH_KNOTS('',3,3,((#7703,#7704,#7705,#7706,#7707),
(#7708,#7709,#7710,#7711,#7712),(#7713,#7714,#7715,#7716,#7717),(#7718,
#7719,#7720,#7721,#7722)),.UNSPECIFIED.,.F.,.F.,.F.,(4,4),(4,1,4),(0.305499525206633,
1.),(0.433673704968984,0.574749592755907,0.762850776471804),
 .UNSPECIFIED.);
#64=B_SPLINE_SURFACE_WITH_KNOTS('',3,3,((#7724,#7725,#7726,#7727,#7728,
#7729,#7730,#7731),(#7732,#7733,#7734,#7735,#7736,#7737,#7738,#7739),(#7740,
#7741,#7742,#7743,#7744,#7745,#7746,#7747),(#7748,#7749,#7750,#7751,#7752,
#7753,#7754,#7755),(#7756,#7757,#7758,#7759,#7760,#7761,#7762,#7763)),
 .UNSPECIFIED.,.F.,.F.,.F.,(4,1,4),(4,1,1,1,1,4),(0.0314668190977644,0.446552468055865,
1.),(2.5865343615826E-15,0.285502092660473,0.571004185320943,1.14200837064188,
1.71301255596282,1.99851464862329),.UNSPECIFIED.);
#65=B_SPLINE_SURFACE_WITH_KNOTS('',3,3,((#7774,#7775,#7776,#7777,#7778),
(#7779,#7780,#7781,#7782,#7783),(#7784,#7785,#7786,#7787,#7788),(#7789,
#7790,#7791,#7792,#7793)),.UNSPECIFIED.,.F.,.F.,.F.,(4,4),(4,1,4),(0.295564460848456,
1.),(0.,0.195104517225629,0.34143290514485),.UNSPECIFIED.);
#66=B_SPLINE_SURFACE_WITH_KNOTS('',3,3,((#7799,#7800,#7801,#7802),(#7803,
#7804,#7805,#7806),(#7807,#7808,#7809,#7810),(#7811,#7812,#7813,#7814),
(#7815,#7816,#7817,#7818),(#7819,#7820,#7821,#7822),(#7823,#7824,#7825,
#7826)),.UNSPECIFIED.,.F.,.F.,.F.,(4,1,1,1,4),(4,4),(0.,0.285714285714286,
0.571428571428571,0.857142857142857,1.),(0.,0.908948595342854),
 .UNSPECIFIED.);
#67=B_SPLINE_SURFACE_WITH_KNOTS('',3,3,((#7832,#7833,#7834,#7835),(#7836,
#7837,#7838,#7839),(#7840,#7841,#7842,#7843),(#7844,#7845,#7846,#7847)),
 .UNSPECIFIED.,.F.,.F.,.F.,(4,4),(4,4),(0.,0.213272365518904),(0.,0.499873172510519),
 .UNSPECIFIED.);
#68=B_SPLINE_SURFACE_WITH_KNOTS('',3,3,((#7997,#7998,#7999,#8000),(#8001,
#8002,#8003,#8004),(#8005,#8006,#8007,#8008),(#8009,#8010,#8011,#8012)),
 .UNSPECIFIED.,.F.,.F.,.F.,(4,4),(4,4),(0.843749779510212,1.),(0.0459613104128649,
0.496505515045296),.UNSPECIFIED.);
#69=B_SPLINE_SURFACE_WITH_KNOTS('',3,3,((#8255,#8256,#8257,#8258,#8259,
#8260),(#8261,#8262,#8263,#8264,#8265,#8266),(#8267,#8268,#8269,#8270,#8271,
#8272),(#8273,#8274,#8275,#8276,#8277,#8278)),.UNSPECIFIED.,.F.,.F.,.F.,
(4,4),(4,1,1,4),(0.190856245660552,3.42616488488945),(-3.74844015890271,
-3.21781676383364,-2.8640678337876,-2.51031890374155),.UNSPECIFIED.);
#70=B_SPLINE_SURFACE_WITH_KNOTS('',3,3,((#8306,#8307,#8308,#8309,#8310,
#8311),(#8312,#8313,#8314,#8315,#8316,#8317),(#8318,#8319,#8320,#8321,#8322,
#8323),(#8324,#8325,#8326,#8327,#8328,#8329)),.UNSPECIFIED.,.F.,.F.,.F.,
(4,4),(4,1,1,4),(0.190856245660552,3.42616488488945),(2.51031890374175,
3.04094229881082,3.39469122885686,3.74844015890291),.UNSPECIFIED.);
#71=B_SPLINE_SURFACE_WITH_KNOTS('',3,3,((#8357,#8358,#8359,#8360,#8361),
(#8362,#8363,#8364,#8365,#8366),(#8367,#8368,#8369,#8370,#8371),(#8372,
#8373,#8374,#8375,#8376),(#8377,#8378,#8379,#8380,#8381),(#8382,#8383,#8384,
#8385,#8386),(#8387,#8388,#8389,#8390,#8391)),.UNSPECIFIED.,.F.,.F.,.F.,
(4,1,1,1,4),(4,1,4),(0.,0.285714285714286,0.571428571428571,0.857142857142857,
1.),(0.00719392158841808,0.528604334166359,0.919662143599815),
 .UNSPECIFIED.);
#72=B_SPLINE_SURFACE_WITH_KNOTS('',3,3,((#8578,#8579,#8580,#8581,#8582),
(#8583,#8584,#8585,#8586,#8587),(#8588,#8589,#8590,#8591,#8592),(#8593,
#8594,#8595,#8596,#8597),(#8598,#8599,#8600,#8601,#8602),(#8603,#8604,#8605,
#8606,#8607)),.UNSPECIFIED.,.F.,.F.,.F.,(4,1,1,4),(4,1,4),(0.,0.382933531351449,
0.638222552252414,0.89351157315338),(2.07160515855664,2.89352345407604,
3.98941451476857),.UNSPECIFIED.);
#73=B_SPLINE_SURFACE_WITH_KNOTS('',3,3,((#8619,#8620,#8621,#8622,#8623,
#8624),(#8625,#8626,#8627,#8628,#8629,#8630),(#8631,#8632,#8633,#8634,#8635,
#8636),(#8637,#8638,#8639,#8640,#8641,#8642),(#8643,#8644,#8645,#8646,#8647,
#8648),(#8649,#8650,#8651,#8652,#8653,#8654)),.UNSPECIFIED.,.F.,.F.,.F.,
(4,1,1,4),(4,1,1,4),(0.,0.3829149535668,0.638191589278,0.8934682249892),
(0.,1.19177826461596,1.98629710769326,2.78081595077057),.UNSPECIFIED.);
#74=B_SPLINE_SURFACE_WITH_KNOTS('',3,3,((#8674,#8675,#8676,#8677,#8678),
(#8679,#8680,#8681,#8682,#8683),(#8684,#8685,#8686,#8687,#8688),(#8689,
#8690,#8691,#8692,#8693),(#8694,#8695,#8696,#8697,#8698),(#8699,#8700,#8701,
#8702,#8703),(#8704,#8705,#8706,#8707,#8708),(#8709,#8710,#8711,#8712,#8713),
(#8714,#8715,#8716,#8717,#8718),(#8719,#8720,#8721,#8722,#8723)),
 .UNSPECIFIED.,.F.,.F.,.F.,(4,1,1,1,1,1,1,4),(4,1,4),(0.,0.142857142857143,
0.285714285714286,0.428571428571429,0.571428571428571,0.785714285714286,
0.857142857142857,1.),(0.00702267617732734,0.392593226682365,0.906687294022416),
 .UNSPECIFIED.);
#75=B_SPLINE_SURFACE_WITH_KNOTS('',3,3,((#8773,#8774,#8775,#8776,#8777),
(#8778,#8779,#8780,#8781,#8782),(#8783,#8784,#8785,#8786,#8787),(#8788,
#8789,#8790,#8791,#8792),(#8793,#8794,#8795,#8796,#8797),(#8798,#8799,#8800,
#8801,#8802),(#8803,#8804,#8805,#8806,#8807)),.UNSPECIFIED.,.F.,.F.,.F.,
(4,1,1,1,4),(4,1,4),(0.,0.285714285714286,0.571428571428571,0.857142857142857,
1.),(0.0063515734092714,0.392989162791579,0.908505948634656),
 .UNSPECIFIED.);
#76=B_SPLINE_SURFACE_WITH_KNOTS('',3,3,((#8829,#8830,#8831,#8832),(#8833,
#8834,#8835,#8836),(#8837,#8838,#8839,#8840),(#8841,#8842,#8843,#8844)),
 .UNSPECIFIED.,.F.,.F.,.F.,(4,4),(4,4),(0.,0.157701829948308),(0.0453161312060593,
0.496296113561542),.UNSPECIFIED.);
#77=B_SPLINE_SURFACE_WITH_KNOTS('',3,3,((#8859,#8860,#8861,#8862,#8863,
#8864,#8865),(#8866,#8867,#8868,#8869,#8870,#8871,#8872),(#8873,#8874,#8875,
#8876,#8877,#8878,#8879),(#8880,#8881,#8882,#8883,#8884,#8885,#8886)),
 .UNSPECIFIED.,.F.,.F.,.F.,(4,4),(4,1,1,1,4),(-0.0308799901005844,3.39027916274219),
(2.72698314484854,2.94622733182503,3.38471570577803,3.82320407973102,4.26169245368401),
 .UNSPECIFIED.);
#78=B_SPLINE_SURFACE_WITH_KNOTS('',3,3,((#8897,#8898,#8899,#8900,#8901),
(#8902,#8903,#8904,#8905,#8906),(#8907,#8908,#8909,#8910,#8911),(#8912,
#8913,#8914,#8915,#8916),(#8917,#8918,#8919,#8920,#8921)),.UNSPECIFIED.,
 .F.,.F.,.F.,(4,1,4),(4,1,4),(0.,0.340910687388141,0.795458270572329),(-1.81774388178618,
-1.0387107895921,2.4679875201749E-15),.UNSPECIFIED.);
#79=B_SPLINE_SURFACE_WITH_KNOTS('',3,3,((#8930,#8931,#8932,#8933,#8934,
#8935,#8936),(#8937,#8938,#8939,#8940,#8941,#8942,#8943),(#8944,#8945,#8946,
#8947,#8948,#8949,#8950),(#8951,#8952,#8953,#8954,#8955,#8956,#8957)),
 .UNSPECIFIED.,.F.,.F.,.F.,(4,4),(4,1,1,1,4),(-0.0308799901005816,3.39045362213402),
(-4.26169245368402,-4.04242682883205,-3.60389557912811,-3.16536432942418,
-2.72683307972024),.UNSPECIFIED.);
#80=B_SPLINE_SURFACE_WITH_KNOTS('',3,3,((#8966,#8967,#8968,#8969),(#8970,
#8971,#8972,#8973),(#8974,#8975,#8976,#8977),(#8978,#8979,#8980,#8981),
(#8982,#8983,#8984,#8985)),.UNSPECIFIED.,.F.,.F.,.F.,(4,1,4),(4,4),(0.,
0.457470046887747,0.800572582053557),(1.20043878560594E-15,0.954737194742414),
 .UNSPECIFIED.);
#81=B_SPLINE_SURFACE_WITH_KNOTS('',3,3,((#9008,#9009,#9010,#9011,#9012),
(#9013,#9014,#9015,#9016,#9017),(#9018,#9019,#9020,#9021,#9022),(#9023,
#9024,#9025,#9026,#9027)),.UNSPECIFIED.,.F.,.F.,.F.,(4,4),(4,1,4),(0.369109826564524,
1.),(0.490461439783658,0.607199726935721,0.762850776471804),
 .UNSPECIFIED.);
#82=B_SPLINE_SURFACE_WITH_KNOTS('',3,3,((#9032,#9033,#9034,#9035,#9036,
#9037,#9038,#9039),(#9040,#9041,#9042,#9043,#9044,#9045,#9046,#9047),(#9048,
#9049,#9050,#9051,#9052,#9053,#9054,#9055),(#9056,#9057,#9058,#9059,#9060,
#9061,#9062,#9063),(#9064,#9065,#9066,#9067,#9068,#9069,#9070,#9071)),
 .UNSPECIFIED.,.F.,.F.,.F.,(4,1,4),(4,1,1,1,1,4),(0.0382158498719963,0.450409057069712,
1.),(2.5865343615826E-15,0.285502092660473,0.571004185320943,1.14200837064188,
1.71301255596282,1.99851464862329),.UNSPECIFIED.);
#83=B_SPLINE_SURFACE_WITH_KNOTS('',3,3,((#9110,#9111,#9112,#9113),(#9114,
#9115,#9116,#9117),(#9118,#9119,#9120,#9121),(#9122,#9123,#9124,#9125)),
 .UNSPECIFIED.,.F.,.F.,.F.,(4,4),(4,4),(0.357195021963443,1.),(0.,0.285530833713355),
 .UNSPECIFIED.);
#84=B_SPLINE_SURFACE_WITH_KNOTS('',3,3,((#9173,#9174,#9175,#9176,#9177),
(#9178,#9179,#9180,#9181,#9182),(#9183,#9184,#9185,#9186,#9187),(#9188,
#9189,#9190,#9191,#9192),(#9193,#9194,#9195,#9196,#9197),(#9198,#9199,#9200,
#9201,#9202)),.UNSPECIFIED.,.F.,.F.,.F.,(4,1,1,4),(4,1,4),(0.,0.285714285714286,
0.571428571428571,1.),(2.07160515855664,2.89352345407604,3.98941451476857),
 .UNSPECIFIED.);
#85=B_SPLINE_SURFACE_WITH_KNOTS('',3,3,((#9225,#9226,#9227,#9228,#9229,
#9230),(#9231,#9232,#9233,#9234,#9235,#9236),(#9237,#9238,#9239,#9240,#9241,
#9242),(#9243,#9244,#9245,#9246,#9247,#9248),(#9249,#9250,#9251,#9252,#9253,
#9254),(#9255,#9256,#9257,#9258,#9259,#9260)),.UNSPECIFIED.,.F.,.F.,.F.,
(4,1,1,4),(4,1,1,4),(0.,0.285714285714286,0.571428571428571,1.),(0.,1.19177826461596,
1.98629710769326,2.78081595077057),.UNSPECIFIED.);
#86=B_SPLINE_SURFACE_WITH_KNOTS('',3,3,((#9276,#9277,#9278,#9279),(#9280,
#9281,#9282,#9283),(#9284,#9285,#9286,#9287),(#9288,#9289,#9290,#9291),
(#9292,#9293,#9294,#9295),(#9296,#9297,#9298,#9299)),.UNSPECIFIED.,.F.,
 .F.,.F.,(4,1,1,4),(4,4),(0.,0.285714285714286,0.571428571428571,1.),(1.68061429984831E-16,
0.944635057148075),.UNSPECIFIED.);
#87=B_SPLINE_SURFACE_WITH_KNOTS('',3,3,((#9445,#9446,#9447,#9448),(#9449,
#9450,#9451,#9452),(#9453,#9454,#9455,#9456),(#9457,#9458,#9459,#9460)),
 .UNSPECIFIED.,.F.,.F.,.F.,(4,4),(4,4),(0.,1.),(0.,0.0355555782570297),
 .UNSPECIFIED.);
#88=B_SPLINE_SURFACE_WITH_KNOTS('',3,3,((#9485,#9486,#9487,#9488),(#9489,
#9490,#9491,#9492),(#9493,#9494,#9495,#9496),(#9497,#9498,#9499,#9500)),
 .UNSPECIFIED.,.F.,.F.,.F.,(4,4),(4,4),(0.902529596434449,1.),(0.,0.110638895390669),
 .UNSPECIFIED.);
#89=B_SPLINE_SURFACE_WITH_KNOTS('',3,3,((#9502,#9503,#9504,#9505),(#9506,
#9507,#9508,#9509),(#9510,#9511,#9512,#9513),(#9514,#9515,#9516,#9517),
(#9518,#9519,#9520,#9521),(#9522,#9523,#9524,#9525),(#9526,#9527,#9528,
#9529)),.UNSPECIFIED.,.F.,.F.,.F.,(4,1,1,1,4),(4,4),(0.,0.285714285714286,
0.571428571428571,0.857142857142857,1.),(0.,0.172993747974535),
 .UNSPECIFIED.);
#90=B_SPLINE_SURFACE_WITH_KNOTS('',3,3,((#9530,#9531,#9532,#9533),(#9534,
#9535,#9536,#9537),(#9538,#9539,#9540,#9541),(#9542,#9543,#9544,#9545),
(#9546,#9547,#9548,#9549),(#9550,#9551,#9552,#9553),(#9554,#9555,#9556,
#9557),(#9558,#9559,#9560,#9561),(#9562,#9563,#9564,#9565),(#9566,#9567,
#9568,#9569)),.UNSPECIFIED.,.F.,.F.,.F.,(4,1,1,1,1,1,1,4),(4,4),(0.,0.142857142857143,
0.285714285714286,0.428571428571429,0.571428571428571,0.714285714285714,
0.857142857142857,1.),(0.,0.906687294022416),.UNSPECIFIED.);
#91=B_SPLINE_SURFACE_WITH_KNOTS('',3,3,((#9971,#9972,#9973,#9974),(#9975,
#9976,#9977,#9978),(#9979,#9980,#9981,#9982),(#9983,#9984,#9985,#9986)),
 .UNSPECIFIED.,.F.,.F.,.F.,(4,4),(4,4),(0.0443687023660755,0.256427285409158),
(0.114621339566194,0.61733207778759),.UNSPECIFIED.);
#92=B_SPLINE_SURFACE_WITH_KNOTS('',3,3,((#10017,#10018,#10019,#10020),(#10021,
#10022,#10023,#10024),(#10025,#10026,#10027,#10028),(#10029,#10030,#10031,
#10032)),.UNSPECIFIED.,.F.,.F.,.F.,(4,4),(4,4),(0.713923298236093,1.),(0.,
0.722823211436062),.UNSPECIFIED.);
#93=B_SPLINE_SURFACE_WITH_KNOTS('',3,3,((#10050,#10051,#10052,#10053),(#10054,
#10055,#10056,#10057),(#10058,#10059,#10060,#10061),(#10062,#10063,#10064,
#10065),(#10066,#10067,#10068,#10069),(#10070,#10071,#10072,#10073),(#10074,
#10075,#10076,#10077)),.UNSPECIFIED.,.F.,.F.,.F.,(4,1,1,1,4),(4,4),(0.,
0.285714285714286,0.571428571428571,0.857142857142857,1.),(0.0484532912006479,
1.),.UNSPECIFIED.);
#94=B_SPLINE_SURFACE_WITH_KNOTS('',3,3,((#10176,#10177,#10178,#10179),(#10180,
#10181,#10182,#10183),(#10184,#10185,#10186,#10187),(#10188,#10189,#10190,
#10191),(#10192,#10193,#10194,#10195),(#10196,#10197,#10198,#10199),(#10200,
#10201,#10202,#10203),(#10204,#10205,#10206,#10207)),.UNSPECIFIED.,.F.,
 .F.,.F.,(4,1,1,1,1,4),(4,4),(0.0349428462189768,0.300787557827599,0.433709913631911,
0.699554625240533,0.832476981044844,0.965399336849155),(0.110945218580087,
0.696736716279368),.UNSPECIFIED.);
#95=B_SPLINE_SURFACE_WITH_KNOTS('',3,3,((#10281,#10282,#10283,#10284),(#10285,
#10286,#10287,#10288),(#10289,#10290,#10291,#10292),(#10293,#10294,#10295,
#10296)),.UNSPECIFIED.,.F.,.F.,.F.,(4,4),(4,4),(0.743982440043556,0.954979180707234),
(0.114149057463158,0.610658308178909),.UNSPECIFIED.);
#96=B_SPLINE_SURFACE_WITH_KNOTS('',3,3,((#10447,#10448,#10449,#10450),(#10451,
#10452,#10453,#10454),(#10455,#10456,#10457,#10458),(#10459,#10460,#10461,
#10462)),.UNSPECIFIED.,.F.,.F.,.F.,(4,4),(4,4),(0.,0.286076701763907),(0.,
0.73017482822049),.UNSPECIFIED.);
#97=TOROIDAL_SURFACE('',#5528,29.75,2.);
#98=TOROIDAL_SURFACE('',#5559,22.5,2.);
#99=TOROIDAL_SURFACE('',#5580,22.5,2.);
#100=TOROIDAL_SURFACE('',#5611,4.,2.);
#101=TOROIDAL_SURFACE('',#5612,4.,2.);
#102=TOROIDAL_SURFACE('',#5625,29.75,2.);
#103=TOROIDAL_SURFACE('',#5711,26.,4.);
#104=TOROIDAL_SURFACE('',#5716,26.,4.);
#105=CIRCLE('',#5523,27.75);
#106=CIRCLE('',#5524,27.75);
#107=CIRCLE('',#5526,27.);
#108=CIRCLE('',#5529,29.75);
#109=CIRCLE('',#5530,2.);
#110=CIRCLE('',#5531,27.75);
#111=CIRCLE('',#5533,22.5);
#112=CIRCLE('',#5535,4.);
#113=CIRCLE('',#5537,25.);
#114=CIRCLE('',#5538,25.);
#115=CIRCLE('',#5540,29.75);
#116=CIRCLE('',#5542,29.75);
#117=CIRCLE('',#5544,22.5);
#118=CIRCLE('',#5545,12.);
#119=CIRCLE('',#5546,12.);
#120=CIRCLE('',#5547,22.5);
#121=CIRCLE('',#5550,30.);
#122=CIRCLE('',#5551,30.);
#123=CIRCLE('',#5552,29.75);
#124=CIRCLE('',#5560,2.);
#125=CIRCLE('',#5565,2.);
#126=CIRCLE('',#5571,2.);
#127=CIRCLE('',#5572,2.);
#128=CIRCLE('',#5575,2.);
#129=CIRCLE('',#5578,2.);
#130=CIRCLE('',#5582,5.99999999999999);
#131=CIRCLE('',#5583,6.);
#132=CIRCLE('',#5584,6.);
#133=CIRCLE('',#5586,2.);
#134=CIRCLE('',#5591,2.);
#135=CIRCLE('',#5593,29.75);
#136=CIRCLE('',#5594,2.);
#137=CIRCLE('',#5600,2.);
#138=CIRCLE('',#5602,6.);
#139=CIRCLE('',#5603,6.);
#140=CIRCLE('',#5606,2.);
#141=CIRCLE('',#5609,2.);
#142=CIRCLE('',#5616,2.);
#143=CIRCLE('',#5624,2.);
#144=CIRCLE('',#5628,2.);
#145=CIRCLE('',#5631,27.);
#146=CIRCLE('',#5635,27.75);
#147=CIRCLE('',#5643,3.99999999999999);
#148=CIRCLE('',#5645,4.);
#149=CIRCLE('',#5647,4.);
#150=CIRCLE('',#5648,3.99999999999999);
#151=CIRCLE('',#5649,3.99999999999999);
#152=CIRCLE('',#5651,25.);
#153=CIRCLE('',#5660,25.);
#154=CIRCLE('',#5662,29.75);
#155=CIRCLE('',#5666,22.5);
#156=CIRCLE('',#5697,29.75);
#157=CIRCLE('',#5698,25.);
#158=CIRCLE('',#5700,29.75);
#159=CIRCLE('',#5703,25.);
#160=CIRCLE('',#5704,25.);
#161=CIRCLE('',#5706,26.);
#162=CIRCLE('',#5708,30.);
#163=CIRCLE('',#5709,30.);
#164=CIRCLE('',#5710,29.75);
#165=CIRCLE('',#5712,30.);
#166=CIRCLE('',#5713,3.99999999999999);
#167=CIRCLE('',#5715,30.);
#168=CIRCLE('',#5717,26.);
#169=CIRCLE('',#5718,3.99999999999999);
#170=CIRCLE('',#5719,30.);
#171=CIRCLE('',#5721,4.);
#172=CIRCLE('',#5724,25.);
#173=CIRCLE('',#5726,4.);
#174=CIRCLE('',#5736,29.75);
#175=CIRCLE('',#5745,30.);
#176=CIRCLE('',#5746,30.);
#177=CIRCLE('',#5747,30.);
#178=CIRCLE('',#5762,30.);
#179=CIRCLE('',#5763,30.);
#180=CIRCLE('',#5765,30.);
#181=CIRCLE('',#5766,30.);
#182=CIRCLE('',#5767,30.);
#183=CIRCLE('',#5769,43.225);
#184=CIRCLE('',#5771,20.);
#185=CIRCLE('',#5772,50.725);
#186=CIRCLE('',#5773,30.);
#187=CIRCLE('',#5782,50.725);
#188=CIRCLE('',#5783,50.725);
#189=CIRCLE('',#5789,20.);
#190=CIRCLE('',#5817,29.75);
#191=CIRCLE('',#5818,25.);
#192=CIRCLE('',#5820,29.75);
#193=CIRCLE('',#5823,25.);
#194=CIRCLE('',#5824,29.75);
#195=CIRCLE('',#5826,25.);
#196=CIRCLE('',#5828,30.);
#197=CIRCLE('',#5829,30.);
#198=CIRCLE('',#5830,29.75);
#199=CIRCLE('',#5832,30.);
#200=CIRCLE('',#5834,30.);
#201=CIRCLE('',#5836,25.);
#202=CIRCLE('',#5837,30.);
#203=CIRCLE('',#5849,30.);
#204=CIRCLE('',#5853,30.);
#205=CIRCLE('',#5854,30.);
#206=CIRCLE('',#5870,22.5);
#207=CIRCLE('',#5871,22.5);
#208=CIRCLE('',#5872,22.5);
#209=CIRCLE('',#5873,22.5);
#210=CYLINDRICAL_SURFACE('',#5522,27.75);
#211=CYLINDRICAL_SURFACE('',#5527,27.);
#212=CYLINDRICAL_SURFACE('',#5536,25.);
#213=CYLINDRICAL_SURFACE('',#5541,29.75);
#214=CYLINDRICAL_SURFACE('',#5553,2.);
#215=CYLINDRICAL_SURFACE('',#5555,2.);
#216=CYLINDRICAL_SURFACE('',#5561,2.);
#217=CYLINDRICAL_SURFACE('',#5562,2.);
#218=CYLINDRICAL_SURFACE('',#5568,2.);
#219=CYLINDRICAL_SURFACE('',#5569,2.);
#220=CYLINDRICAL_SURFACE('',#5573,2.);
#221=CYLINDRICAL_SURFACE('',#5574,2.);
#222=CYLINDRICAL_SURFACE('',#5577,2.);
#223=CYLINDRICAL_SURFACE('',#5579,2.);
#224=CYLINDRICAL_SURFACE('',#5581,6.);
#225=CYLINDRICAL_SURFACE('',#5585,2.);
#226=CYLINDRICAL_SURFACE('',#5588,2.);
#227=CYLINDRICAL_SURFACE('',#5590,2.);
#228=CYLINDRICAL_SURFACE('',#5595,2.);
#229=CYLINDRICAL_SURFACE('',#5597,2.);
#230=CYLINDRICAL_SURFACE('',#5599,2.);
#231=CYLINDRICAL_SURFACE('',#5601,6.);
#232=CYLINDRICAL_SURFACE('',#5605,2.);
#233=CYLINDRICAL_SURFACE('',#5608,2.);
#234=CYLINDRICAL_SURFACE('',#5614,2.);
#235=CYLINDRICAL_SURFACE('',#5617,2.);
#236=CYLINDRICAL_SURFACE('',#5620,2.);
#237=CYLINDRICAL_SURFACE('',#5623,2.);
#238=CYLINDRICAL_SURFACE('',#5627,2.);
#239=CYLINDRICAL_SURFACE('',#5630,27.);
#240=CYLINDRICAL_SURFACE('',#5634,27.75);
#241=CYLINDRICAL_SURFACE('',#5644,4.);
#242=CYLINDRICAL_SURFACE('',#5646,4.);
#243=CYLINDRICAL_SURFACE('',#5659,25.);
#244=CYLINDRICAL_SURFACE('',#5661,29.75);
#245=CYLINDRICAL_SURFACE('',#5699,29.75);
#246=CYLINDRICAL_SURFACE('',#5702,25.);
#247=CYLINDRICAL_SURFACE('',#5714,30.);
#248=CYLINDRICAL_SURFACE('',#5720,4.);
#249=CYLINDRICAL_SURFACE('',#5725,4.);
#250=CYLINDRICAL_SURFACE('',#5731,25.);
#251=CYLINDRICAL_SURFACE('',#5735,29.75);
#252=CYLINDRICAL_SURFACE('',#5748,30.);
#253=CYLINDRICAL_SURFACE('',#5751,30.);
#254=CYLINDRICAL_SURFACE('',#5753,30.);
#255=CYLINDRICAL_SURFACE('',#5761,30.);
#256=CYLINDRICAL_SURFACE('',#5781,50.725);
#257=CYLINDRICAL_SURFACE('',#5787,20.);
#258=CYLINDRICAL_SURFACE('',#5788,20.);
#259=CYLINDRICAL_SURFACE('',#5798,30.);
#260=CYLINDRICAL_SURFACE('',#5802,30.);
#261=CYLINDRICAL_SURFACE('',#5804,30.);
#262=CYLINDRICAL_SURFACE('',#5819,29.75);
#263=CYLINDRICAL_SURFACE('',#5825,25.);
#264=CYLINDRICAL_SURFACE('',#5833,30.);
#265=CYLINDRICAL_SURFACE('',#5840,25.);
#266=CYLINDRICAL_SURFACE('',#5844,29.75);
#267=CYLINDRICAL_SURFACE('',#5848,30.);
#268=CYLINDRICAL_SURFACE('',#5856,30.);
#269=CYLINDRICAL_SURFACE('',#5862,30.);
#270=FACE_BOUND('',#557,.T.);
#271=FACE_BOUND('',#558,.T.);
#272=FACE_BOUND('',#582,.T.);
#273=FACE_BOUND('',#674,.T.);
#274=FACE_BOUND('',#739,.T.);
#275=FACE_BOUND('',#777,.T.);
#276=FACE_BOUND('',#784,.T.);
#277=FACE_OUTER_BOUND('',#556,.T.);
#278=FACE_OUTER_BOUND('',#559,.T.);
#279=FACE_OUTER_BOUND('',#560,.T.);
#280=FACE_OUTER_BOUND('',#561,.T.);
#281=FACE_OUTER_BOUND('',#562,.T.);
#282=FACE_OUTER_BOUND('',#563,.T.);
#283=FACE_OUTER_BOUND('',#564,.T.);
#284=FACE_OUTER_BOUND('',#565,.T.);
#285=FACE_OUTER_BOUND('',#566,.T.);
#286=FACE_OUTER_BOUND('',#567,.T.);
#287=FACE_OUTER_BOUND('',#568,.T.);
#288=FACE_OUTER_BOUND('',#569,.T.);
#289=FACE_OUTER_BOUND('',#570,.T.);
#290=FACE_OUTER_BOUND('',#571,.T.);
#291=FACE_OUTER_BOUND('',#572,.T.);
#292=FACE_OUTER_BOUND('',#573,.T.);
#293=FACE_OUTER_BOUND('',#574,.T.);
#294=FACE_OUTER_BOUND('',#575,.T.);
#295=FACE_OUTER_BOUND('',#576,.T.);
#296=FACE_OUTER_BOUND('',#577,.T.);
#297=FACE_OUTER_BOUND('',#578,.T.);
#298=FACE_OUTER_BOUND('',#579,.T.);
#299=FACE_OUTER_BOUND('',#580,.T.);
#300=FACE_OUTER_BOUND('',#581,.T.);
#301=FACE_OUTER_BOUND('',#583,.T.);
#302=FACE_OUTER_BOUND('',#584,.T.);
#303=FACE_OUTER_BOUND('',#585,.T.);
#304=FACE_OUTER_BOUND('',#586,.T.);
#305=FACE_OUTER_BOUND('',#587,.T.);
#306=FACE_OUTER_BOUND('',#588,.T.);
#307=FACE_OUTER_BOUND('',#589,.T.);
#308=FACE_OUTER_BOUND('',#590,.T.);
#309=FACE_OUTER_BOUND('',#591,.T.);
#310=FACE_OUTER_BOUND('',#592,.T.);
#311=FACE_OUTER_BOUND('',#593,.T.);
#312=FACE_OUTER_BOUND('',#594,.T.);
#313=FACE_OUTER_BOUND('',#595,.T.);
#314=FACE_OUTER_BOUND('',#596,.T.);
#315=FACE_OUTER_BOUND('',#597,.T.);
#316=FACE_OUTER_BOUND('',#598,.T.);
#317=FACE_OUTER_BOUND('',#599,.T.);
#318=FACE_OUTER_BOUND('',#600,.T.);
#319=FACE_OUTER_BOUND('',#601,.T.);
#320=FACE_OUTER_BOUND('',#602,.T.);
#321=FACE_OUTER_BOUND('',#603,.T.);
#322=FACE_OUTER_BOUND('',#604,.T.);
#323=FACE_OUTER_BOUND('',#605,.T.);
#324=FACE_OUTER_BOUND('',#606,.T.);
#325=FACE_OUTER_BOUND('',#607,.T.);
#326=FACE_OUTER_BOUND('',#608,.T.);
#327=FACE_OUTER_BOUND('',#609,.T.);
#328=FACE_OUTER_BOUND('',#610,.T.);
#329=FACE_OUTER_BOUND('',#611,.T.);
#330=FACE_OUTER_BOUND('',#612,.T.);
#331=FACE_OUTER_BOUND('',#613,.T.);
#332=FACE_OUTER_BOUND('',#614,.T.);
#333=FACE_OUTER_BOUND('',#615,.T.);
#334=FACE_OUTER_BOUND('',#616,.T.);
#335=FACE_OUTER_BOUND('',#617,.T.);
#336=FACE_OUTER_BOUND('',#618,.T.);
#337=FACE_OUTER_BOUND('',#619,.T.);
#338=FACE_OUTER_BOUND('',#620,.T.);
#339=FACE_OUTER_BOUND('',#621,.T.);
#340=FACE_OUTER_BOUND('',#622,.T.);
#341=FACE_OUTER_BOUND('',#623,.T.);
#342=FACE_OUTER_BOUND('',#624,.T.);
#343=FACE_OUTER_BOUND('',#625,.T.);
#344=FACE_OUTER_BOUND('',#626,.T.);
#345=FACE_OUTER_BOUND('',#627,.T.);
#346=FACE_OUTER_BOUND('',#628,.T.);
#347=FACE_OUTER_BOUND('',#629,.T.);
#348=FACE_OUTER_BOUND('',#630,.T.);
#349=FACE_OUTER_BOUND('',#631,.T.);
#350=FACE_OUTER_BOUND('',#632,.T.);
#351=FACE_OUTER_BOUND('',#633,.T.);
#352=FACE_OUTER_BOUND('',#634,.T.);
#353=FACE_OUTER_BOUND('',#635,.T.);
#354=FACE_OUTER_BOUND('',#636,.T.);
#355=FACE_OUTER_BOUND('',#637,.T.);
#356=FACE_OUTER_BOUND('',#638,.T.);
#357=FACE_OUTER_BOUND('',#639,.T.);
#358=FACE_OUTER_BOUND('',#640,.T.);
#359=FACE_OUTER_BOUND('',#641,.T.);
#360=FACE_OUTER_BOUND('',#642,.T.);
#361=FACE_OUTER_BOUND('',#643,.T.);
#362=FACE_OUTER_BOUND('',#644,.T.);
#363=FACE_OUTER_BOUND('',#645,.T.);
#364=FACE_OUTER_BOUND('',#646,.T.);
#365=FACE_OUTER_BOUND('',#647,.T.);
#366=FACE_OUTER_BOUND('',#648,.T.);
#367=FACE_OUTER_BOUND('',#649,.T.);
#368=FACE_OUTER_BOUND('',#650,.T.);
#369=FACE_OUTER_BOUND('',#651,.T.);
#370=FACE_OUTER_BOUND('',#652,.T.);
#371=FACE_OUTER_BOUND('',#653,.T.);
#372=FACE_OUTER_BOUND('',#654,.T.);
#373=FACE_OUTER_BOUND('',#655,.T.);
#374=FACE_OUTER_BOUND('',#656,.T.);
#375=FACE_OUTER_BOUND('',#657,.T.);
#376=FACE_OUTER_BOUND('',#658,.T.);
#377=FACE_OUTER_BOUND('',#659,.T.);
#378=FACE_OUTER_BOUND('',#660,.T.);
#379=FACE_OUTER_BOUND('',#661,.T.);
#380=FACE_OUTER_BOUND('',#662,.T.);
#381=FACE_OUTER_BOUND('',#663,.T.);
#382=FACE_OUTER_BOUND('',#664,.T.);
#383=FACE_OUTER_BOUND('',#665,.T.);
#384=FACE_OUTER_BOUND('',#666,.T.);
#385=FACE_OUTER_BOUND('',#667,.T.);
#386=FACE_OUTER_BOUND('',#668,.T.);
#387=FACE_OUTER_BOUND('',#669,.T.);
#388=FACE_OUTER_BOUND('',#670,.T.);
#389=FACE_OUTER_BOUND('',#671,.T.);
#390=FACE_OUTER_BOUND('',#672,.T.);
#391=FACE_OUTER_BOUND('',#673,.T.);
#392=FACE_OUTER_BOUND('',#675,.T.);
#393=FACE_OUTER_BOUND('',#676,.T.);
#394=FACE_OUTER_BOUND('',#677,.T.);
#395=FACE_OUTER_BOUND('',#678,.T.);
#396=FACE_OUTER_BOUND('',#679,.T.);
#397=FACE_OUTER_BOUND('',#680,.T.);
#398=FACE_OUTER_BOUND('',#681,.T.);
#399=FACE_OUTER_BOUND('',#682,.T.);
#400=FACE_OUTER_BOUND('',#683,.T.);
#401=FACE_OUTER_BOUND('',#684,.T.);
#402=FACE_OUTER_BOUND('',#685,.T.);
#403=FACE_OUTER_BOUND('',#686,.T.);
#404=FACE_OUTER_BOUND('',#687,.T.);
#405=FACE_OUTER_BOUND('',#688,.T.);
#406=FACE_OUTER_BOUND('',#689,.T.);
#407=FACE_OUTER_BOUND('',#690,.T.);
#408=FACE_OUTER_BOUND('',#691,.T.);
#409=FACE_OUTER_BOUND('',#692,.T.);
#410=FACE_OUTER_BOUND('',#693,.T.);
#411=FACE_OUTER_BOUND('',#694,.T.);
#412=FACE_OUTER_BOUND('',#695,.T.);
#413=FACE_OUTER_BOUND('',#696,.T.);
#414=FACE_OUTER_BOUND('',#697,.T.);
#415=FACE_OUTER_BOUND('',#698,.T.);
#416=FACE_OUTER_BOUND('',#699,.T.);
#417=FACE_OUTER_BOUND('',#700,.T.);
#418=FACE_OUTER_BOUND('',#701,.T.);
#419=FACE_OUTER_BOUND('',#702,.T.);
#420=FACE_OUTER_BOUND('',#703,.T.);
#421=FACE_OUTER_BOUND('',#704,.T.);
#422=FACE_OUTER_BOUND('',#705,.T.);
#423=FACE_OUTER_BOUND('',#706,.T.);
#424=FACE_OUTER_BOUND('',#707,.T.);
#425=FACE_OUTER_BOUND('',#708,.T.);
#426=FACE_OUTER_BOUND('',#709,.T.);
#427=FACE_OUTER_BOUND('',#710,.T.);
#428=FACE_OUTER_BOUND('',#711,.T.);
#429=FACE_OUTER_BOUND('',#712,.T.);
#430=FACE_OUTER_BOUND('',#713,.T.);
#431=FACE_OUTER_BOUND('',#714,.T.);
#432=FACE_OUTER_BOUND('',#715,.T.);
#433=FACE_OUTER_BOUND('',#716,.T.);
#434=FACE_OUTER_BOUND('',#717,.T.);
#435=FACE_OUTER_BOUND('',#718,.T.);
#436=FACE_OUTER_BOUND('',#719,.T.);
#437=FACE_OUTER_BOUND('',#720,.T.);
#438=FACE_OUTER_BOUND('',#721,.T.);
#439=FACE_OUTER_BOUND('',#722,.T.);
#440=FACE_OUTER_BOUND('',#723,.T.);
#441=FACE_OUTER_BOUND('',#724,.T.);
#442=FACE_OUTER_BOUND('',#725,.T.);
#443=FACE_OUTER_BOUND('',#726,.T.);
#444=FACE_OUTER_BOUND('',#727,.T.);
#445=FACE_OUTER_BOUND('',#728,.T.);
#446=FACE_OUTER_BOUND('',#729,.T.);
#447=FACE_OUTER_BOUND('',#730,.T.);
#448=FACE_OUTER_BOUND('',#731,.T.);
#449=FACE_OUTER_BOUND('',#732,.T.);
#450=FACE_OUTER_BOUND('',#733,.T.);
#451=FACE_OUTER_BOUND('',#734,.T.);
#452=FACE_OUTER_BOUND('',#735,.T.);
#453=FACE_OUTER_BOUND('',#736,.T.);
#454=FACE_OUTER_BOUND('',#737,.T.);
#455=FACE_OUTER_BOUND('',#738,.T.);
#456=FACE_OUTER_BOUND('',#740,.T.);
#457=FACE_OUTER_BOUND('',#741,.T.);
#458=FACE_OUTER_BOUND('',#742,.T.);
#459=FACE_OUTER_BOUND('',#743,.T.);
#460=FACE_OUTER_BOUND('',#744,.T.);
#461=FACE_OUTER_BOUND('',#745,.T.);
#462=FACE_OUTER_BOUND('',#746,.T.);
#463=FACE_OUTER_BOUND('',#747,.T.);
#464=FACE_OUTER_BOUND('',#748,.T.);
#465=FACE_OUTER_BOUND('',#749,.T.);
#466=FACE_OUTER_BOUND('',#750,.T.);
#467=FACE_OUTER_BOUND('',#751,.T.);
#468=FACE_OUTER_BOUND('',#752,.T.);
#469=FACE_OUTER_BOUND('',#753,.T.);
#470=FACE_OUTER_BOUND('',#754,.T.);
#471=FACE_OUTER_BOUND('',#755,.T.);
#472=FACE_OUTER_BOUND('',#756,.T.);
#473=FACE_OUTER_BOUND('',#757,.T.);
#474=FACE_OUTER_BOUND('',#758,.T.);
#475=FACE_OUTER_BOUND('',#759,.T.);
#476=FACE_OUTER_BOUND('',#760,.T.);
#477=FACE_OUTER_BOUND('',#761,.T.);
#478=FACE_OUTER_BOUND('',#762,.T.);
#479=FACE_OUTER_BOUND('',#763,.T.);
#480=FACE_OUTER_BOUND('',#764,.T.);
#481=FACE_OUTER_BOUND('',#765,.T.);
#482=FACE_OUTER_BOUND('',#766,.T.);
#483=FACE_OUTER_BOUND('',#767,.T.);
#484=FACE_OUTER_BOUND('',#768,.T.);
#485=FACE_OUTER_BOUND('',#769,.T.);
#486=FACE_OUTER_BOUND('',#770,.T.);
#487=FACE_OUTER_BOUND('',#771,.T.);
#488=FACE_OUTER_BOUND('',#772,.T.);
#489=FACE_OUTER_BOUND('',#773,.T.);
#490=FACE_OUTER_BOUND('',#774,.T.);
#491=FACE_OUTER_BOUND('',#775,.T.);
#492=FACE_OUTER_BOUND('',#776,.T.);
#493=FACE_OUTER_BOUND('',#778,.T.);
#494=FACE_OUTER_BOUND('',#779,.T.);
#495=FACE_OUTER_BOUND('',#780,.T.);
#496=FACE_OUTER_BOUND('',#781,.T.);
#497=FACE_OUTER_BOUND('',#782,.T.);
#498=FACE_OUTER_BOUND('',#783,.T.);
#499=FACE_OUTER_BOUND('',#785,.T.);
#500=FACE_OUTER_BOUND('',#786,.T.);
#501=FACE_OUTER_BOUND('',#787,.T.);
#502=FACE_OUTER_BOUND('',#788,.T.);
#503=FACE_OUTER_BOUND('',#789,.T.);
#504=FACE_OUTER_BOUND('',#790,.T.);
#505=FACE_OUTER_BOUND('',#791,.T.);
#506=FACE_OUTER_BOUND('',#792,.T.);
#507=FACE_OUTER_BOUND('',#793,.T.);
#508=FACE_OUTER_BOUND('',#794,.T.);
#509=FACE_OUTER_BOUND('',#795,.T.);
#510=FACE_OUTER_BOUND('',#796,.T.);
#511=FACE_OUTER_BOUND('',#797,.T.);
#512=FACE_OUTER_BOUND('',#798,.T.);
#513=FACE_OUTER_BOUND('',#799,.T.);
#514=FACE_OUTER_BOUND('',#800,.T.);
#515=FACE_OUTER_BOUND('',#801,.T.);
#516=FACE_OUTER_BOUND('',#802,.T.);
#517=FACE_OUTER_BOUND('',#803,.T.);
#518=FACE_OUTER_BOUND('',#804,.T.);
#519=FACE_OUTER_BOUND('',#805,.T.);
#520=FACE_OUTER_BOUND('',#806,.T.);
#521=FACE_OUTER_BOUND('',#807,.T.);
#522=FACE_OUTER_BOUND('',#808,.T.);
#523=FACE_OUTER_BOUND('',#809,.T.);
#524=FACE_OUTER_BOUND('',#810,.T.);
#525=FACE_OUTER_BOUND('',#811,.T.);
#526=FACE_OUTER_BOUND('',#812,.T.);
#527=FACE_OUTER_BOUND('',#813,.T.);
#528=FACE_OUTER_BOUND('',#814,.T.);
#529=FACE_OUTER_BOUND('',#815,.T.);
#530=FACE_OUTER_BOUND('',#816,.T.);
#531=FACE_OUTER_BOUND('',#817,.T.);
#532=FACE_OUTER_BOUND('',#818,.T.);
#533=FACE_OUTER_BOUND('',#819,.T.);
#534=FACE_OUTER_BOUND('',#820,.T.);
#535=FACE_OUTER_BOUND('',#821,.T.);
#536=FACE_OUTER_BOUND('',#822,.T.);
#537=FACE_OUTER_BOUND('',#823,.T.);
#538=FACE_OUTER_BOUND('',#824,.T.);
#539=FACE_OUTER_BOUND('',#825,.T.);
#540=FACE_OUTER_BOUND('',#826,.T.);
#541=FACE_OUTER_BOUND('',#827,.T.);
#542=FACE_OUTER_BOUND('',#828,.T.);
#543=FACE_OUTER_BOUND('',#829,.T.);
#544=FACE_OUTER_BOUND('',#830,.T.);
#545=FACE_OUTER_BOUND('',#831,.T.);
#546=FACE_OUTER_BOUND('',#832,.T.);
#547=FACE_OUTER_BOUND('',#833,.T.);
#548=FACE_OUTER_BOUND('',#834,.T.);
#549=FACE_OUTER_BOUND('',#835,.T.);
#550=FACE_OUTER_BOUND('',#836,.T.);
#551=FACE_OUTER_BOUND('',#837,.T.);
#552=FACE_OUTER_BOUND('',#838,.T.);
#553=FACE_OUTER_BOUND('',#839,.T.);
#554=FACE_OUTER_BOUND('',#840,.T.);
#555=FACE_OUTER_BOUND('',#841,.T.);
#556=EDGE_LOOP('',(#3427,#3428,#3429,#3430,#3431,#3432,#3433,#3434,#3435,
#3436,#3437,#3438,#3439,#3440,#3441,#3442,#3443,#3444,#3445,#3446,#3447,
#3448,#3449,#3450,#3451,#3452,#3453,#3454,#3455,#3456,#3457,#3458,#3459,
#3460,#3461,#3462));
#557=EDGE_LOOP('',(#3463,#3464,#3465,#3466,#3467,#3468,#3469));
#558=EDGE_LOOP('',(#3470,#3471,#3472,#3473,#3474,#3475,#3476));
#559=EDGE_LOOP('',(#3477,#3478,#3479,#3480));
#560=EDGE_LOOP('',(#3481,#3482,#3483,#3484,#3485,#3486));
#561=EDGE_LOOP('',(#3487,#3488,#3489,#3490,#3491));
#562=EDGE_LOOP('',(#3492,#3493,#3494,#3495));
#563=EDGE_LOOP('',(#3496,#3497,#3498,#3499));
#564=EDGE_LOOP('',(#3500,#3501,#3502,#3503,#3504,#3505,#3506,#3507));
#565=EDGE_LOOP('',(#3508,#3509,#3510));
#566=EDGE_LOOP('',(#3511,#3512,#3513));
#567=EDGE_LOOP('',(#3514,#3515,#3516,#3517,#3518,#3519));
#568=EDGE_LOOP('',(#3520,#3521,#3522,#3523));
#569=EDGE_LOOP('',(#3524,#3525,#3526,#3527,#3528));
#570=EDGE_LOOP('',(#3529,#3530,#3531,#3532,#3533,#3534));
#571=EDGE_LOOP('',(#3535,#3536,#3537,#3538));
#572=EDGE_LOOP('',(#3539,#3540,#3541,#3542));
#573=EDGE_LOOP('',(#3543,#3544,#3545));
#574=EDGE_LOOP('',(#3546,#3547,#3548,#3549,#3550));
#575=EDGE_LOOP('',(#3551,#3552,#3553));
#576=EDGE_LOOP('',(#3554,#3555,#3556,#3557));
#577=EDGE_LOOP('',(#3558,#3559,#3560));
#578=EDGE_LOOP('',(#3561,#3562,#3563,#3564,#3565));
#579=EDGE_LOOP('',(#3566,#3567,#3568));
#580=EDGE_LOOP('',(#3569,#3570,#3571,#3572));
#581=EDGE_LOOP('',(#3573,#3574,#3575,#3576,#3577,#3578,#3579,#3580,#3581,
#3582,#3583,#3584,#3585,#3586,#3587,#3588));
#582=EDGE_LOOP('',(#3589,#3590,#3591,#3592));
#583=EDGE_LOOP('',(#3593,#3594,#3595));
#584=EDGE_LOOP('',(#3596,#3597,#3598));
#585=EDGE_LOOP('',(#3599,#3600,#3601,#3602));
#586=EDGE_LOOP('',(#3603,#3604,#3605,#3606));
#587=EDGE_LOOP('',(#3607,#3608,#3609,#3610,#3611));
#588=EDGE_LOOP('',(#3612,#3613,#3614,#3615,#3616));
#589=EDGE_LOOP('',(#3617,#3618,#3619));
#590=EDGE_LOOP('',(#3620,#3621,#3622,#3623,#3624,#3625,#3626,#3627,#3628,
#3629,#3630,#3631,#3632,#3633,#3634,#3635,#3636,#3637,#3638,#3639));
#591=EDGE_LOOP('',(#3640,#3641,#3642));
#592=EDGE_LOOP('',(#3643,#3644,#3645));
#593=EDGE_LOOP('',(#3646,#3647,#3648,#3649,#3650,#3651,#3652,#3653,#3654,
#3655,#3656,#3657,#3658,#3659,#3660,#3661,#3662,#3663,#3664,#3665));
#594=EDGE_LOOP('',(#3666,#3667,#3668));
#595=EDGE_LOOP('',(#3669,#3670,#3671,#3672,#3673,#3674));
#596=EDGE_LOOP('',(#3675,#3676,#3677,#3678));
#597=EDGE_LOOP('',(#3679,#3680,#3681,#3682,#3683,#3684));
#598=EDGE_LOOP('',(#3685,#3686,#3687));
#599=EDGE_LOOP('',(#3688,#3689,#3690,#3691,#3692));
#600=EDGE_LOOP('',(#3693,#3694,#3695,#3696,#3697,#3698));
#601=EDGE_LOOP('',(#3699,#3700,#3701,#3702,#3703,#3704));
#602=EDGE_LOOP('',(#3705,#3706,#3707,#3708,#3709,#3710,#3711,#3712));
#603=EDGE_LOOP('',(#3713,#3714,#3715,#3716,#3717,#3718));
#604=EDGE_LOOP('',(#3719,#3720,#3721));
#605=EDGE_LOOP('',(#3722,#3723,#3724,#3725));
#606=EDGE_LOOP('',(#3726,#3727,#3728,#3729,#3730));
#607=EDGE_LOOP('',(#3731,#3732,#3733,#3734,#3735,#3736,#3737,#3738,#3739,
#3740,#3741,#3742,#3743,#3744,#3745,#3746));
#608=EDGE_LOOP('',(#3747,#3748,#3749,#3750,#3751));
#609=EDGE_LOOP('',(#3752,#3753,#3754,#3755));
#610=EDGE_LOOP('',(#3756,#3757,#3758));
#611=EDGE_LOOP('',(#3759,#3760,#3761,#3762,#3763,#3764));
#612=EDGE_LOOP('',(#3765,#3766,#3767,#3768));
#613=EDGE_LOOP('',(#3769,#3770,#3771,#3772));
#614=EDGE_LOOP('',(#3773,#3774,#3775,#3776));
#615=EDGE_LOOP('',(#3777,#3778,#3779,#3780));
#616=EDGE_LOOP('',(#3781,#3782,#3783,#3784));
#617=EDGE_LOOP('',(#3785,#3786,#3787,#3788,#3789));
#618=EDGE_LOOP('',(#3790,#3791,#3792,#3793));
#619=EDGE_LOOP('',(#3794,#3795,#3796,#3797));
#620=EDGE_LOOP('',(#3798,#3799,#3800,#3801,#3802));
#621=EDGE_LOOP('',(#3803,#3804,#3805,#3806,#3807,#3808,#3809,#3810));
#622=EDGE_LOOP('',(#3811,#3812,#3813,#3814,#3815,#3816,#3817,#3818,#3819,
#3820,#3821,#3822,#3823,#3824));
#623=EDGE_LOOP('',(#3825,#3826,#3827,#3828,#3829,#3830,#3831,#3832));
#624=EDGE_LOOP('',(#3833,#3834,#3835,#3836,#3837));
#625=EDGE_LOOP('',(#3838,#3839,#3840));
#626=EDGE_LOOP('',(#3841,#3842,#3843,#3844,#3845,#3846));
#627=EDGE_LOOP('',(#3847,#3848,#3849,#3850,#3851,#3852));
#628=EDGE_LOOP('',(#3853,#3854,#3855,#3856,#3857,#3858));
#629=EDGE_LOOP('',(#3859,#3860,#3861,#3862,#3863,#3864));
#630=EDGE_LOOP('',(#3865,#3866,#3867));
#631=EDGE_LOOP('',(#3868,#3869,#3870,#3871));
#632=EDGE_LOOP('',(#3872,#3873,#3874,#3875,#3876,#3877));
#633=EDGE_LOOP('',(#3878,#3879,#3880,#3881,#3882));
#634=EDGE_LOOP('',(#3883,#3884,#3885,#3886));
#635=EDGE_LOOP('',(#3887,#3888,#3889,#3890));
#636=EDGE_LOOP('',(#3891,#3892,#3893,#3894));
#637=EDGE_LOOP('',(#3895,#3896,#3897,#3898));
#638=EDGE_LOOP('',(#3899,#3900,#3901,#3902));
#639=EDGE_LOOP('',(#3903,#3904,#3905,#3906));
#640=EDGE_LOOP('',(#3907,#3908,#3909,#3910,#3911));
#641=EDGE_LOOP('',(#3912,#3913,#3914,#3915,#3916,#3917));
#642=EDGE_LOOP('',(#3918,#3919,#3920,#3921,#3922));
#643=EDGE_LOOP('',(#3923,#3924,#3925));
#644=EDGE_LOOP('',(#3926,#3927,#3928,#3929));
#645=EDGE_LOOP('',(#3930,#3931,#3932,#3933));
#646=EDGE_LOOP('',(#3934,#3935,#3936,#3937));
#647=EDGE_LOOP('',(#3938,#3939,#3940,#3941));
#648=EDGE_LOOP('',(#3942,#3943,#3944,#3945));
#649=EDGE_LOOP('',(#3946,#3947,#3948,#3949,#3950,#3951));
#650=EDGE_LOOP('',(#3952,#3953,#3954,#3955));
#651=EDGE_LOOP('',(#3956,#3957,#3958,#3959));
#652=EDGE_LOOP('',(#3960,#3961,#3962,#3963,#3964,#3965,#3966,#3967));
#653=EDGE_LOOP('',(#3968,#3969,#3970,#3971));
#654=EDGE_LOOP('',(#3972,#3973,#3974,#3975));
#655=EDGE_LOOP('',(#3976,#3977,#3978,#3979));
#656=EDGE_LOOP('',(#3980,#3981,#3982,#3983));
#657=EDGE_LOOP('',(#3984,#3985,#3986,#3987));
#658=EDGE_LOOP('',(#3988,#3989,#3990,#3991));
#659=EDGE_LOOP('',(#3992,#3993,#3994,#3995,#3996));
#660=EDGE_LOOP('',(#3997,#3998,#3999,#4000,#4001));
#661=EDGE_LOOP('',(#4002,#4003,#4004,#4005,#4006));
#662=EDGE_LOOP('',(#4007,#4008,#4009,#4010));
#663=EDGE_LOOP('',(#4011,#4012,#4013,#4014));
#664=EDGE_LOOP('',(#4015,#4016,#4017,#4018));
#665=EDGE_LOOP('',(#4019,#4020,#4021,#4022,#4023));
#666=EDGE_LOOP('',(#4024,#4025,#4026,#4027));
#667=EDGE_LOOP('',(#4028,#4029,#4030,#4031,#4032));
#668=EDGE_LOOP('',(#4033,#4034,#4035,#4036));
#669=EDGE_LOOP('',(#4037,#4038,#4039,#4040,#4041,#4042));
#670=EDGE_LOOP('',(#4043,#4044,#4045,#4046,#4047,#4048,#4049));
#671=EDGE_LOOP('',(#4050,#4051,#4052,#4053,#4054,#4055,#4056,#4057,#4058,
#4059,#4060,#4061,#4062,#4063,#4064,#4065,#4066,#4067,#4068,#4069));
#672=EDGE_LOOP('',(#4070,#4071,#4072,#4073,#4074,#4075));
#673=EDGE_LOOP('',(#4076,#4077,#4078,#4079));
#674=EDGE_LOOP('',(#4080,#4081,#4082,#4083));
#675=EDGE_LOOP('',(#4084,#4085,#4086,#4087));
#676=EDGE_LOOP('',(#4088,#4089,#4090,#4091));
#677=EDGE_LOOP('',(#4092,#4093,#4094,#4095));
#678=EDGE_LOOP('',(#4096,#4097,#4098,#4099));
#679=EDGE_LOOP('',(#4100,#4101,#4102));
#680=EDGE_LOOP('',(#4103,#4104,#4105,#4106));
#681=EDGE_LOOP('',(#4107,#4108,#4109,#4110,#4111,#4112,#4113));
#682=EDGE_LOOP('',(#4114,#4115,#4116,#4117));
#683=EDGE_LOOP('',(#4118,#4119,#4120,#4121,#4122,#4123,#4124,#4125));
#684=EDGE_LOOP('',(#4126,#4127,#4128,#4129,#4130,#4131,#4132,#4133,#4134,
#4135,#4136,#4137,#4138,#4139,#4140,#4141));
#685=EDGE_LOOP('',(#4142,#4143,#4144,#4145));
#686=EDGE_LOOP('',(#4146,#4147,#4148,#4149,#4150,#4151,#4152,#4153));
#687=EDGE_LOOP('',(#4154,#4155,#4156,#4157,#4158,#4159,#4160,#4161));
#688=EDGE_LOOP('',(#4162,#4163,#4164,#4165));
#689=EDGE_LOOP('',(#4166,#4167,#4168));
#690=EDGE_LOOP('',(#4169,#4170,#4171,#4172,#4173,#4174,#4175,#4176));
#691=EDGE_LOOP('',(#4177,#4178,#4179,#4180));
#692=EDGE_LOOP('',(#4181,#4182,#4183,#4184,#4185,#4186,#4187,#4188));
#693=EDGE_LOOP('',(#4189,#4190,#4191,#4192));
#694=EDGE_LOOP('',(#4193,#4194,#4195,#4196));
#695=EDGE_LOOP('',(#4197,#4198,#4199,#4200));
#696=EDGE_LOOP('',(#4201,#4202,#4203,#4204));
#697=EDGE_LOOP('',(#4205,#4206,#4207,#4208));
#698=EDGE_LOOP('',(#4209,#4210,#4211,#4212));
#699=EDGE_LOOP('',(#4213,#4214,#4215,#4216));
#700=EDGE_LOOP('',(#4217,#4218,#4219,#4220));
#701=EDGE_LOOP('',(#4221,#4222,#4223,#4224));
#702=EDGE_LOOP('',(#4225,#4226,#4227,#4228));
#703=EDGE_LOOP('',(#4229,#4230,#4231,#4232));
#704=EDGE_LOOP('',(#4233,#4234,#4235,#4236));
#705=EDGE_LOOP('',(#4237,#4238,#4239,#4240));
#706=EDGE_LOOP('',(#4241,#4242,#4243,#4244));
#707=EDGE_LOOP('',(#4245,#4246,#4247,#4248,#4249,#4250,#4251,#4252,#4253));
#708=EDGE_LOOP('',(#4254,#4255,#4256,#4257,#4258,#4259,#4260,#4261,#4262));
#709=EDGE_LOOP('',(#4263,#4264,#4265,#4266,#4267,#4268));
#710=EDGE_LOOP('',(#4269,#4270,#4271,#4272));
#711=EDGE_LOOP('',(#4273,#4274,#4275,#4276));
#712=EDGE_LOOP('',(#4277,#4278,#4279,#4280));
#713=EDGE_LOOP('',(#4281,#4282,#4283,#4284,#4285,#4286));
#714=EDGE_LOOP('',(#4287,#4288,#4289,#4290,#4291,#4292,#4293,#4294,#4295,
#4296,#4297,#4298,#4299,#4300,#4301,#4302,#4303,#4304,#4305,#4306));
#715=EDGE_LOOP('',(#4307,#4308,#4309,#4310));
#716=EDGE_LOOP('',(#4311,#4312,#4313,#4314));
#717=EDGE_LOOP('',(#4315,#4316,#4317,#4318));
#718=EDGE_LOOP('',(#4319,#4320,#4321,#4322));
#719=EDGE_LOOP('',(#4323,#4324,#4325,#4326,#4327,#4328,#4329));
#720=EDGE_LOOP('',(#4330,#4331,#4332,#4333,#4334,#4335));
#721=EDGE_LOOP('',(#4336,#4337,#4338,#4339));
#722=EDGE_LOOP('',(#4340,#4341,#4342,#4343,#4344,#4345,#4346));
#723=EDGE_LOOP('',(#4347,#4348,#4349,#4350,#4351,#4352,#4353,#4354,#4355,
#4356,#4357,#4358,#4359,#4360,#4361,#4362,#4363,#4364,#4365,#4366));
#724=EDGE_LOOP('',(#4367,#4368,#4369,#4370,#4371));
#725=EDGE_LOOP('',(#4372,#4373,#4374,#4375));
#726=EDGE_LOOP('',(#4376,#4377,#4378,#4379));
#727=EDGE_LOOP('',(#4380,#4381,#4382,#4383));
#728=EDGE_LOOP('',(#4384,#4385,#4386,#4387,#4388));
#729=EDGE_LOOP('',(#4389,#4390,#4391,#4392));
#730=EDGE_LOOP('',(#4393,#4394,#4395,#4396));
#731=EDGE_LOOP('',(#4397,#4398,#4399,#4400,#4401,#4402));
#732=EDGE_LOOP('',(#4403,#4404,#4405,#4406));
#733=EDGE_LOOP('',(#4407,#4408,#4409,#4410,#4411,#4412,#4413,#4414));
#734=EDGE_LOOP('',(#4415,#4416,#4417,#4418,#4419,#4420));
#735=EDGE_LOOP('',(#4421,#4422,#4423,#4424));
#736=EDGE_LOOP('',(#4425,#4426,#4427,#4428,#4429,#4430));
#737=EDGE_LOOP('',(#4431,#4432,#4433,#4434));
#738=EDGE_LOOP('',(#4435,#4436,#4437,#4438,#4439,#4440,#4441,#4442,#4443,
#4444,#4445,#4446,#4447,#4448));
#739=EDGE_LOOP('',(#4449,#4450,#4451,#4452));
#740=EDGE_LOOP('',(#4453,#4454,#4455,#4456));
#741=EDGE_LOOP('',(#4457,#4458,#4459,#4460));
#742=EDGE_LOOP('',(#4461,#4462,#4463,#4464));
#743=EDGE_LOOP('',(#4465,#4466,#4467,#4468));
#744=EDGE_LOOP('',(#4469,#4470,#4471,#4472));
#745=EDGE_LOOP('',(#4473,#4474,#4475,#4476));
#746=EDGE_LOOP('',(#4477,#4478,#4479,#4480));
#747=EDGE_LOOP('',(#4481,#4482,#4483,#4484,#4485,#4486,#4487,#4488));
#748=EDGE_LOOP('',(#4489,#4490,#4491,#4492));
#749=EDGE_LOOP('',(#4493,#4494,#4495,#4496));
#750=EDGE_LOOP('',(#4497,#4498,#4499,#4500,#4501,#4502,#4503,#4504));
#751=EDGE_LOOP('',(#4505,#4506,#4507,#4508));
#752=EDGE_LOOP('',(#4509,#4510,#4511,#4512));
#753=EDGE_LOOP('',(#4513,#4514,#4515,#4516));
#754=EDGE_LOOP('',(#4517,#4518,#4519,#4520,#4521,#4522,#4523,#4524,#4525,
#4526,#4527,#4528,#4529,#4530,#4531,#4532,#4533,#4534));
#755=EDGE_LOOP('',(#4535,#4536,#4537,#4538));
#756=EDGE_LOOP('',(#4539,#4540,#4541,#4542));
#757=EDGE_LOOP('',(#4543,#4544,#4545,#4546));
#758=EDGE_LOOP('',(#4547,#4548,#4549,#4550,#4551,#4552,#4553,#4554));
#759=EDGE_LOOP('',(#4555,#4556,#4557,#4558,#4559,#4560,#4561,#4562,#4563,
#4564,#4565));
#760=EDGE_LOOP('',(#4566,#4567));
#761=EDGE_LOOP('',(#4568,#4569,#4570,#4571));
#762=EDGE_LOOP('',(#4572,#4573,#4574,#4575));
#763=EDGE_LOOP('',(#4576,#4577,#4578,#4579));
#764=EDGE_LOOP('',(#4580,#4581,#4582,#4583));
#765=EDGE_LOOP('',(#4584,#4585,#4586,#4587,#4588,#4589));
#766=EDGE_LOOP('',(#4590,#4591,#4592,#4593,#4594,#4595));
#767=EDGE_LOOP('',(#4596,#4597,#4598,#4599,#4600,#4601,#4602,#4603,#4604,
#4605,#4606,#4607,#4608));
#768=EDGE_LOOP('',(#4609,#4610,#4611,#4612));
#769=EDGE_LOOP('',(#4613,#4614,#4615,#4616,#4617,#4618,#4619,#4620));
#770=EDGE_LOOP('',(#4621,#4622,#4623));
#771=EDGE_LOOP('',(#4624,#4625,#4626,#4627));
#772=EDGE_LOOP('',(#4628,#4629,#4630,#4631));
#773=EDGE_LOOP('',(#4632,#4633,#4634));
#774=EDGE_LOOP('',(#4635,#4636,#4637));
#775=EDGE_LOOP('',(#4638,#4639,#4640,#4641,#4642));
#776=EDGE_LOOP('',(#4643,#4644,#4645,#4646,#4647,#4648,#4649,#4650));
#777=EDGE_LOOP('',(#4651,#4652,#4653,#4654));
#778=EDGE_LOOP('',(#4655,#4656,#4657,#4658,#4659,#4660));
#779=EDGE_LOOP('',(#4661,#4662,#4663,#4664));
#780=EDGE_LOOP('',(#4665,#4666,#4667,#4668,#4669,#4670));
#781=EDGE_LOOP('',(#4671,#4672,#4673,#4674));
#782=EDGE_LOOP('',(#4675,#4676,#4677,#4678));
#783=EDGE_LOOP('',(#4679,#4680,#4681,#4682,#4683,#4684,#4685,#4686,#4687,
#4688,#4689,#4690,#4691,#4692,#4693,#4694,#4695,#4696,#4697,#4698));
#784=EDGE_LOOP('',(#4699,#4700,#4701,#4702));
#785=EDGE_LOOP('',(#4703,#4704,#4705,#4706));
#786=EDGE_LOOP('',(#4707,#4708,#4709,#4710));
#787=EDGE_LOOP('',(#4711,#4712,#4713,#4714));
#788=EDGE_LOOP('',(#4715,#4716,#4717,#4718));
#789=EDGE_LOOP('',(#4719,#4720,#4721,#4722,#4723));
#790=EDGE_LOOP('',(#4724,#4725,#4726,#4727));
#791=EDGE_LOOP('',(#4728,#4729,#4730,#4731,#4732));
#792=EDGE_LOOP('',(#4733,#4734,#4735,#4736));
#793=EDGE_LOOP('',(#4737,#4738,#4739,#4740));
#794=EDGE_LOOP('',(#4741,#4742,#4743,#4744,#4745,#4746,#4747,#4748));
#795=EDGE_LOOP('',(#4749,#4750,#4751,#4752));
#796=EDGE_LOOP('',(#4753,#4754,#4755,#4756));
#797=EDGE_LOOP('',(#4757,#4758,#4759,#4760,#4761,#4762,#4763,#4764,#4765,
#4766));
#798=EDGE_LOOP('',(#4767,#4768,#4769,#4770,#4771,#4772,#4773,#4774));
#799=EDGE_LOOP('',(#4775,#4776,#4777,#4778));
#800=EDGE_LOOP('',(#4779,#4780,#4781,#4782,#4783,#4784,#4785,#4786,#4787,
#4788,#4789,#4790,#4791,#4792,#4793,#4794,#4795,#4796,#4797,#4798,#4799,
#4800,#4801,#4802));
#801=EDGE_LOOP('',(#4803,#4804,#4805,#4806));
#802=EDGE_LOOP('',(#4807,#4808,#4809,#4810,#4811,#4812,#4813,#4814));
#803=EDGE_LOOP('',(#4815,#4816,#4817,#4818,#4819,#4820,#4821,#4822));
#804=EDGE_LOOP('',(#4823,#4824,#4825,#4826,#4827,#4828));
#805=EDGE_LOOP('',(#4829,#4830,#4831,#4832));
#806=EDGE_LOOP('',(#4833,#4834,#4835,#4836));
#807=EDGE_LOOP('',(#4837,#4838,#4839,#4840,#4841,#4842));
#808=EDGE_LOOP('',(#4843,#4844,#4845,#4846));
#809=EDGE_LOOP('',(#4847,#4848,#4849,#4850,#4851,#4852,#4853,#4854,#4855,
#4856,#4857,#4858,#4859,#4860,#4861,#4862,#4863,#4864,#4865,#4866));
#810=EDGE_LOOP('',(#4867,#4868,#4869,#4870,#4871,#4872));
#811=EDGE_LOOP('',(#4873,#4874,#4875,#4876));
#812=EDGE_LOOP('',(#4877,#4878,#4879,#4880,#4881,#4882));
#813=EDGE_LOOP('',(#4883,#4884,#4885,#4886,#4887));
#814=EDGE_LOOP('',(#4888,#4889,#4890,#4891));
#815=EDGE_LOOP('',(#4892,#4893,#4894,#4895));
#816=EDGE_LOOP('',(#4896,#4897,#4898,#4899));
#817=EDGE_LOOP('',(#4900,#4901,#4902,#4903,#4904));
#818=EDGE_LOOP('',(#4905,#4906,#4907,#4908));
#819=EDGE_LOOP('',(#4909,#4910,#4911,#4912));
#820=EDGE_LOOP('',(#4913,#4914,#4915,#4916));
#821=EDGE_LOOP('',(#4917,#4918,#4919,#4920));
#822=EDGE_LOOP('',(#4921,#4922,#4923,#4924));
#823=EDGE_LOOP('',(#4925,#4926,#4927,#4928));
#824=EDGE_LOOP('',(#4929,#4930,#4931,#4932,#4933,#4934,#4935,#4936));
#825=EDGE_LOOP('',(#4937,#4938,#4939,#4940,#4941,#4942,#4943,#4944));
#826=EDGE_LOOP('',(#4945,#4946,#4947,#4948,#4949,#4950,#4951,#4952,#4953,
#4954,#4955,#4956,#4957,#4958,#4959,#4960,#4961,#4962));
#827=EDGE_LOOP('',(#4963,#4964,#4965,#4966,#4967,#4968,#4969,#4970));
#828=EDGE_LOOP('',(#4971,#4972,#4973,#4974));
#829=EDGE_LOOP('',(#4975,#4976,#4977,#4978,#4979,#4980,#4981,#4982));
#830=EDGE_LOOP('',(#4983,#4984,#4985,#4986,#4987,#4988));
#831=EDGE_LOOP('',(#4989,#4990,#4991,#4992));
#832=EDGE_LOOP('',(#4993,#4994,#4995,#4996,#4997,#4998));
#833=EDGE_LOOP('',(#4999,#5000,#5001,#5002));
#834=EDGE_LOOP('',(#5003,#5004,#5005,#5006));
#835=EDGE_LOOP('',(#5007,#5008,#5009,#5010));
#836=EDGE_LOOP('',(#5011,#5012,#5013,#5014));
#837=EDGE_LOOP('',(#5015,#5016,#5017,#5018,#5019,#5020,#5021,#5022));
#838=EDGE_LOOP('',(#5023,#5024,#5025,#5026,#5027,#5028,#5029,#5030));
#839=EDGE_LOOP('',(#5031,#5032,#5033,#5034));
#840=EDGE_LOOP('',(#5035,#5036,#5037,#5038));
#841=EDGE_LOOP('',(#5039,#5040,#5041,#5042));
#842=ELLIPSE('',#5520,4.76308118014544,2.);
#843=ELLIPSE('',#5521,4.51812104269965,2.);
#844=ELLIPSE('',#5554,2.82842712474619,2.);
#845=ELLIPSE('',#5556,2.82842712474619,2.);
#846=ELLIPSE('',#5563,2.8284271247462,2.);
#847=ELLIPSE('',#5564,2.8284271247462,2.);
#848=ELLIPSE('',#5566,2.82842712474621,2.);
#849=ELLIPSE('',#5567,2.82842712474622,2.);
#850=ELLIPSE('',#5587,2.82842712474622,2.);
#851=ELLIPSE('',#5589,2.82842712474616,2.);
#852=ELLIPSE('',#5596,2.82842712474621,2.);
#853=ELLIPSE('',#5598,2.82842712474621,2.);
#854=ELLIPSE('',#5618,2.82842712474619,2.);
#855=ELLIPSE('',#5621,2.82842712474619,2.);
#856=(
BOUNDED_CURVE()
B_SPLINE_CURVE(2,(#7222,#7223,#7224),.UNSPECIFIED.,.F.,.F.)
B_SPLINE_CURVE_WITH_KNOTS((3,3),(5.78563824829751,9.60255424414352),
 .UNSPECIFIED.)
CURVE()
GEOMETRIC_REPRESENTATION_ITEM()
RATIONAL_B_SPLINE_CURVE((1.,1.,1.))
REPRESENTATION_ITEM('')
);
#857=(
BOUNDED_CURVE()
B_SPLINE_CURVE(2,(#7311,#7312,#7313),.UNSPECIFIED.,.F.,.F.)
B_SPLINE_CURVE_WITH_KNOTS((3,3),(0.0618366527294201,3.87877119003769),
 .UNSPECIFIED.)
CURVE()
GEOMETRIC_REPRESENTATION_ITEM()
RATIONAL_B_SPLINE_CURVE((1.,1.,1.))
REPRESENTATION_ITEM('')
);
#858=(
BOUNDED_CURVE()
B_SPLINE_CURVE(2,(#9398,#9399,#9400,#9401,#9402,#9403,#9404),
 .UNSPECIFIED.,.F.,.F.)
B_SPLINE_CURVE_WITH_KNOTS((3,1,1,1,1,3),(0.,4.60421579008365,5.85744798061353,
7.24418209692018,8.73496120252305,10.2747147271618),.UNSPECIFIED.)
CURVE()
GEOMETRIC_REPRESENTATION_ITEM()
RATIONAL_B_SPLINE_CURVE((1.,1.06074716162181,1.06888892564864,1.06407646109593,
1.0486009165615,1.02071999468461,1.00047612638418))
REPRESENTATION_ITEM('')
);
#859=(
BOUNDED_CURVE()
B_SPLINE_CURVE(2,(#9406,#9407,#9408,#9409,#9410,#9411,#9412),
 .UNSPECIFIED.,.F.,.F.)
B_SPLINE_CURVE_WITH_KNOTS((3,1,1,1,1,3),(0.0454877473997197,1.93482382220301,
3.64926052096218,5.11871619805149,6.36460655794253,10.3541972457612),
 .UNSPECIFIED.)
CURVE()
GEOMETRIC_REPRESENTATION_ITEM()
RATIONAL_B_SPLINE_CURVE((1.00119468194223,1.02589579373883,1.05566455671655,
1.06805792292768,1.06846181086176,1.05262212079693,1.))
REPRESENTATION_ITEM('')
);
#860=B_SPLINE_CURVE_WITH_KNOTS('',3,(#7140,#7141,#7142,#7143,#7144,#7145),
 .UNSPECIFIED.,.F.,.F.,(4,2,4),(-4.41813787456801,-2.81364004100513,0.),
 .UNSPECIFIED.);
#861=B_SPLINE_CURVE_WITH_KNOTS('',3,(#7147,#7148,#7149,#7150,#7151,#7152),
 .UNSPECIFIED.,.F.,.F.,(4,2,4),(-2.92935984587034,-1.81626545299838,0.),
 .UNSPECIFIED.);
#862=B_SPLINE_CURVE_WITH_KNOTS('',3,(#7154,#7155,#7156,#7157,#7158,#7159,
#7160,#7161),.UNSPECIFIED.,.F.,.F.,(4,2,2,4),(-1.00793510545737,-0.748828813085971,
-0.446175875095759,0.),.UNSPECIFIED.);
#863=B_SPLINE_CURVE_WITH_KNOTS('',3,(#7163,#7164,#7165,#7166,#7167,#7168,
#7169,#7170,#7171,#7172,#7173,#7174,#7175,#7176),.UNSPECIFIED.,.F.,.F.,
(4,2,2,2,2,2,4),(-2.26007471655251,-2.05412037014065,-1.84966226185392,
-1.43268861372279,-0.907922789911969,-0.429779887117765,0.),
 .UNSPECIFIED.);
#864=B_SPLINE_CURVE_WITH_KNOTS('',3,(#7178,#7179,#7180,#7181,#7182,#7183),
 .UNSPECIFIED.,.F.,.F.,(4,2,4),(-0.929797941925557,-0.510732857214823,0.),
 .UNSPECIFIED.);
#865=B_SPLINE_CURVE_WITH_KNOTS('',3,(#7185,#7186,#7187,#7188,#7189,#7190),
 .UNSPECIFIED.,.F.,.F.,(4,2,4),(-2.7664381186283,-1.48442993995382,-0.584621830037963),
 .UNSPECIFIED.);
#866=B_SPLINE_CURVE_WITH_KNOTS('',3,(#7192,#7193,#7194,#7195,#7196,#7197),
 .UNSPECIFIED.,.F.,.F.,(4,2,4),(-3.3437976869326,-1.26311121626085,0.),
 .UNSPECIFIED.);
#867=B_SPLINE_CURVE_WITH_KNOTS('',3,(#7209,#7210,#7211,#7212,#7213,#7214,
#7215,#7216,#7217,#7218,#7219,#7220),.UNSPECIFIED.,.F.,.F.,(4,2,2,2,2,4),
(-0.700825058809003,-0.586760749071069,-0.472636981302964,-0.316108517579402,
-0.158487944077721,-0.0802860359146896),.UNSPECIFIED.);
#868=B_SPLINE_CURVE_WITH_KNOTS('',3,(#7228,#7229,#7230,#7231),
 .UNSPECIFIED.,.F.,.F.,(4,4),(-0.829061242460552,0.),.UNSPECIFIED.);
#869=B_SPLINE_CURVE_WITH_KNOTS('',3,(#7233,#7234,#7235,#7236),
 .UNSPECIFIED.,.F.,.F.,(4,4),(-0.472380786341243,0.),.UNSPECIFIED.);
#870=B_SPLINE_CURVE_WITH_KNOTS('',3,(#7240,#7241,#7242,#7243,#7244,#7245),
 .UNSPECIFIED.,.F.,.F.,(4,2,4),(-4.75491936639223,-2.97870094721856,-1.36855283838922),
 .UNSPECIFIED.);
#871=B_SPLINE_CURVE_WITH_KNOTS('',3,(#7247,#7248,#7249,#7250,#7251,#7252),
 .UNSPECIFIED.,.F.,.F.,(4,2,4),(-3.14465195314737,-1.71452872653115,-2.30645502696802E-9),
 .UNSPECIFIED.);
#872=B_SPLINE_CURVE_WITH_KNOTS('',3,(#7254,#7255,#7256,#7257,#7258,#7259),
 .UNSPECIFIED.,.F.,.F.,(4,2,4),(-0.59009788696163,-0.349950193072433,0.),
 .UNSPECIFIED.);
#873=B_SPLINE_CURVE_WITH_KNOTS('',3,(#7261,#7262,#7263,#7264,#7265,#7266,
#7267,#7268,#7269,#7270,#7271,#7272,#7273,#7274),.UNSPECIFIED.,.F.,.F.,
(4,2,2,2,2,2,4),(-2.28030787390591,-1.98335312363593,-1.67233205370177,
-1.2299960701045,-0.786438223966384,-0.408433613416321,0.),
 .UNSPECIFIED.);
#874=B_SPLINE_CURVE_WITH_KNOTS('',3,(#7276,#7277,#7278,#7279,#7280,#7281),
 .UNSPECIFIED.,.F.,.F.,(4,2,4),(-0.651450504260894,-0.3993577486457,0.),
 .UNSPECIFIED.);
#875=B_SPLINE_CURVE_WITH_KNOTS('',3,(#7283,#7284,#7285,#7286,#7287,#7288),
 .UNSPECIFIED.,.F.,.F.,(4,2,4),(-3.04511916885754,-1.44278823917728,-0.00674114299156371),
 .UNSPECIFIED.);
#876=B_SPLINE_CURVE_WITH_KNOTS('',3,(#7290,#7291,#7292,#7293,#7294,#7295),
 .UNSPECIFIED.,.F.,.F.,(4,2,4),(-2.03671539041583,-1.10918108924727,0.),
 .UNSPECIFIED.);
#877=B_SPLINE_CURVE_WITH_KNOTS('',3,(#7299,#7300,#7301,#7302),
 .UNSPECIFIED.,.F.,.F.,(4,4),(-2.91174747841128,-2.58249712523274),
 .UNSPECIFIED.);
#878=B_SPLINE_CURVE_WITH_KNOTS('',3,(#7304,#7305,#7306,#7307),
 .UNSPECIFIED.,.F.,.F.,(4,4),(-0.777546122342032,0.),.UNSPECIFIED.);
#879=B_SPLINE_CURVE_WITH_KNOTS('',3,(#7315,#7316,#7317,#7318,#7319,#7320,
#7321,#7322,#7323,#7324,#7325,#7326),.UNSPECIFIED.,.F.,.F.,(4,2,2,2,2,4),
(-0.671061190257295,-0.583995525101968,-0.467409320533444,-0.311136135078219,
-0.155520508348518,0.),.UNSPECIFIED.);
#880=B_SPLINE_CURVE_WITH_KNOTS('',3,(#7334,#7335,#7336,#7337,#7338,#7339,
#7340,#7341,#7342,#7343,#7344,#7345,#7346,#7347,#7348,#7349,#7350,#7351,
#7352,#7353,#7354,#7355),.UNSPECIFIED.,.F.,.F.,(4,3,3,3,3,3,3,4),(-0.757696859381039,
-0.704401906595015,-0.651106953808992,-0.599611987974949,-0.548051698733462,
-0.497092716671539,-0.46699178014211,-0.418186996832052),.UNSPECIFIED.);
#881=B_SPLINE_CURVE_WITH_KNOTS('',3,(#7363,#7364,#7365,#7366,#7367,#7368,
#7369,#7370,#7371,#7372),.UNSPECIFIED.,.F.,.F.,(4,2,2,2,4),(0.297258815337687,
0.372069736702392,0.446618750964558,0.520798227255705,0.594648622514006),
 .UNSPECIFIED.);
#882=B_SPLINE_CURVE_WITH_KNOTS('',3,(#7378,#7379,#7380,#7381,#7382,#7383),
 .UNSPECIFIED.,.F.,.F.,(4,2,4),(-0.42335372417146,-0.236559367735455,-0.0278380460248754),
 .UNSPECIFIED.);
#883=B_SPLINE_CURVE_WITH_KNOTS('',3,(#7389,#7390,#7391,#7392,#7393,#7394,
#7395,#7396,#7397,#7398),.UNSPECIFIED.,.F.,.F.,(4,2,2,2,4),(0.594648622514005,
0.668499017772306,0.742678494063451,0.817227508325618,0.892038429690325),
 .UNSPECIFIED.);
#884=B_SPLINE_CURVE_WITH_KNOTS('',3,(#7420,#7421,#7422,#7423,#7424,#7425,
#7426,#7427,#7428,#7429,#7430,#7431,#7432,#7433,#7434,#7435,#7436,#7437,
#7438,#7439,#7440,#7441,#7442,#7443,#7444,#7445,#7446,#7447,#7448,#7449,
#7450,#7451,#7452,#7453,#7454,#7455,#7456,#7457,#7458,#7459,#7460,#7461,
#7462),.UNSPECIFIED.,.F.,.F.,(4,3,3,3,3,3,3,3,3,3,3,3,3,3,4),(0.306999650898031,
0.468606385267477,0.630520741086899,0.791770581825176,0.950974508676939,
1.04854392491502,1.14700601600447,1.30902298035181,1.47132624053455,1.63297022202576,
1.66821067543005,1.82811491751682,1.98748673511831,2.14487016057685,2.28119220117986),
 .UNSPECIFIED.);
#885=B_SPLINE_CURVE_WITH_KNOTS('',3,(#7464,#7465,#7466,#7467,#7468,#7469),
 .UNSPECIFIED.,.F.,.F.,(4,2,4),(0.,1.0191328771727,1.91116716406852),
 .UNSPECIFIED.);
#886=B_SPLINE_CURVE_WITH_KNOTS('',3,(#7479,#7480,#7481,#7482,#7483,#7484),
 .UNSPECIFIED.,.F.,.F.,(4,2,4),(0.298957053445147,0.534591016571442,0.816669526943964),
 .UNSPECIFIED.);
#887=B_SPLINE_CURVE_WITH_KNOTS('',3,(#7523,#7524,#7525,#7526),
 .UNSPECIFIED.,.F.,.F.,(4,4),(-0.0780076240407703,0.),.UNSPECIFIED.);
#888=B_SPLINE_CURVE_WITH_KNOTS('',3,(#7528,#7529,#7530,#7531,#7532,#7533,
#7534,#7535,#7536,#7537),.UNSPECIFIED.,.F.,.F.,(4,2,2,2,4),(-3.24655449631535,
-2.48491132845128,-1.69966019935945,-0.858281597541865,-0.220497964497568),
 .UNSPECIFIED.);
#889=B_SPLINE_CURVE_WITH_KNOTS('',3,(#7539,#7540,#7541,#7542),
 .UNSPECIFIED.,.F.,.F.,(4,4),(-0.422750288677495,-0.255089735895961),
 .UNSPECIFIED.);
#890=B_SPLINE_CURVE_WITH_KNOTS('',3,(#7543,#7544,#7545,#7546),
 .UNSPECIFIED.,.F.,.F.,(4,4),(-5.8411783073662,-4.7212744531612),
 .UNSPECIFIED.);
#891=B_SPLINE_CURVE_WITH_KNOTS('',3,(#7573,#7574,#7575,#7576,#7577),
 .UNSPECIFIED.,.F.,.F.,(4,1,4),(-5.73485068232825E-15,0.774654732746032,
1.806843641176),.UNSPECIFIED.);
#892=B_SPLINE_CURVE_WITH_KNOTS('',3,(#7579,#7580,#7581,#7582,#7583),
 .UNSPECIFIED.,.F.,.F.,(4,1,4),(-3.98941451476857,-2.89352345407604,-2.07160515855664),
 .UNSPECIFIED.);
#893=B_SPLINE_CURVE_WITH_KNOTS('',3,(#7616,#7617,#7618,#7619,#7620,#7621,
#7622,#7623),.UNSPECIFIED.,.F.,.F.,(4,2,2,4),(4.61934393621477,4.6938859622907,
5.58422422560322,6.43048958322665),.UNSPECIFIED.);
#894=B_SPLINE_CURVE_WITH_KNOTS('',3,(#7695,#7696,#7697,#7698,#7699),
 .UNSPECIFIED.,.F.,.F.,(4,1,4),(-0.762850776471804,-0.574749592755907,-0.433673704968984),
 .UNSPECIFIED.);
#895=B_SPLINE_CURVE_WITH_KNOTS('',3,(#7766,#7767,#7768,#7769,#7770,#7771,
#7772,#7773),.UNSPECIFIED.,.F.,.F.,(4,1,1,1,1,4),(-1.99851464862329,-1.71301255596282,
-1.14200837064188,-0.571004185320943,-0.285502092660473,-2.5865343615826E-15),
 .UNSPECIFIED.);
#896=B_SPLINE_CURVE_WITH_KNOTS('',3,(#7794,#7795,#7796,#7797,#7798),
 .UNSPECIFIED.,.F.,.F.,(4,1,4),(-0.34143290514485,-0.195104517225629,0.),
 .UNSPECIFIED.);
#897=B_SPLINE_CURVE_WITH_KNOTS('',3,(#7885,#7886,#7887,#7888,#7889,#7890,
#7891,#7892,#7893,#7894,#7895,#7896,#7897,#7898,#7899,#7900,#7901,#7902,
#7903),.UNSPECIFIED.,.F.,.F.,(4,3,3,3,3,3,4),(-0.662470561892952,-0.647007493952569,
-0.601585521421829,-0.559257611562898,-0.518104768608939,-0.47971835106754,
-0.441420521583063),.UNSPECIFIED.);
#898=B_SPLINE_CURVE_WITH_KNOTS('',3,(#7910,#7911,#7912,#7913,#7914,#7915,
#7916,#7917,#7918,#7919,#7920,#7921,#7922,#7923,#7924,#7925,#7926,#7927,
#7928,#7929,#7930,#7931),.UNSPECIFIED.,.F.,.F.,(4,3,3,3,3,3,3,4),(-0.440840184509258,
-0.413707411676633,-0.371608791036206,-0.350917183061966,-0.309845224555741,
-0.272614461619505,-0.225526350680125,-0.22207477640726),.UNSPECIFIED.);
#899=B_SPLINE_CURVE_WITH_KNOTS('',3,(#7938,#7939,#7940,#7941),
 .UNSPECIFIED.,.F.,.F.,(4,4),(-2.50139586168918,-2.30135979103157),
 .UNSPECIFIED.);
#900=B_SPLINE_CURVE_WITH_KNOTS('',3,(#7948,#7949,#7950,#7951),
 .UNSPECIFIED.,.F.,.F.,(4,4),(-0.250037643843778,-0.0500015924063191),
 .UNSPECIFIED.);
#901=B_SPLINE_CURVE_WITH_KNOTS('',3,(#7957,#7958,#7959,#7960,#7961,#7962,
#7963),.UNSPECIFIED.,.F.,.F.,(4,3,4),(2.2159995140652,2.77029817677733,
3.14159265358979),.UNSPECIFIED.);
#902=B_SPLINE_CURVE_WITH_KNOTS('',3,(#7965,#7966,#7967,#7968,#7969,#7970,
#7971,#7972,#7973,#7974,#7975,#7976,#7977,#7978,#7979,#7980,#7981,#7982,
#7983,#7984,#7985,#7986,#7987,#7988,#7989,#7990,#7991,#7992),
 .UNSPECIFIED.,.F.,.F.,(4,2,2,2,2,2,2,2,2,2,2,2,2,4),(0.103924546186288,
0.222151884747859,0.385156442108826,0.474472885634217,0.517317345999963,
0.532641435457515,0.541796789150021,0.551780073672036,0.566152489904413,
0.602216935272325,0.652749252382701,0.772943213527414,1.10655405232263,
1.70128365856682),.UNSPECIFIED.);
#903=B_SPLINE_CURVE_WITH_KNOTS('',3,(#7993,#7994,#7995,#7996),
 .UNSPECIFIED.,.F.,.F.,(4,4),(0.,0.21582168979338),.UNSPECIFIED.);
#904=B_SPLINE_CURVE_WITH_KNOTS('',3,(#8013,#8014,#8015,#8016),
 .UNSPECIFIED.,.F.,.F.,(4,4),(0.297218667431178,1.34782267340015),
 .UNSPECIFIED.);
#905=B_SPLINE_CURVE_WITH_KNOTS('',3,(#8017,#8018,#8019,#8020),
 .UNSPECIFIED.,.F.,.F.,(4,4),(0.049741035007295,0.496505521959101),
 .UNSPECIFIED.);
#906=B_SPLINE_CURVE_WITH_KNOTS('',3,(#8024,#8025,#8026,#8027),
 .UNSPECIFIED.,.F.,.F.,(4,4),(-3.96451144645475,-2.20418511480465),
 .UNSPECIFIED.);
#907=B_SPLINE_CURVE_WITH_KNOTS('',3,(#8032,#8033,#8034,#8035),
 .UNSPECIFIED.,.F.,.F.,(4,4),(-6.23715430276195,-4.45397369448542),
 .UNSPECIFIED.);
#908=B_SPLINE_CURVE_WITH_KNOTS('',3,(#8037,#8038,#8039,#8040),
 .UNSPECIFIED.,.F.,.F.,(4,4),(-0.0595309978456838,0.),.UNSPECIFIED.);
#909=B_SPLINE_CURVE_WITH_KNOTS('',3,(#8048,#8049,#8050,#8051,#8052,#8053,
#8054,#8055),.UNSPECIFIED.,.F.,.F.,(4,2,2,4),(0.277314767585033,0.287498650818697,
0.376253136849769,0.465007622880841),.UNSPECIFIED.);
#910=B_SPLINE_CURVE_WITH_KNOTS('',3,(#8059,#8060,#8061,#8062,#8063,#8064,
#8065,#8066),.UNSPECIFIED.,.F.,.F.,(4,2,2,4),(0.465007622880842,0.553762108911906,
0.642516594942971,0.652700478176651),.UNSPECIFIED.);
#911=B_SPLINE_CURVE_WITH_KNOTS('',3,(#8070,#8071,#8072,#8073,#8074,#8075),
 .UNSPECIFIED.,.F.,.F.,(4,2,4),(-1.71476380122615,-1.29864491885674,0.),
 .UNSPECIFIED.);
#912=B_SPLINE_CURVE_WITH_KNOTS('',3,(#8077,#8078,#8079,#8080,#8081,#8082,
#8083,#8084),.UNSPECIFIED.,.F.,.F.,(4,2,2,4),(-0.659022591581573,-0.57605744139115,
-0.500789253764922,-0.441736329483947),.UNSPECIFIED.);
#913=B_SPLINE_CURVE_WITH_KNOTS('',3,(#8086,#8087,#8088,#8089,#8090,#8091,
#8092,#8093,#8094,#8095),.UNSPECIFIED.,.F.,.F.,(4,2,2,2,4),(-0.44177172019406,
-0.435392393337717,-0.368741215533033,-0.280936140551423,-0.221898433247975),
 .UNSPECIFIED.);
#914=B_SPLINE_CURVE_WITH_KNOTS('',3,(#8132,#8133,#8134,#8135,#8136,#8137),
 .UNSPECIFIED.,.F.,.F.,(4,2,4),(0.294928243476922,0.335563655976702,0.411438285499504),
 .UNSPECIFIED.);
#915=B_SPLINE_CURVE_WITH_KNOTS('',3,(#8141,#8142,#8143,#8144,#8145,#8146,
#8147,#8148,#8149,#8150,#8151,#8152,#8153,#8154,#8155,#8156,#8157,#8158,
#8159),.UNSPECIFIED.,.F.,.F.,(4,3,3,3,3,3,4),(0.,0.051042889694048,0.0907049366221389,
0.107640181931978,0.145365007073951,0.183089832215925,0.207815630126733),
 .UNSPECIFIED.);
#916=B_SPLINE_CURVE_WITH_KNOTS('',3,(#8166,#8167,#8168,#8169),
 .UNSPECIFIED.,.F.,.F.,(4,4),(-2.29553197669283,-0.249878443594202),
 .UNSPECIFIED.);
#917=B_SPLINE_CURVE_WITH_KNOTS('',3,(#8176,#8177,#8178,#8179,#8180,#8181,
#8182,#8183,#8184,#8185,#8186,#8187,#8188,#8189,#8190,#8191,#8192,#8193,
#8194),.UNSPECIFIED.,.F.,.F.,(4,3,3,3,3,3,4),(0.0477051527840776,0.0882681589634632,
0.12671588834188,0.162799761681912,0.206792496418802,0.212802888353369,
0.255979282563116),.UNSPECIFIED.);
#918=B_SPLINE_CURVE_WITH_KNOTS('',3,(#8195,#8196,#8197,#8198,#8199,#8200),
 .UNSPECIFIED.,.F.,.F.,(4,2,4),(0.411438285499501,0.487312915022293,0.527948327522076),
 .UNSPECIFIED.);
#919=B_SPLINE_CURVE_WITH_KNOTS('',3,(#8204,#8205,#8206,#8207,#8208,#8209,
#8210,#8211,#8212,#8213),.UNSPECIFIED.,.F.,.F.,(4,2,2,2,4),(-3.18764266866441,
-2.52454329643946,-1.68417752476086,-0.846151666740457,-0.0325465739070492),
 .UNSPECIFIED.);
#920=B_SPLINE_CURVE_WITH_KNOTS('',3,(#8215,#8216,#8217,#8218),
 .UNSPECIFIED.,.F.,.F.,(4,4),(0.170693953791351,0.557841827073652),
 .UNSPECIFIED.);
#921=B_SPLINE_CURVE_WITH_KNOTS('',3,(#8220,#8221,#8222,#8223,#8224,#8225,
#8226,#8227,#8228,#8229,#8230,#8231,#8232,#8233,#8234,#8235,#8236,#8237,
#8238,#8239,#8240,#8241,#8242,#8243,#8244,#8245,#8246,#8247),
 .UNSPECIFIED.,.F.,.F.,(4,2,2,2,2,2,2,2,2,2,2,2,2,4),(0.,0.943639005849583,
1.19245960136667,1.37642906978299,1.44487888362483,1.47452346195912,1.48846360866399,
1.49919306744315,1.51144007492495,1.53391214033719,1.56512600267423,1.62584583267759,
1.75589457971364,1.82655613480891),.UNSPECIFIED.);
#922=B_SPLINE_CURVE_WITH_KNOTS('',3,(#8248,#8249,#8250,#8251,#8252,#8253,
#8254),.UNSPECIFIED.,.F.,.F.,(4,3,4),(1.57079632679489,2.16905959733331,
2.53399487720375),.UNSPECIFIED.);
#923=B_SPLINE_CURVE_WITH_KNOTS('',3,(#8280,#8281,#8282,#8283,#8284,#8285,
#8286),.UNSPECIFIED.,.F.,.F.,(4,3,4),(-3.98941451476857,-2.89352345407604,
-2.07160515855664),.UNSPECIFIED.);
#924=B_SPLINE_CURVE_WITH_KNOTS('',3,(#8288,#8289,#8290,#8291,#8292,#8293,
#8294),.UNSPECIFIED.,.F.,.F.,(4,3,4),(1.5114578000817E-15,1.0387107895921,
1.22586771069554),.UNSPECIFIED.);
#925=B_SPLINE_CURVE_WITH_KNOTS('',3,(#8296,#8297,#8298,#8299,#8300,#8301),
 .UNSPECIFIED.,.F.,.F.,(4,2,4),(0.0763318354069164,4.81409070896899,9.25615180572826),
 .UNSPECIFIED.);
#926=B_SPLINE_CURVE_WITH_KNOTS('',3,(#8302,#8303,#8304,#8305),
 .UNSPECIFIED.,.F.,.F.,(4,4),(0.787183212930282,1.17804792032694),
 .UNSPECIFIED.);
#927=B_SPLINE_CURVE_WITH_KNOTS('',3,(#8332,#8333,#8334,#8335,#8336,#8337),
 .UNSPECIFIED.,.F.,.F.,(4,2,4),(0.371867475729583,4.73631036820498,9.60364651946654),
 .UNSPECIFIED.);
#928=B_SPLINE_CURVE_WITH_KNOTS('',3,(#8339,#8340,#8341,#8342),
 .UNSPECIFIED.,.F.,.F.,(4,4),(-0.362853479209802,-1.77635683940025E-15),
 .UNSPECIFIED.);
#929=B_SPLINE_CURVE_WITH_KNOTS('',3,(#8343,#8344,#8345,#8346,#8347,#8348,
#8349,#8350,#8351,#8352),.UNSPECIFIED.,.F.,.F.,(4,3,3,4),(-2.78081595077057,
-1.98629710769326,-1.19177826461596,0.),.UNSPECIFIED.);
#930=B_SPLINE_CURVE_WITH_KNOTS('',3,(#8353,#8354,#8355,#8356),
 .UNSPECIFIED.,.F.,.F.,(4,4),(0.0907283988257789,0.388589985858052),
 .UNSPECIFIED.);
#931=B_SPLINE_CURVE_WITH_KNOTS('',3,(#8393,#8394,#8395,#8396,#8397,#8398,
#8399,#8400,#8401,#8402),.UNSPECIFIED.,.F.,.F.,(4,2,2,2,4),(0.0653022142112553,
0.807286327313525,1.61243345288041,2.41522085651367,2.66201252412213),
 .UNSPECIFIED.);
#932=B_SPLINE_CURVE_WITH_KNOTS('',3,(#8404,#8405,#8406,#8407),
 .UNSPECIFIED.,.F.,.F.,(4,4),(-0.090036929583046,0.),.UNSPECIFIED.);
#933=B_SPLINE_CURVE_WITH_KNOTS('',3,(#8409,#8410,#8411,#8412,#8413),
 .UNSPECIFIED.,.F.,.F.,(4,1,4),(0.00781568598782721,0.528604334166359,0.90668731052066),
 .UNSPECIFIED.);
#934=B_SPLINE_CURVE_WITH_KNOTS('',3,(#8414,#8415,#8416,#8417,#8418),
 .UNSPECIFIED.,.F.,.F.,(4,1,4),(-0.762850776471804,-0.607199726935721,-0.490461439783658),
 .UNSPECIFIED.);
#935=B_SPLINE_CURVE_WITH_KNOTS('',3,(#8428,#8429,#8430,#8431,#8432,#8433,
#8434,#8435,#8436,#8437,#8438,#8439),.UNSPECIFIED.,.F.,.F.,(4,2,2,2,2,4),
(3.55271367880057E-15,0.0288762696459526,0.0577525392919017,0.1155050785838,
0.189997726494132,0.261418188186975),.UNSPECIFIED.);
#936=B_SPLINE_CURVE_WITH_KNOTS('',3,(#8446,#8447,#8448,#8449,#8450,#8451),
 .UNSPECIFIED.,.F.,.F.,(4,2,4),(0.0938432547675898,0.0998778650600652,0.234426350519217),
 .UNSPECIFIED.);
#937=B_SPLINE_CURVE_WITH_KNOTS('',3,(#8457,#8458,#8459,#8460,#8461,#8462,
#8463,#8464,#8465,#8466,#8467,#8468),.UNSPECIFIED.,.F.,.F.,(4,2,2,2,2,4),
(0.,0.0368690970047299,0.104933746926139,0.203793409163892,0.396727279640712,
0.416231966304051),.UNSPECIFIED.);
#938=B_SPLINE_CURVE_WITH_KNOTS('',3,(#8481,#8482,#8483,#8484,#8485,#8486,
#8487,#8488,#8489,#8490,#8491,#8492),.UNSPECIFIED.,.F.,.F.,(4,2,2,2,2,4),
(-4.38198642958523,-3.82345096841555,-3.26586059364729,-2.17690902891121,
-1.08834981876492,-1.05381080476721),.UNSPECIFIED.);
#939=B_SPLINE_CURVE_WITH_KNOTS('',3,(#8496,#8497,#8498,#8499,#8500,#8501,
#8502,#8503,#8504,#8505),.UNSPECIFIED.,.F.,.F.,(4,2,2,2,4),(-3.33062893247377,
-3.25614885681074,-2.17154777253586,-1.08636589346525,-1.77635683940025E-15),
 .UNSPECIFIED.);
#940=B_SPLINE_CURVE_WITH_KNOTS('',3,(#8512,#8513,#8514,#8515,#8516,#8517,
#8518,#8519,#8520,#8521,#8522,#8523),.UNSPECIFIED.,.F.,.F.,(4,2,2,2,2,4),
(0.0800901905739461,0.147151467069253,0.269574716516458,0.46209980443025,
0.500819109426846,0.530969094682465),.UNSPECIFIED.);
#941=B_SPLINE_CURVE_WITH_KNOTS('',3,(#8527,#8528,#8529,#8530,#8531,#8532),
 .UNSPECIFIED.,.F.,.F.,(4,2,4),(0.,0.0507663309017432,0.0712079901647505),
 .UNSPECIFIED.);
#942=B_SPLINE_CURVE_WITH_KNOTS('',3,(#8537,#8538,#8539,#8540,#8541,#8542),
 .UNSPECIFIED.,.F.,.F.,(4,1,1,4),(-0.893399241926633,-0.638191589278,-0.3829149535668,
0.),.UNSPECIFIED.);
#943=B_SPLINE_CURVE_WITH_KNOTS('',3,(#8546,#8547,#8548,#8549,#8550,#8551,
#8552,#8553,#8554,#8555,#8556,#8557),.UNSPECIFIED.,.F.,.F.,(4,2,2,2,2,4),
(-0.261418188187477,-0.189997726494144,-0.115505078583812,-0.057752539291906,
-0.028876269645953,0.),.UNSPECIFIED.);
#944=B_SPLINE_CURVE_WITH_KNOTS('',3,(#8608,#8609,#8610,#8611),
 .UNSPECIFIED.,.F.,.F.,(4,4),(0.243324428892451,0.369515076558197),
 .UNSPECIFIED.);
#945=B_SPLINE_CURVE_WITH_KNOTS('',3,(#8612,#8613,#8614,#8615,#8616),
 .UNSPECIFIED.,.F.,.F.,(4,1,4),(0.,0.340910687388141,0.795458270572329),
 .UNSPECIFIED.);
#946=B_SPLINE_CURVE_WITH_KNOTS('',3,(#8656,#8657,#8658,#8659),
 .UNSPECIFIED.,.F.,.F.,(4,4),(0.,0.0757959739243733),.UNSPECIFIED.);
#947=B_SPLINE_CURVE_WITH_KNOTS('',3,(#8661,#8662,#8663,#8664,#8665),
 .UNSPECIFIED.,.F.,.F.,(4,1,4),(-0.800572582053557,-0.457470046887747,0.),
 .UNSPECIFIED.);
#948=B_SPLINE_CURVE_WITH_KNOTS('',3,(#8666,#8667,#8668,#8669,#8670,#8671,
#8672,#8673),.UNSPECIFIED.,.F.,.F.,(4,2,2,4),(0.0770940188991819,1.06074130659932,
2.00078398597114,2.95307642899936),.UNSPECIFIED.);
#949=B_SPLINE_CURVE_WITH_KNOTS('',3,(#8725,#8726,#8727,#8728),
 .UNSPECIFIED.,.F.,.F.,(4,4),(-2.23788503941184,0.),.UNSPECIFIED.);
#950=B_SPLINE_CURVE_WITH_KNOTS('',3,(#8730,#8731,#8732,#8733,#8734),
 .UNSPECIFIED.,.F.,.F.,(4,1,4),(0.00780885471576936,0.392593226682365,0.897729801255734),
 .UNSPECIFIED.);
#951=B_SPLINE_CURVE_WITH_KNOTS('',3,(#8735,#8736,#8737,#8738,#8739,#8740,
#8741,#8742),.UNSPECIFIED.,.F.,.F.,(4,1,1,1,1,4),(-1.99851464862329,-1.71301255596282,
-1.14200837064188,-0.571004185320943,-0.285502092660473,-2.5865343615826E-15),
 .UNSPECIFIED.);
#952=B_SPLINE_CURVE_WITH_KNOTS('',3,(#8743,#8744,#8745,#8746),
 .UNSPECIFIED.,.F.,.F.,(4,4),(-6.85067756621091,-4.67016275162489),
 .UNSPECIFIED.);
#953=B_SPLINE_CURVE_WITH_KNOTS('',3,(#8748,#8749,#8750,#8751,#8752,#8753,
#8754,#8755,#8756,#8757),.UNSPECIFIED.,.F.,.F.,(4,2,2,2,4),(-12.1016350677966,
-11.8599023296111,-10.7975889419622,-4.91609596030499,-0.45033113277228),
 .UNSPECIFIED.);
#954=B_SPLINE_CURVE_WITH_KNOTS('',3,(#8759,#8760,#8761,#8762,#8763,#8764,
#8765,#8766,#8767,#8768),.UNSPECIFIED.,.F.,.F.,(4,2,2,2,4),(-5.01849843721441,
-1.61907296052121,-0.476341384228595,-0.137447159566571,-0.0789682028050061),
 .UNSPECIFIED.);
#955=B_SPLINE_CURVE_WITH_KNOTS('',3,(#8769,#8770,#8771,#8772),
 .UNSPECIFIED.,.F.,.F.,(4,4),(-0.356747724353251,-0.272711452295835),
 .UNSPECIFIED.);
#956=B_SPLINE_CURVE_WITH_KNOTS('',3,(#8808,#8809,#8810,#8811),
 .UNSPECIFIED.,.F.,.F.,(4,4),(-0.285530833713355,0.),.UNSPECIFIED.);
#957=B_SPLINE_CURVE_WITH_KNOTS('',3,(#8812,#8813,#8814,#8815,#8816,#8817,
#8818,#8819,#8820,#8821,#8822,#8823),.UNSPECIFIED.,.F.,.F.,(4,2,2,2,2,4),
(0.577495396231652,0.797225351149867,1.59499364866953,2.39447451532984,
2.81521440741527,3.1704300696628),.UNSPECIFIED.);
#958=B_SPLINE_CURVE_WITH_KNOTS('',3,(#8824,#8825,#8826,#8827,#8828),
 .UNSPECIFIED.,.F.,.F.,(4,1,4),(0.0497380595716118,0.392989162791579,0.49629613823807),
 .UNSPECIFIED.);
#959=B_SPLINE_CURVE_WITH_KNOTS('',3,(#8846,#8847,#8848,#8849),
 .UNSPECIFIED.,.F.,.F.,(4,4),(-0.0646706392663625,-0.00376976400105939),
 .UNSPECIFIED.);
#960=B_SPLINE_CURVE_WITH_KNOTS('',3,(#8850,#8851,#8852,#8853),
 .UNSPECIFIED.,.F.,.F.,(4,4),(0.970545047736434,2.06064736578593),
 .UNSPECIFIED.);
#961=B_SPLINE_CURVE_WITH_KNOTS('',3,(#8855,#8856,#8857,#8858),
 .UNSPECIFIED.,.F.,.F.,(4,4),(-0.943794298821402,-0.135130098896667),
 .UNSPECIFIED.);
#962=B_SPLINE_CURVE_WITH_KNOTS('',3,(#8888,#8889,#8890,#8891,#8892,#8893,
#8894,#8895),.UNSPECIFIED.,.F.,.F.,(4,2,2,4),(0.,0.0601549750504589,0.145971314552443,
0.338541244054877),.UNSPECIFIED.);
#963=B_SPLINE_CURVE_WITH_KNOTS('',3,(#8922,#8923,#8924,#8925,#8926,#8927,
#8928,#8929),.UNSPECIFIED.,.F.,.F.,(4,2,2,4),(0.332404052003779,0.339077627848612,
0.570327713623493,0.696057439095408),.UNSPECIFIED.);
#964=B_SPLINE_CURVE_WITH_KNOTS('',3,(#8958,#8959,#8960,#8961,#8962,#8963,
#8964,#8965),.UNSPECIFIED.,.F.,.F.,(4,2,2,4),(0.,0.295078379824924,0.395535925523801,
0.473428753419382),.UNSPECIFIED.);
#965=B_SPLINE_CURVE_WITH_KNOTS('',3,(#8986,#8987,#8988,#8989,#8990,#8991,
#8992,#8993,#8994,#8995,#8996,#8997,#8998,#8999,#9000,#9001,#9002,#9003,
#9004,#9005,#9006,#9007),.UNSPECIFIED.,.F.,.F.,(4,3,3,3,3,3,3,4),(0.,0.163654473499686,
0.322077133721102,0.488347513859924,0.654617893998746,0.815594885084288,
0.976800439511575,1.00868279749046),.UNSPECIFIED.);
#966=B_SPLINE_CURVE_WITH_KNOTS('',3,(#9028,#9029,#9030,#9031),
 .UNSPECIFIED.,.F.,.F.,(4,4),(0.369109826564524,1.),.UNSPECIFIED.);
#967=B_SPLINE_CURVE_WITH_KNOTS('',3,(#9072,#9073,#9074,#9075,#9076),
 .UNSPECIFIED.,.F.,.F.,(4,1,4),(0.357150915995284,0.450409057069712,1.),
 .UNSPECIFIED.);
#968=B_SPLINE_CURVE_WITH_KNOTS('',3,(#9204,#9205,#9206,#9207,#9208),
 .UNSPECIFIED.,.F.,.F.,(4,1,4),(2.07160515855664,2.89352345407604,3.98941451476857),
 .UNSPECIFIED.);
#969=B_SPLINE_CURVE_WITH_KNOTS('',3,(#9264,#9265,#9266,#9267,#9268,#9269),
 .UNSPECIFIED.,.F.,.F.,(4,1,1,4),(-2.78081595077057,-1.98629710769326,-1.19177826461596,
0.),.UNSPECIFIED.);
#970=B_SPLINE_CURVE_WITH_KNOTS('',3,(#9270,#9271,#9272,#9273,#9274,#9275),
 .UNSPECIFIED.,.F.,.F.,(4,1,1,4),(0.,1.19177826461596,1.98629710769326,
2.78081595077057),.UNSPECIFIED.);
#971=B_SPLINE_CURVE_WITH_KNOTS('',3,(#9300,#9301,#9302,#9303),
 .UNSPECIFIED.,.F.,.F.,(4,4),(-0.943836650543191,-1.68061429984831E-16),
 .UNSPECIFIED.);
#972=B_SPLINE_CURVE_WITH_KNOTS('',3,(#9304,#9305,#9306,#9307,#9308,#9309,
#9310,#9311,#9312,#9313,#9314,#9315,#9316,#9317,#9318,#9319,#9320,#9321,
#9322),.UNSPECIFIED.,.F.,.F.,(4,3,3,3,3,3,4),(0.,0.148341635882514,0.298505527995552,
0.452690260821701,0.60461369484543,0.759929077072788,0.915244459300146),
 .UNSPECIFIED.);
#973=B_SPLINE_CURVE_WITH_KNOTS('',3,(#9634,#9635,#9636,#9637,#9638,#9639,
#9640,#9641,#9642,#9643,#9644,#9645,#9646,#9647,#9648,#9649,#9650,#9651),
 .UNSPECIFIED.,.F.,.F.,(4,2,2,2,2,2,2,2,4),(-0.595003492129371,-0.520030373565006,
-0.44505725500064,-0.370521408622644,-0.295985562244647,-0.221847807088681,
-0.147710051932715,-0.0738550259663575,0.),.UNSPECIFIED.);
#974=B_SPLINE_CURVE_WITH_KNOTS('',3,(#9680,#9681,#9682,#9683,#9684,#9685,
#9686,#9687,#9688,#9689,#9690,#9691,#9692,#9693,#9694,#9695,#9696,#9697),
 .UNSPECIFIED.,.F.,.F.,(4,2,2,2,2,2,2,2,4),(0.,0.0738550259663576,0.147710051932715,
0.221847807088681,0.295985562244647,0.370521408622644,0.44505725500064,
0.520030373565005,0.59500349212937),.UNSPECIFIED.);
#975=B_SPLINE_CURVE_WITH_KNOTS('',3,(#9989,#9990,#9991,#9992),
 .UNSPECIFIED.,.F.,.F.,(4,4),(-2.62785632092962,-0.127495480897883),
 .UNSPECIFIED.);
#976=B_SPLINE_CURVE_WITH_KNOTS('',3,(#9994,#9995,#9996,#9997,#9998,#9999),
 .UNSPECIFIED.,.F.,.F.,(4,2,4),(2.79561113699326,3.59201509003831,6.04814569319511),
 .UNSPECIFIED.);
#977=B_SPLINE_CURVE_WITH_KNOTS('',3,(#10001,#10002,#10003,#10004,#10005,
#10006),.UNSPECIFIED.,.F.,.F.,(4,2,4),(-7.68955993014757,-7.51031202185605,
-7.05236253851724),.UNSPECIFIED.);
#978=B_SPLINE_CURVE_WITH_KNOTS('',3,(#10007,#10008,#10009,#10010),
 .UNSPECIFIED.,.F.,.F.,(4,4),(7.7286817425838,9.11491382791987),
 .UNSPECIFIED.);
#979=B_SPLINE_CURVE_WITH_KNOTS('',3,(#10034,#10035,#10036,#10037),
 .UNSPECIFIED.,.F.,.F.,(4,4),(-3.8885505494678,0.),.UNSPECIFIED.);
#980=B_SPLINE_CURVE_WITH_KNOTS('',3,(#10040,#10041,#10042,#10043,#10044,
#10045,#10046,#10047,#10048,#10049),.UNSPECIFIED.,.F.,.F.,(4,2,2,2,4),(-2.70407019058851,
-2.68066291934028,-2.1930158808253,-1.20218998457563,0.),.UNSPECIFIED.);
#981=B_SPLINE_CURVE_WITH_KNOTS('',3,(#10079,#10080,#10081,#10082),
 .UNSPECIFIED.,.F.,.F.,(4,4),(-2.46324351936575,0.),.UNSPECIFIED.);
#982=B_SPLINE_CURVE_WITH_KNOTS('',3,(#10086,#10087,#10088,#10089),
 .UNSPECIFIED.,.F.,.F.,(4,4),(-4.25102881204681,0.),.UNSPECIFIED.);
#983=B_SPLINE_CURVE_WITH_KNOTS('',3,(#10093,#10094,#10095,#10096,#10097,
#10098,#10099),.UNSPECIFIED.,.F.,.F.,(4,3,4),(-1.60931294566465,-0.691775188904401,
0.),.UNSPECIFIED.);
#984=B_SPLINE_CURVE_WITH_KNOTS('',3,(#10101,#10102,#10103,#10104,#10105,
#10106,#10107,#10108),.UNSPECIFIED.,.F.,.F.,(4,2,2,4),(-15.4790191245867,
-12.080589427979,-8.10100773469493,-1.00873554394175),.UNSPECIFIED.);
#985=B_SPLINE_CURVE_WITH_KNOTS('',3,(#10109,#10110,#10111,#10112),
 .UNSPECIFIED.,.F.,.F.,(4,4),(-8.30992525555894,-7.05826467303208),
 .UNSPECIFIED.);
#986=B_SPLINE_CURVE_WITH_KNOTS('',3,(#10119,#10120,#10121,#10122,#10123,
#10124),.UNSPECIFIED.,.F.,.F.,(4,2,4),(0.98916358826015,2.21077862378857,
4.49809360997098),.UNSPECIFIED.);
#987=B_SPLINE_CURVE_WITH_KNOTS('',3,(#10210,#10211,#10212,#10213),
 .UNSPECIFIED.,.F.,.F.,(4,4),(-1.71853083989793,-0.124255213782276),
 .UNSPECIFIED.);
#988=B_SPLINE_CURVE_WITH_KNOTS('',3,(#10215,#10216,#10217,#10218,#10219,
#10220),.UNSPECIFIED.,.F.,.F.,(4,2,4),(1.23839975669848,4.13790768920787,
5.02856593631055),.UNSPECIFIED.);
#989=B_SPLINE_CURVE_WITH_KNOTS('',3,(#10222,#10223,#10224,#10225,#10226,
#10227),.UNSPECIFIED.,.F.,.F.,(4,2,4),(-9.14432572292474,-8.90246572743813,
-8.48292284670753),.UNSPECIFIED.);
#990=B_SPLINE_CURVE_WITH_KNOTS('',3,(#10229,#10230,#10231,#10232),
 .UNSPECIFIED.,.F.,.F.,(4,4),(0.0410313202880547,3.57940534276393),
 .UNSPECIFIED.);
#991=B_SPLINE_CURVE_WITH_KNOTS('',3,(#10234,#10235,#10236,#10237),
 .UNSPECIFIED.,.F.,.F.,(4,4),(-3.99963443132251,-3.18840443752307),
 .UNSPECIFIED.);
#992=B_SPLINE_CURVE_WITH_KNOTS('',3,(#10239,#10240,#10241,#10242,#10243,
#10244),.UNSPECIFIED.,.F.,.F.,(4,2,4),(-7.92016569100696,-4.20087007654435,
-3.85372800884447),.UNSPECIFIED.);
#993=B_SPLINE_CURVE_WITH_KNOTS('',3,(#10246,#10247,#10248,#10249),
 .UNSPECIFIED.,.F.,.F.,(4,4),(-1.16723913943532,-0.0298697688915194),
 .UNSPECIFIED.);
#994=B_SPLINE_CURVE_WITH_KNOTS('',3,(#10250,#10251,#10252,#10253),
 .UNSPECIFIED.,.F.,.F.,(4,4),(-6.58684625142049,-6.57672072780936),
 .UNSPECIFIED.);
#995=B_SPLINE_CURVE_WITH_KNOTS('',3,(#10254,#10255,#10256,#10257,#10258,
#10259),.UNSPECIFIED.,.F.,.F.,(4,2,4),(-1.26849788588573,-1.11396727693979,
-0.590045402344969),.UNSPECIFIED.);
#996=B_SPLINE_CURVE_WITH_KNOTS('',3,(#10261,#10262,#10263,#10264),
 .UNSPECIFIED.,.F.,.F.,(4,4),(-2.34250696356706,-1.3425067405319),
 .UNSPECIFIED.);
#997=B_SPLINE_CURVE_WITH_KNOTS('',3,(#10265,#10266,#10267,#10268,#10269,
#10270,#10271,#10272,#10273,#10274,#10275,#10276,#10277,#10278,#10279,#10280),
 .UNSPECIFIED.,.F.,.F.,(4,2,2,2,2,2,2,4),(-11.9925247419063,-11.9477238182773,
-9.78771607534923,-7.37009441715084,-6.30552724301301,-5.15108102465527,
-2.3073278991753,-1.32888743138989),.UNSPECIFIED.);
#998=B_SPLINE_CURVE_WITH_KNOTS('',3,(#10298,#10299,#10300,#10301),
 .UNSPECIFIED.,.F.,.F.,(4,4),(-3.74855807905359,-0.043585360524714),
 .UNSPECIFIED.);
#999=B_SPLINE_CURVE_WITH_KNOTS('',3,(#10303,#10304,#10305,#10306),
 .UNSPECIFIED.,.F.,.F.,(4,4),(1.03522259358058,2.41914227169441),
 .UNSPECIFIED.);
#1000=B_SPLINE_CURVE_WITH_KNOTS('',3,(#10307,#10308,#10309,#10310,#10311,
#10312),.UNSPECIFIED.,.F.,.F.,(4,2,4),(-1.20882223391697,-1.04792814859238,
-0.557667863917158),.UNSPECIFIED.);
#1001=B_SPLINE_CURVE_WITH_KNOTS('',3,(#10408,#10409,#10410,#10411,#10412,
#10413,#10414,#10415,#10416,#10417),.UNSPECIFIED.,.F.,.F.,(4,3,3,4),(-9.24452329850011,
-8.31633175911498,-7.58535032564098,-6.68797515319913),.UNSPECIFIED.);
#1002=B_SPLINE_CURVE_WITH_KNOTS('',3,(#10463,#10464,#10465,#10466),
 .UNSPECIFIED.,.F.,.F.,(4,4),(-5.99359818803251,0.),.UNSPECIFIED.);
#1003=LINE('',#7136,#1549);
#1004=LINE('',#7138,#1550);
#1005=LINE('',#7199,#1551);
#1006=LINE('',#7201,#1552);
#1007=LINE('',#7203,#1553);
#1008=LINE('',#7205,#1554);
#1009=LINE('',#7207,#1555);
#1010=LINE('',#7226,#1556);
#1011=LINE('',#7309,#1557);
#1012=LINE('',#7328,#1558);
#1013=LINE('',#7330,#1559);
#1014=LINE('',#7331,#1560);
#1015=LINE('',#7357,#1561);
#1016=LINE('',#7359,#1562);
#1017=LINE('',#7361,#1563);
#1018=LINE('',#7374,#1564);
#1019=LINE('',#7375,#1565);
#1020=LINE('',#7385,#1566);
#1021=LINE('',#7387,#1567);
#1022=LINE('',#7400,#1568);
#1023=LINE('',#7402,#1569);
#1024=LINE('',#7403,#1570);
#1025=LINE('',#7408,#1571);
#1026=LINE('',#7414,#1572);
#1027=LINE('',#7416,#1573);
#1028=LINE('',#7417,#1574);
#1029=LINE('',#7470,#1575);
#1030=LINE('',#7486,#1576);
#1031=LINE('',#7487,#1577);
#1032=LINE('',#7517,#1578);
#1033=LINE('',#7521,#1579);
#1034=LINE('',#7563,#1580);
#1035=LINE('',#7565,#1581);
#1036=LINE('',#7584,#1582);
#1037=LINE('',#7629,#1583);
#1038=LINE('',#7635,#1584);
#1039=LINE('',#7637,#1585);
#1040=LINE('',#7638,#1586);
#1041=LINE('',#7642,#1587);
#1042=LINE('',#7645,#1588);
#1043=LINE('',#7647,#1589);
#1044=LINE('',#7648,#1590);
#1045=LINE('',#7665,#1591);
#1046=LINE('',#7701,#1592);
#1047=LINE('',#7828,#1593);
#1048=LINE('',#7831,#1594);
#1049=LINE('',#7848,#1595);
#1050=LINE('',#7851,#1596);
#1051=LINE('',#7852,#1597);
#1052=LINE('',#7857,#1598);
#1053=LINE('',#7862,#1599);
#1054=LINE('',#7864,#1600);
#1055=LINE('',#7866,#1601);
#1056=LINE('',#7868,#1602);
#1057=LINE('',#7870,#1603);
#1058=LINE('',#7872,#1604);
#1059=LINE('',#7873,#1605);
#1060=LINE('',#7876,#1606);
#1061=LINE('',#7878,#1607);
#1062=LINE('',#7880,#1608);
#1063=LINE('',#7881,#1609);
#1064=LINE('',#7906,#1610);
#1065=LINE('',#7933,#1611);
#1066=LINE('',#7943,#1612);
#1067=LINE('',#7945,#1613);
#1068=LINE('',#7946,#1614);
#1069=LINE('',#7952,#1615);
#1070=LINE('',#8044,#1616);
#1071=LINE('',#8057,#1617);
#1072=LINE('',#8069,#1618);
#1073=LINE('',#8099,#1619);
#1074=LINE('',#8100,#1620);
#1075=LINE('',#8102,#1621);
#1076=LINE('',#8104,#1622);
#1077=LINE('',#8108,#1623);
#1078=LINE('',#8112,#1624);
#1079=LINE('',#8113,#1625);
#1080=LINE('',#8115,#1626);
#1081=LINE('',#8117,#1627);
#1082=LINE('',#8119,#1628);
#1083=LINE('',#8121,#1629);
#1084=LINE('',#8123,#1630);
#1085=LINE('',#8125,#1631);
#1086=LINE('',#8127,#1632);
#1087=LINE('',#8129,#1633);
#1088=LINE('',#8130,#1634);
#1089=LINE('',#8162,#1635);
#1090=LINE('',#8163,#1636);
#1091=LINE('',#8170,#1637);
#1092=LINE('',#8173,#1638);
#1093=LINE('',#8422,#1639);
#1094=LINE('',#8456,#1640);
#1095=LINE('',#8473,#1641);
#1096=LINE('',#8474,#1642);
#1097=LINE('',#8478,#1643);
#1098=LINE('',#8479,#1644);
#1099=LINE('',#8494,#1645);
#1100=LINE('',#8506,#1646);
#1101=LINE('',#8509,#1647);
#1102=LINE('',#8544,#1648);
#1103=LINE('',#8562,#1649);
#1104=LINE('',#8563,#1650);
#1105=LINE('',#8566,#1651);
#1106=LINE('',#8570,#1652);
#1107=LINE('',#8571,#1653);
#1108=LINE('',#8574,#1654);
#1109=LINE('',#8577,#1655);
#1110=LINE('',#8896,#1656);
#1111=LINE('',#9080,#1657);
#1112=LINE('',#9082,#1658);
#1113=LINE('',#9085,#1659);
#1114=LINE('',#9090,#1660);
#1115=LINE('',#9092,#1661);
#1116=LINE('',#9095,#1662);
#1117=LINE('',#9100,#1663);
#1118=LINE('',#9104,#1664);
#1119=LINE('',#9106,#1665);
#1120=LINE('',#9107,#1666);
#1121=LINE('',#9127,#1667);
#1122=LINE('',#9131,#1668);
#1123=LINE('',#9135,#1669);
#1124=LINE('',#9136,#1670);
#1125=LINE('',#9138,#1671);
#1126=LINE('',#9143,#1672);
#1127=LINE('',#9145,#1673);
#1128=LINE('',#9147,#1674);
#1129=LINE('',#9148,#1675);
#1130=LINE('',#9152,#1676);
#1131=LINE('',#9154,#1677);
#1132=LINE('',#9156,#1678);
#1133=LINE('',#9157,#1679);
#1134=LINE('',#9161,#1680);
#1135=LINE('',#9162,#1681);
#1136=LINE('',#9163,#1682);
#1137=LINE('',#9165,#1683);
#1138=LINE('',#9167,#1684);
#1139=LINE('',#9168,#1685);
#1140=LINE('',#9171,#1686);
#1141=LINE('',#9172,#1687);
#1142=LINE('',#9214,#1688);
#1143=LINE('',#9215,#1689);
#1144=LINE('',#9221,#1690);
#1145=LINE('',#9224,#1691);
#1146=LINE('',#9325,#1692);
#1147=LINE('',#9327,#1693);
#1148=LINE('',#9331,#1694);
#1149=LINE('',#9332,#1695);
#1150=LINE('',#9334,#1696);
#1151=LINE('',#9335,#1697);
#1152=LINE('',#9337,#1698);
#1153=LINE('',#9341,#1699);
#1154=LINE('',#9343,#1700);
#1155=LINE('',#9344,#1701);
#1156=LINE('',#9347,#1702);
#1157=LINE('',#9348,#1703);
#1158=LINE('',#9349,#1704);
#1159=LINE('',#9352,#1705);
#1160=LINE('',#9353,#1706);
#1161=LINE('',#9361,#1707);
#1162=LINE('',#9363,#1708);
#1163=LINE('',#9364,#1709);
#1164=LINE('',#9367,#1710);
#1165=LINE('',#9369,#1711);
#1166=LINE('',#9370,#1712);
#1167=LINE('',#9372,#1713);
#1168=LINE('',#9374,#1714);
#1169=LINE('',#9375,#1715);
#1170=LINE('',#9377,#1716);
#1171=LINE('',#9378,#1717);
#1172=LINE('',#9380,#1718);
#1173=LINE('',#9382,#1719);
#1174=LINE('',#9384,#1720);
#1175=LINE('',#9386,#1721);
#1176=LINE('',#9387,#1722);
#1177=LINE('',#9395,#1723);
#1178=LINE('',#9405,#1724);
#1179=LINE('',#9413,#1725);
#1180=LINE('',#9422,#1726);
#1181=LINE('',#9423,#1727);
#1182=LINE('',#9426,#1728);
#1183=LINE('',#9427,#1729);
#1184=LINE('',#9429,#1730);
#1185=LINE('',#9431,#1731);
#1186=LINE('',#9440,#1732);
#1187=LINE('',#9441,#1733);
#1188=LINE('',#9443,#1734);
#1189=LINE('',#9461,#1735);
#1190=LINE('',#9462,#1736);
#1191=LINE('',#9463,#1737);
#1192=LINE('',#9466,#1738);
#1193=LINE('',#9468,#1739);
#1194=LINE('',#9469,#1740);
#1195=LINE('',#9472,#1741);
#1196=LINE('',#9473,#1742);
#1197=LINE('',#9475,#1743);
#1198=LINE('',#9476,#1744);
#1199=LINE('',#9479,#1745);
#1200=LINE('',#9480,#1746);
#1201=LINE('',#9483,#1747);
#1202=LINE('',#9484,#1748);
#1203=LINE('',#9501,#1749);
#1204=LINE('',#9571,#1750);
#1205=LINE('',#9572,#1751);
#1206=LINE('',#9578,#1752);
#1207=LINE('',#9580,#1753);
#1208=LINE('',#9582,#1754);
#1209=LINE('',#9583,#1755);
#1210=LINE('',#9586,#1756);
#1211=LINE('',#9588,#1757);
#1212=LINE('',#9589,#1758);
#1213=LINE('',#9592,#1759);
#1214=LINE('',#9593,#1760);
#1215=LINE('',#9596,#1761);
#1216=LINE('',#9597,#1762);
#1217=LINE('',#9599,#1763);
#1218=LINE('',#9604,#1764);
#1219=LINE('',#9606,#1765);
#1220=LINE('',#9608,#1766);
#1221=LINE('',#9609,#1767);
#1222=LINE('',#9613,#1768);
#1223=LINE('',#9614,#1769);
#1224=LINE('',#9615,#1770);
#1225=LINE('',#9618,#1771);
#1226=LINE('',#9619,#1772);
#1227=LINE('',#9622,#1773);
#1228=LINE('',#9623,#1774);
#1229=LINE('',#9625,#1775);
#1230=LINE('',#9630,#1776);
#1231=LINE('',#9632,#1777);
#1232=LINE('',#9653,#1778);
#1233=LINE('',#9655,#1779);
#1234=LINE('',#9657,#1780);
#1235=LINE('',#9659,#1781);
#1236=LINE('',#9661,#1782);
#1237=LINE('',#9662,#1783);
#1238=LINE('',#9666,#1784);
#1239=LINE('',#9668,#1785);
#1240=LINE('',#9670,#1786);
#1241=LINE('',#9672,#1787);
#1242=LINE('',#9674,#1788);
#1243=LINE('',#9676,#1789);
#1244=LINE('',#9678,#1790);
#1245=LINE('',#9698,#1791);
#1246=LINE('',#9703,#1792);
#1247=LINE('',#9705,#1793);
#1248=LINE('',#9707,#1794);
#1249=LINE('',#9712,#1795);
#1250=LINE('',#9715,#1796);
#1251=LINE('',#9717,#1797);
#1252=LINE('',#9718,#1798);
#1253=LINE('',#9723,#1799);
#1254=LINE('',#9729,#1800);
#1255=LINE('',#9731,#1801);
#1256=LINE('',#9732,#1802);
#1257=LINE('',#9737,#1803);
#1258=LINE('',#9739,#1804);
#1259=LINE('',#9741,#1805);
#1260=LINE('',#9743,#1806);
#1261=LINE('',#9745,#1807);
#1262=LINE('',#9748,#1808);
#1263=LINE('',#9752,#1809);
#1264=LINE('',#9754,#1810);
#1265=LINE('',#9756,#1811);
#1266=LINE('',#9758,#1812);
#1267=LINE('',#9760,#1813);
#1268=LINE('',#9762,#1814);
#1269=LINE('',#9763,#1815);
#1270=LINE('',#9771,#1816);
#1271=LINE('',#9782,#1817);
#1272=LINE('',#9783,#1818);
#1273=LINE('',#9786,#1819);
#1274=LINE('',#9787,#1820);
#1275=LINE('',#9789,#1821);
#1276=LINE('',#9791,#1822);
#1277=LINE('',#9792,#1823);
#1278=LINE('',#9796,#1824);
#1279=LINE('',#9800,#1825);
#1280=LINE('',#9803,#1826);
#1281=LINE('',#9805,#1827);
#1282=LINE('',#9806,#1828);
#1283=LINE('',#9807,#1829);
#1284=LINE('',#9810,#1830);
#1285=LINE('',#9812,#1831);
#1286=LINE('',#9814,#1832);
#1287=LINE('',#9816,#1833);
#1288=LINE('',#9817,#1834);
#1289=LINE('',#9819,#1835);
#1290=LINE('',#9821,#1836);
#1291=LINE('',#9823,#1837);
#1292=LINE('',#9825,#1838);
#1293=LINE('',#9827,#1839);
#1294=LINE('',#9829,#1840);
#1295=LINE('',#9831,#1841);
#1296=LINE('',#9833,#1842);
#1297=LINE('',#9835,#1843);
#1298=LINE('',#9836,#1844);
#1299=LINE('',#9838,#1845);
#1300=LINE('',#9839,#1846);
#1301=LINE('',#9841,#1847);
#1302=LINE('',#9846,#1848);
#1303=LINE('',#9847,#1849);
#1304=LINE('',#9850,#1850);
#1305=LINE('',#9852,#1851);
#1306=LINE('',#9853,#1852);
#1307=LINE('',#9857,#1853);
#1308=LINE('',#9861,#1854);
#1309=LINE('',#9863,#1855);
#1310=LINE('',#9864,#1856);
#1311=LINE('',#9866,#1857);
#1312=LINE('',#9868,#1858);
#1313=LINE('',#9869,#1859);
#1314=LINE('',#9871,#1860);
#1315=LINE('',#9873,#1861);
#1316=LINE('',#9874,#1862);
#1317=LINE('',#9876,#1863);
#1318=LINE('',#9879,#1864);
#1319=LINE('',#9880,#1865);
#1320=LINE('',#9883,#1866);
#1321=LINE('',#9885,#1867);
#1322=LINE('',#9886,#1868);
#1323=LINE('',#9890,#1869);
#1324=LINE('',#9892,#1870);
#1325=LINE('',#9893,#1871);
#1326=LINE('',#9895,#1872);
#1327=LINE('',#9899,#1873);
#1328=LINE('',#9900,#1874);
#1329=LINE('',#9903,#1875);
#1330=LINE('',#9905,#1876);
#1331=LINE('',#9908,#1877);
#1332=LINE('',#9912,#1878);
#1333=LINE('',#9913,#1879);
#1334=LINE('',#9916,#1880);
#1335=LINE('',#9918,#1881);
#1336=LINE('',#9919,#1882);
#1337=LINE('',#9920,#1883);
#1338=LINE('',#9922,#1884);
#1339=LINE('',#9924,#1885);
#1340=LINE('',#9931,#1886);
#1341=LINE('',#9935,#1887);
#1342=LINE('',#9939,#1888);
#1343=LINE('',#9941,#1889);
#1344=LINE('',#9945,#1890);
#1345=LINE('',#9947,#1891);
#1346=LINE('',#9949,#1892);
#1347=LINE('',#9951,#1893);
#1348=LINE('',#9953,#1894);
#1349=LINE('',#9957,#1895);
#1350=LINE('',#9959,#1896);
#1351=LINE('',#9963,#1897);
#1352=LINE('',#9965,#1898);
#1353=LINE('',#9967,#1899);
#1354=LINE('',#9969,#1900);
#1355=LINE('',#9970,#1901);
#1356=LINE('',#10013,#1902);
#1357=LINE('',#10015,#1903);
#1358=LINE('',#10016,#1904);
#1359=LINE('',#10039,#1905);
#1360=LINE('',#10091,#1906);
#1361=LINE('',#10115,#1907);
#1362=LINE('',#10126,#1908);
#1363=LINE('',#10128,#1909);
#1364=LINE('',#10132,#1910);
#1365=LINE('',#10134,#1911);
#1366=LINE('',#10136,#1912);
#1367=LINE('',#10139,#1913);
#1368=LINE('',#10143,#1914);
#1369=LINE('',#10145,#1915);
#1370=LINE('',#10147,#1916);
#1371=LINE('',#10148,#1917);
#1372=LINE('',#10151,#1918);
#1373=LINE('',#10153,#1919);
#1374=LINE('',#10154,#1920);
#1375=LINE('',#10158,#1921);
#1376=LINE('',#10160,#1922);
#1377=LINE('',#10162,#1923);
#1378=LINE('',#10163,#1924);
#1379=LINE('',#10166,#1925);
#1380=LINE('',#10168,#1926);
#1381=LINE('',#10169,#1927);
#1382=LINE('',#10171,#1928);
#1383=LINE('',#10172,#1929);
#1384=LINE('',#10174,#1930);
#1385=LINE('',#10175,#1931);
#1386=LINE('',#10315,#1932);
#1387=LINE('',#10316,#1933);
#1388=LINE('',#10318,#1934);
#1389=LINE('',#10322,#1935);
#1390=LINE('',#10325,#1936);
#1391=LINE('',#10327,#1937);
#1392=LINE('',#10328,#1938);
#1393=LINE('',#10330,#1939);
#1394=LINE('',#10337,#1940);
#1395=LINE('',#10339,#1941);
#1396=LINE('',#10340,#1942);
#1397=LINE('',#10341,#1943);
#1398=LINE('',#10342,#1944);
#1399=LINE('',#10345,#1945);
#1400=LINE('',#10347,#1946);
#1401=LINE('',#10349,#1947);
#1402=LINE('',#10350,#1948);
#1403=LINE('',#10353,#1949);
#1404=LINE('',#10354,#1950);
#1405=LINE('',#10357,#1951);
#1406=LINE('',#10359,#1952);
#1407=LINE('',#10360,#1953);
#1408=LINE('',#10364,#1954);
#1409=LINE('',#10366,#1955);
#1410=LINE('',#10368,#1956);
#1411=LINE('',#10369,#1957);
#1412=LINE('',#10373,#1958);
#1413=LINE('',#10374,#1959);
#1414=LINE('',#10375,#1960);
#1415=LINE('',#10378,#1961);
#1416=LINE('',#10380,#1962);
#1417=LINE('',#10381,#1963);
#1418=LINE('',#10383,#1964);
#1419=LINE('',#10384,#1965);
#1420=LINE('',#10386,#1966);
#1421=LINE('',#10387,#1967);
#1422=LINE('',#10388,#1968);
#1423=LINE('',#10390,#1969);
#1424=LINE('',#10392,#1970);
#1425=LINE('',#10393,#1971);
#1426=LINE('',#10395,#1972);
#1427=LINE('',#10398,#1973);
#1428=LINE('',#10399,#1974);
#1429=LINE('',#10402,#1975);
#1430=LINE('',#10403,#1976);
#1431=LINE('',#10405,#1977);
#1432=LINE('',#10418,#1978);
#1433=LINE('',#10421,#1979);
#1434=LINE('',#10422,#1980);
#1435=LINE('',#10425,#1981);
#1436=LINE('',#10428,#1982);
#1437=LINE('',#10429,#1983);
#1438=LINE('',#10432,#1984);
#1439=LINE('',#10434,#1985);
#1440=LINE('',#10435,#1986);
#1441=LINE('',#10436,#1987);
#1442=LINE('',#10438,#1988);
#1443=LINE('',#10441,#1989);
#1444=LINE('',#10442,#1990);
#1445=LINE('',#10444,#1991);
#1446=LINE('',#10445,#1992);
#1447=LINE('',#10472,#1993);
#1448=LINE('',#10474,#1994);
#1449=LINE('',#10476,#1995);
#1450=LINE('',#10478,#1996);
#1451=LINE('',#10480,#1997);
#1452=LINE('',#10482,#1998);
#1453=LINE('',#10484,#1999);
#1454=LINE('',#10485,#2000);
#1455=LINE('',#10489,#2001);
#1456=LINE('',#10491,#2002);
#1457=LINE('',#10493,#2003);
#1458=LINE('',#10495,#2004);
#1459=LINE('',#10497,#2005);
#1460=LINE('',#10499,#2006);
#1461=LINE('',#10501,#2007);
#1462=LINE('',#10502,#2008);
#1463=LINE('',#10507,#2009);
#1464=LINE('',#10509,#2010);
#1465=LINE('',#10511,#2011);
#1466=LINE('',#10516,#2012);
#1467=LINE('',#10519,#2013);
#1468=LINE('',#10521,#2014);
#1469=LINE('',#10522,#2015);
#1470=LINE('',#10527,#2016);
#1471=LINE('',#10529,#2017);
#1472=LINE('',#10531,#2018);
#1473=LINE('',#10536,#2019);
#1474=LINE('',#10541,#2020);
#1475=LINE('',#10543,#2021);
#1476=LINE('',#10545,#2022);
#1477=LINE('',#10547,#2023);
#1478=LINE('',#10549,#2024);
#1479=LINE('',#10552,#2025);
#1480=LINE('',#10556,#2026);
#1481=LINE('',#10558,#2027);
#1482=LINE('',#10560,#2028);
#1483=LINE('',#10562,#2029);
#1484=LINE('',#10564,#2030);
#1485=LINE('',#10566,#2031);
#1486=LINE('',#10567,#2032);
#1487=LINE('',#10572,#2033);
#1488=LINE('',#10574,#2034);
#1489=LINE('',#10575,#2035);
#1490=LINE('',#10579,#2036);
#1491=LINE('',#10584,#2037);
#1492=LINE('',#10586,#2038);
#1493=LINE('',#10588,#2039);
#1494=LINE('',#10591,#2040);
#1495=LINE('',#10592,#2041);
#1496=LINE('',#10593,#2042);
#1497=LINE('',#10595,#2043);
#1498=LINE('',#10599,#2044);
#1499=LINE('',#10600,#2045);
#1500=LINE('',#10602,#2046);
#1501=LINE('',#10603,#2047);
#1502=LINE('',#10608,#2048);
#1503=LINE('',#10610,#2049);
#1504=LINE('',#10611,#2050);
#1505=LINE('',#10614,#2051);
#1506=LINE('',#10616,#2052);
#1507=LINE('',#10617,#2053);
#1508=LINE('',#10622,#2054);
#1509=LINE('',#10624,#2055);
#1510=LINE('',#10626,#2056);
#1511=LINE('',#10628,#2057);
#1512=LINE('',#10630,#2058);
#1513=LINE('',#10631,#2059);
#1514=LINE('',#10634,#2060);
#1515=LINE('',#10636,#2061);
#1516=LINE('',#10638,#2062);
#1517=LINE('',#10640,#2063);
#1518=LINE('',#10642,#2064);
#1519=LINE('',#10643,#2065);
#1520=LINE('',#10648,#2066);
#1521=LINE('',#10650,#2067);
#1522=LINE('',#10652,#2068);
#1523=LINE('',#10654,#2069);
#1524=LINE('',#10655,#2070);
#1525=LINE('',#10657,#2071);
#1526=LINE('',#10659,#2072);
#1527=LINE('',#10662,#2073);
#1528=LINE('',#10663,#2074);
#1529=LINE('',#10665,#2075);
#1530=LINE('',#10666,#2076);
#1531=LINE('',#10668,#2077);
#1532=LINE('',#10671,#2078);
#1533=LINE('',#10672,#2079);
#1534=LINE('',#10674,#2080);
#1535=LINE('',#10675,#2081);
#1536=LINE('',#10678,#2082);
#1537=LINE('',#10679,#2083);
#1538=LINE('',#10682,#2084);
#1539=LINE('',#10683,#2085);
#1540=LINE('',#10685,#2086);
#1541=LINE('',#10687,#2087);
#1542=LINE('',#10690,#2088);
#1543=LINE('',#10693,#2089);
#1544=LINE('',#10694,#2090);
#1545=LINE('',#10697,#2091);
#1546=LINE('',#10698,#2092);
#1547=LINE('',#10699,#2093);
#1548=LINE('',#10702,#2094);
#1549=VECTOR('',#5878,10.);
#1550=VECTOR('',#5879,10.);
#1551=VECTOR('',#5880,10.);
#1552=VECTOR('',#5881,10.);
#1553=VECTOR('',#5882,10.);
#1554=VECTOR('',#5883,10.);
#1555=VECTOR('',#5884,10.);
#1556=VECTOR('',#5885,10.);
#1557=VECTOR('',#5890,10.);
#1558=VECTOR('',#5891,10.);
#1559=VECTOR('',#5892,10.);
#1560=VECTOR('',#5893,10.);
#1561=VECTOR('',#5894,10.);
#1562=VECTOR('',#5895,10.);
#1563=VECTOR('',#5896,10.);
#1564=VECTOR('',#5897,10.);
#1565=VECTOR('',#5898,10.);
#1566=VECTOR('',#5899,10.);
#1567=VECTOR('',#5900,10.);
#1568=VECTOR('',#5901,10.);
#1569=VECTOR('',#5902,10.);
#1570=VECTOR('',#5903,10.);
#1571=VECTOR('',#5908,10.);
#1572=VECTOR('',#5915,10.);
#1573=VECTOR('',#5916,10.);
#1574=VECTOR('',#5917,10.);
#1575=VECTOR('',#5920,10.);
#1576=VECTOR('',#5931,10.);
#1577=VECTOR('',#5932,10.);
#1578=VECTOR('',#5933,82.9352424563595);
#1579=VECTOR('',#5936,87.2245873935165);
#1580=VECTOR('',#5937,10.);
#1581=VECTOR('',#5940,10.);
#1582=VECTOR('',#5941,10.);
#1583=VECTOR('',#5948,10.);
#1584=VECTOR('',#5955,10.);
#1585=VECTOR('',#5956,10.);
#1586=VECTOR('',#5957,10.);
#1587=VECTOR('',#5962,10.);
#1588=VECTOR('',#5965,10.);
#1589=VECTOR('',#5966,10.);
#1590=VECTOR('',#5967,10.);
#1591=VECTOR('',#5968,71.8827033448611);
#1592=VECTOR('',#5969,68.2161396084183);
#1593=VECTOR('',#5976,67.9920794933215);
#1594=VECTOR('',#5979,65.8898012137615);
#1595=VECTOR('',#5980,10.);
#1596=VECTOR('',#5983,10.);
#1597=VECTOR('',#5984,10.);
#1598=VECTOR('',#5989,10.);
#1599=VECTOR('',#5994,10.);
#1600=VECTOR('',#5995,10.);
#1601=VECTOR('',#5996,10.);
#1602=VECTOR('',#5997,10.);
#1603=VECTOR('',#5998,10.);
#1604=VECTOR('',#5999,10.);
#1605=VECTOR('',#6000,10.);
#1606=VECTOR('',#6001,10.);
#1607=VECTOR('',#6002,10.);
#1608=VECTOR('',#6003,10.);
#1609=VECTOR('',#6004,10.);
#1610=VECTOR('',#6009,10.);
#1611=VECTOR('',#6012,10.);
#1612=VECTOR('',#6017,10.);
#1613=VECTOR('',#6018,10.);
#1614=VECTOR('',#6019,10.);
#1615=VECTOR('',#6022,10.);
#1616=VECTOR('',#6037,10.);
#1617=VECTOR('',#6040,10.);
#1618=VECTOR('',#6043,10.);
#1619=VECTOR('',#6050,10.);
#1620=VECTOR('',#6051,10.);
#1621=VECTOR('',#6052,10.);
#1622=VECTOR('',#6053,10.);
#1623=VECTOR('',#6056,10.);
#1624=VECTOR('',#6059,10.);
#1625=VECTOR('',#6060,10.);
#1626=VECTOR('',#6061,10.);
#1627=VECTOR('',#6062,10.);
#1628=VECTOR('',#6063,10.);
#1629=VECTOR('',#6064,10.);
#1630=VECTOR('',#6065,10.);
#1631=VECTOR('',#6066,10.);
#1632=VECTOR('',#6067,10.);
#1633=VECTOR('',#6068,10.);
#1634=VECTOR('',#6069,10.);
#1635=VECTOR('',#6076,10.);
#1636=VECTOR('',#6077,10.);
#1637=VECTOR('',#6080,10.);
#1638=VECTOR('',#6083,10.);
#1639=VECTOR('',#6092,10.);
#1640=VECTOR('',#6113,10.);
#1641=VECTOR('',#6118,10.);
#1642=VECTOR('',#6119,10.);
#1643=VECTOR('',#6122,10.);
#1644=VECTOR('',#6123,10.);
#1645=VECTOR('',#6124,10.);
#1646=VECTOR('',#6125,10.);
#1647=VECTOR('',#6128,10.);
#1648=VECTOR('',#6141,10.);
#1649=VECTOR('',#6148,10.);
#1650=VECTOR('',#6149,10.);
#1651=VECTOR('',#6152,10.);
#1652=VECTOR('',#6157,10.);
#1653=VECTOR('',#6158,10.);
#1654=VECTOR('',#6161,10.);
#1655=VECTOR('',#6166,10.);
#1656=VECTOR('',#6175,10.);
#1657=VECTOR('',#6180,10.);
#1658=VECTOR('',#6183,10.);
#1659=VECTOR('',#6186,10.);
#1660=VECTOR('',#6193,10.);
#1661=VECTOR('',#6196,10.);
#1662=VECTOR('',#6201,10.);
#1663=VECTOR('',#6208,10.);
#1664=VECTOR('',#6213,10.);
#1665=VECTOR('',#6214,10.);
#1666=VECTOR('',#6215,10.);
#1667=VECTOR('',#6222,10.);
#1668=VECTOR('',#6227,10.);
#1669=VECTOR('',#6232,10.);
#1670=VECTOR('',#6233,10.);
#1671=VECTOR('',#6236,10.);
#1672=VECTOR('',#6241,10.);
#1673=VECTOR('',#6242,10.);
#1674=VECTOR('',#6243,10.);
#1675=VECTOR('',#6244,10.);
#1676=VECTOR('',#6247,10.);
#1677=VECTOR('',#6248,10.);
#1678=VECTOR('',#6249,10.);
#1679=VECTOR('',#6250,10.);
#1680=VECTOR('',#6253,10.);
#1681=VECTOR('',#6254,10.);
#1682=VECTOR('',#6255,10.);
#1683=VECTOR('',#6256,10.);
#1684=VECTOR('',#6257,10.);
#1685=VECTOR('',#6258,10.);
#1686=VECTOR('',#6261,10.);
#1687=VECTOR('',#6262,10.);
#1688=VECTOR('',#6269,10.);
#1689=VECTOR('',#6270,10.);
#1690=VECTOR('',#6275,10.);
#1691=VECTOR('',#6278,10.);
#1692=VECTOR('',#6283,10.);
#1693=VECTOR('',#6284,10.);
#1694=VECTOR('',#6289,10.);
#1695=VECTOR('',#6290,10.);
#1696=VECTOR('',#6293,10.);
#1697=VECTOR('',#6294,10.);
#1698=VECTOR('',#6297,10.);
#1699=VECTOR('',#6302,10.);
#1700=VECTOR('',#6303,10.);
#1701=VECTOR('',#6304,10.);
#1702=VECTOR('',#6307,10.);
#1703=VECTOR('',#6308,10.);
#1704=VECTOR('',#6309,10.);
#1705=VECTOR('',#6312,10.);
#1706=VECTOR('',#6313,10.);
#1707=VECTOR('',#6326,10.);
#1708=VECTOR('',#6327,10.);
#1709=VECTOR('',#6328,10.);
#1710=VECTOR('',#6331,10.);
#1711=VECTOR('',#6332,10.);
#1712=VECTOR('',#6333,10.);
#1713=VECTOR('',#6334,10.);
#1714=VECTOR('',#6335,10.);
#1715=VECTOR('',#6336,10.);
#1716=VECTOR('',#6337,10.);
#1717=VECTOR('',#6338,10.);
#1718=VECTOR('',#6339,10.);
#1719=VECTOR('',#6340,10.);
#1720=VECTOR('',#6341,10.);
#1721=VECTOR('',#6342,10.);
#1722=VECTOR('',#6343,10.);
#1723=VECTOR('',#6344,10.);
#1724=VECTOR('',#6349,10.);
#1725=VECTOR('',#6350,10.);
#1726=VECTOR('',#6353,10.);
#1727=VECTOR('',#6354,10.);
#1728=VECTOR('',#6357,10.);
#1729=VECTOR('',#6358,10.);
#1730=VECTOR('',#6361,10.);
#1731=VECTOR('',#6364,10.);
#1732=VECTOR('',#6367,10.);
#1733=VECTOR('',#6368,10.);
#1734=VECTOR('',#6371,10.);
#1735=VECTOR('',#6374,10.);
#1736=VECTOR('',#6375,10.);
#1737=VECTOR('',#6376,84.7794513704024);
#1738=VECTOR('',#6379,10.);
#1739=VECTOR('',#6380,10.);
#1740=VECTOR('',#6381,10.);
#1741=VECTOR('',#6384,10.);
#1742=VECTOR('',#6385,10.);
#1743=VECTOR('',#6386,10.);
#1744=VECTOR('',#6387,10.);
#1745=VECTOR('',#6390,10.);
#1746=VECTOR('',#6391,10.);
#1747=VECTOR('',#6394,10.);
#1748=VECTOR('',#6395,10.);
#1749=VECTOR('',#6396,78.6294123334506);
#1750=VECTOR('',#6399,10.);
#1751=VECTOR('',#6400,10.);
#1752=VECTOR('',#6407,10.);
#1753=VECTOR('',#6408,10.);
#1754=VECTOR('',#6409,10.);
#1755=VECTOR('',#6410,10.);
#1756=VECTOR('',#6413,10.);
#1757=VECTOR('',#6414,10.);
#1758=VECTOR('',#6415,10.);
#1759=VECTOR('',#6418,10.);
#1760=VECTOR('',#6419,10.);
#1761=VECTOR('',#6422,10.);
#1762=VECTOR('',#6423,10.);
#1763=VECTOR('',#6426,10.);
#1764=VECTOR('',#6431,10.);
#1765=VECTOR('',#6432,10.);
#1766=VECTOR('',#6433,10.);
#1767=VECTOR('',#6434,10.);
#1768=VECTOR('',#6437,10.);
#1769=VECTOR('',#6438,10.);
#1770=VECTOR('',#6439,10.);
#1771=VECTOR('',#6442,10.);
#1772=VECTOR('',#6443,10.);
#1773=VECTOR('',#6446,10.);
#1774=VECTOR('',#6447,10.);
#1775=VECTOR('',#6450,10.);
#1776=VECTOR('',#6455,10.);
#1777=VECTOR('',#6456,10.);
#1778=VECTOR('',#6457,10.);
#1779=VECTOR('',#6458,10.);
#1780=VECTOR('',#6459,10.);
#1781=VECTOR('',#6460,10.);
#1782=VECTOR('',#6461,10.);
#1783=VECTOR('',#6462,10.);
#1784=VECTOR('',#6465,10.);
#1785=VECTOR('',#6466,10.);
#1786=VECTOR('',#6467,10.);
#1787=VECTOR('',#6468,10.);
#1788=VECTOR('',#6469,10.);
#1789=VECTOR('',#6470,10.);
#1790=VECTOR('',#6471,10.);
#1791=VECTOR('',#6472,10.);
#1792=VECTOR('',#6477,10.);
#1793=VECTOR('',#6478,10.);
#1794=VECTOR('',#6479,10.);
#1795=VECTOR('',#6486,10.);
#1796=VECTOR('',#6489,10.);
#1797=VECTOR('',#6490,10.);
#1798=VECTOR('',#6491,10.);
#1799=VECTOR('',#6496,10.);
#1800=VECTOR('',#6503,10.);
#1801=VECTOR('',#6504,10.);
#1802=VECTOR('',#6505,10.);
#1803=VECTOR('',#6510,10.);
#1804=VECTOR('',#6511,10.);
#1805=VECTOR('',#6512,10.);
#1806=VECTOR('',#6513,10.);
#1807=VECTOR('',#6514,10.);
#1808=VECTOR('',#6517,10.);
#1809=VECTOR('',#6520,10.);
#1810=VECTOR('',#6521,10.);
#1811=VECTOR('',#6522,10.);
#1812=VECTOR('',#6523,10.);
#1813=VECTOR('',#6524,10.);
#1814=VECTOR('',#6525,10.);
#1815=VECTOR('',#6526,10.);
#1816=VECTOR('',#6537,10.);
#1817=VECTOR('',#6550,10.);
#1818=VECTOR('',#6551,10.);
#1819=VECTOR('',#6554,10.);
#1820=VECTOR('',#6555,10.);
#1821=VECTOR('',#6556,10.);
#1822=VECTOR('',#6557,10.);
#1823=VECTOR('',#6558,10.);
#1824=VECTOR('',#6563,10.);
#1825=VECTOR('',#6568,10.);
#1826=VECTOR('',#6571,10.);
#1827=VECTOR('',#6572,10.);
#1828=VECTOR('',#6573,10.);
#1829=VECTOR('',#6574,10.);
#1830=VECTOR('',#6577,10.);
#1831=VECTOR('',#6578,10.);
#1832=VECTOR('',#6579,10.);
#1833=VECTOR('',#6580,10.);
#1834=VECTOR('',#6581,10.);
#1835=VECTOR('',#6582,10.);
#1836=VECTOR('',#6583,10.);
#1837=VECTOR('',#6584,10.);
#1838=VECTOR('',#6585,10.);
#1839=VECTOR('',#6586,10.);
#1840=VECTOR('',#6587,10.);
#1841=VECTOR('',#6588,10.);
#1842=VECTOR('',#6589,10.);
#1843=VECTOR('',#6590,10.);
#1844=VECTOR('',#6591,10.);
#1845=VECTOR('',#6594,10.);
#1846=VECTOR('',#6595,10.);
#1847=VECTOR('',#6598,10.);
#1848=VECTOR('',#6605,10.);
#1849=VECTOR('',#6606,10.);
#1850=VECTOR('',#6609,10.);
#1851=VECTOR('',#6610,10.);
#1852=VECTOR('',#6611,10.);
#1853=VECTOR('',#6618,10.);
#1854=VECTOR('',#6623,10.);
#1855=VECTOR('',#6624,10.);
#1856=VECTOR('',#6625,10.);
#1857=VECTOR('',#6626,10.);
#1858=VECTOR('',#6627,10.);
#1859=VECTOR('',#6628,10.);
#1860=VECTOR('',#6631,10.);
#1861=VECTOR('',#6632,10.);
#1862=VECTOR('',#6633,10.);
#1863=VECTOR('',#6636,10.);
#1864=VECTOR('',#6639,10.);
#1865=VECTOR('',#6640,10.);
#1866=VECTOR('',#6643,10.);
#1867=VECTOR('',#6644,10.);
#1868=VECTOR('',#6645,10.);
#1869=VECTOR('',#6650,10.);
#1870=VECTOR('',#6651,10.);
#1871=VECTOR('',#6652,10.);
#1872=VECTOR('',#6653,10.);
#1873=VECTOR('',#6658,10.);
#1874=VECTOR('',#6659,10.);
#1875=VECTOR('',#6664,10.);
#1876=VECTOR('',#6667,10.);
#1877=VECTOR('',#6672,10.);
#1878=VECTOR('',#6677,10.);
#1879=VECTOR('',#6678,10.);
#1880=VECTOR('',#6681,10.);
#1881=VECTOR('',#6682,10.);
#1882=VECTOR('',#6683,10.);
#1883=VECTOR('',#6684,10.);
#1884=VECTOR('',#6687,10.);
#1885=VECTOR('',#6690,10.);
#1886=VECTOR('',#6699,10.);
#1887=VECTOR('',#6702,10.);
#1888=VECTOR('',#6707,10.);
#1889=VECTOR('',#6708,10.);
#1890=VECTOR('',#6711,10.);
#1891=VECTOR('',#6712,10.);
#1892=VECTOR('',#6713,10.);
#1893=VECTOR('',#6714,10.);
#1894=VECTOR('',#6715,10.);
#1895=VECTOR('',#6718,10.);
#1896=VECTOR('',#6719,10.);
#1897=VECTOR('',#6722,10.);
#1898=VECTOR('',#6723,10.);
#1899=VECTOR('',#6724,10.);
#1900=VECTOR('',#6725,10.);
#1901=VECTOR('',#6726,10.);
#1902=VECTOR('',#6729,10.);
#1903=VECTOR('',#6730,10.);
#1904=VECTOR('',#6731,10.);
#1905=VECTOR('',#6732,80.6033385338884);
#1906=VECTOR('',#6735,80.5314065099256);
#1907=VECTOR('',#6738,10.);
#1908=VECTOR('',#6741,10.);
#1909=VECTOR('',#6742,10.);
#1910=VECTOR('',#6745,10.);
#1911=VECTOR('',#6746,10.);
#1912=VECTOR('',#6747,10.);
#1913=VECTOR('',#6752,10.);
#1914=VECTOR('',#6755,10.);
#1915=VECTOR('',#6756,10.);
#1916=VECTOR('',#6757,10.);
#1917=VECTOR('',#6758,10.);
#1918=VECTOR('',#6761,10.);
#1919=VECTOR('',#6762,10.);
#1920=VECTOR('',#6763,10.);
#1921=VECTOR('',#6766,10.);
#1922=VECTOR('',#6767,10.);
#1923=VECTOR('',#6768,10.);
#1924=VECTOR('',#6769,10.);
#1925=VECTOR('',#6772,10.);
#1926=VECTOR('',#6773,10.);
#1927=VECTOR('',#6774,10.);
#1928=VECTOR('',#6777,10.);
#1929=VECTOR('',#6778,10.);
#1930=VECTOR('',#6781,10.);
#1931=VECTOR('',#6782,10.);
#1932=VECTOR('',#6785,10.);
#1933=VECTOR('',#6786,10.);
#1934=VECTOR('',#6787,10.);
#1935=VECTOR('',#6790,10.);
#1936=VECTOR('',#6795,10.);
#1937=VECTOR('',#6798,10.);
#1938=VECTOR('',#6799,10.);
#1939=VECTOR('',#6802,10.);
#1940=VECTOR('',#6813,10.);
#1941=VECTOR('',#6814,10.);
#1942=VECTOR('',#6815,10.);
#1943=VECTOR('',#6816,10.);
#1944=VECTOR('',#6817,10.);
#1945=VECTOR('',#6820,10.);
#1946=VECTOR('',#6821,10.);
#1947=VECTOR('',#6822,10.);
#1948=VECTOR('',#6823,10.);
#1949=VECTOR('',#6826,10.);
#1950=VECTOR('',#6827,10.);
#1951=VECTOR('',#6830,10.);
#1952=VECTOR('',#6831,10.);
#1953=VECTOR('',#6832,10.);
#1954=VECTOR('',#6835,10.);
#1955=VECTOR('',#6836,10.);
#1956=VECTOR('',#6837,10.);
#1957=VECTOR('',#6838,10.);
#1958=VECTOR('',#6841,10.);
#1959=VECTOR('',#6842,10.);
#1960=VECTOR('',#6843,10.);
#1961=VECTOR('',#6846,10.);
#1962=VECTOR('',#6847,10.);
#1963=VECTOR('',#6848,10.);
#1964=VECTOR('',#6849,10.);
#1965=VECTOR('',#6850,10.);
#1966=VECTOR('',#6851,10.);
#1967=VECTOR('',#6852,10.);
#1968=VECTOR('',#6853,10.);
#1969=VECTOR('',#6854,10.);
#1970=VECTOR('',#6855,10.);
#1971=VECTOR('',#6856,10.);
#1972=VECTOR('',#6859,10.);
#1973=VECTOR('',#6862,10.);
#1974=VECTOR('',#6863,10.);
#1975=VECTOR('',#6866,10.);
#1976=VECTOR('',#6867,10.);
#1977=VECTOR('',#6870,10.);
#1978=VECTOR('',#6873,10.);
#1979=VECTOR('',#6876,10.);
#1980=VECTOR('',#6877,10.);
#1981=VECTOR('',#6882,10.);
#1982=VECTOR('',#6885,10.);
#1983=VECTOR('',#6886,10.);
#1984=VECTOR('',#6889,10.);
#1985=VECTOR('',#6890,10.);
#1986=VECTOR('',#6891,10.);
#1987=VECTOR('',#6892,10.);
#1988=VECTOR('',#6895,10.);
#1989=VECTOR('',#6898,10.);
#1990=VECTOR('',#6899,10.);
#1991=VECTOR('',#6902,10.);
#1992=VECTOR('',#6903,10.);
#1993=VECTOR('',#6912,10.);
#1994=VECTOR('',#6913,10.);
#1995=VECTOR('',#6914,10.);
#1996=VECTOR('',#6915,10.);
#1997=VECTOR('',#6916,10.);
#1998=VECTOR('',#6917,10.);
#1999=VECTOR('',#6918,10.);
#2000=VECTOR('',#6919,10.);
#2001=VECTOR('',#6922,10.);
#2002=VECTOR('',#6923,10.);
#2003=VECTOR('',#6924,10.);
#2004=VECTOR('',#6925,10.);
#2005=VECTOR('',#6926,10.);
#2006=VECTOR('',#6927,10.);
#2007=VECTOR('',#6928,10.);
#2008=VECTOR('',#6929,10.);
#2009=VECTOR('',#6934,10.);
#2010=VECTOR('',#6935,10.);
#2011=VECTOR('',#6936,10.);
#2012=VECTOR('',#6943,10.);
#2013=VECTOR('',#6946,10.);
#2014=VECTOR('',#6947,10.);
#2015=VECTOR('',#6948,10.);
#2016=VECTOR('',#6953,10.);
#2017=VECTOR('',#6954,10.);
#2018=VECTOR('',#6955,10.);
#2019=VECTOR('',#6962,10.);
#2020=VECTOR('',#6967,10.);
#2021=VECTOR('',#6968,10.);
#2022=VECTOR('',#6969,10.);
#2023=VECTOR('',#6970,10.);
#2024=VECTOR('',#6971,10.);
#2025=VECTOR('',#6974,10.);
#2026=VECTOR('',#6977,10.);
#2027=VECTOR('',#6978,10.);
#2028=VECTOR('',#6979,10.);
#2029=VECTOR('',#6980,10.);
#2030=VECTOR('',#6981,10.);
#2031=VECTOR('',#6982,10.);
#2032=VECTOR('',#6983,10.);
#2033=VECTOR('',#6988,10.);
#2034=VECTOR('',#6989,10.);
#2035=VECTOR('',#6990,10.);
#2036=VECTOR('',#6995,10.);
#2037=VECTOR('',#7000,10.);
#2038=VECTOR('',#7001,10.);
#2039=VECTOR('',#7002,10.);
#2040=VECTOR('',#7007,10.);
#2041=VECTOR('',#7008,10.);
#2042=VECTOR('',#7009,10.);
#2043=VECTOR('',#7012,10.);
#2044=VECTOR('',#7019,10.);
#2045=VECTOR('',#7020,10.);
#2046=VECTOR('',#7023,10.);
#2047=VECTOR('',#7024,10.);
#2048=VECTOR('',#7031,10.);
#2049=VECTOR('',#7032,10.);
#2050=VECTOR('',#7033,10.);
#2051=VECTOR('',#7036,10.);
#2052=VECTOR('',#7037,10.);
#2053=VECTOR('',#7038,10.);
#2054=VECTOR('',#7045,10.);
#2055=VECTOR('',#7046,10.);
#2056=VECTOR('',#7047,10.);
#2057=VECTOR('',#7048,10.);
#2058=VECTOR('',#7049,10.);
#2059=VECTOR('',#7050,10.);
#2060=VECTOR('',#7053,10.);
#2061=VECTOR('',#7054,10.);
#2062=VECTOR('',#7055,10.);
#2063=VECTOR('',#7056,10.);
#2064=VECTOR('',#7057,10.);
#2065=VECTOR('',#7058,10.);
#2066=VECTOR('',#7063,10.);
#2067=VECTOR('',#7064,10.);
#2068=VECTOR('',#7065,10.);
#2069=VECTOR('',#7066,10.);
#2070=VECTOR('',#7067,10.);
#2071=VECTOR('',#7068,10.);
#2072=VECTOR('',#7071,10.);
#2073=VECTOR('',#7074,10.);
#2074=VECTOR('',#7075,10.);
#2075=VECTOR('',#7076,10.);
#2076=VECTOR('',#7077,10.);
#2077=VECTOR('',#7080,10.);
#2078=VECTOR('',#7083,10.);
#2079=VECTOR('',#7084,10.);
#2080=VECTOR('',#7085,10.);
#2081=VECTOR('',#7086,10.);
#2082=VECTOR('',#7089,10.);
#2083=VECTOR('',#7090,10.);
#2084=VECTOR('',#7093,10.);
#2085=VECTOR('',#7094,10.);
#2086=VECTOR('',#7097,10.);
#2087=VECTOR('',#7100,10.);
#2088=VECTOR('',#7105,10.);
#2089=VECTOR('',#7108,10.);
#2090=VECTOR('',#7109,10.);
#2091=VECTOR('',#7112,10.);
#2092=VECTOR('',#7113,10.);
#2093=VECTOR('',#7114,10.);
#2094=VECTOR('',#7119,10.);
#2095=VERTEX_POINT('',#7134);
#2096=VERTEX_POINT('',#7135);
#2097=VERTEX_POINT('',#7137);
#2098=VERTEX_POINT('',#7139);
#2099=VERTEX_POINT('',#7146);
#2100=VERTEX_POINT('',#7153);
#2101=VERTEX_POINT('',#7162);
#2102=VERTEX_POINT('',#7177);
#2103=VERTEX_POINT('',#7184);
#2104=VERTEX_POINT('',#7191);
#2105=VERTEX_POINT('',#7198);
#2106=VERTEX_POINT('',#7200);
#2107=VERTEX_POINT('',#7202);
#2108=VERTEX_POINT('',#7204);
#2109=VERTEX_POINT('',#7206);
#2110=VERTEX_POINT('',#7208);
#2111=VERTEX_POINT('',#7221);
#2112=VERTEX_POINT('',#7225);
#2113=VERTEX_POINT('',#7227);
#2114=VERTEX_POINT('',#7232);
#2115=VERTEX_POINT('',#7237);
#2116=VERTEX_POINT('',#7239);
#2117=VERTEX_POINT('',#7246);
#2118=VERTEX_POINT('',#7253);
#2119=VERTEX_POINT('',#7260);
#2120=VERTEX_POINT('',#7275);
#2121=VERTEX_POINT('',#7282);
#2122=VERTEX_POINT('',#7289);
#2123=VERTEX_POINT('',#7296);
#2124=VERTEX_POINT('',#7298);
#2125=VERTEX_POINT('',#7303);
#2126=VERTEX_POINT('',#7308);
#2127=VERTEX_POINT('',#7310);
#2128=VERTEX_POINT('',#7314);
#2129=VERTEX_POINT('',#7327);
#2130=VERTEX_POINT('',#7329);
#2131=VERTEX_POINT('',#7332);
#2132=VERTEX_POINT('',#7333);
#2133=VERTEX_POINT('',#7356);
#2134=VERTEX_POINT('',#7358);
#2135=VERTEX_POINT('',#7360);
#2136=VERTEX_POINT('',#7362);
#2137=VERTEX_POINT('',#7373);
#2138=VERTEX_POINT('',#7376);
#2139=VERTEX_POINT('',#7377);
#2140=VERTEX_POINT('',#7384);
#2141=VERTEX_POINT('',#7386);
#2142=VERTEX_POINT('',#7388);
#2143=VERTEX_POINT('',#7399);
#2144=VERTEX_POINT('',#7401);
#2145=VERTEX_POINT('',#7405);
#2146=VERTEX_POINT('',#7407);
#2147=VERTEX_POINT('',#7411);
#2148=VERTEX_POINT('',#7413);
#2149=VERTEX_POINT('',#7415);
#2150=VERTEX_POINT('',#7419);
#2151=VERTEX_POINT('',#7463);
#2152=VERTEX_POINT('',#7472);
#2153=VERTEX_POINT('',#7474);
#2154=VERTEX_POINT('',#7478);
#2155=VERTEX_POINT('',#7485);
#2156=VERTEX_POINT('',#7516);
#2157=VERTEX_POINT('',#7518);
#2158=VERTEX_POINT('',#7520);
#2159=VERTEX_POINT('',#7522);
#2160=VERTEX_POINT('',#7527);
#2161=VERTEX_POINT('',#7538);
#2162=VERTEX_POINT('',#7572);
#2163=VERTEX_POINT('',#7578);
#2164=VERTEX_POINT('',#7615);
#2165=VERTEX_POINT('',#7626);
#2166=VERTEX_POINT('',#7628);
#2167=VERTEX_POINT('',#7632);
#2168=VERTEX_POINT('',#7634);
#2169=VERTEX_POINT('',#7636);
#2170=VERTEX_POINT('',#7640);
#2171=VERTEX_POINT('',#7644);
#2172=VERTEX_POINT('',#7646);
#2173=VERTEX_POINT('',#7694);
#2174=VERTEX_POINT('',#7700);
#2175=VERTEX_POINT('',#7764);
#2176=VERTEX_POINT('',#7827);
#2177=VERTEX_POINT('',#7829);
#2178=VERTEX_POINT('',#7850);
#2179=VERTEX_POINT('',#7854);
#2180=VERTEX_POINT('',#7856);
#2181=VERTEX_POINT('',#7859);
#2182=VERTEX_POINT('',#7861);
#2183=VERTEX_POINT('',#7863);
#2184=VERTEX_POINT('',#7865);
#2185=VERTEX_POINT('',#7867);
#2186=VERTEX_POINT('',#7869);
#2187=VERTEX_POINT('',#7871);
#2188=VERTEX_POINT('',#7874);
#2189=VERTEX_POINT('',#7875);
#2190=VERTEX_POINT('',#7877);
#2191=VERTEX_POINT('',#7879);
#2192=VERTEX_POINT('',#7883);
#2193=VERTEX_POINT('',#7884);
#2194=VERTEX_POINT('',#7904);
#2195=VERTEX_POINT('',#7908);
#2196=VERTEX_POINT('',#7909);
#2197=VERTEX_POINT('',#7932);
#2198=VERTEX_POINT('',#7936);
#2199=VERTEX_POINT('',#7937);
#2200=VERTEX_POINT('',#7942);
#2201=VERTEX_POINT('',#7944);
#2202=VERTEX_POINT('',#7954);
#2203=VERTEX_POINT('',#7956);
#2204=VERTEX_POINT('',#7964);
#2205=VERTEX_POINT('',#8023);
#2206=VERTEX_POINT('',#8029);
#2207=VERTEX_POINT('',#8031);
#2208=VERTEX_POINT('',#8036);
#2209=VERTEX_POINT('',#8041);
#2210=VERTEX_POINT('',#8043);
#2211=VERTEX_POINT('',#8045);
#2212=VERTEX_POINT('',#8047);
#2213=VERTEX_POINT('',#8056);
#2214=VERTEX_POINT('',#8058);
#2215=VERTEX_POINT('',#8067);
#2216=VERTEX_POINT('',#8097);
#2217=VERTEX_POINT('',#8098);
#2218=VERTEX_POINT('',#8101);
#2219=VERTEX_POINT('',#8103);
#2220=VERTEX_POINT('',#8105);
#2221=VERTEX_POINT('',#8107);
#2222=VERTEX_POINT('',#8109);
#2223=VERTEX_POINT('',#8111);
#2224=VERTEX_POINT('',#8114);
#2225=VERTEX_POINT('',#8116);
#2226=VERTEX_POINT('',#8118);
#2227=VERTEX_POINT('',#8120);
#2228=VERTEX_POINT('',#8122);
#2229=VERTEX_POINT('',#8124);
#2230=VERTEX_POINT('',#8126);
#2231=VERTEX_POINT('',#8128);
#2232=VERTEX_POINT('',#8139);
#2233=VERTEX_POINT('',#8140);
#2234=VERTEX_POINT('',#8160);
#2235=VERTEX_POINT('',#8165);
#2236=VERTEX_POINT('',#8172);
#2237=VERTEX_POINT('',#8174);
#2238=VERTEX_POINT('',#8203);
#2239=VERTEX_POINT('',#8214);
#2240=VERTEX_POINT('',#8219);
#2241=VERTEX_POINT('',#8279);
#2242=VERTEX_POINT('',#8287);
#2243=VERTEX_POINT('',#8295);
#2244=VERTEX_POINT('',#8330);
#2245=VERTEX_POINT('',#8331);
#2246=VERTEX_POINT('',#8338);
#2247=VERTEX_POINT('',#8392);
#2248=VERTEX_POINT('',#8403);
#2249=VERTEX_POINT('',#8408);
#2250=VERTEX_POINT('',#8420);
#2251=VERTEX_POINT('',#8421);
#2252=VERTEX_POINT('',#8424);
#2253=VERTEX_POINT('',#8426);
#2254=VERTEX_POINT('',#8441);
#2255=VERTEX_POINT('',#8445);
#2256=VERTEX_POINT('',#8454);
#2257=VERTEX_POINT('',#8470);
#2258=VERTEX_POINT('',#8472);
#2259=VERTEX_POINT('',#8475);
#2260=VERTEX_POINT('',#8477);
#2261=VERTEX_POINT('',#8480);
#2262=VERTEX_POINT('',#8493);
#2263=VERTEX_POINT('',#8495);
#2264=VERTEX_POINT('',#8508);
#2265=VERTEX_POINT('',#8510);
#2266=VERTEX_POINT('',#8525);
#2267=VERTEX_POINT('',#8536);
#2268=VERTEX_POINT('',#8543);
#2269=VERTEX_POINT('',#8545);
#2270=VERTEX_POINT('',#8561);
#2271=VERTEX_POINT('',#8565);
#2272=VERTEX_POINT('',#8569);
#2273=VERTEX_POINT('',#8573);
#2274=VERTEX_POINT('',#8655);
#2275=VERTEX_POINT('',#8660);
#2276=VERTEX_POINT('',#8724);
#2277=VERTEX_POINT('',#8729);
#2278=VERTEX_POINT('',#8758);
#2279=VERTEX_POINT('',#8845);
#2280=VERTEX_POINT('',#8887);
#2281=VERTEX_POINT('',#9078);
#2282=VERTEX_POINT('',#9083);
#2283=VERTEX_POINT('',#9088);
#2284=VERTEX_POINT('',#9099);
#2285=VERTEX_POINT('',#9103);
#2286=VERTEX_POINT('',#9105);
#2287=VERTEX_POINT('',#9130);
#2288=VERTEX_POINT('',#9134);
#2289=VERTEX_POINT('',#9141);
#2290=VERTEX_POINT('',#9142);
#2291=VERTEX_POINT('',#9144);
#2292=VERTEX_POINT('',#9146);
#2293=VERTEX_POINT('',#9150);
#2294=VERTEX_POINT('',#9151);
#2295=VERTEX_POINT('',#9153);
#2296=VERTEX_POINT('',#9155);
#2297=VERTEX_POINT('',#9159);
#2298=VERTEX_POINT('',#9160);
#2299=VERTEX_POINT('',#9164);
#2300=VERTEX_POINT('',#9166);
#2301=VERTEX_POINT('',#9170);
#2302=VERTEX_POINT('',#9203);
#2303=VERTEX_POINT('',#9211);
#2304=VERTEX_POINT('',#9212);
#2305=VERTEX_POINT('',#9217);
#2306=VERTEX_POINT('',#9218);
#2307=VERTEX_POINT('',#9220);
#2308=VERTEX_POINT('',#9222);
#2309=VERTEX_POINT('',#9261);
#2310=VERTEX_POINT('',#9262);
#2311=VERTEX_POINT('',#9324);
#2312=VERTEX_POINT('',#9326);
#2313=VERTEX_POINT('',#9330);
#2314=VERTEX_POINT('',#9340);
#2315=VERTEX_POINT('',#9342);
#2316=VERTEX_POINT('',#9346);
#2317=VERTEX_POINT('',#9351);
#2318=VERTEX_POINT('',#9360);
#2319=VERTEX_POINT('',#9362);
#2320=VERTEX_POINT('',#9366);
#2321=VERTEX_POINT('',#9368);
#2322=VERTEX_POINT('',#9371);
#2323=VERTEX_POINT('',#9373);
#2324=VERTEX_POINT('',#9376);
#2325=VERTEX_POINT('',#9379);
#2326=VERTEX_POINT('',#9381);
#2327=VERTEX_POINT('',#9383);
#2328=VERTEX_POINT('',#9385);
#2329=VERTEX_POINT('',#9394);
#2330=VERTEX_POINT('',#9421);
#2331=VERTEX_POINT('',#9425);
#2332=VERTEX_POINT('',#9439);
#2333=VERTEX_POINT('',#9465);
#2334=VERTEX_POINT('',#9467);
#2335=VERTEX_POINT('',#9471);
#2336=VERTEX_POINT('',#9474);
#2337=VERTEX_POINT('',#9478);
#2338=VERTEX_POINT('',#9482);
#2339=VERTEX_POINT('',#9576);
#2340=VERTEX_POINT('',#9577);
#2341=VERTEX_POINT('',#9579);
#2342=VERTEX_POINT('',#9581);
#2343=VERTEX_POINT('',#9585);
#2344=VERTEX_POINT('',#9587);
#2345=VERTEX_POINT('',#9591);
#2346=VERTEX_POINT('',#9595);
#2347=VERTEX_POINT('',#9602);
#2348=VERTEX_POINT('',#9603);
#2349=VERTEX_POINT('',#9605);
#2350=VERTEX_POINT('',#9607);
#2351=VERTEX_POINT('',#9611);
#2352=VERTEX_POINT('',#9612);
#2353=VERTEX_POINT('',#9617);
#2354=VERTEX_POINT('',#9621);
#2355=VERTEX_POINT('',#9628);
#2356=VERTEX_POINT('',#9629);
#2357=VERTEX_POINT('',#9631);
#2358=VERTEX_POINT('',#9633);
#2359=VERTEX_POINT('',#9652);
#2360=VERTEX_POINT('',#9654);
#2361=VERTEX_POINT('',#9656);
#2362=VERTEX_POINT('',#9658);
#2363=VERTEX_POINT('',#9660);
#2364=VERTEX_POINT('',#9664);
#2365=VERTEX_POINT('',#9665);
#2366=VERTEX_POINT('',#9667);
#2367=VERTEX_POINT('',#9669);
#2368=VERTEX_POINT('',#9671);
#2369=VERTEX_POINT('',#9673);
#2370=VERTEX_POINT('',#9675);
#2371=VERTEX_POINT('',#9677);
#2372=VERTEX_POINT('',#9679);
#2373=VERTEX_POINT('',#9700);
#2374=VERTEX_POINT('',#9702);
#2375=VERTEX_POINT('',#9704);
#2376=VERTEX_POINT('',#9706);
#2377=VERTEX_POINT('',#9710);
#2378=VERTEX_POINT('',#9714);
#2379=VERTEX_POINT('',#9716);
#2380=VERTEX_POINT('',#9720);
#2381=VERTEX_POINT('',#9722);
#2382=VERTEX_POINT('',#9726);
#2383=VERTEX_POINT('',#9728);
#2384=VERTEX_POINT('',#9730);
#2385=VERTEX_POINT('',#9734);
#2386=VERTEX_POINT('',#9736);
#2387=VERTEX_POINT('',#9738);
#2388=VERTEX_POINT('',#9740);
#2389=VERTEX_POINT('',#9742);
#2390=VERTEX_POINT('',#9744);
#2391=VERTEX_POINT('',#9746);
#2392=VERTEX_POINT('',#9749);
#2393=VERTEX_POINT('',#9751);
#2394=VERTEX_POINT('',#9753);
#2395=VERTEX_POINT('',#9755);
#2396=VERTEX_POINT('',#9757);
#2397=VERTEX_POINT('',#9759);
#2398=VERTEX_POINT('',#9761);
#2399=VERTEX_POINT('',#9765);
#2400=VERTEX_POINT('',#9769);
#2401=VERTEX_POINT('',#9773);
#2402=VERTEX_POINT('',#9775);
#2403=VERTEX_POINT('',#9779);
#2404=VERTEX_POINT('',#9780);
#2405=VERTEX_POINT('',#9785);
#2406=VERTEX_POINT('',#9788);
#2407=VERTEX_POINT('',#9790);
#2408=VERTEX_POINT('',#9794);
#2409=VERTEX_POINT('',#9798);
#2410=VERTEX_POINT('',#9802);
#2411=VERTEX_POINT('',#9804);
#2412=VERTEX_POINT('',#9809);
#2413=VERTEX_POINT('',#9811);
#2414=VERTEX_POINT('',#9813);
#2415=VERTEX_POINT('',#9815);
#2416=VERTEX_POINT('',#9818);
#2417=VERTEX_POINT('',#9820);
#2418=VERTEX_POINT('',#9822);
#2419=VERTEX_POINT('',#9824);
#2420=VERTEX_POINT('',#9826);
#2421=VERTEX_POINT('',#9828);
#2422=VERTEX_POINT('',#9830);
#2423=VERTEX_POINT('',#9832);
#2424=VERTEX_POINT('',#9834);
#2425=VERTEX_POINT('',#9845);
#2426=VERTEX_POINT('',#9849);
#2427=VERTEX_POINT('',#9851);
#2428=VERTEX_POINT('',#9860);
#2429=VERTEX_POINT('',#9862);
#2430=VERTEX_POINT('',#9865);
#2431=VERTEX_POINT('',#9867);
#2432=VERTEX_POINT('',#9872);
#2433=VERTEX_POINT('',#9878);
#2434=VERTEX_POINT('',#9882);
#2435=VERTEX_POINT('',#9884);
#2436=VERTEX_POINT('',#9889);
#2437=VERTEX_POINT('',#9891);
#2438=VERTEX_POINT('',#9894);
#2439=VERTEX_POINT('',#9898);
#2440=VERTEX_POINT('',#9911);
#2441=VERTEX_POINT('',#9915);
#2442=VERTEX_POINT('',#9917);
#2443=VERTEX_POINT('',#9929);
#2444=VERTEX_POINT('',#9930);
#2445=VERTEX_POINT('',#9932);
#2446=VERTEX_POINT('',#9934);
#2447=VERTEX_POINT('',#9938);
#2448=VERTEX_POINT('',#9940);
#2449=VERTEX_POINT('',#9942);
#2450=VERTEX_POINT('',#9944);
#2451=VERTEX_POINT('',#9946);
#2452=VERTEX_POINT('',#9948);
#2453=VERTEX_POINT('',#9950);
#2454=VERTEX_POINT('',#9952);
#2455=VERTEX_POINT('',#9954);
#2456=VERTEX_POINT('',#9956);
#2457=VERTEX_POINT('',#9958);
#2458=VERTEX_POINT('',#9960);
#2459=VERTEX_POINT('',#9962);
#2460=VERTEX_POINT('',#9964);
#2461=VERTEX_POINT('',#9966);
#2462=VERTEX_POINT('',#9968);
#2463=VERTEX_POINT('',#9987);
#2464=VERTEX_POINT('',#9988);
#2465=VERTEX_POINT('',#9993);
#2466=VERTEX_POINT('',#10000);
#2467=VERTEX_POINT('',#10012);
#2468=VERTEX_POINT('',#10014);
#2469=VERTEX_POINT('',#10033);
#2470=VERTEX_POINT('',#10038);
#2471=VERTEX_POINT('',#10078);
#2472=VERTEX_POINT('',#10083);
#2473=VERTEX_POINT('',#10085);
#2474=VERTEX_POINT('',#10090);
#2475=VERTEX_POINT('',#10092);
#2476=VERTEX_POINT('',#10100);
#2477=VERTEX_POINT('',#10114);
#2478=VERTEX_POINT('',#10116);
#2479=VERTEX_POINT('',#10118);
#2480=VERTEX_POINT('',#10125);
#2481=VERTEX_POINT('',#10127);
#2482=VERTEX_POINT('',#10129);
#2483=VERTEX_POINT('',#10131);
#2484=VERTEX_POINT('',#10133);
#2485=VERTEX_POINT('',#10135);
#2486=VERTEX_POINT('',#10141);
#2487=VERTEX_POINT('',#10142);
#2488=VERTEX_POINT('',#10144);
#2489=VERTEX_POINT('',#10146);
#2490=VERTEX_POINT('',#10150);
#2491=VERTEX_POINT('',#10152);
#2492=VERTEX_POINT('',#10156);
#2493=VERTEX_POINT('',#10157);
#2494=VERTEX_POINT('',#10159);
#2495=VERTEX_POINT('',#10161);
#2496=VERTEX_POINT('',#10165);
#2497=VERTEX_POINT('',#10167);
#2498=VERTEX_POINT('',#10208);
#2499=VERTEX_POINT('',#10209);
#2500=VERTEX_POINT('',#10214);
#2501=VERTEX_POINT('',#10221);
#2502=VERTEX_POINT('',#10228);
#2503=VERTEX_POINT('',#10233);
#2504=VERTEX_POINT('',#10238);
#2505=VERTEX_POINT('',#10245);
#2506=VERTEX_POINT('',#10260);
#2507=VERTEX_POINT('',#10297);
#2508=VERTEX_POINT('',#10302);
#2509=VERTEX_POINT('',#10314);
#2510=VERTEX_POINT('',#10317);
#2511=VERTEX_POINT('',#10319);
#2512=VERTEX_POINT('',#10321);
#2513=VERTEX_POINT('',#10336);
#2514=VERTEX_POINT('',#10338);
#2515=VERTEX_POINT('',#10344);
#2516=VERTEX_POINT('',#10346);
#2517=VERTEX_POINT('',#10348);
#2518=VERTEX_POINT('',#10352);
#2519=VERTEX_POINT('',#10356);
#2520=VERTEX_POINT('',#10358);
#2521=VERTEX_POINT('',#10362);
#2522=VERTEX_POINT('',#10363);
#2523=VERTEX_POINT('',#10365);
#2524=VERTEX_POINT('',#10367);
#2525=VERTEX_POINT('',#10371);
#2526=VERTEX_POINT('',#10372);
#2527=VERTEX_POINT('',#10377);
#2528=VERTEX_POINT('',#10379);
#2529=VERTEX_POINT('',#10382);
#2530=VERTEX_POINT('',#10385);
#2531=VERTEX_POINT('',#10389);
#2532=VERTEX_POINT('',#10391);
#2533=VERTEX_POINT('',#10397);
#2534=VERTEX_POINT('',#10401);
#2535=VERTEX_POINT('',#10407);
#2536=VERTEX_POINT('',#10420);
#2537=VERTEX_POINT('',#10427);
#2538=VERTEX_POINT('',#10431);
#2539=VERTEX_POINT('',#10433);
#2540=VERTEX_POINT('',#10440);
#2541=VERTEX_POINT('',#10470);
#2542=VERTEX_POINT('',#10471);
#2543=VERTEX_POINT('',#10473);
#2544=VERTEX_POINT('',#10475);
#2545=VERTEX_POINT('',#10477);
#2546=VERTEX_POINT('',#10479);
#2547=VERTEX_POINT('',#10481);
#2548=VERTEX_POINT('',#10483);
#2549=VERTEX_POINT('',#10487);
#2550=VERTEX_POINT('',#10488);
#2551=VERTEX_POINT('',#10490);
#2552=VERTEX_POINT('',#10492);
#2553=VERTEX_POINT('',#10494);
#2554=VERTEX_POINT('',#10496);
#2555=VERTEX_POINT('',#10498);
#2556=VERTEX_POINT('',#10500);
#2557=VERTEX_POINT('',#10504);
#2558=VERTEX_POINT('',#10506);
#2559=VERTEX_POINT('',#10508);
#2560=VERTEX_POINT('',#10510);
#2561=VERTEX_POINT('',#10514);
#2562=VERTEX_POINT('',#10518);
#2563=VERTEX_POINT('',#10520);
#2564=VERTEX_POINT('',#10524);
#2565=VERTEX_POINT('',#10526);
#2566=VERTEX_POINT('',#10528);
#2567=VERTEX_POINT('',#10530);
#2568=VERTEX_POINT('',#10534);
#2569=VERTEX_POINT('',#10538);
#2570=VERTEX_POINT('',#10540);
#2571=VERTEX_POINT('',#10542);
#2572=VERTEX_POINT('',#10544);
#2573=VERTEX_POINT('',#10546);
#2574=VERTEX_POINT('',#10548);
#2575=VERTEX_POINT('',#10550);
#2576=VERTEX_POINT('',#10553);
#2577=VERTEX_POINT('',#10555);
#2578=VERTEX_POINT('',#10557);
#2579=VERTEX_POINT('',#10559);
#2580=VERTEX_POINT('',#10561);
#2581=VERTEX_POINT('',#10563);
#2582=VERTEX_POINT('',#10565);
#2583=VERTEX_POINT('',#10569);
#2584=VERTEX_POINT('',#10571);
#2585=VERTEX_POINT('',#10573);
#2586=VERTEX_POINT('',#10577);
#2587=VERTEX_POINT('',#10581);
#2588=VERTEX_POINT('',#10583);
#2589=VERTEX_POINT('',#10585);
#2590=VERTEX_POINT('',#10587);
#2591=VERTEX_POINT('',#10607);
#2592=VERTEX_POINT('',#10609);
#2593=VERTEX_POINT('',#10613);
#2594=VERTEX_POINT('',#10615);
#2595=VERTEX_POINT('',#10621);
#2596=VERTEX_POINT('',#10623);
#2597=VERTEX_POINT('',#10625);
#2598=VERTEX_POINT('',#10627);
#2599=VERTEX_POINT('',#10629);
#2600=VERTEX_POINT('',#10633);
#2601=VERTEX_POINT('',#10635);
#2602=VERTEX_POINT('',#10637);
#2603=VERTEX_POINT('',#10639);
#2604=VERTEX_POINT('',#10641);
#2605=VERTEX_POINT('',#10645);
#2606=VERTEX_POINT('',#10647);
#2607=VERTEX_POINT('',#10649);
#2608=VERTEX_POINT('',#10651);
#2609=VERTEX_POINT('',#10653);
#2610=VERTEX_POINT('',#10656);
#2611=VERTEX_POINT('',#10661);
#2612=VERTEX_POINT('',#10664);
#2613=VERTEX_POINT('',#10670);
#2614=VERTEX_POINT('',#10673);
#2615=VERTEX_POINT('',#10677);
#2616=VERTEX_POINT('',#10681);
#2617=VERTEX_POINT('',#10692);
#2618=VERTEX_POINT('',#10696);
#2619=EDGE_CURVE('',#2095,#2096,#1003,.T.);
#2620=EDGE_CURVE('',#2097,#2095,#1004,.T.);
#2621=EDGE_CURVE('',#2098,#2097,#860,.T.);
#2622=EDGE_CURVE('',#2099,#2098,#861,.T.);
#2623=EDGE_CURVE('',#2100,#2099,#862,.T.);
#2624=EDGE_CURVE('',#2101,#2100,#863,.T.);
#2625=EDGE_CURVE('',#2102,#2101,#864,.T.);
#2626=EDGE_CURVE('',#2103,#2102,#865,.T.);
#2627=EDGE_CURVE('',#2104,#2103,#866,.T.);
#2628=EDGE_CURVE('',#2105,#2104,#1005,.T.);
#2629=EDGE_CURVE('',#2106,#2105,#1006,.T.);
#2630=EDGE_CURVE('',#2107,#2106,#1007,.T.);
#2631=EDGE_CURVE('',#2108,#2107,#1008,.T.);
#2632=EDGE_CURVE('',#2109,#2108,#1009,.T.);
#2633=EDGE_CURVE('',#2110,#2109,#867,.T.);
#2634=EDGE_CURVE('',#2111,#2110,#856,.T.);
#2635=EDGE_CURVE('',#2112,#2111,#1010,.T.);
#2636=EDGE_CURVE('',#2113,#2112,#868,.T.);
#2637=EDGE_CURVE('',#2114,#2113,#869,.T.);
#2638=EDGE_CURVE('',#2115,#2114,#842,.T.);
#2639=EDGE_CURVE('',#2116,#2115,#870,.T.);
#2640=EDGE_CURVE('',#2117,#2116,#871,.T.);
#2641=EDGE_CURVE('',#2118,#2117,#872,.T.);
#2642=EDGE_CURVE('',#2119,#2118,#873,.T.);
#2643=EDGE_CURVE('',#2120,#2119,#874,.T.);
#2644=EDGE_CURVE('',#2121,#2120,#875,.T.);
#2645=EDGE_CURVE('',#2122,#2121,#876,.T.);
#2646=EDGE_CURVE('',#2123,#2122,#843,.T.);
#2647=EDGE_CURVE('',#2124,#2123,#877,.T.);
#2648=EDGE_CURVE('',#2125,#2124,#878,.T.);
#2649=EDGE_CURVE('',#2126,#2125,#1011,.T.);
#2650=EDGE_CURVE('',#2127,#2126,#857,.T.);
#2651=EDGE_CURVE('',#2128,#2127,#879,.T.);
#2652=EDGE_CURVE('',#2129,#2128,#1012,.T.);
#2653=EDGE_CURVE('',#2130,#2129,#1013,.T.);
#2654=EDGE_CURVE('',#2096,#2130,#1014,.T.);
#2655=EDGE_CURVE('',#2131,#2132,#880,.T.);
#2656=EDGE_CURVE('',#2133,#2131,#1015,.T.);
#2657=EDGE_CURVE('',#2134,#2133,#1016,.T.);
#2658=EDGE_CURVE('',#2135,#2134,#1017,.T.);
#2659=EDGE_CURVE('',#2136,#2135,#881,.T.);
#2660=EDGE_CURVE('',#2137,#2136,#1018,.T.);
#2661=EDGE_CURVE('',#2132,#2137,#1019,.T.);
#2662=EDGE_CURVE('',#2138,#2139,#882,.T.);
#2663=EDGE_CURVE('',#2140,#2138,#1020,.T.);
#2664=EDGE_CURVE('',#2141,#2140,#1021,.T.);
#2665=EDGE_CURVE('',#2142,#2141,#883,.T.);
#2666=EDGE_CURVE('',#2143,#2142,#1022,.T.);
#2667=EDGE_CURVE('',#2144,#2143,#1023,.T.);
#2668=EDGE_CURVE('',#2139,#2144,#1024,.T.);
#2669=EDGE_CURVE('',#2145,#2134,#105,.T.);
#2670=EDGE_CURVE('',#2146,#2145,#1025,.T.);
#2671=EDGE_CURVE('',#2146,#2135,#106,.T.);
#2672=EDGE_CURVE('',#2133,#2147,#107,.T.);
#2673=EDGE_CURVE('',#2147,#2148,#1026,.T.);
#2674=EDGE_CURVE('',#2148,#2149,#1027,.T.);
#2675=EDGE_CURVE('',#2149,#2145,#1028,.T.);
#2676=EDGE_CURVE('',#2131,#2150,#884,.T.);
#2677=EDGE_CURVE('',#2150,#2151,#885,.T.);
#2678=EDGE_CURVE('',#2147,#2151,#1029,.T.);
#2679=EDGE_CURVE('',#2141,#2152,#108,.T.);
#2680=EDGE_CURVE('',#2152,#2153,#109,.T.);
#2681=EDGE_CURVE('',#2142,#2153,#110,.T.);
#2682=EDGE_CURVE('',#2138,#2154,#886,.T.);
#2683=EDGE_CURVE('',#2154,#2155,#1030,.T.);
#2684=EDGE_CURVE('',#2140,#2155,#1031,.T.);
#2685=EDGE_CURVE('',#2156,#2113,#1032,.T.);
#2686=EDGE_CURVE('',#2156,#2157,#111,.T.);
#2687=EDGE_CURVE('',#2157,#2158,#1033,.T.);
#2688=EDGE_CURVE('',#2158,#2159,#887,.T.);
#2689=EDGE_CURVE('',#2159,#2160,#888,.T.);
#2690=EDGE_CURVE('',#2160,#2161,#889,.T.);
#2691=EDGE_CURVE('',#2161,#2114,#890,.T.);
#2692=EDGE_CURVE('',#2112,#2156,#1034,.T.);
#2693=EDGE_CURVE('',#2111,#2156,#1035,.T.);
#2694=EDGE_CURVE('',#2162,#2110,#891,.T.);
#2695=EDGE_CURVE('',#2163,#2162,#892,.T.);
#2696=EDGE_CURVE('',#2163,#2157,#1036,.T.);
#2697=EDGE_CURVE('',#2164,#2109,#893,.F.);
#2698=EDGE_CURVE('',#2162,#2164,#112,.T.);
#2699=EDGE_CURVE('',#2108,#2165,#113,.T.);
#2700=EDGE_CURVE('',#2165,#2166,#1037,.T.);
#2701=EDGE_CURVE('',#2164,#2166,#114,.T.);
#2702=EDGE_CURVE('',#2107,#2167,#115,.T.);
#2703=EDGE_CURVE('',#2167,#2168,#1038,.T.);
#2704=EDGE_CURVE('',#2168,#2169,#1039,.T.);
#2705=EDGE_CURVE('',#2165,#2169,#1040,.T.);
#2706=EDGE_CURVE('',#2170,#2106,#116,.T.);
#2707=EDGE_CURVE('',#2170,#2167,#1041,.T.);
#2708=EDGE_CURVE('',#2171,#2104,#1042,.T.);
#2709=EDGE_CURVE('',#2172,#2171,#1043,.T.);
#2710=EDGE_CURVE('',#2172,#2105,#1044,.T.);
#2711=EDGE_CURVE('',#2171,#2103,#1045,.T.);
#2712=EDGE_CURVE('',#2173,#2102,#894,.T.);
#2713=EDGE_CURVE('',#2174,#2173,#1046,.T.);
#2714=EDGE_CURVE('',#2171,#2174,#117,.T.);
#2715=EDGE_CURVE('',#2101,#2173,#118,.T.);
#2716=EDGE_CURVE('',#2100,#2175,#119,.T.);
#2717=EDGE_CURVE('',#2175,#2173,#895,.T.);
#2718=EDGE_CURVE('',#2099,#2175,#896,.T.);
#2719=EDGE_CURVE('',#2176,#2098,#1047,.T.);
#2720=EDGE_CURVE('',#2177,#2176,#120,.T.);
#2721=EDGE_CURVE('',#2177,#2175,#1048,.T.);
#2722=EDGE_CURVE('',#2097,#2176,#1049,.T.);
#2723=EDGE_CURVE('',#2095,#2178,#1050,.T.);
#2724=EDGE_CURVE('',#2176,#2178,#1051,.T.);
#2725=EDGE_CURVE('',#2172,#2179,#121,.T.);
#2726=EDGE_CURVE('',#2179,#2180,#1052,.T.);
#2727=EDGE_CURVE('',#2180,#2178,#122,.T.);
#2728=EDGE_CURVE('',#2096,#2181,#123,.T.);
#2729=EDGE_CURVE('',#2181,#2182,#1053,.T.);
#2730=EDGE_CURVE('',#2183,#2182,#1054,.T.);
#2731=EDGE_CURVE('',#2184,#2183,#1055,.T.);
#2732=EDGE_CURVE('',#2185,#2184,#1056,.T.);
#2733=EDGE_CURVE('',#2186,#2185,#1057,.T.);
#2734=EDGE_CURVE('',#2187,#2186,#1058,.T.);
#2735=EDGE_CURVE('',#2170,#2187,#1059,.T.);
#2736=EDGE_CURVE('',#2188,#2189,#1060,.T.);
#2737=EDGE_CURVE('',#2190,#2188,#1061,.T.);
#2738=EDGE_CURVE('',#2191,#2190,#1062,.T.);
#2739=EDGE_CURVE('',#2189,#2191,#1063,.T.);
#2740=EDGE_CURVE('',#2192,#2193,#897,.T.);
#2741=EDGE_CURVE('',#2192,#2194,#844,.T.);
#2742=EDGE_CURVE('',#2193,#2194,#1064,.T.);
#2743=EDGE_CURVE('',#2195,#2196,#898,.T.);
#2744=EDGE_CURVE('',#2197,#2195,#1065,.T.);
#2745=EDGE_CURVE('',#2197,#2196,#845,.T.);
#2746=EDGE_CURVE('',#2198,#2199,#899,.T.);
#2747=EDGE_CURVE('',#2198,#2200,#1066,.T.);
#2748=EDGE_CURVE('',#2201,#2200,#1067,.T.);
#2749=EDGE_CURVE('',#2201,#2199,#1068,.T.);
#2750=EDGE_CURVE('',#2193,#2195,#900,.T.);
#2751=EDGE_CURVE('',#2197,#2194,#1069,.T.);
#2752=EDGE_CURVE('',#2159,#2202,#124,.T.);
#2753=EDGE_CURVE('',#2203,#2202,#901,.T.);
#2754=EDGE_CURVE('',#2203,#2204,#902,.T.);
#2755=EDGE_CURVE('',#2204,#2160,#903,.T.);
#2756=EDGE_CURVE('',#2161,#2115,#904,.T.);
#2757=EDGE_CURVE('',#2204,#2116,#905,.T.);
#2758=EDGE_CURVE('',#2205,#2192,#906,.T.);
#2759=EDGE_CURVE('',#2201,#2205,#846,.T.);
#2760=EDGE_CURVE('',#2206,#2200,#847,.T.);
#2761=EDGE_CURVE('',#2207,#2206,#907,.T.);
#2762=EDGE_CURVE('',#2208,#2207,#908,.T.);
#2763=EDGE_CURVE('',#2208,#2209,#125,.T.);
#2764=EDGE_CURVE('',#2210,#2209,#1070,.T.);
#2765=EDGE_CURVE('',#2210,#2211,#848,.T.);
#2766=EDGE_CURVE('',#2211,#2212,#909,.T.);
#2767=EDGE_CURVE('',#2212,#2213,#1071,.T.);
#2768=EDGE_CURVE('',#2213,#2214,#910,.T.);
#2769=EDGE_CURVE('',#2214,#2215,#849,.T.);
#2770=EDGE_CURVE('',#2202,#2215,#1072,.T.);
#2771=EDGE_CURVE('',#2196,#2158,#911,.T.);
#2772=EDGE_CURVE('',#2206,#2198,#912,.T.);
#2773=EDGE_CURVE('',#2199,#2205,#913,.T.);
#2774=EDGE_CURVE('',#2216,#2217,#1073,.T.);
#2775=EDGE_CURVE('',#2217,#2202,#1074,.T.);
#2776=EDGE_CURVE('',#2218,#2215,#1075,.T.);
#2777=EDGE_CURVE('',#2219,#2218,#1076,.T.);
#2778=EDGE_CURVE('',#2219,#2220,#126,.T.);
#2779=EDGE_CURVE('',#2221,#2220,#1077,.T.);
#2780=EDGE_CURVE('',#2221,#2222,#127,.T.);
#2781=EDGE_CURVE('',#2222,#2223,#1078,.T.);
#2782=EDGE_CURVE('',#2210,#2223,#1079,.T.);
#2783=EDGE_CURVE('',#2224,#2209,#1080,.T.);
#2784=EDGE_CURVE('',#2224,#2225,#1081,.T.);
#2785=EDGE_CURVE('',#2226,#2225,#1082,.T.);
#2786=EDGE_CURVE('',#2226,#2227,#1083,.T.);
#2787=EDGE_CURVE('',#2228,#2227,#1084,.T.);
#2788=EDGE_CURVE('',#2229,#2228,#1085,.T.);
#2789=EDGE_CURVE('',#2230,#2229,#1086,.T.);
#2790=EDGE_CURVE('',#2230,#2231,#1087,.T.);
#2791=EDGE_CURVE('',#2216,#2231,#1088,.T.);
#2792=EDGE_CURVE('',#2214,#2218,#914,.T.);
#2793=EDGE_CURVE('',#2232,#2233,#915,.T.);
#2794=EDGE_CURVE('',#2233,#2234,#128,.T.);
#2795=EDGE_CURVE('',#2234,#2218,#1089,.T.);
#2796=EDGE_CURVE('',#2232,#2213,#1090,.T.);
#2797=EDGE_CURVE('',#2232,#2235,#916,.T.);
#2798=EDGE_CURVE('',#2235,#2212,#1091,.T.);
#2799=EDGE_CURVE('',#2236,#2223,#1092,.T.);
#2800=EDGE_CURVE('',#2236,#2237,#129,.T.);
#2801=EDGE_CURVE('',#2237,#2235,#917,.T.);
#2802=EDGE_CURVE('',#2223,#2211,#918,.T.);
#2803=EDGE_CURVE('',#2238,#2208,#919,.T.);
#2804=EDGE_CURVE('',#2238,#2239,#920,.T.);
#2805=EDGE_CURVE('',#2239,#2240,#921,.T.);
#2806=EDGE_CURVE('',#2209,#2240,#922,.T.);
#2807=EDGE_CURVE('',#2217,#2241,#923,.T.);
#2808=EDGE_CURVE('',#2241,#2242,#924,.T.);
#2809=EDGE_CURVE('',#2242,#2243,#925,.T.);
#2810=EDGE_CURVE('',#2203,#2243,#926,.T.);
#2811=EDGE_CURVE('',#2244,#2245,#927,.T.);
#2812=EDGE_CURVE('',#2245,#2246,#928,.T.);
#2813=EDGE_CURVE('',#2246,#2224,#929,.T.);
#2814=EDGE_CURVE('',#2244,#2240,#930,.T.);
#2815=EDGE_CURVE('',#2247,#2243,#931,.T.);
#2816=EDGE_CURVE('',#2247,#2248,#932,.T.);
#2817=EDGE_CURVE('',#2248,#2249,#933,.T.);
#2818=EDGE_CURVE('',#2249,#2117,#934,.T.);
#2819=EDGE_CURVE('',#2250,#2251,#1093,.T.);
#2820=EDGE_CURVE('',#2250,#2217,#130,.T.);
#2821=EDGE_CURVE('',#2216,#2252,#131,.T.);
#2822=EDGE_CURVE('',#2252,#2253,#132,.T.);
#2823=EDGE_CURVE('',#2253,#2251,#935,.T.);
#2824=EDGE_CURVE('',#2216,#2254,#133,.T.);
#2825=EDGE_CURVE('',#2254,#2231,#850,.T.);
#2826=EDGE_CURVE('',#2255,#2254,#936,.T.);
#2827=EDGE_CURVE('',#2255,#2230,#851,.T.);
#2828=EDGE_CURVE('',#2229,#2256,#134,.T.);
#2829=EDGE_CURVE('',#2252,#2256,#1094,.T.);
#2830=EDGE_CURVE('',#2252,#2255,#937,.T.);
#2831=EDGE_CURVE('',#2257,#2136,#135,.T.);
#2832=EDGE_CURVE('',#2257,#2258,#1095,.T.);
#2833=EDGE_CURVE('',#2256,#2258,#1096,.T.);
#2834=EDGE_CURVE('',#2259,#2228,#136,.T.);
#2835=EDGE_CURVE('',#2260,#2259,#1097,.T.);
#2836=EDGE_CURVE('',#2152,#2260,#1098,.T.);
#2837=EDGE_CURVE('',#2155,#2261,#938,.T.);
#2838=EDGE_CURVE('',#2262,#2261,#1099,.T.);
#2839=EDGE_CURVE('',#2262,#2263,#939,.T.);
#2840=EDGE_CURVE('',#2263,#2137,#1100,.T.);
#2841=EDGE_CURVE('',#2259,#2264,#1101,.T.);
#2842=EDGE_CURVE('',#2265,#2227,#852,.T.);
#2843=EDGE_CURVE('',#2265,#2264,#940,.T.);
#2844=EDGE_CURVE('',#2226,#2266,#853,.T.);
#2845=EDGE_CURVE('',#2266,#2265,#941,.T.);
#2846=EDGE_CURVE('',#2266,#2225,#137,.T.);
#2847=EDGE_CURVE('',#2267,#2224,#942,.T.);
#2848=EDGE_CURVE('',#2268,#2267,#1102,.T.);
#2849=EDGE_CURVE('',#2268,#2269,#943,.T.);
#2850=EDGE_CURVE('',#2269,#2264,#138,.T.);
#2851=EDGE_CURVE('',#2264,#2225,#139,.T.);
#2852=EDGE_CURVE('',#2270,#2222,#1103,.T.);
#2853=EDGE_CURVE('',#2270,#2236,#1104,.T.);
#2854=EDGE_CURVE('',#2271,#2221,#1105,.T.);
#2855=EDGE_CURVE('',#2271,#2270,#140,.T.);
#2856=EDGE_CURVE('',#2271,#2272,#1106,.T.);
#2857=EDGE_CURVE('',#2272,#2220,#1107,.T.);
#2858=EDGE_CURVE('',#2273,#2219,#1108,.T.);
#2859=EDGE_CURVE('',#2273,#2272,#141,.T.);
#2860=EDGE_CURVE('',#2273,#2234,#1109,.T.);
#2861=EDGE_CURVE('',#2151,#2250,#944,.T.);
#2862=EDGE_CURVE('',#2241,#2150,#945,.T.);
#2863=EDGE_CURVE('',#2267,#2274,#946,.T.);
#2864=EDGE_CURVE('',#2275,#2246,#947,.T.);
#2865=EDGE_CURVE('',#2274,#2275,#948,.T.);
#2866=EDGE_CURVE('',#2237,#2276,#949,.T.);
#2867=EDGE_CURVE('',#2276,#2277,#950,.T.);
#2868=EDGE_CURVE('',#2277,#2249,#951,.T.);
#2869=EDGE_CURVE('',#2248,#2233,#952,.T.);
#2870=EDGE_CURVE('',#2247,#2262,#953,.T.);
#2871=EDGE_CURVE('',#2261,#2278,#954,.T.);
#2872=EDGE_CURVE('',#2276,#2278,#955,.T.);
#2873=EDGE_CURVE('',#2120,#2277,#956,.T.);
#2874=EDGE_CURVE('',#2244,#2278,#957,.T.);
#2875=EDGE_CURVE('',#2239,#2121,#958,.T.);
#2876=EDGE_CURVE('',#2279,#2238,#959,.T.);
#2877=EDGE_CURVE('',#2122,#2279,#960,.T.);
#2878=EDGE_CURVE('',#2123,#2279,#961,.T.);
#2879=EDGE_CURVE('',#2242,#2280,#962,.T.);
#2880=EDGE_CURVE('',#2263,#2280,#1110,.T.);
#2881=EDGE_CURVE('',#2280,#2132,#963,.T.);
#2882=EDGE_CURVE('',#2154,#2245,#964,.T.);
#2883=EDGE_CURVE('',#2275,#2139,#965,.T.);
#2884=EDGE_CURVE('',#2118,#2249,#966,.T.);
#2885=EDGE_CURVE('',#2119,#2277,#967,.T.);
#2886=EDGE_CURVE('',#2251,#2281,#142,.T.);
#2887=EDGE_CURVE('',#2281,#2148,#1111,.T.);
#2888=EDGE_CURVE('',#2258,#2253,#1112,.T.);
#2889=EDGE_CURVE('',#2258,#2282,#854,.T.);
#2890=EDGE_CURVE('',#2282,#2281,#1113,.T.);
#2891=EDGE_CURVE('',#2283,#2260,#855,.T.);
#2892=EDGE_CURVE('',#2153,#2283,#1114,.T.);
#2893=EDGE_CURVE('',#2269,#2260,#1115,.T.);
#2894=EDGE_CURVE('',#2257,#2146,#143,.T.);
#2895=EDGE_CURVE('',#2146,#2282,#1116,.T.);
#2896=EDGE_CURVE('',#2284,#2283,#1117,.T.);
#2897=EDGE_CURVE('',#2284,#2268,#144,.T.);
#2898=EDGE_CURVE('',#2284,#2285,#1118,.T.);
#2899=EDGE_CURVE('',#2286,#2274,#1119,.T.);
#2900=EDGE_CURVE('',#2285,#2286,#1120,.T.);
#2901=EDGE_CURVE('',#2286,#2144,#145,.T.);
#2902=EDGE_CURVE('',#2149,#2282,#1121,.T.);
#2903=EDGE_CURVE('',#2153,#2287,#1122,.T.);
#2904=EDGE_CURVE('',#2143,#2287,#146,.T.);
#2905=EDGE_CURVE('',#2288,#2283,#1123,.T.);
#2906=EDGE_CURVE('',#2287,#2288,#1124,.T.);
#2907=EDGE_CURVE('',#2285,#2288,#1125,.T.);
#2908=EDGE_CURVE('',#2289,#2290,#1126,.T.);
#2909=EDGE_CURVE('',#2291,#2289,#1127,.T.);
#2910=EDGE_CURVE('',#2292,#2291,#1128,.T.);
#2911=EDGE_CURVE('',#2292,#2290,#1129,.T.);
#2912=EDGE_CURVE('',#2293,#2294,#1130,.T.);
#2913=EDGE_CURVE('',#2295,#2293,#1131,.T.);
#2914=EDGE_CURVE('',#2296,#2295,#1132,.T.);
#2915=EDGE_CURVE('',#2296,#2294,#1133,.T.);
#2916=EDGE_CURVE('',#2297,#2298,#1134,.T.);
#2917=EDGE_CURVE('',#2294,#2298,#1135,.T.);
#2918=EDGE_CURVE('',#2291,#2296,#1136,.T.);
#2919=EDGE_CURVE('',#2299,#2289,#1137,.T.);
#2920=EDGE_CURVE('',#2300,#2299,#1138,.T.);
#2921=EDGE_CURVE('',#2297,#2300,#1139,.T.);
#2922=EDGE_CURVE('',#2290,#2301,#1140,.T.);
#2923=EDGE_CURVE('',#2299,#2301,#1141,.T.);
#2924=EDGE_CURVE('',#2164,#2302,#968,.T.);
#2925=EDGE_CURVE('',#2302,#2163,#147,.T.);
#2926=EDGE_CURVE('',#2303,#2304,#148,.T.);
#2927=EDGE_CURVE('',#2303,#2163,#1142,.T.);
#2928=EDGE_CURVE('',#2302,#2304,#1143,.T.);
#2929=EDGE_CURVE('',#2305,#2306,#149,.T.);
#2930=EDGE_CURVE('',#2305,#2307,#1144,.T.);
#2931=EDGE_CURVE('',#2307,#2308,#150,.T.);
#2932=EDGE_CURVE('',#2308,#2306,#1145,.T.);
#2933=EDGE_CURVE('',#2309,#2310,#151,.T.);
#2934=EDGE_CURVE('',#2310,#2308,#969,.T.);
#2935=EDGE_CURVE('',#2307,#2309,#970,.T.);
#2936=EDGE_CURVE('',#2127,#2310,#971,.T.);
#2937=EDGE_CURVE('',#2309,#2128,#972,.T.);
#2938=EDGE_CURVE('',#2311,#2305,#1146,.T.);
#2939=EDGE_CURVE('',#2312,#2311,#1147,.T.);
#2940=EDGE_CURVE('',#2309,#2312,#152,.T.);
#2941=EDGE_CURVE('',#2166,#2313,#1148,.T.);
#2942=EDGE_CURVE('',#2304,#2313,#1149,.T.);
#2943=EDGE_CURVE('',#2169,#2186,#1150,.T.);
#2944=EDGE_CURVE('',#2313,#2186,#1151,.T.);
#2945=EDGE_CURVE('',#2187,#2168,#1152,.T.);
#2946=EDGE_CURVE('',#2182,#2314,#1153,.T.);
#2947=EDGE_CURVE('',#2314,#2315,#1154,.T.);
#2948=EDGE_CURVE('',#2315,#2183,#1155,.T.);
#2949=EDGE_CURVE('',#2316,#2312,#1156,.T.);
#2950=EDGE_CURVE('',#2183,#2311,#1157,.T.);
#2951=EDGE_CURVE('',#2316,#2315,#1158,.T.);
#2952=EDGE_CURVE('',#2181,#2317,#1159,.T.);
#2953=EDGE_CURVE('',#2317,#2314,#1160,.T.);
#2954=EDGE_CURVE('',#2129,#2316,#153,.T.);
#2955=EDGE_CURVE('',#2130,#2317,#154,.T.);
#2956=EDGE_CURVE('',#2318,#2306,#1161,.T.);
#2957=EDGE_CURVE('',#2318,#2319,#1162,.T.);
#2958=EDGE_CURVE('',#2184,#2319,#1163,.T.);
#2959=EDGE_CURVE('',#2320,#2298,#1164,.T.);
#2960=EDGE_CURVE('',#2320,#2321,#1165,.T.);
#2961=EDGE_CURVE('',#2157,#2321,#1166,.T.);
#2962=EDGE_CURVE('',#2303,#2322,#1167,.T.);
#2963=EDGE_CURVE('',#2323,#2322,#1168,.T.);
#2964=EDGE_CURVE('',#2323,#2188,#1169,.T.);
#2965=EDGE_CURVE('',#2189,#2324,#1170,.T.);
#2966=EDGE_CURVE('',#2318,#2324,#1171,.T.);
#2967=EDGE_CURVE('',#2308,#2325,#1172,.T.);
#2968=EDGE_CURVE('',#2326,#2325,#1173,.T.);
#2969=EDGE_CURVE('',#2326,#2327,#1174,.T.);
#2970=EDGE_CURVE('',#2328,#2327,#1175,.T.);
#2971=EDGE_CURVE('',#2328,#2293,#1176,.T.);
#2972=EDGE_CURVE('',#2126,#2329,#1177,.T.);
#2973=EDGE_CURVE('',#2325,#2329,#155,.T.);
#2974=EDGE_CURVE('',#2174,#2179,#858,.T.);
#2975=EDGE_CURVE('',#2177,#2174,#1178,.T.);
#2976=EDGE_CURVE('',#2180,#2177,#859,.T.);
#2977=EDGE_CURVE('',#2295,#2292,#1179,.T.);
#2978=EDGE_CURVE('',#2191,#2330,#1180,.T.);
#2979=EDGE_CURVE('',#2330,#2324,#1181,.T.);
#2980=EDGE_CURVE('',#2190,#2331,#1182,.T.);
#2981=EDGE_CURVE('',#2331,#2330,#1183,.T.);
#2982=EDGE_CURVE('',#2323,#2331,#1184,.T.);
#2983=EDGE_CURVE('',#2329,#2125,#1185,.T.);
#2984=EDGE_CURVE('',#2185,#2332,#1186,.T.);
#2985=EDGE_CURVE('',#2332,#2322,#1187,.T.);
#2986=EDGE_CURVE('',#2319,#2332,#1188,.T.);
#2987=EDGE_CURVE('',#2321,#2299,#1189,.T.);
#2988=EDGE_CURVE('',#2301,#2326,#1190,.T.);
#2989=EDGE_CURVE('',#2325,#2207,#1191,.T.);
#2990=EDGE_CURVE('',#2333,#2327,#1192,.T.);
#2991=EDGE_CURVE('',#2334,#2326,#1193,.T.);
#2992=EDGE_CURVE('',#2333,#2334,#1194,.T.);
#2993=EDGE_CURVE('',#2335,#2333,#1195,.T.);
#2994=EDGE_CURVE('',#2320,#2335,#1196,.T.);
#2995=EDGE_CURVE('',#2336,#2297,#1197,.T.);
#2996=EDGE_CURVE('',#2328,#2336,#1198,.T.);
#2997=EDGE_CURVE('',#2336,#2337,#1199,.T.);
#2998=EDGE_CURVE('',#2301,#2337,#1200,.T.);
#2999=EDGE_CURVE('',#2335,#2338,#1201,.T.);
#3000=EDGE_CURVE('',#2321,#2338,#1202,.T.);
#3001=EDGE_CURVE('',#2329,#2124,#1203,.T.);
#3002=EDGE_CURVE('',#2337,#2300,#1204,.T.);
#3003=EDGE_CURVE('',#2338,#2334,#1205,.T.);
#3004=EDGE_CURVE('',#2339,#2340,#1206,.T.);
#3005=EDGE_CURVE('',#2341,#2339,#1207,.T.);
#3006=EDGE_CURVE('',#2341,#2342,#1208,.T.);
#3007=EDGE_CURVE('',#2340,#2342,#1209,.T.);
#3008=EDGE_CURVE('',#2339,#2343,#1210,.T.);
#3009=EDGE_CURVE('',#2340,#2344,#1211,.T.);
#3010=EDGE_CURVE('',#2344,#2343,#1212,.T.);
#3011=EDGE_CURVE('',#2345,#2342,#1213,.T.);
#3012=EDGE_CURVE('',#2344,#2345,#1214,.T.);
#3013=EDGE_CURVE('',#2345,#2346,#1215,.T.);
#3014=EDGE_CURVE('',#2341,#2346,#1216,.T.);
#3015=EDGE_CURVE('',#2346,#2343,#1217,.T.);
#3016=EDGE_CURVE('',#2347,#2348,#1218,.T.);
#3017=EDGE_CURVE('',#2349,#2347,#1219,.T.);
#3018=EDGE_CURVE('',#2350,#2349,#1220,.T.);
#3019=EDGE_CURVE('',#2348,#2350,#1221,.T.);
#3020=EDGE_CURVE('',#2351,#2352,#1222,.T.);
#3021=EDGE_CURVE('',#2347,#2351,#1223,.T.);
#3022=EDGE_CURVE('',#2352,#2348,#1224,.T.);
#3023=EDGE_CURVE('',#2352,#2353,#1225,.T.);
#3024=EDGE_CURVE('',#2353,#2350,#1226,.T.);
#3025=EDGE_CURVE('',#2353,#2354,#1227,.T.);
#3026=EDGE_CURVE('',#2349,#2354,#1228,.T.);
#3027=EDGE_CURVE('',#2354,#2351,#1229,.T.);
#3028=EDGE_CURVE('',#2355,#2356,#1230,.T.);
#3029=EDGE_CURVE('',#2357,#2355,#1231,.T.);
#3030=EDGE_CURVE('',#2358,#2357,#973,.T.);
#3031=EDGE_CURVE('',#2359,#2358,#1232,.T.);
#3032=EDGE_CURVE('',#2360,#2359,#1233,.T.);
#3033=EDGE_CURVE('',#2361,#2360,#1234,.T.);
#3034=EDGE_CURVE('',#2362,#2361,#1235,.T.);
#3035=EDGE_CURVE('',#2363,#2362,#1236,.T.);
#3036=EDGE_CURVE('',#2356,#2363,#1237,.T.);
#3037=EDGE_CURVE('',#2364,#2365,#1238,.T.);
#3038=EDGE_CURVE('',#2366,#2364,#1239,.T.);
#3039=EDGE_CURVE('',#2367,#2366,#1240,.T.);
#3040=EDGE_CURVE('',#2368,#2367,#1241,.T.);
#3041=EDGE_CURVE('',#2369,#2368,#1242,.T.);
#3042=EDGE_CURVE('',#2370,#2369,#1243,.T.);
#3043=EDGE_CURVE('',#2371,#2370,#1244,.T.);
#3044=EDGE_CURVE('',#2372,#2371,#974,.T.);
#3045=EDGE_CURVE('',#2365,#2372,#1245,.T.);
#3046=EDGE_CURVE('',#2368,#2373,#156,.T.);
#3047=EDGE_CURVE('',#2373,#2374,#1246,.T.);
#3048=EDGE_CURVE('',#2374,#2375,#1247,.T.);
#3049=EDGE_CURVE('',#2376,#2375,#1248,.T.);
#3050=EDGE_CURVE('',#2369,#2376,#157,.T.);
#3051=EDGE_CURVE('',#2377,#2367,#158,.T.);
#3052=EDGE_CURVE('',#2377,#2373,#1249,.T.);
#3053=EDGE_CURVE('',#2378,#2364,#1250,.T.);
#3054=EDGE_CURVE('',#2379,#2378,#1251,.T.);
#3055=EDGE_CURVE('',#2379,#2366,#1252,.T.);
#3056=EDGE_CURVE('',#2359,#2380,#159,.T.);
#3057=EDGE_CURVE('',#2381,#2380,#1253,.T.);
#3058=EDGE_CURVE('',#2360,#2381,#160,.T.);
#3059=EDGE_CURVE('',#2382,#2358,#161,.T.);
#3060=EDGE_CURVE('',#2383,#2382,#1254,.T.);
#3061=EDGE_CURVE('',#2384,#2383,#1255,.T.);
#3062=EDGE_CURVE('',#2380,#2384,#1256,.T.);
#3063=EDGE_CURVE('',#2385,#2379,#162,.T.);
#3064=EDGE_CURVE('',#2385,#2386,#1257,.T.);
#3065=EDGE_CURVE('',#2387,#2386,#1258,.T.);
#3066=EDGE_CURVE('',#2388,#2387,#1259,.T.);
#3067=EDGE_CURVE('',#2389,#2388,#1260,.T.);
#3068=EDGE_CURVE('',#2389,#2390,#1261,.T.);
#3069=EDGE_CURVE('',#2391,#2390,#163,.T.);
#3070=EDGE_CURVE('',#2363,#2391,#1262,.T.);
#3071=EDGE_CURVE('',#2362,#2392,#164,.T.);
#3072=EDGE_CURVE('',#2392,#2393,#1263,.T.);
#3073=EDGE_CURVE('',#2394,#2393,#1264,.T.);
#3074=EDGE_CURVE('',#2395,#2394,#1265,.T.);
#3075=EDGE_CURVE('',#2396,#2395,#1266,.T.);
#3076=EDGE_CURVE('',#2397,#2396,#1267,.T.);
#3077=EDGE_CURVE('',#2398,#2397,#1268,.T.);
#3078=EDGE_CURVE('',#2377,#2398,#1269,.T.);
#3079=EDGE_CURVE('',#2357,#2399,#165,.T.);
#3080=EDGE_CURVE('',#2382,#2399,#166,.T.);
#3081=EDGE_CURVE('',#2355,#2400,#167,.T.);
#3082=EDGE_CURVE('',#2400,#2399,#1270,.T.);
#3083=EDGE_CURVE('',#2371,#2401,#168,.T.);
#3084=EDGE_CURVE('',#2401,#2402,#169,.T.);
#3085=EDGE_CURVE('',#2402,#2372,#170,.T.);
#3086=EDGE_CURVE('',#2403,#2404,#171,.T.);
#3087=EDGE_CURVE('',#2403,#2402,#1271,.T.);
#3088=EDGE_CURVE('',#2401,#2404,#1272,.T.);
#3089=EDGE_CURVE('',#2404,#2405,#1273,.T.);
#3090=EDGE_CURVE('',#2405,#2397,#1274,.T.);
#3091=EDGE_CURVE('',#2396,#2406,#1275,.T.);
#3092=EDGE_CURVE('',#2406,#2407,#1276,.T.);
#3093=EDGE_CURVE('',#2403,#2407,#1277,.T.);
#3094=EDGE_CURVE('',#2370,#2408,#172,.T.);
#3095=EDGE_CURVE('',#2408,#2405,#1278,.T.);
#3096=EDGE_CURVE('',#2383,#2409,#173,.T.);
#3097=EDGE_CURVE('',#2399,#2409,#1279,.T.);
#3098=EDGE_CURVE('',#2410,#2409,#1280,.T.);
#3099=EDGE_CURVE('',#2410,#2411,#1281,.T.);
#3100=EDGE_CURVE('',#2395,#2411,#1282,.T.);
#3101=EDGE_CURVE('',#2394,#2384,#1283,.T.);
#3102=EDGE_CURVE('',#2412,#2407,#1284,.T.);
#3103=EDGE_CURVE('',#2413,#2412,#1285,.T.);
#3104=EDGE_CURVE('',#2413,#2414,#1286,.T.);
#3105=EDGE_CURVE('',#2415,#2414,#1287,.T.);
#3106=EDGE_CURVE('',#2410,#2415,#1288,.T.);
#3107=EDGE_CURVE('',#2416,#2400,#1289,.T.);
#3108=EDGE_CURVE('',#2416,#2417,#1290,.T.);
#3109=EDGE_CURVE('',#2418,#2417,#1291,.T.);
#3110=EDGE_CURVE('',#2418,#2419,#1292,.T.);
#3111=EDGE_CURVE('',#2420,#2419,#1293,.T.);
#3112=EDGE_CURVE('',#2420,#2421,#1294,.T.);
#3113=EDGE_CURVE('',#2422,#2421,#1295,.T.);
#3114=EDGE_CURVE('',#2422,#2423,#1296,.T.);
#3115=EDGE_CURVE('',#2424,#2423,#1297,.T.);
#3116=EDGE_CURVE('',#2402,#2424,#1298,.T.);
#3117=EDGE_CURVE('',#2376,#2408,#1299,.T.);
#3118=EDGE_CURVE('',#2375,#2397,#1300,.T.);
#3119=EDGE_CURVE('',#2398,#2374,#1301,.T.);
#3120=EDGE_CURVE('',#2425,#2394,#1302,.T.);
#3121=EDGE_CURVE('',#2381,#2425,#1303,.T.);
#3122=EDGE_CURVE('',#2392,#2426,#1304,.T.);
#3123=EDGE_CURVE('',#2426,#2427,#1305,.T.);
#3124=EDGE_CURVE('',#2393,#2427,#1306,.T.);
#3125=EDGE_CURVE('',#2361,#2426,#174,.T.);
#3126=EDGE_CURVE('',#2427,#2425,#1307,.T.);
#3127=EDGE_CURVE('',#2428,#2389,#1308,.T.);
#3128=EDGE_CURVE('',#2429,#2428,#1309,.T.);
#3129=EDGE_CURVE('',#2386,#2429,#1310,.T.);
#3130=EDGE_CURVE('',#2430,#2385,#1311,.T.);
#3131=EDGE_CURVE('',#2431,#2430,#1312,.T.);
#3132=EDGE_CURVE('',#2390,#2431,#1313,.T.);
#3133=EDGE_CURVE('',#2429,#2413,#1314,.T.);
#3134=EDGE_CURVE('',#2412,#2432,#1315,.T.);
#3135=EDGE_CURVE('',#2387,#2432,#1316,.T.);
#3136=EDGE_CURVE('',#2428,#2414,#1317,.T.);
#3137=EDGE_CURVE('',#2388,#2433,#1318,.T.);
#3138=EDGE_CURVE('',#2433,#2415,#1319,.T.);
#3139=EDGE_CURVE('',#2418,#2434,#1320,.T.);
#3140=EDGE_CURVE('',#2434,#2435,#1321,.T.);
#3141=EDGE_CURVE('',#2419,#2435,#1322,.T.);
#3142=EDGE_CURVE('',#2424,#2365,#175,.T.);
#3143=EDGE_CURVE('',#2423,#2436,#1323,.T.);
#3144=EDGE_CURVE('',#2436,#2437,#1324,.T.);
#3145=EDGE_CURVE('',#2437,#2416,#1325,.T.);
#3146=EDGE_CURVE('',#2356,#2438,#1326,.T.);
#3147=EDGE_CURVE('',#2431,#2438,#176,.T.);
#3148=EDGE_CURVE('',#2378,#2430,#177,.T.);
#3149=EDGE_CURVE('',#2435,#2439,#1327,.T.);
#3150=EDGE_CURVE('',#2439,#2420,#1328,.T.);
#3151=EDGE_CURVE('',#2411,#2406,#1329,.T.);
#3152=EDGE_CURVE('',#2438,#2391,#1330,.T.);
#3153=EDGE_CURVE('',#2432,#2433,#1331,.T.);
#3154=EDGE_CURVE('',#2440,#2437,#1332,.T.);
#3155=EDGE_CURVE('',#2440,#2417,#1333,.T.);
#3156=EDGE_CURVE('',#2422,#2441,#1334,.T.);
#3157=EDGE_CURVE('',#2442,#2421,#1335,.T.);
#3158=EDGE_CURVE('',#2434,#2442,#1336,.T.);
#3159=EDGE_CURVE('',#2441,#2440,#1337,.T.);
#3160=EDGE_CURVE('',#2442,#2439,#1338,.T.);
#3161=EDGE_CURVE('',#2441,#2436,#1339,.T.);
#3162=EDGE_CURVE('',#2443,#2444,#1340,.T.);
#3163=EDGE_CURVE('',#2445,#2444,#178,.T.);
#3164=EDGE_CURVE('',#2445,#2446,#1341,.T.);
#3165=EDGE_CURVE('',#2443,#2446,#179,.T.);
#3166=EDGE_CURVE('',#2444,#2447,#1342,.T.);
#3167=EDGE_CURVE('',#2447,#2448,#1343,.T.);
#3168=EDGE_CURVE('',#2448,#2449,#180,.T.);
#3169=EDGE_CURVE('',#2449,#2450,#1344,.T.);
#3170=EDGE_CURVE('',#2450,#2451,#1345,.T.);
#3171=EDGE_CURVE('',#2451,#2452,#1346,.T.);
#3172=EDGE_CURVE('',#2452,#2453,#1347,.T.);
#3173=EDGE_CURVE('',#2453,#2454,#1348,.T.);
#3174=EDGE_CURVE('',#2454,#2455,#181,.T.);
#3175=EDGE_CURVE('',#2455,#2456,#1349,.T.);
#3176=EDGE_CURVE('',#2456,#2457,#1350,.T.);
#3177=EDGE_CURVE('',#2457,#2458,#182,.T.);
#3178=EDGE_CURVE('',#2458,#2459,#1351,.T.);
#3179=EDGE_CURVE('',#2459,#2460,#1352,.T.);
#3180=EDGE_CURVE('',#2460,#2461,#1353,.T.);
#3181=EDGE_CURVE('',#2461,#2462,#1354,.T.);
#3182=EDGE_CURVE('',#2462,#2445,#1355,.T.);
#3183=EDGE_CURVE('',#2463,#2464,#975,.T.);
#3184=EDGE_CURVE('',#2465,#2464,#976,.F.);
#3185=EDGE_CURVE('',#2465,#2466,#977,.T.);
#3186=EDGE_CURVE('',#2463,#2466,#978,.T.);
#3187=EDGE_CURVE('',#2447,#2467,#1356,.T.);
#3188=EDGE_CURVE('',#2468,#2467,#1357,.T.);
#3189=EDGE_CURVE('',#2448,#2468,#1358,.T.);
#3190=EDGE_CURVE('',#2467,#2469,#979,.T.);
#3191=EDGE_CURVE('',#2470,#2469,#1359,.T.);
#3192=EDGE_CURVE('',#2468,#2470,#980,.T.);
#3193=EDGE_CURVE('',#2469,#2471,#981,.T.);
#3194=EDGE_CURVE('',#2471,#2472,#183,.T.);
#3195=EDGE_CURVE('',#2472,#2473,#982,.T.);
#3196=EDGE_CURVE('',#2474,#2473,#1360,.T.);
#3197=EDGE_CURVE('',#2475,#2474,#983,.T.);
#3198=EDGE_CURVE('',#2475,#2476,#984,.T.);
#3199=EDGE_CURVE('',#2470,#2476,#985,.T.);
#3200=EDGE_CURVE('',#2477,#2463,#1361,.T.);
#3201=EDGE_CURVE('',#2466,#2478,#184,.T.);
#3202=EDGE_CURVE('',#2478,#2479,#986,.T.);
#3203=EDGE_CURVE('',#2479,#2480,#1362,.T.);
#3204=EDGE_CURVE('',#2480,#2481,#1363,.T.);
#3205=EDGE_CURVE('',#2481,#2482,#185,.T.);
#3206=EDGE_CURVE('',#2482,#2483,#1364,.T.);
#3207=EDGE_CURVE('',#2483,#2484,#1365,.T.);
#3208=EDGE_CURVE('',#2484,#2485,#1366,.T.);
#3209=EDGE_CURVE('',#2485,#2477,#186,.T.);
#3210=EDGE_CURVE('',#2471,#2472,#1367,.T.);
#3211=EDGE_CURVE('',#2486,#2487,#1368,.F.);
#3212=EDGE_CURVE('',#2487,#2488,#1369,.T.);
#3213=EDGE_CURVE('',#2488,#2489,#1370,.F.);
#3214=EDGE_CURVE('',#2489,#2486,#1371,.T.);
#3215=EDGE_CURVE('',#2487,#2490,#1372,.T.);
#3216=EDGE_CURVE('',#2491,#2490,#1373,.T.);
#3217=EDGE_CURVE('',#2488,#2491,#1374,.T.);
#3218=EDGE_CURVE('',#2492,#2493,#1375,.F.);
#3219=EDGE_CURVE('',#2493,#2494,#1376,.T.);
#3220=EDGE_CURVE('',#2494,#2495,#1377,.F.);
#3221=EDGE_CURVE('',#2495,#2492,#1378,.T.);
#3222=EDGE_CURVE('',#2493,#2496,#1379,.T.);
#3223=EDGE_CURVE('',#2497,#2496,#1380,.T.);
#3224=EDGE_CURVE('',#2494,#2497,#1381,.T.);
#3225=EDGE_CURVE('',#2496,#2491,#1382,.T.);
#3226=EDGE_CURVE('',#2489,#2492,#1383,.T.);
#3227=EDGE_CURVE('',#2490,#2497,#1384,.T.);
#3228=EDGE_CURVE('',#2495,#2486,#1385,.T.);
#3229=EDGE_CURVE('',#2498,#2499,#987,.T.);
#3230=EDGE_CURVE('',#2500,#2499,#988,.T.);
#3231=EDGE_CURVE('',#2500,#2501,#989,.T.);
#3232=EDGE_CURVE('',#2502,#2501,#990,.T.);
#3233=EDGE_CURVE('',#2502,#2503,#991,.T.);
#3234=EDGE_CURVE('',#2503,#2504,#992,.T.);
#3235=EDGE_CURVE('',#2504,#2505,#993,.T.);
#3236=EDGE_CURVE('',#2479,#2505,#994,.F.);
#3237=EDGE_CURVE('',#2478,#2465,#995,.T.);
#3238=EDGE_CURVE('',#2464,#2506,#996,.T.);
#3239=EDGE_CURVE('',#2506,#2498,#997,.T.);
#3240=EDGE_CURVE('',#2499,#2507,#998,.T.);
#3241=EDGE_CURVE('',#2508,#2507,#999,.T.);
#3242=EDGE_CURVE('',#2508,#2500,#1000,.T.);
#3243=EDGE_CURVE('',#2509,#2498,#1386,.T.);
#3244=EDGE_CURVE('',#2506,#2482,#1387,.T.);
#3245=EDGE_CURVE('',#2510,#2481,#1388,.T.);
#3246=EDGE_CURVE('',#2510,#2511,#187,.T.);
#3247=EDGE_CURVE('',#2511,#2512,#1389,.T.);
#3248=EDGE_CURVE('',#2509,#2512,#188,.T.);
#3249=EDGE_CURVE('',#2480,#2505,#1390,.T.);
#3250=EDGE_CURVE('',#2512,#2502,#1391,.T.);
#3251=EDGE_CURVE('',#2511,#2503,#1392,.F.);
#3252=EDGE_CURVE('',#2504,#2510,#1393,.T.);
#3253=EDGE_CURVE('',#2501,#2508,#189,.T.);
#3254=EDGE_CURVE('',#2513,#2453,#1394,.T.);
#3255=EDGE_CURVE('',#2514,#2513,#1395,.T.);
#3256=EDGE_CURVE('',#2450,#2514,#1396,.T.);
#3257=EDGE_CURVE('',#2476,#2449,#1397,.T.);
#3258=EDGE_CURVE('',#2454,#2475,#1398,.T.);
#3259=EDGE_CURVE('',#2514,#2515,#1399,.T.);
#3260=EDGE_CURVE('',#2516,#2515,#1400,.T.);
#3261=EDGE_CURVE('',#2516,#2517,#1401,.T.);
#3262=EDGE_CURVE('',#2517,#2451,#1402,.T.);
#3263=EDGE_CURVE('',#2513,#2518,#1403,.T.);
#3264=EDGE_CURVE('',#2515,#2518,#1404,.T.);
#3265=EDGE_CURVE('',#2519,#2452,#1405,.T.);
#3266=EDGE_CURVE('',#2519,#2520,#1406,.T.);
#3267=EDGE_CURVE('',#2518,#2520,#1407,.T.);
#3268=EDGE_CURVE('',#2521,#2522,#1408,.T.);
#3269=EDGE_CURVE('',#2521,#2523,#1409,.T.);
#3270=EDGE_CURVE('',#2523,#2524,#1410,.T.);
#3271=EDGE_CURVE('',#2522,#2524,#1411,.T.);
#3272=EDGE_CURVE('',#2525,#2526,#1412,.T.);
#3273=EDGE_CURVE('',#2526,#2521,#1413,.T.);
#3274=EDGE_CURVE('',#2522,#2525,#1414,.T.);
#3275=EDGE_CURVE('',#2527,#2524,#1415,.T.);
#3276=EDGE_CURVE('',#2527,#2528,#1416,.T.);
#3277=EDGE_CURVE('',#2446,#2528,#1417,.T.);
#3278=EDGE_CURVE('',#2462,#2529,#1418,.T.);
#3279=EDGE_CURVE('',#2516,#2529,#1419,.T.);
#3280=EDGE_CURVE('',#2530,#2520,#1420,.T.);
#3281=EDGE_CURVE('',#2530,#2459,#1421,.T.);
#3282=EDGE_CURVE('',#2485,#2458,#1422,.T.);
#3283=EDGE_CURVE('',#2484,#2531,#1423,.T.);
#3284=EDGE_CURVE('',#2532,#2531,#1424,.T.);
#3285=EDGE_CURVE('',#2532,#2525,#1425,.T.);
#3286=EDGE_CURVE('',#2457,#2477,#1426,.T.);
#3287=EDGE_CURVE('',#2530,#2533,#1427,.T.);
#3288=EDGE_CURVE('',#2533,#2460,#1428,.T.);
#3289=EDGE_CURVE('',#2533,#2534,#1429,.T.);
#3290=EDGE_CURVE('',#2534,#2461,#1430,.T.);
#3291=EDGE_CURVE('',#2534,#2529,#1431,.T.);
#3292=EDGE_CURVE('',#2474,#2535,#1001,.T.);
#3293=EDGE_CURVE('',#2535,#2455,#1432,.T.);
#3294=EDGE_CURVE('',#2536,#2456,#1433,.T.);
#3295=EDGE_CURVE('',#2536,#2535,#1434,.T.);
#3296=EDGE_CURVE('',#2517,#2519,#1435,.T.);
#3297=EDGE_CURVE('',#2537,#2531,#1436,.T.);
#3298=EDGE_CURVE('',#2483,#2537,#1437,.T.);
#3299=EDGE_CURVE('',#2527,#2538,#1438,.T.);
#3300=EDGE_CURVE('',#2539,#2523,#1439,.T.);
#3301=EDGE_CURVE('',#2532,#2539,#1440,.T.);
#3302=EDGE_CURVE('',#2538,#2537,#1441,.T.);
#3303=EDGE_CURVE('',#2526,#2539,#1442,.T.);
#3304=EDGE_CURVE('',#2540,#2538,#1443,.T.);
#3305=EDGE_CURVE('',#2528,#2540,#1444,.T.);
#3306=EDGE_CURVE('',#2507,#2443,#1445,.T.);
#3307=EDGE_CURVE('',#2540,#2509,#1446,.T.);
#3308=EDGE_CURVE('',#2473,#2536,#1002,.T.);
#3309=EDGE_CURVE('',#2541,#2542,#1447,.T.);
#3310=EDGE_CURVE('',#2543,#2541,#1448,.T.);
#3311=EDGE_CURVE('',#2544,#2543,#1449,.T.);
#3312=EDGE_CURVE('',#2545,#2544,#1450,.T.);
#3313=EDGE_CURVE('',#2546,#2545,#1451,.T.);
#3314=EDGE_CURVE('',#2547,#2546,#1452,.T.);
#3315=EDGE_CURVE('',#2548,#2547,#1453,.T.);
#3316=EDGE_CURVE('',#2542,#2548,#1454,.T.);
#3317=EDGE_CURVE('',#2549,#2550,#1455,.T.);
#3318=EDGE_CURVE('',#2551,#2549,#1456,.T.);
#3319=EDGE_CURVE('',#2552,#2551,#1457,.T.);
#3320=EDGE_CURVE('',#2553,#2552,#1458,.T.);
#3321=EDGE_CURVE('',#2554,#2553,#1459,.T.);
#3322=EDGE_CURVE('',#2555,#2554,#1460,.T.);
#3323=EDGE_CURVE('',#2556,#2555,#1461,.T.);
#3324=EDGE_CURVE('',#2550,#2556,#1462,.T.);
#3325=EDGE_CURVE('',#2553,#2557,#190,.T.);
#3326=EDGE_CURVE('',#2557,#2558,#1463,.T.);
#3327=EDGE_CURVE('',#2558,#2559,#1464,.T.);
#3328=EDGE_CURVE('',#2560,#2559,#1465,.T.);
#3329=EDGE_CURVE('',#2554,#2560,#191,.T.);
#3330=EDGE_CURVE('',#2561,#2552,#192,.T.);
#3331=EDGE_CURVE('',#2561,#2557,#1466,.T.);
#3332=EDGE_CURVE('',#2562,#2549,#1467,.T.);
#3333=EDGE_CURVE('',#2563,#2562,#1468,.T.);
#3334=EDGE_CURVE('',#2563,#2551,#1469,.T.);
#3335=EDGE_CURVE('',#2545,#2564,#193,.T.);
#3336=EDGE_CURVE('',#2564,#2565,#1470,.T.);
#3337=EDGE_CURVE('',#2566,#2565,#1471,.T.);
#3338=EDGE_CURVE('',#2567,#2566,#1472,.T.);
#3339=EDGE_CURVE('',#2546,#2567,#194,.T.);
#3340=EDGE_CURVE('',#2544,#2568,#195,.T.);
#3341=EDGE_CURVE('',#2564,#2568,#1473,.T.);
#3342=EDGE_CURVE('',#2569,#2563,#196,.T.);
#3343=EDGE_CURVE('',#2569,#2570,#1474,.T.);
#3344=EDGE_CURVE('',#2571,#2570,#1475,.T.);
#3345=EDGE_CURVE('',#2572,#2571,#1476,.T.);
#3346=EDGE_CURVE('',#2573,#2572,#1477,.T.);
#3347=EDGE_CURVE('',#2573,#2574,#1478,.T.);
#3348=EDGE_CURVE('',#2575,#2574,#197,.T.);
#3349=EDGE_CURVE('',#2548,#2575,#1479,.T.);
#3350=EDGE_CURVE('',#2547,#2576,#198,.T.);
#3351=EDGE_CURVE('',#2576,#2577,#1480,.T.);
#3352=EDGE_CURVE('',#2578,#2577,#1481,.T.);
#3353=EDGE_CURVE('',#2579,#2578,#1482,.T.);
#3354=EDGE_CURVE('',#2580,#2579,#1483,.T.);
#3355=EDGE_CURVE('',#2581,#2580,#1484,.T.);
#3356=EDGE_CURVE('',#2582,#2581,#1485,.T.);
#3357=EDGE_CURVE('',#2561,#2582,#1486,.T.);
#3358=EDGE_CURVE('',#2583,#2543,#199,.T.);
#3359=EDGE_CURVE('',#2584,#2583,#1487,.T.);
#3360=EDGE_CURVE('',#2585,#2584,#1488,.T.);
#3361=EDGE_CURVE('',#2568,#2585,#1489,.T.);
#3362=EDGE_CURVE('',#2586,#2541,#200,.T.);
#3363=EDGE_CURVE('',#2586,#2583,#1490,.T.);
#3364=EDGE_CURVE('',#2555,#2587,#201,.T.);
#3365=EDGE_CURVE('',#2587,#2588,#1491,.T.);
#3366=EDGE_CURVE('',#2589,#2588,#1492,.T.);
#3367=EDGE_CURVE('',#2590,#2589,#1493,.T.);
#3368=EDGE_CURVE('',#2556,#2590,#202,.T.);
#3369=EDGE_CURVE('',#2560,#2587,#1494,.T.);
#3370=EDGE_CURVE('',#2559,#2581,#1495,.T.);
#3371=EDGE_CURVE('',#2588,#2581,#1496,.T.);
#3372=EDGE_CURVE('',#2582,#2558,#1497,.T.);
#3373=EDGE_CURVE('',#2578,#2585,#1498,.T.);
#3374=EDGE_CURVE('',#2565,#2578,#1499,.T.);
#3375=EDGE_CURVE('',#2576,#2567,#1500,.T.);
#3376=EDGE_CURVE('',#2577,#2566,#1501,.T.);
#3377=EDGE_CURVE('',#2591,#2573,#1502,.T.);
#3378=EDGE_CURVE('',#2592,#2591,#1503,.T.);
#3379=EDGE_CURVE('',#2574,#2592,#1504,.T.);
#3380=EDGE_CURVE('',#2570,#2593,#1505,.T.);
#3381=EDGE_CURVE('',#2594,#2569,#1506,.T.);
#3382=EDGE_CURVE('',#2593,#2594,#1507,.T.);
#3383=EDGE_CURVE('',#2594,#2562,#203,.T.);
#3384=EDGE_CURVE('',#2572,#2595,#1508,.T.);
#3385=EDGE_CURVE('',#2595,#2596,#1509,.T.);
#3386=EDGE_CURVE('',#2596,#2597,#1510,.T.);
#3387=EDGE_CURVE('',#2597,#2598,#1511,.T.);
#3388=EDGE_CURVE('',#2598,#2599,#1512,.T.);
#3389=EDGE_CURVE('',#2591,#2599,#1513,.T.);
#3390=EDGE_CURVE('',#2600,#2593,#1514,.T.);
#3391=EDGE_CURVE('',#2601,#2600,#1515,.T.);
#3392=EDGE_CURVE('',#2601,#2602,#1516,.T.);
#3393=EDGE_CURVE('',#2602,#2603,#1517,.T.);
#3394=EDGE_CURVE('',#2603,#2604,#1518,.T.);
#3395=EDGE_CURVE('',#2571,#2604,#1519,.T.);
#3396=EDGE_CURVE('',#2550,#2605,#204,.T.);
#3397=EDGE_CURVE('',#2605,#2606,#1520,.T.);
#3398=EDGE_CURVE('',#2606,#2607,#1521,.T.);
#3399=EDGE_CURVE('',#2607,#2608,#1522,.T.);
#3400=EDGE_CURVE('',#2608,#2609,#1523,.T.);
#3401=EDGE_CURVE('',#2609,#2586,#1524,.T.);
#3402=EDGE_CURVE('',#2542,#2610,#1525,.T.);
#3403=EDGE_CURVE('',#2610,#2592,#205,.T.);
#3404=EDGE_CURVE('',#2599,#2600,#1526,.T.);
#3405=EDGE_CURVE('',#2609,#2611,#1527,.T.);
#3406=EDGE_CURVE('',#2597,#2611,#1528,.T.);
#3407=EDGE_CURVE('',#2612,#2596,#1529,.T.);
#3408=EDGE_CURVE('',#2612,#2584,#1530,.T.);
#3409=EDGE_CURVE('',#2590,#2605,#1531,.T.);
#3410=EDGE_CURVE('',#2589,#2613,#1532,.T.);
#3411=EDGE_CURVE('',#2603,#2613,#1533,.T.);
#3412=EDGE_CURVE('',#2614,#2602,#1534,.T.);
#3413=EDGE_CURVE('',#2614,#2606,#1535,.T.);
#3414=EDGE_CURVE('',#2580,#2615,#1536,.T.);
#3415=EDGE_CURVE('',#2615,#2613,#1537,.T.);
#3416=EDGE_CURVE('',#2579,#2616,#1538,.T.);
#3417=EDGE_CURVE('',#2616,#2615,#1539,.T.);
#3418=EDGE_CURVE('',#2612,#2616,#1540,.T.);
#3419=EDGE_CURVE('',#2610,#2575,#1541,.T.);
#3420=EDGE_CURVE('',#2604,#2595,#1542,.T.);
#3421=EDGE_CURVE('',#2617,#2608,#1543,.T.);
#3422=EDGE_CURVE('',#2617,#2611,#1544,.T.);
#3423=EDGE_CURVE('',#2614,#2618,#1545,.T.);
#3424=EDGE_CURVE('',#2598,#2601,#1546,.T.);
#3425=EDGE_CURVE('',#2618,#2617,#1547,.T.);
#3426=EDGE_CURVE('',#2618,#2607,#1548,.T.);
#3427=ORIENTED_EDGE('',*,*,#2619,.F.);
#3428=ORIENTED_EDGE('',*,*,#2620,.F.);
#3429=ORIENTED_EDGE('',*,*,#2621,.F.);
#3430=ORIENTED_EDGE('',*,*,#2622,.F.);
#3431=ORIENTED_EDGE('',*,*,#2623,.F.);
#3432=ORIENTED_EDGE('',*,*,#2624,.F.);
#3433=ORIENTED_EDGE('',*,*,#2625,.F.);
#3434=ORIENTED_EDGE('',*,*,#2626,.F.);
#3435=ORIENTED_EDGE('',*,*,#2627,.F.);
#3436=ORIENTED_EDGE('',*,*,#2628,.F.);
#3437=ORIENTED_EDGE('',*,*,#2629,.F.);
#3438=ORIENTED_EDGE('',*,*,#2630,.F.);
#3439=ORIENTED_EDGE('',*,*,#2631,.F.);
#3440=ORIENTED_EDGE('',*,*,#2632,.F.);
#3441=ORIENTED_EDGE('',*,*,#2633,.F.);
#3442=ORIENTED_EDGE('',*,*,#2634,.F.);
#3443=ORIENTED_EDGE('',*,*,#2635,.F.);
#3444=ORIENTED_EDGE('',*,*,#2636,.F.);
#3445=ORIENTED_EDGE('',*,*,#2637,.F.);
#3446=ORIENTED_EDGE('',*,*,#2638,.F.);
#3447=ORIENTED_EDGE('',*,*,#2639,.F.);
#3448=ORIENTED_EDGE('',*,*,#2640,.F.);
#3449=ORIENTED_EDGE('',*,*,#2641,.F.);
#3450=ORIENTED_EDGE('',*,*,#2642,.F.);
#3451=ORIENTED_EDGE('',*,*,#2643,.F.);
#3452=ORIENTED_EDGE('',*,*,#2644,.F.);
#3453=ORIENTED_EDGE('',*,*,#2645,.F.);
#3454=ORIENTED_EDGE('',*,*,#2646,.F.);
#3455=ORIENTED_EDGE('',*,*,#2647,.F.);
#3456=ORIENTED_EDGE('',*,*,#2648,.F.);
#3457=ORIENTED_EDGE('',*,*,#2649,.F.);
#3458=ORIENTED_EDGE('',*,*,#2650,.F.);
#3459=ORIENTED_EDGE('',*,*,#2651,.F.);
#3460=ORIENTED_EDGE('',*,*,#2652,.F.);
#3461=ORIENTED_EDGE('',*,*,#2653,.F.);
#3462=ORIENTED_EDGE('',*,*,#2654,.F.);
#3463=ORIENTED_EDGE('',*,*,#2655,.F.);
#3464=ORIENTED_EDGE('',*,*,#2656,.F.);
#3465=ORIENTED_EDGE('',*,*,#2657,.F.);
#3466=ORIENTED_EDGE('',*,*,#2658,.F.);
#3467=ORIENTED_EDGE('',*,*,#2659,.F.);
#3468=ORIENTED_EDGE('',*,*,#2660,.F.);
#3469=ORIENTED_EDGE('',*,*,#2661,.F.);
#3470=ORIENTED_EDGE('',*,*,#2662,.F.);
#3471=ORIENTED_EDGE('',*,*,#2663,.F.);
#3472=ORIENTED_EDGE('',*,*,#2664,.F.);
#3473=ORIENTED_EDGE('',*,*,#2665,.F.);
#3474=ORIENTED_EDGE('',*,*,#2666,.F.);
#3475=ORIENTED_EDGE('',*,*,#2667,.F.);
#3476=ORIENTED_EDGE('',*,*,#2668,.F.);
#3477=ORIENTED_EDGE('',*,*,#2658,.T.);
#3478=ORIENTED_EDGE('',*,*,#2669,.F.);
#3479=ORIENTED_EDGE('',*,*,#2670,.F.);
#3480=ORIENTED_EDGE('',*,*,#2671,.T.);
#3481=ORIENTED_EDGE('',*,*,#2657,.T.);
#3482=ORIENTED_EDGE('',*,*,#2672,.T.);
#3483=ORIENTED_EDGE('',*,*,#2673,.T.);
#3484=ORIENTED_EDGE('',*,*,#2674,.T.);
#3485=ORIENTED_EDGE('',*,*,#2675,.T.);
#3486=ORIENTED_EDGE('',*,*,#2669,.T.);
#3487=ORIENTED_EDGE('',*,*,#2656,.T.);
#3488=ORIENTED_EDGE('',*,*,#2676,.T.);
#3489=ORIENTED_EDGE('',*,*,#2677,.T.);
#3490=ORIENTED_EDGE('',*,*,#2678,.F.);
#3491=ORIENTED_EDGE('',*,*,#2672,.F.);
#3492=ORIENTED_EDGE('',*,*,#2665,.T.);
#3493=ORIENTED_EDGE('',*,*,#2679,.T.);
#3494=ORIENTED_EDGE('',*,*,#2680,.T.);
#3495=ORIENTED_EDGE('',*,*,#2681,.F.);
#3496=ORIENTED_EDGE('',*,*,#2663,.T.);
#3497=ORIENTED_EDGE('',*,*,#2682,.T.);
#3498=ORIENTED_EDGE('',*,*,#2683,.T.);
#3499=ORIENTED_EDGE('',*,*,#2684,.F.);
#3500=ORIENTED_EDGE('',*,*,#2637,.T.);
#3501=ORIENTED_EDGE('',*,*,#2685,.F.);
#3502=ORIENTED_EDGE('',*,*,#2686,.T.);
#3503=ORIENTED_EDGE('',*,*,#2687,.T.);
#3504=ORIENTED_EDGE('',*,*,#2688,.T.);
#3505=ORIENTED_EDGE('',*,*,#2689,.T.);
#3506=ORIENTED_EDGE('',*,*,#2690,.T.);
#3507=ORIENTED_EDGE('',*,*,#2691,.T.);
#3508=ORIENTED_EDGE('',*,*,#2636,.T.);
#3509=ORIENTED_EDGE('',*,*,#2692,.T.);
#3510=ORIENTED_EDGE('',*,*,#2685,.T.);
#3511=ORIENTED_EDGE('',*,*,#2635,.T.);
#3512=ORIENTED_EDGE('',*,*,#2693,.T.);
#3513=ORIENTED_EDGE('',*,*,#2692,.F.);
#3514=ORIENTED_EDGE('',*,*,#2634,.T.);
#3515=ORIENTED_EDGE('',*,*,#2694,.F.);
#3516=ORIENTED_EDGE('',*,*,#2695,.F.);
#3517=ORIENTED_EDGE('',*,*,#2696,.T.);
#3518=ORIENTED_EDGE('',*,*,#2686,.F.);
#3519=ORIENTED_EDGE('',*,*,#2693,.F.);
#3520=ORIENTED_EDGE('',*,*,#2633,.T.);
#3521=ORIENTED_EDGE('',*,*,#2697,.F.);
#3522=ORIENTED_EDGE('',*,*,#2698,.F.);
#3523=ORIENTED_EDGE('',*,*,#2694,.T.);
#3524=ORIENTED_EDGE('',*,*,#2632,.T.);
#3525=ORIENTED_EDGE('',*,*,#2699,.T.);
#3526=ORIENTED_EDGE('',*,*,#2700,.T.);
#3527=ORIENTED_EDGE('',*,*,#2701,.F.);
#3528=ORIENTED_EDGE('',*,*,#2697,.T.);
#3529=ORIENTED_EDGE('',*,*,#2631,.T.);
#3530=ORIENTED_EDGE('',*,*,#2702,.T.);
#3531=ORIENTED_EDGE('',*,*,#2703,.T.);
#3532=ORIENTED_EDGE('',*,*,#2704,.T.);
#3533=ORIENTED_EDGE('',*,*,#2705,.F.);
#3534=ORIENTED_EDGE('',*,*,#2699,.F.);
#3535=ORIENTED_EDGE('',*,*,#2630,.T.);
#3536=ORIENTED_EDGE('',*,*,#2706,.F.);
#3537=ORIENTED_EDGE('',*,*,#2707,.T.);
#3538=ORIENTED_EDGE('',*,*,#2702,.F.);
#3539=ORIENTED_EDGE('',*,*,#2628,.T.);
#3540=ORIENTED_EDGE('',*,*,#2708,.F.);
#3541=ORIENTED_EDGE('',*,*,#2709,.F.);
#3542=ORIENTED_EDGE('',*,*,#2710,.T.);
#3543=ORIENTED_EDGE('',*,*,#2627,.T.);
#3544=ORIENTED_EDGE('',*,*,#2711,.F.);
#3545=ORIENTED_EDGE('',*,*,#2708,.T.);
#3546=ORIENTED_EDGE('',*,*,#2626,.T.);
#3547=ORIENTED_EDGE('',*,*,#2712,.F.);
#3548=ORIENTED_EDGE('',*,*,#2713,.F.);
#3549=ORIENTED_EDGE('',*,*,#2714,.F.);
#3550=ORIENTED_EDGE('',*,*,#2711,.T.);
#3551=ORIENTED_EDGE('',*,*,#2625,.T.);
#3552=ORIENTED_EDGE('',*,*,#2715,.T.);
#3553=ORIENTED_EDGE('',*,*,#2712,.T.);
#3554=ORIENTED_EDGE('',*,*,#2624,.T.);
#3555=ORIENTED_EDGE('',*,*,#2716,.T.);
#3556=ORIENTED_EDGE('',*,*,#2717,.T.);
#3557=ORIENTED_EDGE('',*,*,#2715,.F.);
#3558=ORIENTED_EDGE('',*,*,#2623,.T.);
#3559=ORIENTED_EDGE('',*,*,#2718,.T.);
#3560=ORIENTED_EDGE('',*,*,#2716,.F.);
#3561=ORIENTED_EDGE('',*,*,#2622,.T.);
#3562=ORIENTED_EDGE('',*,*,#2719,.F.);
#3563=ORIENTED_EDGE('',*,*,#2720,.F.);
#3564=ORIENTED_EDGE('',*,*,#2721,.T.);
#3565=ORIENTED_EDGE('',*,*,#2718,.F.);
#3566=ORIENTED_EDGE('',*,*,#2621,.T.);
#3567=ORIENTED_EDGE('',*,*,#2722,.T.);
#3568=ORIENTED_EDGE('',*,*,#2719,.T.);
#3569=ORIENTED_EDGE('',*,*,#2620,.T.);
#3570=ORIENTED_EDGE('',*,*,#2723,.T.);
#3571=ORIENTED_EDGE('',*,*,#2724,.F.);
#3572=ORIENTED_EDGE('',*,*,#2722,.F.);
#3573=ORIENTED_EDGE('',*,*,#2629,.T.);
#3574=ORIENTED_EDGE('',*,*,#2710,.F.);
#3575=ORIENTED_EDGE('',*,*,#2725,.T.);
#3576=ORIENTED_EDGE('',*,*,#2726,.T.);
#3577=ORIENTED_EDGE('',*,*,#2727,.T.);
#3578=ORIENTED_EDGE('',*,*,#2723,.F.);
#3579=ORIENTED_EDGE('',*,*,#2619,.T.);
#3580=ORIENTED_EDGE('',*,*,#2728,.T.);
#3581=ORIENTED_EDGE('',*,*,#2729,.T.);
#3582=ORIENTED_EDGE('',*,*,#2730,.F.);
#3583=ORIENTED_EDGE('',*,*,#2731,.F.);
#3584=ORIENTED_EDGE('',*,*,#2732,.F.);
#3585=ORIENTED_EDGE('',*,*,#2733,.F.);
#3586=ORIENTED_EDGE('',*,*,#2734,.F.);
#3587=ORIENTED_EDGE('',*,*,#2735,.F.);
#3588=ORIENTED_EDGE('',*,*,#2706,.T.);
#3589=ORIENTED_EDGE('',*,*,#2736,.F.);
#3590=ORIENTED_EDGE('',*,*,#2737,.F.);
#3591=ORIENTED_EDGE('',*,*,#2738,.F.);
#3592=ORIENTED_EDGE('',*,*,#2739,.F.);
#3593=ORIENTED_EDGE('',*,*,#2740,.F.);
#3594=ORIENTED_EDGE('',*,*,#2741,.T.);
#3595=ORIENTED_EDGE('',*,*,#2742,.F.);
#3596=ORIENTED_EDGE('',*,*,#2743,.F.);
#3597=ORIENTED_EDGE('',*,*,#2744,.F.);
#3598=ORIENTED_EDGE('',*,*,#2745,.T.);
#3599=ORIENTED_EDGE('',*,*,#2746,.F.);
#3600=ORIENTED_EDGE('',*,*,#2747,.T.);
#3601=ORIENTED_EDGE('',*,*,#2748,.F.);
#3602=ORIENTED_EDGE('',*,*,#2749,.T.);
#3603=ORIENTED_EDGE('',*,*,#2750,.F.);
#3604=ORIENTED_EDGE('',*,*,#2742,.T.);
#3605=ORIENTED_EDGE('',*,*,#2751,.F.);
#3606=ORIENTED_EDGE('',*,*,#2744,.T.);
#3607=ORIENTED_EDGE('',*,*,#2689,.F.);
#3608=ORIENTED_EDGE('',*,*,#2752,.T.);
#3609=ORIENTED_EDGE('',*,*,#2753,.F.);
#3610=ORIENTED_EDGE('',*,*,#2754,.T.);
#3611=ORIENTED_EDGE('',*,*,#2755,.T.);
#3612=ORIENTED_EDGE('',*,*,#2639,.T.);
#3613=ORIENTED_EDGE('',*,*,#2756,.F.);
#3614=ORIENTED_EDGE('',*,*,#2690,.F.);
#3615=ORIENTED_EDGE('',*,*,#2755,.F.);
#3616=ORIENTED_EDGE('',*,*,#2757,.T.);
#3617=ORIENTED_EDGE('',*,*,#2638,.T.);
#3618=ORIENTED_EDGE('',*,*,#2691,.F.);
#3619=ORIENTED_EDGE('',*,*,#2756,.T.);
#3620=ORIENTED_EDGE('',*,*,#2758,.F.);
#3621=ORIENTED_EDGE('',*,*,#2759,.F.);
#3622=ORIENTED_EDGE('',*,*,#2748,.T.);
#3623=ORIENTED_EDGE('',*,*,#2760,.F.);
#3624=ORIENTED_EDGE('',*,*,#2761,.F.);
#3625=ORIENTED_EDGE('',*,*,#2762,.F.);
#3626=ORIENTED_EDGE('',*,*,#2763,.T.);
#3627=ORIENTED_EDGE('',*,*,#2764,.F.);
#3628=ORIENTED_EDGE('',*,*,#2765,.T.);
#3629=ORIENTED_EDGE('',*,*,#2766,.T.);
#3630=ORIENTED_EDGE('',*,*,#2767,.T.);
#3631=ORIENTED_EDGE('',*,*,#2768,.T.);
#3632=ORIENTED_EDGE('',*,*,#2769,.T.);
#3633=ORIENTED_EDGE('',*,*,#2770,.F.);
#3634=ORIENTED_EDGE('',*,*,#2752,.F.);
#3635=ORIENTED_EDGE('',*,*,#2688,.F.);
#3636=ORIENTED_EDGE('',*,*,#2771,.F.);
#3637=ORIENTED_EDGE('',*,*,#2745,.F.);
#3638=ORIENTED_EDGE('',*,*,#2751,.T.);
#3639=ORIENTED_EDGE('',*,*,#2741,.F.);
#3640=ORIENTED_EDGE('',*,*,#2772,.F.);
#3641=ORIENTED_EDGE('',*,*,#2760,.T.);
#3642=ORIENTED_EDGE('',*,*,#2747,.F.);
#3643=ORIENTED_EDGE('',*,*,#2773,.F.);
#3644=ORIENTED_EDGE('',*,*,#2749,.F.);
#3645=ORIENTED_EDGE('',*,*,#2759,.T.);
#3646=ORIENTED_EDGE('',*,*,#2774,.T.);
#3647=ORIENTED_EDGE('',*,*,#2775,.T.);
#3648=ORIENTED_EDGE('',*,*,#2770,.T.);
#3649=ORIENTED_EDGE('',*,*,#2776,.F.);
#3650=ORIENTED_EDGE('',*,*,#2777,.F.);
#3651=ORIENTED_EDGE('',*,*,#2778,.T.);
#3652=ORIENTED_EDGE('',*,*,#2779,.F.);
#3653=ORIENTED_EDGE('',*,*,#2780,.T.);
#3654=ORIENTED_EDGE('',*,*,#2781,.T.);
#3655=ORIENTED_EDGE('',*,*,#2782,.F.);
#3656=ORIENTED_EDGE('',*,*,#2764,.T.);
#3657=ORIENTED_EDGE('',*,*,#2783,.F.);
#3658=ORIENTED_EDGE('',*,*,#2784,.T.);
#3659=ORIENTED_EDGE('',*,*,#2785,.F.);
#3660=ORIENTED_EDGE('',*,*,#2786,.T.);
#3661=ORIENTED_EDGE('',*,*,#2787,.F.);
#3662=ORIENTED_EDGE('',*,*,#2788,.F.);
#3663=ORIENTED_EDGE('',*,*,#2789,.F.);
#3664=ORIENTED_EDGE('',*,*,#2790,.T.);
#3665=ORIENTED_EDGE('',*,*,#2791,.F.);
#3666=ORIENTED_EDGE('',*,*,#2769,.F.);
#3667=ORIENTED_EDGE('',*,*,#2792,.T.);
#3668=ORIENTED_EDGE('',*,*,#2776,.T.);
#3669=ORIENTED_EDGE('',*,*,#2793,.T.);
#3670=ORIENTED_EDGE('',*,*,#2794,.T.);
#3671=ORIENTED_EDGE('',*,*,#2795,.T.);
#3672=ORIENTED_EDGE('',*,*,#2792,.F.);
#3673=ORIENTED_EDGE('',*,*,#2768,.F.);
#3674=ORIENTED_EDGE('',*,*,#2796,.F.);
#3675=ORIENTED_EDGE('',*,*,#2797,.F.);
#3676=ORIENTED_EDGE('',*,*,#2796,.T.);
#3677=ORIENTED_EDGE('',*,*,#2767,.F.);
#3678=ORIENTED_EDGE('',*,*,#2798,.F.);
#3679=ORIENTED_EDGE('',*,*,#2799,.F.);
#3680=ORIENTED_EDGE('',*,*,#2800,.T.);
#3681=ORIENTED_EDGE('',*,*,#2801,.T.);
#3682=ORIENTED_EDGE('',*,*,#2798,.T.);
#3683=ORIENTED_EDGE('',*,*,#2766,.F.);
#3684=ORIENTED_EDGE('',*,*,#2802,.F.);
#3685=ORIENTED_EDGE('',*,*,#2782,.T.);
#3686=ORIENTED_EDGE('',*,*,#2802,.T.);
#3687=ORIENTED_EDGE('',*,*,#2765,.F.);
#3688=ORIENTED_EDGE('',*,*,#2803,.F.);
#3689=ORIENTED_EDGE('',*,*,#2804,.T.);
#3690=ORIENTED_EDGE('',*,*,#2805,.T.);
#3691=ORIENTED_EDGE('',*,*,#2806,.F.);
#3692=ORIENTED_EDGE('',*,*,#2763,.F.);
#3693=ORIENTED_EDGE('',*,*,#2775,.F.);
#3694=ORIENTED_EDGE('',*,*,#2807,.T.);
#3695=ORIENTED_EDGE('',*,*,#2808,.T.);
#3696=ORIENTED_EDGE('',*,*,#2809,.T.);
#3697=ORIENTED_EDGE('',*,*,#2810,.F.);
#3698=ORIENTED_EDGE('',*,*,#2753,.T.);
#3699=ORIENTED_EDGE('',*,*,#2811,.T.);
#3700=ORIENTED_EDGE('',*,*,#2812,.T.);
#3701=ORIENTED_EDGE('',*,*,#2813,.T.);
#3702=ORIENTED_EDGE('',*,*,#2783,.T.);
#3703=ORIENTED_EDGE('',*,*,#2806,.T.);
#3704=ORIENTED_EDGE('',*,*,#2814,.F.);
#3705=ORIENTED_EDGE('',*,*,#2640,.T.);
#3706=ORIENTED_EDGE('',*,*,#2757,.F.);
#3707=ORIENTED_EDGE('',*,*,#2754,.F.);
#3708=ORIENTED_EDGE('',*,*,#2810,.T.);
#3709=ORIENTED_EDGE('',*,*,#2815,.F.);
#3710=ORIENTED_EDGE('',*,*,#2816,.T.);
#3711=ORIENTED_EDGE('',*,*,#2817,.T.);
#3712=ORIENTED_EDGE('',*,*,#2818,.T.);
#3713=ORIENTED_EDGE('',*,*,#2819,.F.);
#3714=ORIENTED_EDGE('',*,*,#2820,.T.);
#3715=ORIENTED_EDGE('',*,*,#2774,.F.);
#3716=ORIENTED_EDGE('',*,*,#2821,.T.);
#3717=ORIENTED_EDGE('',*,*,#2822,.T.);
#3718=ORIENTED_EDGE('',*,*,#2823,.T.);
#3719=ORIENTED_EDGE('',*,*,#2824,.F.);
#3720=ORIENTED_EDGE('',*,*,#2791,.T.);
#3721=ORIENTED_EDGE('',*,*,#2825,.F.);
#3722=ORIENTED_EDGE('',*,*,#2826,.T.);
#3723=ORIENTED_EDGE('',*,*,#2825,.T.);
#3724=ORIENTED_EDGE('',*,*,#2790,.F.);
#3725=ORIENTED_EDGE('',*,*,#2827,.F.);
#3726=ORIENTED_EDGE('',*,*,#2789,.T.);
#3727=ORIENTED_EDGE('',*,*,#2828,.T.);
#3728=ORIENTED_EDGE('',*,*,#2829,.F.);
#3729=ORIENTED_EDGE('',*,*,#2830,.T.);
#3730=ORIENTED_EDGE('',*,*,#2827,.T.);
#3731=ORIENTED_EDGE('',*,*,#2660,.T.);
#3732=ORIENTED_EDGE('',*,*,#2831,.F.);
#3733=ORIENTED_EDGE('',*,*,#2832,.T.);
#3734=ORIENTED_EDGE('',*,*,#2833,.F.);
#3735=ORIENTED_EDGE('',*,*,#2828,.F.);
#3736=ORIENTED_EDGE('',*,*,#2788,.T.);
#3737=ORIENTED_EDGE('',*,*,#2834,.F.);
#3738=ORIENTED_EDGE('',*,*,#2835,.F.);
#3739=ORIENTED_EDGE('',*,*,#2836,.F.);
#3740=ORIENTED_EDGE('',*,*,#2679,.F.);
#3741=ORIENTED_EDGE('',*,*,#2664,.T.);
#3742=ORIENTED_EDGE('',*,*,#2684,.T.);
#3743=ORIENTED_EDGE('',*,*,#2837,.T.);
#3744=ORIENTED_EDGE('',*,*,#2838,.F.);
#3745=ORIENTED_EDGE('',*,*,#2839,.T.);
#3746=ORIENTED_EDGE('',*,*,#2840,.T.);
#3747=ORIENTED_EDGE('',*,*,#2841,.F.);
#3748=ORIENTED_EDGE('',*,*,#2834,.T.);
#3749=ORIENTED_EDGE('',*,*,#2787,.T.);
#3750=ORIENTED_EDGE('',*,*,#2842,.F.);
#3751=ORIENTED_EDGE('',*,*,#2843,.T.);
#3752=ORIENTED_EDGE('',*,*,#2786,.F.);
#3753=ORIENTED_EDGE('',*,*,#2844,.T.);
#3754=ORIENTED_EDGE('',*,*,#2845,.T.);
#3755=ORIENTED_EDGE('',*,*,#2842,.T.);
#3756=ORIENTED_EDGE('',*,*,#2844,.F.);
#3757=ORIENTED_EDGE('',*,*,#2785,.T.);
#3758=ORIENTED_EDGE('',*,*,#2846,.F.);
#3759=ORIENTED_EDGE('',*,*,#2784,.F.);
#3760=ORIENTED_EDGE('',*,*,#2847,.F.);
#3761=ORIENTED_EDGE('',*,*,#2848,.F.);
#3762=ORIENTED_EDGE('',*,*,#2849,.T.);
#3763=ORIENTED_EDGE('',*,*,#2850,.T.);
#3764=ORIENTED_EDGE('',*,*,#2851,.T.);
#3765=ORIENTED_EDGE('',*,*,#2852,.F.);
#3766=ORIENTED_EDGE('',*,*,#2853,.T.);
#3767=ORIENTED_EDGE('',*,*,#2799,.T.);
#3768=ORIENTED_EDGE('',*,*,#2781,.F.);
#3769=ORIENTED_EDGE('',*,*,#2854,.F.);
#3770=ORIENTED_EDGE('',*,*,#2855,.T.);
#3771=ORIENTED_EDGE('',*,*,#2852,.T.);
#3772=ORIENTED_EDGE('',*,*,#2780,.F.);
#3773=ORIENTED_EDGE('',*,*,#2856,.F.);
#3774=ORIENTED_EDGE('',*,*,#2854,.T.);
#3775=ORIENTED_EDGE('',*,*,#2779,.T.);
#3776=ORIENTED_EDGE('',*,*,#2857,.F.);
#3777=ORIENTED_EDGE('',*,*,#2858,.F.);
#3778=ORIENTED_EDGE('',*,*,#2859,.T.);
#3779=ORIENTED_EDGE('',*,*,#2857,.T.);
#3780=ORIENTED_EDGE('',*,*,#2778,.F.);
#3781=ORIENTED_EDGE('',*,*,#2860,.F.);
#3782=ORIENTED_EDGE('',*,*,#2858,.T.);
#3783=ORIENTED_EDGE('',*,*,#2777,.T.);
#3784=ORIENTED_EDGE('',*,*,#2795,.F.);
#3785=ORIENTED_EDGE('',*,*,#2807,.F.);
#3786=ORIENTED_EDGE('',*,*,#2820,.F.);
#3787=ORIENTED_EDGE('',*,*,#2861,.F.);
#3788=ORIENTED_EDGE('',*,*,#2677,.F.);
#3789=ORIENTED_EDGE('',*,*,#2862,.F.);
#3790=ORIENTED_EDGE('',*,*,#2821,.F.);
#3791=ORIENTED_EDGE('',*,*,#2824,.T.);
#3792=ORIENTED_EDGE('',*,*,#2826,.F.);
#3793=ORIENTED_EDGE('',*,*,#2830,.F.);
#3794=ORIENTED_EDGE('',*,*,#2851,.F.);
#3795=ORIENTED_EDGE('',*,*,#2843,.F.);
#3796=ORIENTED_EDGE('',*,*,#2845,.F.);
#3797=ORIENTED_EDGE('',*,*,#2846,.T.);
#3798=ORIENTED_EDGE('',*,*,#2863,.F.);
#3799=ORIENTED_EDGE('',*,*,#2847,.T.);
#3800=ORIENTED_EDGE('',*,*,#2813,.F.);
#3801=ORIENTED_EDGE('',*,*,#2864,.F.);
#3802=ORIENTED_EDGE('',*,*,#2865,.F.);
#3803=ORIENTED_EDGE('',*,*,#2793,.F.);
#3804=ORIENTED_EDGE('',*,*,#2797,.T.);
#3805=ORIENTED_EDGE('',*,*,#2801,.F.);
#3806=ORIENTED_EDGE('',*,*,#2866,.T.);
#3807=ORIENTED_EDGE('',*,*,#2867,.T.);
#3808=ORIENTED_EDGE('',*,*,#2868,.T.);
#3809=ORIENTED_EDGE('',*,*,#2817,.F.);
#3810=ORIENTED_EDGE('',*,*,#2869,.T.);
#3811=ORIENTED_EDGE('',*,*,#2859,.F.);
#3812=ORIENTED_EDGE('',*,*,#2860,.T.);
#3813=ORIENTED_EDGE('',*,*,#2794,.F.);
#3814=ORIENTED_EDGE('',*,*,#2869,.F.);
#3815=ORIENTED_EDGE('',*,*,#2816,.F.);
#3816=ORIENTED_EDGE('',*,*,#2870,.T.);
#3817=ORIENTED_EDGE('',*,*,#2838,.T.);
#3818=ORIENTED_EDGE('',*,*,#2871,.T.);
#3819=ORIENTED_EDGE('',*,*,#2872,.F.);
#3820=ORIENTED_EDGE('',*,*,#2866,.F.);
#3821=ORIENTED_EDGE('',*,*,#2800,.F.);
#3822=ORIENTED_EDGE('',*,*,#2853,.F.);
#3823=ORIENTED_EDGE('',*,*,#2855,.F.);
#3824=ORIENTED_EDGE('',*,*,#2856,.T.);
#3825=ORIENTED_EDGE('',*,*,#2644,.T.);
#3826=ORIENTED_EDGE('',*,*,#2873,.T.);
#3827=ORIENTED_EDGE('',*,*,#2867,.F.);
#3828=ORIENTED_EDGE('',*,*,#2872,.T.);
#3829=ORIENTED_EDGE('',*,*,#2874,.F.);
#3830=ORIENTED_EDGE('',*,*,#2814,.T.);
#3831=ORIENTED_EDGE('',*,*,#2805,.F.);
#3832=ORIENTED_EDGE('',*,*,#2875,.T.);
#3833=ORIENTED_EDGE('',*,*,#2645,.T.);
#3834=ORIENTED_EDGE('',*,*,#2875,.F.);
#3835=ORIENTED_EDGE('',*,*,#2804,.F.);
#3836=ORIENTED_EDGE('',*,*,#2876,.F.);
#3837=ORIENTED_EDGE('',*,*,#2877,.F.);
#3838=ORIENTED_EDGE('',*,*,#2646,.T.);
#3839=ORIENTED_EDGE('',*,*,#2877,.T.);
#3840=ORIENTED_EDGE('',*,*,#2878,.F.);
#3841=ORIENTED_EDGE('',*,*,#2839,.F.);
#3842=ORIENTED_EDGE('',*,*,#2870,.F.);
#3843=ORIENTED_EDGE('',*,*,#2815,.T.);
#3844=ORIENTED_EDGE('',*,*,#2809,.F.);
#3845=ORIENTED_EDGE('',*,*,#2879,.T.);
#3846=ORIENTED_EDGE('',*,*,#2880,.F.);
#3847=ORIENTED_EDGE('',*,*,#2655,.T.);
#3848=ORIENTED_EDGE('',*,*,#2881,.F.);
#3849=ORIENTED_EDGE('',*,*,#2879,.F.);
#3850=ORIENTED_EDGE('',*,*,#2808,.F.);
#3851=ORIENTED_EDGE('',*,*,#2862,.T.);
#3852=ORIENTED_EDGE('',*,*,#2676,.F.);
#3853=ORIENTED_EDGE('',*,*,#2837,.F.);
#3854=ORIENTED_EDGE('',*,*,#2683,.F.);
#3855=ORIENTED_EDGE('',*,*,#2882,.T.);
#3856=ORIENTED_EDGE('',*,*,#2811,.F.);
#3857=ORIENTED_EDGE('',*,*,#2874,.T.);
#3858=ORIENTED_EDGE('',*,*,#2871,.F.);
#3859=ORIENTED_EDGE('',*,*,#2662,.T.);
#3860=ORIENTED_EDGE('',*,*,#2883,.F.);
#3861=ORIENTED_EDGE('',*,*,#2864,.T.);
#3862=ORIENTED_EDGE('',*,*,#2812,.F.);
#3863=ORIENTED_EDGE('',*,*,#2882,.F.);
#3864=ORIENTED_EDGE('',*,*,#2682,.F.);
#3865=ORIENTED_EDGE('',*,*,#2641,.T.);
#3866=ORIENTED_EDGE('',*,*,#2818,.F.);
#3867=ORIENTED_EDGE('',*,*,#2884,.F.);
#3868=ORIENTED_EDGE('',*,*,#2642,.T.);
#3869=ORIENTED_EDGE('',*,*,#2884,.T.);
#3870=ORIENTED_EDGE('',*,*,#2868,.F.);
#3871=ORIENTED_EDGE('',*,*,#2885,.F.);
#3872=ORIENTED_EDGE('',*,*,#2861,.T.);
#3873=ORIENTED_EDGE('',*,*,#2819,.T.);
#3874=ORIENTED_EDGE('',*,*,#2886,.T.);
#3875=ORIENTED_EDGE('',*,*,#2887,.T.);
#3876=ORIENTED_EDGE('',*,*,#2673,.F.);
#3877=ORIENTED_EDGE('',*,*,#2678,.T.);
#3878=ORIENTED_EDGE('',*,*,#2888,.F.);
#3879=ORIENTED_EDGE('',*,*,#2889,.T.);
#3880=ORIENTED_EDGE('',*,*,#2890,.T.);
#3881=ORIENTED_EDGE('',*,*,#2886,.F.);
#3882=ORIENTED_EDGE('',*,*,#2823,.F.);
#3883=ORIENTED_EDGE('',*,*,#2829,.T.);
#3884=ORIENTED_EDGE('',*,*,#2833,.T.);
#3885=ORIENTED_EDGE('',*,*,#2888,.T.);
#3886=ORIENTED_EDGE('',*,*,#2822,.F.);
#3887=ORIENTED_EDGE('',*,*,#2680,.F.);
#3888=ORIENTED_EDGE('',*,*,#2836,.T.);
#3889=ORIENTED_EDGE('',*,*,#2891,.F.);
#3890=ORIENTED_EDGE('',*,*,#2892,.F.);
#3891=ORIENTED_EDGE('',*,*,#2893,.T.);
#3892=ORIENTED_EDGE('',*,*,#2835,.T.);
#3893=ORIENTED_EDGE('',*,*,#2841,.T.);
#3894=ORIENTED_EDGE('',*,*,#2850,.F.);
#3895=ORIENTED_EDGE('',*,*,#2832,.F.);
#3896=ORIENTED_EDGE('',*,*,#2894,.T.);
#3897=ORIENTED_EDGE('',*,*,#2895,.T.);
#3898=ORIENTED_EDGE('',*,*,#2889,.F.);
#3899=ORIENTED_EDGE('',*,*,#2659,.T.);
#3900=ORIENTED_EDGE('',*,*,#2671,.F.);
#3901=ORIENTED_EDGE('',*,*,#2894,.F.);
#3902=ORIENTED_EDGE('',*,*,#2831,.T.);
#3903=ORIENTED_EDGE('',*,*,#2661,.T.);
#3904=ORIENTED_EDGE('',*,*,#2840,.F.);
#3905=ORIENTED_EDGE('',*,*,#2880,.T.);
#3906=ORIENTED_EDGE('',*,*,#2881,.T.);
#3907=ORIENTED_EDGE('',*,*,#2896,.T.);
#3908=ORIENTED_EDGE('',*,*,#2891,.T.);
#3909=ORIENTED_EDGE('',*,*,#2893,.F.);
#3910=ORIENTED_EDGE('',*,*,#2849,.F.);
#3911=ORIENTED_EDGE('',*,*,#2897,.F.);
#3912=ORIENTED_EDGE('',*,*,#2898,.F.);
#3913=ORIENTED_EDGE('',*,*,#2897,.T.);
#3914=ORIENTED_EDGE('',*,*,#2848,.T.);
#3915=ORIENTED_EDGE('',*,*,#2863,.T.);
#3916=ORIENTED_EDGE('',*,*,#2899,.F.);
#3917=ORIENTED_EDGE('',*,*,#2900,.F.);
#3918=ORIENTED_EDGE('',*,*,#2668,.T.);
#3919=ORIENTED_EDGE('',*,*,#2901,.F.);
#3920=ORIENTED_EDGE('',*,*,#2899,.T.);
#3921=ORIENTED_EDGE('',*,*,#2865,.T.);
#3922=ORIENTED_EDGE('',*,*,#2883,.T.);
#3923=ORIENTED_EDGE('',*,*,#2643,.T.);
#3924=ORIENTED_EDGE('',*,*,#2885,.T.);
#3925=ORIENTED_EDGE('',*,*,#2873,.F.);
#3926=ORIENTED_EDGE('',*,*,#2674,.F.);
#3927=ORIENTED_EDGE('',*,*,#2887,.F.);
#3928=ORIENTED_EDGE('',*,*,#2890,.F.);
#3929=ORIENTED_EDGE('',*,*,#2902,.F.);
#3930=ORIENTED_EDGE('',*,*,#2895,.F.);
#3931=ORIENTED_EDGE('',*,*,#2670,.T.);
#3932=ORIENTED_EDGE('',*,*,#2675,.F.);
#3933=ORIENTED_EDGE('',*,*,#2902,.T.);
#3934=ORIENTED_EDGE('',*,*,#2666,.T.);
#3935=ORIENTED_EDGE('',*,*,#2681,.T.);
#3936=ORIENTED_EDGE('',*,*,#2903,.T.);
#3937=ORIENTED_EDGE('',*,*,#2904,.F.);
#3938=ORIENTED_EDGE('',*,*,#2905,.F.);
#3939=ORIENTED_EDGE('',*,*,#2906,.F.);
#3940=ORIENTED_EDGE('',*,*,#2903,.F.);
#3941=ORIENTED_EDGE('',*,*,#2892,.T.);
#3942=ORIENTED_EDGE('',*,*,#2898,.T.);
#3943=ORIENTED_EDGE('',*,*,#2907,.T.);
#3944=ORIENTED_EDGE('',*,*,#2905,.T.);
#3945=ORIENTED_EDGE('',*,*,#2896,.F.);
#3946=ORIENTED_EDGE('',*,*,#2667,.T.);
#3947=ORIENTED_EDGE('',*,*,#2904,.T.);
#3948=ORIENTED_EDGE('',*,*,#2906,.T.);
#3949=ORIENTED_EDGE('',*,*,#2907,.F.);
#3950=ORIENTED_EDGE('',*,*,#2900,.T.);
#3951=ORIENTED_EDGE('',*,*,#2901,.T.);
#3952=ORIENTED_EDGE('',*,*,#2908,.F.);
#3953=ORIENTED_EDGE('',*,*,#2909,.F.);
#3954=ORIENTED_EDGE('',*,*,#2910,.F.);
#3955=ORIENTED_EDGE('',*,*,#2911,.T.);
#3956=ORIENTED_EDGE('',*,*,#2912,.F.);
#3957=ORIENTED_EDGE('',*,*,#2913,.F.);
#3958=ORIENTED_EDGE('',*,*,#2914,.F.);
#3959=ORIENTED_EDGE('',*,*,#2915,.T.);
#3960=ORIENTED_EDGE('',*,*,#2916,.T.);
#3961=ORIENTED_EDGE('',*,*,#2917,.F.);
#3962=ORIENTED_EDGE('',*,*,#2915,.F.);
#3963=ORIENTED_EDGE('',*,*,#2918,.F.);
#3964=ORIENTED_EDGE('',*,*,#2909,.T.);
#3965=ORIENTED_EDGE('',*,*,#2919,.F.);
#3966=ORIENTED_EDGE('',*,*,#2920,.F.);
#3967=ORIENTED_EDGE('',*,*,#2921,.F.);
#3968=ORIENTED_EDGE('',*,*,#2908,.T.);
#3969=ORIENTED_EDGE('',*,*,#2922,.T.);
#3970=ORIENTED_EDGE('',*,*,#2923,.F.);
#3971=ORIENTED_EDGE('',*,*,#2919,.T.);
#3972=ORIENTED_EDGE('',*,*,#2698,.T.);
#3973=ORIENTED_EDGE('',*,*,#2924,.T.);
#3974=ORIENTED_EDGE('',*,*,#2925,.T.);
#3975=ORIENTED_EDGE('',*,*,#2695,.T.);
#3976=ORIENTED_EDGE('',*,*,#2926,.F.);
#3977=ORIENTED_EDGE('',*,*,#2927,.T.);
#3978=ORIENTED_EDGE('',*,*,#2925,.F.);
#3979=ORIENTED_EDGE('',*,*,#2928,.T.);
#3980=ORIENTED_EDGE('',*,*,#2929,.F.);
#3981=ORIENTED_EDGE('',*,*,#2930,.T.);
#3982=ORIENTED_EDGE('',*,*,#2931,.T.);
#3983=ORIENTED_EDGE('',*,*,#2932,.T.);
#3984=ORIENTED_EDGE('',*,*,#2933,.T.);
#3985=ORIENTED_EDGE('',*,*,#2934,.T.);
#3986=ORIENTED_EDGE('',*,*,#2931,.F.);
#3987=ORIENTED_EDGE('',*,*,#2935,.T.);
#3988=ORIENTED_EDGE('',*,*,#2651,.T.);
#3989=ORIENTED_EDGE('',*,*,#2936,.T.);
#3990=ORIENTED_EDGE('',*,*,#2933,.F.);
#3991=ORIENTED_EDGE('',*,*,#2937,.T.);
#3992=ORIENTED_EDGE('',*,*,#2935,.F.);
#3993=ORIENTED_EDGE('',*,*,#2930,.F.);
#3994=ORIENTED_EDGE('',*,*,#2938,.F.);
#3995=ORIENTED_EDGE('',*,*,#2939,.F.);
#3996=ORIENTED_EDGE('',*,*,#2940,.F.);
#3997=ORIENTED_EDGE('',*,*,#2924,.F.);
#3998=ORIENTED_EDGE('',*,*,#2701,.T.);
#3999=ORIENTED_EDGE('',*,*,#2941,.T.);
#4000=ORIENTED_EDGE('',*,*,#2942,.F.);
#4001=ORIENTED_EDGE('',*,*,#2928,.F.);
#4002=ORIENTED_EDGE('',*,*,#2700,.F.);
#4003=ORIENTED_EDGE('',*,*,#2705,.T.);
#4004=ORIENTED_EDGE('',*,*,#2943,.T.);
#4005=ORIENTED_EDGE('',*,*,#2944,.F.);
#4006=ORIENTED_EDGE('',*,*,#2941,.F.);
#4007=ORIENTED_EDGE('',*,*,#2707,.F.);
#4008=ORIENTED_EDGE('',*,*,#2735,.T.);
#4009=ORIENTED_EDGE('',*,*,#2945,.T.);
#4010=ORIENTED_EDGE('',*,*,#2703,.F.);
#4011=ORIENTED_EDGE('',*,*,#2734,.T.);
#4012=ORIENTED_EDGE('',*,*,#2943,.F.);
#4013=ORIENTED_EDGE('',*,*,#2704,.F.);
#4014=ORIENTED_EDGE('',*,*,#2945,.F.);
#4015=ORIENTED_EDGE('',*,*,#2730,.T.);
#4016=ORIENTED_EDGE('',*,*,#2946,.T.);
#4017=ORIENTED_EDGE('',*,*,#2947,.T.);
#4018=ORIENTED_EDGE('',*,*,#2948,.T.);
#4019=ORIENTED_EDGE('',*,*,#2949,.T.);
#4020=ORIENTED_EDGE('',*,*,#2939,.T.);
#4021=ORIENTED_EDGE('',*,*,#2950,.F.);
#4022=ORIENTED_EDGE('',*,*,#2948,.F.);
#4023=ORIENTED_EDGE('',*,*,#2951,.F.);
#4024=ORIENTED_EDGE('',*,*,#2952,.T.);
#4025=ORIENTED_EDGE('',*,*,#2953,.T.);
#4026=ORIENTED_EDGE('',*,*,#2946,.F.);
#4027=ORIENTED_EDGE('',*,*,#2729,.F.);
#4028=ORIENTED_EDGE('',*,*,#2652,.T.);
#4029=ORIENTED_EDGE('',*,*,#2937,.F.);
#4030=ORIENTED_EDGE('',*,*,#2940,.T.);
#4031=ORIENTED_EDGE('',*,*,#2949,.F.);
#4032=ORIENTED_EDGE('',*,*,#2954,.F.);
#4033=ORIENTED_EDGE('',*,*,#2654,.T.);
#4034=ORIENTED_EDGE('',*,*,#2955,.T.);
#4035=ORIENTED_EDGE('',*,*,#2952,.F.);
#4036=ORIENTED_EDGE('',*,*,#2728,.F.);
#4037=ORIENTED_EDGE('',*,*,#2653,.T.);
#4038=ORIENTED_EDGE('',*,*,#2954,.T.);
#4039=ORIENTED_EDGE('',*,*,#2951,.T.);
#4040=ORIENTED_EDGE('',*,*,#2947,.F.);
#4041=ORIENTED_EDGE('',*,*,#2953,.F.);
#4042=ORIENTED_EDGE('',*,*,#2955,.F.);
#4043=ORIENTED_EDGE('',*,*,#2929,.T.);
#4044=ORIENTED_EDGE('',*,*,#2956,.F.);
#4045=ORIENTED_EDGE('',*,*,#2957,.T.);
#4046=ORIENTED_EDGE('',*,*,#2958,.F.);
#4047=ORIENTED_EDGE('',*,*,#2731,.T.);
#4048=ORIENTED_EDGE('',*,*,#2950,.T.);
#4049=ORIENTED_EDGE('',*,*,#2938,.T.);
#4050=ORIENTED_EDGE('',*,*,#2917,.T.);
#4051=ORIENTED_EDGE('',*,*,#2959,.F.);
#4052=ORIENTED_EDGE('',*,*,#2960,.T.);
#4053=ORIENTED_EDGE('',*,*,#2961,.F.);
#4054=ORIENTED_EDGE('',*,*,#2696,.F.);
#4055=ORIENTED_EDGE('',*,*,#2927,.F.);
#4056=ORIENTED_EDGE('',*,*,#2962,.T.);
#4057=ORIENTED_EDGE('',*,*,#2963,.F.);
#4058=ORIENTED_EDGE('',*,*,#2964,.T.);
#4059=ORIENTED_EDGE('',*,*,#2736,.T.);
#4060=ORIENTED_EDGE('',*,*,#2965,.T.);
#4061=ORIENTED_EDGE('',*,*,#2966,.F.);
#4062=ORIENTED_EDGE('',*,*,#2956,.T.);
#4063=ORIENTED_EDGE('',*,*,#2932,.F.);
#4064=ORIENTED_EDGE('',*,*,#2967,.T.);
#4065=ORIENTED_EDGE('',*,*,#2968,.F.);
#4066=ORIENTED_EDGE('',*,*,#2969,.T.);
#4067=ORIENTED_EDGE('',*,*,#2970,.F.);
#4068=ORIENTED_EDGE('',*,*,#2971,.T.);
#4069=ORIENTED_EDGE('',*,*,#2912,.T.);
#4070=ORIENTED_EDGE('',*,*,#2650,.T.);
#4071=ORIENTED_EDGE('',*,*,#2972,.T.);
#4072=ORIENTED_EDGE('',*,*,#2973,.F.);
#4073=ORIENTED_EDGE('',*,*,#2967,.F.);
#4074=ORIENTED_EDGE('',*,*,#2934,.F.);
#4075=ORIENTED_EDGE('',*,*,#2936,.F.);
#4076=ORIENTED_EDGE('',*,*,#2726,.F.);
#4077=ORIENTED_EDGE('',*,*,#2974,.F.);
#4078=ORIENTED_EDGE('',*,*,#2975,.F.);
#4079=ORIENTED_EDGE('',*,*,#2976,.F.);
#4080=ORIENTED_EDGE('',*,*,#2977,.T.);
#4081=ORIENTED_EDGE('',*,*,#2910,.T.);
#4082=ORIENTED_EDGE('',*,*,#2918,.T.);
#4083=ORIENTED_EDGE('',*,*,#2914,.T.);
#4084=ORIENTED_EDGE('',*,*,#2974,.T.);
#4085=ORIENTED_EDGE('',*,*,#2725,.F.);
#4086=ORIENTED_EDGE('',*,*,#2709,.T.);
#4087=ORIENTED_EDGE('',*,*,#2714,.T.);
#4088=ORIENTED_EDGE('',*,*,#2965,.F.);
#4089=ORIENTED_EDGE('',*,*,#2739,.T.);
#4090=ORIENTED_EDGE('',*,*,#2978,.T.);
#4091=ORIENTED_EDGE('',*,*,#2979,.T.);
#4092=ORIENTED_EDGE('',*,*,#2738,.T.);
#4093=ORIENTED_EDGE('',*,*,#2980,.T.);
#4094=ORIENTED_EDGE('',*,*,#2981,.T.);
#4095=ORIENTED_EDGE('',*,*,#2978,.F.);
#4096=ORIENTED_EDGE('',*,*,#2964,.F.);
#4097=ORIENTED_EDGE('',*,*,#2982,.T.);
#4098=ORIENTED_EDGE('',*,*,#2980,.F.);
#4099=ORIENTED_EDGE('',*,*,#2737,.T.);
#4100=ORIENTED_EDGE('',*,*,#2649,.T.);
#4101=ORIENTED_EDGE('',*,*,#2983,.F.);
#4102=ORIENTED_EDGE('',*,*,#2972,.F.);
#4103=ORIENTED_EDGE('',*,*,#2976,.T.);
#4104=ORIENTED_EDGE('',*,*,#2720,.T.);
#4105=ORIENTED_EDGE('',*,*,#2724,.T.);
#4106=ORIENTED_EDGE('',*,*,#2727,.F.);
#4107=ORIENTED_EDGE('',*,*,#2926,.T.);
#4108=ORIENTED_EDGE('',*,*,#2942,.T.);
#4109=ORIENTED_EDGE('',*,*,#2944,.T.);
#4110=ORIENTED_EDGE('',*,*,#2733,.T.);
#4111=ORIENTED_EDGE('',*,*,#2984,.T.);
#4112=ORIENTED_EDGE('',*,*,#2985,.T.);
#4113=ORIENTED_EDGE('',*,*,#2962,.F.);
#4114=ORIENTED_EDGE('',*,*,#2732,.T.);
#4115=ORIENTED_EDGE('',*,*,#2958,.T.);
#4116=ORIENTED_EDGE('',*,*,#2986,.T.);
#4117=ORIENTED_EDGE('',*,*,#2984,.F.);
#4118=ORIENTED_EDGE('',*,*,#2957,.F.);
#4119=ORIENTED_EDGE('',*,*,#2966,.T.);
#4120=ORIENTED_EDGE('',*,*,#2979,.F.);
#4121=ORIENTED_EDGE('',*,*,#2981,.F.);
#4122=ORIENTED_EDGE('',*,*,#2982,.F.);
#4123=ORIENTED_EDGE('',*,*,#2963,.T.);
#4124=ORIENTED_EDGE('',*,*,#2985,.F.);
#4125=ORIENTED_EDGE('',*,*,#2986,.F.);
#4126=ORIENTED_EDGE('',*,*,#2771,.T.);
#4127=ORIENTED_EDGE('',*,*,#2687,.F.);
#4128=ORIENTED_EDGE('',*,*,#2961,.T.);
#4129=ORIENTED_EDGE('',*,*,#2987,.T.);
#4130=ORIENTED_EDGE('',*,*,#2923,.T.);
#4131=ORIENTED_EDGE('',*,*,#2988,.T.);
#4132=ORIENTED_EDGE('',*,*,#2968,.T.);
#4133=ORIENTED_EDGE('',*,*,#2989,.T.);
#4134=ORIENTED_EDGE('',*,*,#2761,.T.);
#4135=ORIENTED_EDGE('',*,*,#2772,.T.);
#4136=ORIENTED_EDGE('',*,*,#2746,.T.);
#4137=ORIENTED_EDGE('',*,*,#2773,.T.);
#4138=ORIENTED_EDGE('',*,*,#2758,.T.);
#4139=ORIENTED_EDGE('',*,*,#2740,.T.);
#4140=ORIENTED_EDGE('',*,*,#2750,.T.);
#4141=ORIENTED_EDGE('',*,*,#2743,.T.);
#4142=ORIENTED_EDGE('',*,*,#2990,.T.);
#4143=ORIENTED_EDGE('',*,*,#2969,.F.);
#4144=ORIENTED_EDGE('',*,*,#2991,.F.);
#4145=ORIENTED_EDGE('',*,*,#2992,.F.);
#4146=ORIENTED_EDGE('',*,*,#2990,.F.);
#4147=ORIENTED_EDGE('',*,*,#2993,.F.);
#4148=ORIENTED_EDGE('',*,*,#2994,.F.);
#4149=ORIENTED_EDGE('',*,*,#2959,.T.);
#4150=ORIENTED_EDGE('',*,*,#2916,.F.);
#4151=ORIENTED_EDGE('',*,*,#2995,.F.);
#4152=ORIENTED_EDGE('',*,*,#2996,.F.);
#4153=ORIENTED_EDGE('',*,*,#2970,.T.);
#4154=ORIENTED_EDGE('',*,*,#2996,.T.);
#4155=ORIENTED_EDGE('',*,*,#2997,.T.);
#4156=ORIENTED_EDGE('',*,*,#2998,.F.);
#4157=ORIENTED_EDGE('',*,*,#2922,.F.);
#4158=ORIENTED_EDGE('',*,*,#2911,.F.);
#4159=ORIENTED_EDGE('',*,*,#2977,.F.);
#4160=ORIENTED_EDGE('',*,*,#2913,.T.);
#4161=ORIENTED_EDGE('',*,*,#2971,.F.);
#4162=ORIENTED_EDGE('',*,*,#2994,.T.);
#4163=ORIENTED_EDGE('',*,*,#2999,.T.);
#4164=ORIENTED_EDGE('',*,*,#3000,.F.);
#4165=ORIENTED_EDGE('',*,*,#2960,.F.);
#4166=ORIENTED_EDGE('',*,*,#2648,.T.);
#4167=ORIENTED_EDGE('',*,*,#3001,.F.);
#4168=ORIENTED_EDGE('',*,*,#2983,.T.);
#4169=ORIENTED_EDGE('',*,*,#2647,.T.);
#4170=ORIENTED_EDGE('',*,*,#2878,.T.);
#4171=ORIENTED_EDGE('',*,*,#2876,.T.);
#4172=ORIENTED_EDGE('',*,*,#2803,.T.);
#4173=ORIENTED_EDGE('',*,*,#2762,.T.);
#4174=ORIENTED_EDGE('',*,*,#2989,.F.);
#4175=ORIENTED_EDGE('',*,*,#2973,.T.);
#4176=ORIENTED_EDGE('',*,*,#3001,.T.);
#4177=ORIENTED_EDGE('',*,*,#2717,.F.);
#4178=ORIENTED_EDGE('',*,*,#2721,.F.);
#4179=ORIENTED_EDGE('',*,*,#2975,.T.);
#4180=ORIENTED_EDGE('',*,*,#2713,.T.);
#4181=ORIENTED_EDGE('',*,*,#2991,.T.);
#4182=ORIENTED_EDGE('',*,*,#2988,.F.);
#4183=ORIENTED_EDGE('',*,*,#2998,.T.);
#4184=ORIENTED_EDGE('',*,*,#3002,.T.);
#4185=ORIENTED_EDGE('',*,*,#2920,.T.);
#4186=ORIENTED_EDGE('',*,*,#2987,.F.);
#4187=ORIENTED_EDGE('',*,*,#3000,.T.);
#4188=ORIENTED_EDGE('',*,*,#3003,.T.);
#4189=ORIENTED_EDGE('',*,*,#2993,.T.);
#4190=ORIENTED_EDGE('',*,*,#2992,.T.);
#4191=ORIENTED_EDGE('',*,*,#3003,.F.);
#4192=ORIENTED_EDGE('',*,*,#2999,.F.);
#4193=ORIENTED_EDGE('',*,*,#2995,.T.);
#4194=ORIENTED_EDGE('',*,*,#2921,.T.);
#4195=ORIENTED_EDGE('',*,*,#3002,.F.);
#4196=ORIENTED_EDGE('',*,*,#2997,.F.);
#4197=ORIENTED_EDGE('',*,*,#3004,.F.);
#4198=ORIENTED_EDGE('',*,*,#3005,.F.);
#4199=ORIENTED_EDGE('',*,*,#3006,.T.);
#4200=ORIENTED_EDGE('',*,*,#3007,.F.);
#4201=ORIENTED_EDGE('',*,*,#3008,.F.);
#4202=ORIENTED_EDGE('',*,*,#3004,.T.);
#4203=ORIENTED_EDGE('',*,*,#3009,.T.);
#4204=ORIENTED_EDGE('',*,*,#3010,.T.);
#4205=ORIENTED_EDGE('',*,*,#3009,.F.);
#4206=ORIENTED_EDGE('',*,*,#3007,.T.);
#4207=ORIENTED_EDGE('',*,*,#3011,.F.);
#4208=ORIENTED_EDGE('',*,*,#3012,.F.);
#4209=ORIENTED_EDGE('',*,*,#3013,.F.);
#4210=ORIENTED_EDGE('',*,*,#3011,.T.);
#4211=ORIENTED_EDGE('',*,*,#3006,.F.);
#4212=ORIENTED_EDGE('',*,*,#3014,.T.);
#4213=ORIENTED_EDGE('',*,*,#3005,.T.);
#4214=ORIENTED_EDGE('',*,*,#3008,.T.);
#4215=ORIENTED_EDGE('',*,*,#3015,.F.);
#4216=ORIENTED_EDGE('',*,*,#3014,.F.);
#4217=ORIENTED_EDGE('',*,*,#3010,.F.);
#4218=ORIENTED_EDGE('',*,*,#3012,.T.);
#4219=ORIENTED_EDGE('',*,*,#3013,.T.);
#4220=ORIENTED_EDGE('',*,*,#3015,.T.);
#4221=ORIENTED_EDGE('',*,*,#3016,.F.);
#4222=ORIENTED_EDGE('',*,*,#3017,.F.);
#4223=ORIENTED_EDGE('',*,*,#3018,.F.);
#4224=ORIENTED_EDGE('',*,*,#3019,.F.);
#4225=ORIENTED_EDGE('',*,*,#3020,.F.);
#4226=ORIENTED_EDGE('',*,*,#3021,.F.);
#4227=ORIENTED_EDGE('',*,*,#3016,.T.);
#4228=ORIENTED_EDGE('',*,*,#3022,.F.);
#4229=ORIENTED_EDGE('',*,*,#3023,.F.);
#4230=ORIENTED_EDGE('',*,*,#3022,.T.);
#4231=ORIENTED_EDGE('',*,*,#3019,.T.);
#4232=ORIENTED_EDGE('',*,*,#3024,.F.);
#4233=ORIENTED_EDGE('',*,*,#3025,.F.);
#4234=ORIENTED_EDGE('',*,*,#3024,.T.);
#4235=ORIENTED_EDGE('',*,*,#3018,.T.);
#4236=ORIENTED_EDGE('',*,*,#3026,.T.);
#4237=ORIENTED_EDGE('',*,*,#3027,.F.);
#4238=ORIENTED_EDGE('',*,*,#3026,.F.);
#4239=ORIENTED_EDGE('',*,*,#3017,.T.);
#4240=ORIENTED_EDGE('',*,*,#3021,.T.);
#4241=ORIENTED_EDGE('',*,*,#3023,.T.);
#4242=ORIENTED_EDGE('',*,*,#3025,.T.);
#4243=ORIENTED_EDGE('',*,*,#3027,.T.);
#4244=ORIENTED_EDGE('',*,*,#3020,.T.);
#4245=ORIENTED_EDGE('',*,*,#3028,.F.);
#4246=ORIENTED_EDGE('',*,*,#3029,.F.);
#4247=ORIENTED_EDGE('',*,*,#3030,.F.);
#4248=ORIENTED_EDGE('',*,*,#3031,.F.);
#4249=ORIENTED_EDGE('',*,*,#3032,.F.);
#4250=ORIENTED_EDGE('',*,*,#3033,.F.);
#4251=ORIENTED_EDGE('',*,*,#3034,.F.);
#4252=ORIENTED_EDGE('',*,*,#3035,.F.);
#4253=ORIENTED_EDGE('',*,*,#3036,.F.);
#4254=ORIENTED_EDGE('',*,*,#3037,.F.);
#4255=ORIENTED_EDGE('',*,*,#3038,.F.);
#4256=ORIENTED_EDGE('',*,*,#3039,.F.);
#4257=ORIENTED_EDGE('',*,*,#3040,.F.);
#4258=ORIENTED_EDGE('',*,*,#3041,.F.);
#4259=ORIENTED_EDGE('',*,*,#3042,.F.);
#4260=ORIENTED_EDGE('',*,*,#3043,.F.);
#4261=ORIENTED_EDGE('',*,*,#3044,.F.);
#4262=ORIENTED_EDGE('',*,*,#3045,.F.);
#4263=ORIENTED_EDGE('',*,*,#3041,.T.);
#4264=ORIENTED_EDGE('',*,*,#3046,.T.);
#4265=ORIENTED_EDGE('',*,*,#3047,.T.);
#4266=ORIENTED_EDGE('',*,*,#3048,.T.);
#4267=ORIENTED_EDGE('',*,*,#3049,.F.);
#4268=ORIENTED_EDGE('',*,*,#3050,.F.);
#4269=ORIENTED_EDGE('',*,*,#3040,.T.);
#4270=ORIENTED_EDGE('',*,*,#3051,.F.);
#4271=ORIENTED_EDGE('',*,*,#3052,.T.);
#4272=ORIENTED_EDGE('',*,*,#3046,.F.);
#4273=ORIENTED_EDGE('',*,*,#3038,.T.);
#4274=ORIENTED_EDGE('',*,*,#3053,.F.);
#4275=ORIENTED_EDGE('',*,*,#3054,.F.);
#4276=ORIENTED_EDGE('',*,*,#3055,.T.);
#4277=ORIENTED_EDGE('',*,*,#3032,.T.);
#4278=ORIENTED_EDGE('',*,*,#3056,.T.);
#4279=ORIENTED_EDGE('',*,*,#3057,.F.);
#4280=ORIENTED_EDGE('',*,*,#3058,.F.);
#4281=ORIENTED_EDGE('',*,*,#3031,.T.);
#4282=ORIENTED_EDGE('',*,*,#3059,.F.);
#4283=ORIENTED_EDGE('',*,*,#3060,.F.);
#4284=ORIENTED_EDGE('',*,*,#3061,.F.);
#4285=ORIENTED_EDGE('',*,*,#3062,.F.);
#4286=ORIENTED_EDGE('',*,*,#3056,.F.);
#4287=ORIENTED_EDGE('',*,*,#3039,.T.);
#4288=ORIENTED_EDGE('',*,*,#3055,.F.);
#4289=ORIENTED_EDGE('',*,*,#3063,.F.);
#4290=ORIENTED_EDGE('',*,*,#3064,.T.);
#4291=ORIENTED_EDGE('',*,*,#3065,.F.);
#4292=ORIENTED_EDGE('',*,*,#3066,.F.);
#4293=ORIENTED_EDGE('',*,*,#3067,.F.);
#4294=ORIENTED_EDGE('',*,*,#3068,.T.);
#4295=ORIENTED_EDGE('',*,*,#3069,.F.);
#4296=ORIENTED_EDGE('',*,*,#3070,.F.);
#4297=ORIENTED_EDGE('',*,*,#3035,.T.);
#4298=ORIENTED_EDGE('',*,*,#3071,.T.);
#4299=ORIENTED_EDGE('',*,*,#3072,.T.);
#4300=ORIENTED_EDGE('',*,*,#3073,.F.);
#4301=ORIENTED_EDGE('',*,*,#3074,.F.);
#4302=ORIENTED_EDGE('',*,*,#3075,.F.);
#4303=ORIENTED_EDGE('',*,*,#3076,.F.);
#4304=ORIENTED_EDGE('',*,*,#3077,.F.);
#4305=ORIENTED_EDGE('',*,*,#3078,.F.);
#4306=ORIENTED_EDGE('',*,*,#3051,.T.);
#4307=ORIENTED_EDGE('',*,*,#3030,.T.);
#4308=ORIENTED_EDGE('',*,*,#3079,.T.);
#4309=ORIENTED_EDGE('',*,*,#3080,.F.);
#4310=ORIENTED_EDGE('',*,*,#3059,.T.);
#4311=ORIENTED_EDGE('',*,*,#3029,.T.);
#4312=ORIENTED_EDGE('',*,*,#3081,.T.);
#4313=ORIENTED_EDGE('',*,*,#3082,.T.);
#4314=ORIENTED_EDGE('',*,*,#3079,.F.);
#4315=ORIENTED_EDGE('',*,*,#3044,.T.);
#4316=ORIENTED_EDGE('',*,*,#3083,.T.);
#4317=ORIENTED_EDGE('',*,*,#3084,.T.);
#4318=ORIENTED_EDGE('',*,*,#3085,.T.);
#4319=ORIENTED_EDGE('',*,*,#3086,.F.);
#4320=ORIENTED_EDGE('',*,*,#3087,.T.);
#4321=ORIENTED_EDGE('',*,*,#3084,.F.);
#4322=ORIENTED_EDGE('',*,*,#3088,.T.);
#4323=ORIENTED_EDGE('',*,*,#3086,.T.);
#4324=ORIENTED_EDGE('',*,*,#3089,.T.);
#4325=ORIENTED_EDGE('',*,*,#3090,.T.);
#4326=ORIENTED_EDGE('',*,*,#3076,.T.);
#4327=ORIENTED_EDGE('',*,*,#3091,.T.);
#4328=ORIENTED_EDGE('',*,*,#3092,.T.);
#4329=ORIENTED_EDGE('',*,*,#3093,.F.);
#4330=ORIENTED_EDGE('',*,*,#3043,.T.);
#4331=ORIENTED_EDGE('',*,*,#3094,.T.);
#4332=ORIENTED_EDGE('',*,*,#3095,.T.);
#4333=ORIENTED_EDGE('',*,*,#3089,.F.);
#4334=ORIENTED_EDGE('',*,*,#3088,.F.);
#4335=ORIENTED_EDGE('',*,*,#3083,.F.);
#4336=ORIENTED_EDGE('',*,*,#3096,.F.);
#4337=ORIENTED_EDGE('',*,*,#3060,.T.);
#4338=ORIENTED_EDGE('',*,*,#3080,.T.);
#4339=ORIENTED_EDGE('',*,*,#3097,.T.);
#4340=ORIENTED_EDGE('',*,*,#3096,.T.);
#4341=ORIENTED_EDGE('',*,*,#3098,.F.);
#4342=ORIENTED_EDGE('',*,*,#3099,.T.);
#4343=ORIENTED_EDGE('',*,*,#3100,.F.);
#4344=ORIENTED_EDGE('',*,*,#3074,.T.);
#4345=ORIENTED_EDGE('',*,*,#3101,.T.);
#4346=ORIENTED_EDGE('',*,*,#3061,.T.);
#4347=ORIENTED_EDGE('',*,*,#3087,.F.);
#4348=ORIENTED_EDGE('',*,*,#3093,.T.);
#4349=ORIENTED_EDGE('',*,*,#3102,.F.);
#4350=ORIENTED_EDGE('',*,*,#3103,.F.);
#4351=ORIENTED_EDGE('',*,*,#3104,.T.);
#4352=ORIENTED_EDGE('',*,*,#3105,.F.);
#4353=ORIENTED_EDGE('',*,*,#3106,.F.);
#4354=ORIENTED_EDGE('',*,*,#3098,.T.);
#4355=ORIENTED_EDGE('',*,*,#3097,.F.);
#4356=ORIENTED_EDGE('',*,*,#3082,.F.);
#4357=ORIENTED_EDGE('',*,*,#3107,.F.);
#4358=ORIENTED_EDGE('',*,*,#3108,.T.);
#4359=ORIENTED_EDGE('',*,*,#3109,.F.);
#4360=ORIENTED_EDGE('',*,*,#3110,.T.);
#4361=ORIENTED_EDGE('',*,*,#3111,.F.);
#4362=ORIENTED_EDGE('',*,*,#3112,.T.);
#4363=ORIENTED_EDGE('',*,*,#3113,.F.);
#4364=ORIENTED_EDGE('',*,*,#3114,.T.);
#4365=ORIENTED_EDGE('',*,*,#3115,.F.);
#4366=ORIENTED_EDGE('',*,*,#3116,.F.);
#4367=ORIENTED_EDGE('',*,*,#3117,.F.);
#4368=ORIENTED_EDGE('',*,*,#3049,.T.);
#4369=ORIENTED_EDGE('',*,*,#3118,.T.);
#4370=ORIENTED_EDGE('',*,*,#3090,.F.);
#4371=ORIENTED_EDGE('',*,*,#3095,.F.);
#4372=ORIENTED_EDGE('',*,*,#3052,.F.);
#4373=ORIENTED_EDGE('',*,*,#3078,.T.);
#4374=ORIENTED_EDGE('',*,*,#3119,.T.);
#4375=ORIENTED_EDGE('',*,*,#3047,.F.);
#4376=ORIENTED_EDGE('',*,*,#3042,.T.);
#4377=ORIENTED_EDGE('',*,*,#3050,.T.);
#4378=ORIENTED_EDGE('',*,*,#3117,.T.);
#4379=ORIENTED_EDGE('',*,*,#3094,.F.);
#4380=ORIENTED_EDGE('',*,*,#3077,.T.);
#4381=ORIENTED_EDGE('',*,*,#3118,.F.);
#4382=ORIENTED_EDGE('',*,*,#3048,.F.);
#4383=ORIENTED_EDGE('',*,*,#3119,.F.);
#4384=ORIENTED_EDGE('',*,*,#3057,.T.);
#4385=ORIENTED_EDGE('',*,*,#3062,.T.);
#4386=ORIENTED_EDGE('',*,*,#3101,.F.);
#4387=ORIENTED_EDGE('',*,*,#3120,.F.);
#4388=ORIENTED_EDGE('',*,*,#3121,.F.);
#4389=ORIENTED_EDGE('',*,*,#3122,.T.);
#4390=ORIENTED_EDGE('',*,*,#3123,.T.);
#4391=ORIENTED_EDGE('',*,*,#3124,.F.);
#4392=ORIENTED_EDGE('',*,*,#3072,.F.);
#4393=ORIENTED_EDGE('',*,*,#3034,.T.);
#4394=ORIENTED_EDGE('',*,*,#3125,.T.);
#4395=ORIENTED_EDGE('',*,*,#3122,.F.);
#4396=ORIENTED_EDGE('',*,*,#3071,.F.);
#4397=ORIENTED_EDGE('',*,*,#3033,.T.);
#4398=ORIENTED_EDGE('',*,*,#3058,.T.);
#4399=ORIENTED_EDGE('',*,*,#3121,.T.);
#4400=ORIENTED_EDGE('',*,*,#3126,.F.);
#4401=ORIENTED_EDGE('',*,*,#3123,.F.);
#4402=ORIENTED_EDGE('',*,*,#3125,.F.);
#4403=ORIENTED_EDGE('',*,*,#3073,.T.);
#4404=ORIENTED_EDGE('',*,*,#3124,.T.);
#4405=ORIENTED_EDGE('',*,*,#3126,.T.);
#4406=ORIENTED_EDGE('',*,*,#3120,.T.);
#4407=ORIENTED_EDGE('',*,*,#3068,.F.);
#4408=ORIENTED_EDGE('',*,*,#3127,.F.);
#4409=ORIENTED_EDGE('',*,*,#3128,.F.);
#4410=ORIENTED_EDGE('',*,*,#3129,.F.);
#4411=ORIENTED_EDGE('',*,*,#3064,.F.);
#4412=ORIENTED_EDGE('',*,*,#3130,.F.);
#4413=ORIENTED_EDGE('',*,*,#3131,.F.);
#4414=ORIENTED_EDGE('',*,*,#3132,.F.);
#4415=ORIENTED_EDGE('',*,*,#3129,.T.);
#4416=ORIENTED_EDGE('',*,*,#3133,.T.);
#4417=ORIENTED_EDGE('',*,*,#3103,.T.);
#4418=ORIENTED_EDGE('',*,*,#3134,.T.);
#4419=ORIENTED_EDGE('',*,*,#3135,.F.);
#4420=ORIENTED_EDGE('',*,*,#3065,.T.);
#4421=ORIENTED_EDGE('',*,*,#3128,.T.);
#4422=ORIENTED_EDGE('',*,*,#3136,.T.);
#4423=ORIENTED_EDGE('',*,*,#3104,.F.);
#4424=ORIENTED_EDGE('',*,*,#3133,.F.);
#4425=ORIENTED_EDGE('',*,*,#3127,.T.);
#4426=ORIENTED_EDGE('',*,*,#3067,.T.);
#4427=ORIENTED_EDGE('',*,*,#3137,.T.);
#4428=ORIENTED_EDGE('',*,*,#3138,.T.);
#4429=ORIENTED_EDGE('',*,*,#3105,.T.);
#4430=ORIENTED_EDGE('',*,*,#3136,.F.);
#4431=ORIENTED_EDGE('',*,*,#3139,.T.);
#4432=ORIENTED_EDGE('',*,*,#3140,.T.);
#4433=ORIENTED_EDGE('',*,*,#3141,.F.);
#4434=ORIENTED_EDGE('',*,*,#3110,.F.);
#4435=ORIENTED_EDGE('',*,*,#3037,.T.);
#4436=ORIENTED_EDGE('',*,*,#3142,.F.);
#4437=ORIENTED_EDGE('',*,*,#3115,.T.);
#4438=ORIENTED_EDGE('',*,*,#3143,.T.);
#4439=ORIENTED_EDGE('',*,*,#3144,.T.);
#4440=ORIENTED_EDGE('',*,*,#3145,.T.);
#4441=ORIENTED_EDGE('',*,*,#3107,.T.);
#4442=ORIENTED_EDGE('',*,*,#3081,.F.);
#4443=ORIENTED_EDGE('',*,*,#3028,.T.);
#4444=ORIENTED_EDGE('',*,*,#3146,.T.);
#4445=ORIENTED_EDGE('',*,*,#3147,.F.);
#4446=ORIENTED_EDGE('',*,*,#3131,.T.);
#4447=ORIENTED_EDGE('',*,*,#3148,.F.);
#4448=ORIENTED_EDGE('',*,*,#3053,.T.);
#4449=ORIENTED_EDGE('',*,*,#3111,.T.);
#4450=ORIENTED_EDGE('',*,*,#3141,.T.);
#4451=ORIENTED_EDGE('',*,*,#3149,.T.);
#4452=ORIENTED_EDGE('',*,*,#3150,.T.);
#4453=ORIENTED_EDGE('',*,*,#3045,.T.);
#4454=ORIENTED_EDGE('',*,*,#3085,.F.);
#4455=ORIENTED_EDGE('',*,*,#3116,.T.);
#4456=ORIENTED_EDGE('',*,*,#3142,.T.);
#4457=ORIENTED_EDGE('',*,*,#3075,.T.);
#4458=ORIENTED_EDGE('',*,*,#3100,.T.);
#4459=ORIENTED_EDGE('',*,*,#3151,.T.);
#4460=ORIENTED_EDGE('',*,*,#3091,.F.);
#4461=ORIENTED_EDGE('',*,*,#3036,.T.);
#4462=ORIENTED_EDGE('',*,*,#3070,.T.);
#4463=ORIENTED_EDGE('',*,*,#3152,.F.);
#4464=ORIENTED_EDGE('',*,*,#3146,.F.);
#4465=ORIENTED_EDGE('',*,*,#3132,.T.);
#4466=ORIENTED_EDGE('',*,*,#3147,.T.);
#4467=ORIENTED_EDGE('',*,*,#3152,.T.);
#4468=ORIENTED_EDGE('',*,*,#3069,.T.);
#4469=ORIENTED_EDGE('',*,*,#3066,.T.);
#4470=ORIENTED_EDGE('',*,*,#3135,.T.);
#4471=ORIENTED_EDGE('',*,*,#3153,.T.);
#4472=ORIENTED_EDGE('',*,*,#3137,.F.);
#4473=ORIENTED_EDGE('',*,*,#3130,.T.);
#4474=ORIENTED_EDGE('',*,*,#3063,.T.);
#4475=ORIENTED_EDGE('',*,*,#3054,.T.);
#4476=ORIENTED_EDGE('',*,*,#3148,.T.);
#4477=ORIENTED_EDGE('',*,*,#3145,.F.);
#4478=ORIENTED_EDGE('',*,*,#3154,.F.);
#4479=ORIENTED_EDGE('',*,*,#3155,.T.);
#4480=ORIENTED_EDGE('',*,*,#3108,.F.);
#4481=ORIENTED_EDGE('',*,*,#3156,.F.);
#4482=ORIENTED_EDGE('',*,*,#3113,.T.);
#4483=ORIENTED_EDGE('',*,*,#3157,.F.);
#4484=ORIENTED_EDGE('',*,*,#3158,.F.);
#4485=ORIENTED_EDGE('',*,*,#3139,.F.);
#4486=ORIENTED_EDGE('',*,*,#3109,.T.);
#4487=ORIENTED_EDGE('',*,*,#3155,.F.);
#4488=ORIENTED_EDGE('',*,*,#3159,.F.);
#4489=ORIENTED_EDGE('',*,*,#3150,.F.);
#4490=ORIENTED_EDGE('',*,*,#3160,.F.);
#4491=ORIENTED_EDGE('',*,*,#3157,.T.);
#4492=ORIENTED_EDGE('',*,*,#3112,.F.);
#4493=ORIENTED_EDGE('',*,*,#3143,.F.);
#4494=ORIENTED_EDGE('',*,*,#3114,.F.);
#4495=ORIENTED_EDGE('',*,*,#3156,.T.);
#4496=ORIENTED_EDGE('',*,*,#3161,.T.);
#4497=ORIENTED_EDGE('',*,*,#3092,.F.);
#4498=ORIENTED_EDGE('',*,*,#3151,.F.);
#4499=ORIENTED_EDGE('',*,*,#3099,.F.);
#4500=ORIENTED_EDGE('',*,*,#3106,.T.);
#4501=ORIENTED_EDGE('',*,*,#3138,.F.);
#4502=ORIENTED_EDGE('',*,*,#3153,.F.);
#4503=ORIENTED_EDGE('',*,*,#3134,.F.);
#4504=ORIENTED_EDGE('',*,*,#3102,.T.);
#4505=ORIENTED_EDGE('',*,*,#3149,.F.);
#4506=ORIENTED_EDGE('',*,*,#3140,.F.);
#4507=ORIENTED_EDGE('',*,*,#3158,.T.);
#4508=ORIENTED_EDGE('',*,*,#3160,.T.);
#4509=ORIENTED_EDGE('',*,*,#3144,.F.);
#4510=ORIENTED_EDGE('',*,*,#3161,.F.);
#4511=ORIENTED_EDGE('',*,*,#3159,.T.);
#4512=ORIENTED_EDGE('',*,*,#3154,.T.);
#4513=ORIENTED_EDGE('',*,*,#3162,.T.);
#4514=ORIENTED_EDGE('',*,*,#3163,.F.);
#4515=ORIENTED_EDGE('',*,*,#3164,.T.);
#4516=ORIENTED_EDGE('',*,*,#3165,.F.);
#4517=ORIENTED_EDGE('',*,*,#3166,.T.);
#4518=ORIENTED_EDGE('',*,*,#3167,.T.);
#4519=ORIENTED_EDGE('',*,*,#3168,.T.);
#4520=ORIENTED_EDGE('',*,*,#3169,.T.);
#4521=ORIENTED_EDGE('',*,*,#3170,.T.);
#4522=ORIENTED_EDGE('',*,*,#3171,.T.);
#4523=ORIENTED_EDGE('',*,*,#3172,.T.);
#4524=ORIENTED_EDGE('',*,*,#3173,.T.);
#4525=ORIENTED_EDGE('',*,*,#3174,.T.);
#4526=ORIENTED_EDGE('',*,*,#3175,.T.);
#4527=ORIENTED_EDGE('',*,*,#3176,.T.);
#4528=ORIENTED_EDGE('',*,*,#3177,.T.);
#4529=ORIENTED_EDGE('',*,*,#3178,.T.);
#4530=ORIENTED_EDGE('',*,*,#3179,.T.);
#4531=ORIENTED_EDGE('',*,*,#3180,.T.);
#4532=ORIENTED_EDGE('',*,*,#3181,.T.);
#4533=ORIENTED_EDGE('',*,*,#3182,.T.);
#4534=ORIENTED_EDGE('',*,*,#3163,.T.);
#4535=ORIENTED_EDGE('',*,*,#3183,.T.);
#4536=ORIENTED_EDGE('',*,*,#3184,.F.);
#4537=ORIENTED_EDGE('',*,*,#3185,.T.);
#4538=ORIENTED_EDGE('',*,*,#3186,.F.);
#4539=ORIENTED_EDGE('',*,*,#3187,.T.);
#4540=ORIENTED_EDGE('',*,*,#3188,.F.);
#4541=ORIENTED_EDGE('',*,*,#3189,.F.);
#4542=ORIENTED_EDGE('',*,*,#3167,.F.);
#4543=ORIENTED_EDGE('',*,*,#3190,.T.);
#4544=ORIENTED_EDGE('',*,*,#3191,.F.);
#4545=ORIENTED_EDGE('',*,*,#3192,.F.);
#4546=ORIENTED_EDGE('',*,*,#3188,.T.);
#4547=ORIENTED_EDGE('',*,*,#3193,.T.);
#4548=ORIENTED_EDGE('',*,*,#3194,.T.);
#4549=ORIENTED_EDGE('',*,*,#3195,.T.);
#4550=ORIENTED_EDGE('',*,*,#3196,.F.);
#4551=ORIENTED_EDGE('',*,*,#3197,.F.);
#4552=ORIENTED_EDGE('',*,*,#3198,.T.);
#4553=ORIENTED_EDGE('',*,*,#3199,.F.);
#4554=ORIENTED_EDGE('',*,*,#3191,.T.);
#4555=ORIENTED_EDGE('',*,*,#3200,.T.);
#4556=ORIENTED_EDGE('',*,*,#3186,.T.);
#4557=ORIENTED_EDGE('',*,*,#3201,.T.);
#4558=ORIENTED_EDGE('',*,*,#3202,.T.);
#4559=ORIENTED_EDGE('',*,*,#3203,.T.);
#4560=ORIENTED_EDGE('',*,*,#3204,.T.);
#4561=ORIENTED_EDGE('',*,*,#3205,.T.);
#4562=ORIENTED_EDGE('',*,*,#3206,.T.);
#4563=ORIENTED_EDGE('',*,*,#3207,.T.);
#4564=ORIENTED_EDGE('',*,*,#3208,.T.);
#4565=ORIENTED_EDGE('',*,*,#3209,.T.);
#4566=ORIENTED_EDGE('',*,*,#3210,.T.);
#4567=ORIENTED_EDGE('',*,*,#3194,.F.);
#4568=ORIENTED_EDGE('',*,*,#3211,.T.);
#4569=ORIENTED_EDGE('',*,*,#3212,.T.);
#4570=ORIENTED_EDGE('',*,*,#3213,.T.);
#4571=ORIENTED_EDGE('',*,*,#3214,.T.);
#4572=ORIENTED_EDGE('',*,*,#3212,.F.);
#4573=ORIENTED_EDGE('',*,*,#3215,.T.);
#4574=ORIENTED_EDGE('',*,*,#3216,.F.);
#4575=ORIENTED_EDGE('',*,*,#3217,.F.);
#4576=ORIENTED_EDGE('',*,*,#3218,.T.);
#4577=ORIENTED_EDGE('',*,*,#3219,.T.);
#4578=ORIENTED_EDGE('',*,*,#3220,.T.);
#4579=ORIENTED_EDGE('',*,*,#3221,.T.);
#4580=ORIENTED_EDGE('',*,*,#3219,.F.);
#4581=ORIENTED_EDGE('',*,*,#3222,.T.);
#4582=ORIENTED_EDGE('',*,*,#3223,.F.);
#4583=ORIENTED_EDGE('',*,*,#3224,.F.);
#4584=ORIENTED_EDGE('',*,*,#3225,.F.);
#4585=ORIENTED_EDGE('',*,*,#3222,.F.);
#4586=ORIENTED_EDGE('',*,*,#3218,.F.);
#4587=ORIENTED_EDGE('',*,*,#3226,.F.);
#4588=ORIENTED_EDGE('',*,*,#3213,.F.);
#4589=ORIENTED_EDGE('',*,*,#3217,.T.);
#4590=ORIENTED_EDGE('',*,*,#3227,.F.);
#4591=ORIENTED_EDGE('',*,*,#3215,.F.);
#4592=ORIENTED_EDGE('',*,*,#3211,.F.);
#4593=ORIENTED_EDGE('',*,*,#3228,.F.);
#4594=ORIENTED_EDGE('',*,*,#3220,.F.);
#4595=ORIENTED_EDGE('',*,*,#3224,.T.);
#4596=ORIENTED_EDGE('',*,*,#3229,.T.);
#4597=ORIENTED_EDGE('',*,*,#3230,.F.);
#4598=ORIENTED_EDGE('',*,*,#3231,.T.);
#4599=ORIENTED_EDGE('',*,*,#3232,.F.);
#4600=ORIENTED_EDGE('',*,*,#3233,.T.);
#4601=ORIENTED_EDGE('',*,*,#3234,.T.);
#4602=ORIENTED_EDGE('',*,*,#3235,.T.);
#4603=ORIENTED_EDGE('',*,*,#3236,.F.);
#4604=ORIENTED_EDGE('',*,*,#3202,.F.);
#4605=ORIENTED_EDGE('',*,*,#3237,.T.);
#4606=ORIENTED_EDGE('',*,*,#3184,.T.);
#4607=ORIENTED_EDGE('',*,*,#3238,.T.);
#4608=ORIENTED_EDGE('',*,*,#3239,.T.);
#4609=ORIENTED_EDGE('',*,*,#3240,.T.);
#4610=ORIENTED_EDGE('',*,*,#3241,.F.);
#4611=ORIENTED_EDGE('',*,*,#3242,.T.);
#4612=ORIENTED_EDGE('',*,*,#3230,.T.);
#4613=ORIENTED_EDGE('',*,*,#3243,.T.);
#4614=ORIENTED_EDGE('',*,*,#3239,.F.);
#4615=ORIENTED_EDGE('',*,*,#3244,.T.);
#4616=ORIENTED_EDGE('',*,*,#3205,.F.);
#4617=ORIENTED_EDGE('',*,*,#3245,.F.);
#4618=ORIENTED_EDGE('',*,*,#3246,.T.);
#4619=ORIENTED_EDGE('',*,*,#3247,.T.);
#4620=ORIENTED_EDGE('',*,*,#3248,.F.);
#4621=ORIENTED_EDGE('',*,*,#3203,.F.);
#4622=ORIENTED_EDGE('',*,*,#3236,.T.);
#4623=ORIENTED_EDGE('',*,*,#3249,.F.);
#4624=ORIENTED_EDGE('',*,*,#3250,.F.);
#4625=ORIENTED_EDGE('',*,*,#3247,.F.);
#4626=ORIENTED_EDGE('',*,*,#3251,.T.);
#4627=ORIENTED_EDGE('',*,*,#3233,.F.);
#4628=ORIENTED_EDGE('',*,*,#3234,.F.);
#4629=ORIENTED_EDGE('',*,*,#3251,.F.);
#4630=ORIENTED_EDGE('',*,*,#3246,.F.);
#4631=ORIENTED_EDGE('',*,*,#3252,.F.);
#4632=ORIENTED_EDGE('',*,*,#3201,.F.);
#4633=ORIENTED_EDGE('',*,*,#3185,.F.);
#4634=ORIENTED_EDGE('',*,*,#3237,.F.);
#4635=ORIENTED_EDGE('',*,*,#3253,.F.);
#4636=ORIENTED_EDGE('',*,*,#3231,.F.);
#4637=ORIENTED_EDGE('',*,*,#3242,.F.);
#4638=ORIENTED_EDGE('',*,*,#3204,.F.);
#4639=ORIENTED_EDGE('',*,*,#3249,.T.);
#4640=ORIENTED_EDGE('',*,*,#3235,.F.);
#4641=ORIENTED_EDGE('',*,*,#3252,.T.);
#4642=ORIENTED_EDGE('',*,*,#3245,.T.);
#4643=ORIENTED_EDGE('',*,*,#3173,.F.);
#4644=ORIENTED_EDGE('',*,*,#3254,.F.);
#4645=ORIENTED_EDGE('',*,*,#3255,.F.);
#4646=ORIENTED_EDGE('',*,*,#3256,.F.);
#4647=ORIENTED_EDGE('',*,*,#3169,.F.);
#4648=ORIENTED_EDGE('',*,*,#3257,.F.);
#4649=ORIENTED_EDGE('',*,*,#3198,.F.);
#4650=ORIENTED_EDGE('',*,*,#3258,.F.);
#4651=ORIENTED_EDGE('',*,*,#3226,.T.);
#4652=ORIENTED_EDGE('',*,*,#3221,.F.);
#4653=ORIENTED_EDGE('',*,*,#3228,.T.);
#4654=ORIENTED_EDGE('',*,*,#3214,.F.);
#4655=ORIENTED_EDGE('',*,*,#3256,.T.);
#4656=ORIENTED_EDGE('',*,*,#3259,.T.);
#4657=ORIENTED_EDGE('',*,*,#3260,.F.);
#4658=ORIENTED_EDGE('',*,*,#3261,.T.);
#4659=ORIENTED_EDGE('',*,*,#3262,.T.);
#4660=ORIENTED_EDGE('',*,*,#3170,.F.);
#4661=ORIENTED_EDGE('',*,*,#3255,.T.);
#4662=ORIENTED_EDGE('',*,*,#3263,.T.);
#4663=ORIENTED_EDGE('',*,*,#3264,.F.);
#4664=ORIENTED_EDGE('',*,*,#3259,.F.);
#4665=ORIENTED_EDGE('',*,*,#3254,.T.);
#4666=ORIENTED_EDGE('',*,*,#3172,.F.);
#4667=ORIENTED_EDGE('',*,*,#3265,.F.);
#4668=ORIENTED_EDGE('',*,*,#3266,.T.);
#4669=ORIENTED_EDGE('',*,*,#3267,.F.);
#4670=ORIENTED_EDGE('',*,*,#3263,.F.);
#4671=ORIENTED_EDGE('',*,*,#3268,.F.);
#4672=ORIENTED_EDGE('',*,*,#3269,.T.);
#4673=ORIENTED_EDGE('',*,*,#3270,.T.);
#4674=ORIENTED_EDGE('',*,*,#3271,.F.);
#4675=ORIENTED_EDGE('',*,*,#3272,.T.);
#4676=ORIENTED_EDGE('',*,*,#3273,.T.);
#4677=ORIENTED_EDGE('',*,*,#3268,.T.);
#4678=ORIENTED_EDGE('',*,*,#3274,.T.);
#4679=ORIENTED_EDGE('',*,*,#3275,.F.);
#4680=ORIENTED_EDGE('',*,*,#3276,.T.);
#4681=ORIENTED_EDGE('',*,*,#3277,.F.);
#4682=ORIENTED_EDGE('',*,*,#3164,.F.);
#4683=ORIENTED_EDGE('',*,*,#3182,.F.);
#4684=ORIENTED_EDGE('',*,*,#3278,.T.);
#4685=ORIENTED_EDGE('',*,*,#3279,.F.);
#4686=ORIENTED_EDGE('',*,*,#3260,.T.);
#4687=ORIENTED_EDGE('',*,*,#3264,.T.);
#4688=ORIENTED_EDGE('',*,*,#3267,.T.);
#4689=ORIENTED_EDGE('',*,*,#3280,.F.);
#4690=ORIENTED_EDGE('',*,*,#3281,.T.);
#4691=ORIENTED_EDGE('',*,*,#3178,.F.);
#4692=ORIENTED_EDGE('',*,*,#3282,.F.);
#4693=ORIENTED_EDGE('',*,*,#3208,.F.);
#4694=ORIENTED_EDGE('',*,*,#3283,.T.);
#4695=ORIENTED_EDGE('',*,*,#3284,.F.);
#4696=ORIENTED_EDGE('',*,*,#3285,.T.);
#4697=ORIENTED_EDGE('',*,*,#3274,.F.);
#4698=ORIENTED_EDGE('',*,*,#3271,.T.);
#4699=ORIENTED_EDGE('',*,*,#3216,.T.);
#4700=ORIENTED_EDGE('',*,*,#3227,.T.);
#4701=ORIENTED_EDGE('',*,*,#3223,.T.);
#4702=ORIENTED_EDGE('',*,*,#3225,.T.);
#4703=ORIENTED_EDGE('',*,*,#3286,.T.);
#4704=ORIENTED_EDGE('',*,*,#3209,.F.);
#4705=ORIENTED_EDGE('',*,*,#3282,.T.);
#4706=ORIENTED_EDGE('',*,*,#3177,.F.);
#4707=ORIENTED_EDGE('',*,*,#3179,.F.);
#4708=ORIENTED_EDGE('',*,*,#3281,.F.);
#4709=ORIENTED_EDGE('',*,*,#3287,.T.);
#4710=ORIENTED_EDGE('',*,*,#3288,.T.);
#4711=ORIENTED_EDGE('',*,*,#3180,.F.);
#4712=ORIENTED_EDGE('',*,*,#3288,.F.);
#4713=ORIENTED_EDGE('',*,*,#3289,.T.);
#4714=ORIENTED_EDGE('',*,*,#3290,.T.);
#4715=ORIENTED_EDGE('',*,*,#3181,.F.);
#4716=ORIENTED_EDGE('',*,*,#3290,.F.);
#4717=ORIENTED_EDGE('',*,*,#3291,.T.);
#4718=ORIENTED_EDGE('',*,*,#3278,.F.);
#4719=ORIENTED_EDGE('',*,*,#3258,.T.);
#4720=ORIENTED_EDGE('',*,*,#3197,.T.);
#4721=ORIENTED_EDGE('',*,*,#3292,.T.);
#4722=ORIENTED_EDGE('',*,*,#3293,.T.);
#4723=ORIENTED_EDGE('',*,*,#3174,.F.);
#4724=ORIENTED_EDGE('',*,*,#3294,.T.);
#4725=ORIENTED_EDGE('',*,*,#3175,.F.);
#4726=ORIENTED_EDGE('',*,*,#3293,.F.);
#4727=ORIENTED_EDGE('',*,*,#3295,.F.);
#4728=ORIENTED_EDGE('',*,*,#3257,.T.);
#4729=ORIENTED_EDGE('',*,*,#3168,.F.);
#4730=ORIENTED_EDGE('',*,*,#3189,.T.);
#4731=ORIENTED_EDGE('',*,*,#3192,.T.);
#4732=ORIENTED_EDGE('',*,*,#3199,.T.);
#4733=ORIENTED_EDGE('',*,*,#3171,.F.);
#4734=ORIENTED_EDGE('',*,*,#3262,.F.);
#4735=ORIENTED_EDGE('',*,*,#3296,.T.);
#4736=ORIENTED_EDGE('',*,*,#3265,.T.);
#4737=ORIENTED_EDGE('',*,*,#3297,.T.);
#4738=ORIENTED_EDGE('',*,*,#3283,.F.);
#4739=ORIENTED_EDGE('',*,*,#3207,.F.);
#4740=ORIENTED_EDGE('',*,*,#3298,.T.);
#4741=ORIENTED_EDGE('',*,*,#3299,.F.);
#4742=ORIENTED_EDGE('',*,*,#3275,.T.);
#4743=ORIENTED_EDGE('',*,*,#3270,.F.);
#4744=ORIENTED_EDGE('',*,*,#3300,.F.);
#4745=ORIENTED_EDGE('',*,*,#3301,.F.);
#4746=ORIENTED_EDGE('',*,*,#3284,.T.);
#4747=ORIENTED_EDGE('',*,*,#3297,.F.);
#4748=ORIENTED_EDGE('',*,*,#3302,.F.);
#4749=ORIENTED_EDGE('',*,*,#3301,.T.);
#4750=ORIENTED_EDGE('',*,*,#3303,.F.);
#4751=ORIENTED_EDGE('',*,*,#3272,.F.);
#4752=ORIENTED_EDGE('',*,*,#3285,.F.);
#4753=ORIENTED_EDGE('',*,*,#3299,.T.);
#4754=ORIENTED_EDGE('',*,*,#3304,.F.);
#4755=ORIENTED_EDGE('',*,*,#3305,.F.);
#4756=ORIENTED_EDGE('',*,*,#3276,.F.);
#4757=ORIENTED_EDGE('',*,*,#3306,.T.);
#4758=ORIENTED_EDGE('',*,*,#3165,.T.);
#4759=ORIENTED_EDGE('',*,*,#3277,.T.);
#4760=ORIENTED_EDGE('',*,*,#3305,.T.);
#4761=ORIENTED_EDGE('',*,*,#3307,.T.);
#4762=ORIENTED_EDGE('',*,*,#3248,.T.);
#4763=ORIENTED_EDGE('',*,*,#3250,.T.);
#4764=ORIENTED_EDGE('',*,*,#3232,.T.);
#4765=ORIENTED_EDGE('',*,*,#3253,.T.);
#4766=ORIENTED_EDGE('',*,*,#3241,.T.);
#4767=ORIENTED_EDGE('',*,*,#3291,.F.);
#4768=ORIENTED_EDGE('',*,*,#3289,.F.);
#4769=ORIENTED_EDGE('',*,*,#3287,.F.);
#4770=ORIENTED_EDGE('',*,*,#3280,.T.);
#4771=ORIENTED_EDGE('',*,*,#3266,.F.);
#4772=ORIENTED_EDGE('',*,*,#3296,.F.);
#4773=ORIENTED_EDGE('',*,*,#3261,.F.);
#4774=ORIENTED_EDGE('',*,*,#3279,.T.);
#4775=ORIENTED_EDGE('',*,*,#3308,.T.);
#4776=ORIENTED_EDGE('',*,*,#3295,.T.);
#4777=ORIENTED_EDGE('',*,*,#3292,.F.);
#4778=ORIENTED_EDGE('',*,*,#3196,.T.);
#4779=ORIENTED_EDGE('',*,*,#3302,.T.);
#4780=ORIENTED_EDGE('',*,*,#3298,.F.);
#4781=ORIENTED_EDGE('',*,*,#3206,.F.);
#4782=ORIENTED_EDGE('',*,*,#3244,.F.);
#4783=ORIENTED_EDGE('',*,*,#3238,.F.);
#4784=ORIENTED_EDGE('',*,*,#3183,.F.);
#4785=ORIENTED_EDGE('',*,*,#3200,.F.);
#4786=ORIENTED_EDGE('',*,*,#3286,.F.);
#4787=ORIENTED_EDGE('',*,*,#3176,.F.);
#4788=ORIENTED_EDGE('',*,*,#3294,.F.);
#4789=ORIENTED_EDGE('',*,*,#3308,.F.);
#4790=ORIENTED_EDGE('',*,*,#3195,.F.);
#4791=ORIENTED_EDGE('',*,*,#3210,.F.);
#4792=ORIENTED_EDGE('',*,*,#3193,.F.);
#4793=ORIENTED_EDGE('',*,*,#3190,.F.);
#4794=ORIENTED_EDGE('',*,*,#3187,.F.);
#4795=ORIENTED_EDGE('',*,*,#3166,.F.);
#4796=ORIENTED_EDGE('',*,*,#3162,.F.);
#4797=ORIENTED_EDGE('',*,*,#3306,.F.);
#4798=ORIENTED_EDGE('',*,*,#3240,.F.);
#4799=ORIENTED_EDGE('',*,*,#3229,.F.);
#4800=ORIENTED_EDGE('',*,*,#3243,.F.);
#4801=ORIENTED_EDGE('',*,*,#3307,.F.);
#4802=ORIENTED_EDGE('',*,*,#3304,.T.);
#4803=ORIENTED_EDGE('',*,*,#3300,.T.);
#4804=ORIENTED_EDGE('',*,*,#3269,.F.);
#4805=ORIENTED_EDGE('',*,*,#3273,.F.);
#4806=ORIENTED_EDGE('',*,*,#3303,.T.);
#4807=ORIENTED_EDGE('',*,*,#3309,.F.);
#4808=ORIENTED_EDGE('',*,*,#3310,.F.);
#4809=ORIENTED_EDGE('',*,*,#3311,.F.);
#4810=ORIENTED_EDGE('',*,*,#3312,.F.);
#4811=ORIENTED_EDGE('',*,*,#3313,.F.);
#4812=ORIENTED_EDGE('',*,*,#3314,.F.);
#4813=ORIENTED_EDGE('',*,*,#3315,.F.);
#4814=ORIENTED_EDGE('',*,*,#3316,.F.);
#4815=ORIENTED_EDGE('',*,*,#3317,.F.);
#4816=ORIENTED_EDGE('',*,*,#3318,.F.);
#4817=ORIENTED_EDGE('',*,*,#3319,.F.);
#4818=ORIENTED_EDGE('',*,*,#3320,.F.);
#4819=ORIENTED_EDGE('',*,*,#3321,.F.);
#4820=ORIENTED_EDGE('',*,*,#3322,.F.);
#4821=ORIENTED_EDGE('',*,*,#3323,.F.);
#4822=ORIENTED_EDGE('',*,*,#3324,.F.);
#4823=ORIENTED_EDGE('',*,*,#3321,.T.);
#4824=ORIENTED_EDGE('',*,*,#3325,.T.);
#4825=ORIENTED_EDGE('',*,*,#3326,.T.);
#4826=ORIENTED_EDGE('',*,*,#3327,.T.);
#4827=ORIENTED_EDGE('',*,*,#3328,.F.);
#4828=ORIENTED_EDGE('',*,*,#3329,.F.);
#4829=ORIENTED_EDGE('',*,*,#3320,.T.);
#4830=ORIENTED_EDGE('',*,*,#3330,.F.);
#4831=ORIENTED_EDGE('',*,*,#3331,.T.);
#4832=ORIENTED_EDGE('',*,*,#3325,.F.);
#4833=ORIENTED_EDGE('',*,*,#3318,.T.);
#4834=ORIENTED_EDGE('',*,*,#3332,.F.);
#4835=ORIENTED_EDGE('',*,*,#3333,.F.);
#4836=ORIENTED_EDGE('',*,*,#3334,.T.);
#4837=ORIENTED_EDGE('',*,*,#3313,.T.);
#4838=ORIENTED_EDGE('',*,*,#3335,.T.);
#4839=ORIENTED_EDGE('',*,*,#3336,.T.);
#4840=ORIENTED_EDGE('',*,*,#3337,.F.);
#4841=ORIENTED_EDGE('',*,*,#3338,.F.);
#4842=ORIENTED_EDGE('',*,*,#3339,.F.);
#4843=ORIENTED_EDGE('',*,*,#3312,.T.);
#4844=ORIENTED_EDGE('',*,*,#3340,.T.);
#4845=ORIENTED_EDGE('',*,*,#3341,.F.);
#4846=ORIENTED_EDGE('',*,*,#3335,.F.);
#4847=ORIENTED_EDGE('',*,*,#3319,.T.);
#4848=ORIENTED_EDGE('',*,*,#3334,.F.);
#4849=ORIENTED_EDGE('',*,*,#3342,.F.);
#4850=ORIENTED_EDGE('',*,*,#3343,.T.);
#4851=ORIENTED_EDGE('',*,*,#3344,.F.);
#4852=ORIENTED_EDGE('',*,*,#3345,.F.);
#4853=ORIENTED_EDGE('',*,*,#3346,.F.);
#4854=ORIENTED_EDGE('',*,*,#3347,.T.);
#4855=ORIENTED_EDGE('',*,*,#3348,.F.);
#4856=ORIENTED_EDGE('',*,*,#3349,.F.);
#4857=ORIENTED_EDGE('',*,*,#3315,.T.);
#4858=ORIENTED_EDGE('',*,*,#3350,.T.);
#4859=ORIENTED_EDGE('',*,*,#3351,.T.);
#4860=ORIENTED_EDGE('',*,*,#3352,.F.);
#4861=ORIENTED_EDGE('',*,*,#3353,.F.);
#4862=ORIENTED_EDGE('',*,*,#3354,.F.);
#4863=ORIENTED_EDGE('',*,*,#3355,.F.);
#4864=ORIENTED_EDGE('',*,*,#3356,.F.);
#4865=ORIENTED_EDGE('',*,*,#3357,.F.);
#4866=ORIENTED_EDGE('',*,*,#3330,.T.);
#4867=ORIENTED_EDGE('',*,*,#3311,.T.);
#4868=ORIENTED_EDGE('',*,*,#3358,.F.);
#4869=ORIENTED_EDGE('',*,*,#3359,.F.);
#4870=ORIENTED_EDGE('',*,*,#3360,.F.);
#4871=ORIENTED_EDGE('',*,*,#3361,.F.);
#4872=ORIENTED_EDGE('',*,*,#3340,.F.);
#4873=ORIENTED_EDGE('',*,*,#3310,.T.);
#4874=ORIENTED_EDGE('',*,*,#3362,.F.);
#4875=ORIENTED_EDGE('',*,*,#3363,.T.);
#4876=ORIENTED_EDGE('',*,*,#3358,.T.);
#4877=ORIENTED_EDGE('',*,*,#3323,.T.);
#4878=ORIENTED_EDGE('',*,*,#3364,.T.);
#4879=ORIENTED_EDGE('',*,*,#3365,.T.);
#4880=ORIENTED_EDGE('',*,*,#3366,.F.);
#4881=ORIENTED_EDGE('',*,*,#3367,.F.);
#4882=ORIENTED_EDGE('',*,*,#3368,.F.);
#4883=ORIENTED_EDGE('',*,*,#3369,.F.);
#4884=ORIENTED_EDGE('',*,*,#3328,.T.);
#4885=ORIENTED_EDGE('',*,*,#3370,.T.);
#4886=ORIENTED_EDGE('',*,*,#3371,.F.);
#4887=ORIENTED_EDGE('',*,*,#3365,.F.);
#4888=ORIENTED_EDGE('',*,*,#3331,.F.);
#4889=ORIENTED_EDGE('',*,*,#3357,.T.);
#4890=ORIENTED_EDGE('',*,*,#3372,.T.);
#4891=ORIENTED_EDGE('',*,*,#3326,.F.);
#4892=ORIENTED_EDGE('',*,*,#3322,.T.);
#4893=ORIENTED_EDGE('',*,*,#3329,.T.);
#4894=ORIENTED_EDGE('',*,*,#3369,.T.);
#4895=ORIENTED_EDGE('',*,*,#3364,.F.);
#4896=ORIENTED_EDGE('',*,*,#3356,.T.);
#4897=ORIENTED_EDGE('',*,*,#3370,.F.);
#4898=ORIENTED_EDGE('',*,*,#3327,.F.);
#4899=ORIENTED_EDGE('',*,*,#3372,.F.);
#4900=ORIENTED_EDGE('',*,*,#3341,.T.);
#4901=ORIENTED_EDGE('',*,*,#3361,.T.);
#4902=ORIENTED_EDGE('',*,*,#3373,.F.);
#4903=ORIENTED_EDGE('',*,*,#3374,.F.);
#4904=ORIENTED_EDGE('',*,*,#3336,.F.);
#4905=ORIENTED_EDGE('',*,*,#3375,.T.);
#4906=ORIENTED_EDGE('',*,*,#3338,.T.);
#4907=ORIENTED_EDGE('',*,*,#3376,.F.);
#4908=ORIENTED_EDGE('',*,*,#3351,.F.);
#4909=ORIENTED_EDGE('',*,*,#3314,.T.);
#4910=ORIENTED_EDGE('',*,*,#3339,.T.);
#4911=ORIENTED_EDGE('',*,*,#3375,.F.);
#4912=ORIENTED_EDGE('',*,*,#3350,.F.);
#4913=ORIENTED_EDGE('',*,*,#3352,.T.);
#4914=ORIENTED_EDGE('',*,*,#3376,.T.);
#4915=ORIENTED_EDGE('',*,*,#3337,.T.);
#4916=ORIENTED_EDGE('',*,*,#3374,.T.);
#4917=ORIENTED_EDGE('',*,*,#3347,.F.);
#4918=ORIENTED_EDGE('',*,*,#3377,.F.);
#4919=ORIENTED_EDGE('',*,*,#3378,.F.);
#4920=ORIENTED_EDGE('',*,*,#3379,.F.);
#4921=ORIENTED_EDGE('',*,*,#3380,.F.);
#4922=ORIENTED_EDGE('',*,*,#3343,.F.);
#4923=ORIENTED_EDGE('',*,*,#3381,.F.);
#4924=ORIENTED_EDGE('',*,*,#3382,.F.);
#4925=ORIENTED_EDGE('',*,*,#3381,.T.);
#4926=ORIENTED_EDGE('',*,*,#3342,.T.);
#4927=ORIENTED_EDGE('',*,*,#3333,.T.);
#4928=ORIENTED_EDGE('',*,*,#3383,.F.);
#4929=ORIENTED_EDGE('',*,*,#3377,.T.);
#4930=ORIENTED_EDGE('',*,*,#3346,.T.);
#4931=ORIENTED_EDGE('',*,*,#3384,.T.);
#4932=ORIENTED_EDGE('',*,*,#3385,.T.);
#4933=ORIENTED_EDGE('',*,*,#3386,.T.);
#4934=ORIENTED_EDGE('',*,*,#3387,.T.);
#4935=ORIENTED_EDGE('',*,*,#3388,.T.);
#4936=ORIENTED_EDGE('',*,*,#3389,.F.);
#4937=ORIENTED_EDGE('',*,*,#3380,.T.);
#4938=ORIENTED_EDGE('',*,*,#3390,.F.);
#4939=ORIENTED_EDGE('',*,*,#3391,.F.);
#4940=ORIENTED_EDGE('',*,*,#3392,.T.);
#4941=ORIENTED_EDGE('',*,*,#3393,.T.);
#4942=ORIENTED_EDGE('',*,*,#3394,.T.);
#4943=ORIENTED_EDGE('',*,*,#3395,.F.);
#4944=ORIENTED_EDGE('',*,*,#3344,.T.);
#4945=ORIENTED_EDGE('',*,*,#3317,.T.);
#4946=ORIENTED_EDGE('',*,*,#3396,.T.);
#4947=ORIENTED_EDGE('',*,*,#3397,.T.);
#4948=ORIENTED_EDGE('',*,*,#3398,.T.);
#4949=ORIENTED_EDGE('',*,*,#3399,.T.);
#4950=ORIENTED_EDGE('',*,*,#3400,.T.);
#4951=ORIENTED_EDGE('',*,*,#3401,.T.);
#4952=ORIENTED_EDGE('',*,*,#3362,.T.);
#4953=ORIENTED_EDGE('',*,*,#3309,.T.);
#4954=ORIENTED_EDGE('',*,*,#3402,.T.);
#4955=ORIENTED_EDGE('',*,*,#3403,.T.);
#4956=ORIENTED_EDGE('',*,*,#3378,.T.);
#4957=ORIENTED_EDGE('',*,*,#3389,.T.);
#4958=ORIENTED_EDGE('',*,*,#3404,.T.);
#4959=ORIENTED_EDGE('',*,*,#3390,.T.);
#4960=ORIENTED_EDGE('',*,*,#3382,.T.);
#4961=ORIENTED_EDGE('',*,*,#3383,.T.);
#4962=ORIENTED_EDGE('',*,*,#3332,.T.);
#4963=ORIENTED_EDGE('',*,*,#3359,.T.);
#4964=ORIENTED_EDGE('',*,*,#3363,.F.);
#4965=ORIENTED_EDGE('',*,*,#3401,.F.);
#4966=ORIENTED_EDGE('',*,*,#3405,.T.);
#4967=ORIENTED_EDGE('',*,*,#3406,.F.);
#4968=ORIENTED_EDGE('',*,*,#3386,.F.);
#4969=ORIENTED_EDGE('',*,*,#3407,.F.);
#4970=ORIENTED_EDGE('',*,*,#3408,.T.);
#4971=ORIENTED_EDGE('',*,*,#3324,.T.);
#4972=ORIENTED_EDGE('',*,*,#3368,.T.);
#4973=ORIENTED_EDGE('',*,*,#3409,.T.);
#4974=ORIENTED_EDGE('',*,*,#3396,.F.);
#4975=ORIENTED_EDGE('',*,*,#3367,.T.);
#4976=ORIENTED_EDGE('',*,*,#3410,.T.);
#4977=ORIENTED_EDGE('',*,*,#3411,.F.);
#4978=ORIENTED_EDGE('',*,*,#3393,.F.);
#4979=ORIENTED_EDGE('',*,*,#3412,.F.);
#4980=ORIENTED_EDGE('',*,*,#3413,.T.);
#4981=ORIENTED_EDGE('',*,*,#3397,.F.);
#4982=ORIENTED_EDGE('',*,*,#3409,.F.);
#4983=ORIENTED_EDGE('',*,*,#3371,.T.);
#4984=ORIENTED_EDGE('',*,*,#3355,.T.);
#4985=ORIENTED_EDGE('',*,*,#3414,.T.);
#4986=ORIENTED_EDGE('',*,*,#3415,.T.);
#4987=ORIENTED_EDGE('',*,*,#3410,.F.);
#4988=ORIENTED_EDGE('',*,*,#3366,.T.);
#4989=ORIENTED_EDGE('',*,*,#3354,.T.);
#4990=ORIENTED_EDGE('',*,*,#3416,.T.);
#4991=ORIENTED_EDGE('',*,*,#3417,.T.);
#4992=ORIENTED_EDGE('',*,*,#3414,.F.);
#4993=ORIENTED_EDGE('',*,*,#3360,.T.);
#4994=ORIENTED_EDGE('',*,*,#3408,.F.);
#4995=ORIENTED_EDGE('',*,*,#3418,.T.);
#4996=ORIENTED_EDGE('',*,*,#3416,.F.);
#4997=ORIENTED_EDGE('',*,*,#3353,.T.);
#4998=ORIENTED_EDGE('',*,*,#3373,.T.);
#4999=ORIENTED_EDGE('',*,*,#3316,.T.);
#5000=ORIENTED_EDGE('',*,*,#3349,.T.);
#5001=ORIENTED_EDGE('',*,*,#3419,.F.);
#5002=ORIENTED_EDGE('',*,*,#3402,.F.);
#5003=ORIENTED_EDGE('',*,*,#3379,.T.);
#5004=ORIENTED_EDGE('',*,*,#3403,.F.);
#5005=ORIENTED_EDGE('',*,*,#3419,.T.);
#5006=ORIENTED_EDGE('',*,*,#3348,.T.);
#5007=ORIENTED_EDGE('',*,*,#3345,.T.);
#5008=ORIENTED_EDGE('',*,*,#3395,.T.);
#5009=ORIENTED_EDGE('',*,*,#3420,.T.);
#5010=ORIENTED_EDGE('',*,*,#3384,.F.);
#5011=ORIENTED_EDGE('',*,*,#3400,.F.);
#5012=ORIENTED_EDGE('',*,*,#3421,.F.);
#5013=ORIENTED_EDGE('',*,*,#3422,.T.);
#5014=ORIENTED_EDGE('',*,*,#3405,.F.);
#5015=ORIENTED_EDGE('',*,*,#3423,.F.);
#5016=ORIENTED_EDGE('',*,*,#3412,.T.);
#5017=ORIENTED_EDGE('',*,*,#3392,.F.);
#5018=ORIENTED_EDGE('',*,*,#3424,.F.);
#5019=ORIENTED_EDGE('',*,*,#3387,.F.);
#5020=ORIENTED_EDGE('',*,*,#3406,.T.);
#5021=ORIENTED_EDGE('',*,*,#3422,.F.);
#5022=ORIENTED_EDGE('',*,*,#3425,.F.);
#5023=ORIENTED_EDGE('',*,*,#3415,.F.);
#5024=ORIENTED_EDGE('',*,*,#3417,.F.);
#5025=ORIENTED_EDGE('',*,*,#3418,.F.);
#5026=ORIENTED_EDGE('',*,*,#3407,.T.);
#5027=ORIENTED_EDGE('',*,*,#3385,.F.);
#5028=ORIENTED_EDGE('',*,*,#3420,.F.);
#5029=ORIENTED_EDGE('',*,*,#3394,.F.);
#5030=ORIENTED_EDGE('',*,*,#3411,.T.);
#5031=ORIENTED_EDGE('',*,*,#3398,.F.);
#5032=ORIENTED_EDGE('',*,*,#3413,.F.);
#5033=ORIENTED_EDGE('',*,*,#3423,.T.);
#5034=ORIENTED_EDGE('',*,*,#3426,.T.);
#5035=ORIENTED_EDGE('',*,*,#3404,.F.);
#5036=ORIENTED_EDGE('',*,*,#3388,.F.);
#5037=ORIENTED_EDGE('',*,*,#3424,.T.);
#5038=ORIENTED_EDGE('',*,*,#3391,.T.);
#5039=ORIENTED_EDGE('',*,*,#3399,.F.);
#5040=ORIENTED_EDGE('',*,*,#3426,.F.);
#5041=ORIENTED_EDGE('',*,*,#3425,.T.);
#5042=ORIENTED_EDGE('',*,*,#3421,.T.);
#5043=PLANE('',#5519);
#5044=PLANE('',#5525);
#5045=PLANE('',#5532);
#5046=PLANE('',#5534);
#5047=PLANE('',#5539);
#5048=PLANE('',#5543);
#5049=PLANE('',#5548);
#5050=PLANE('',#5549);
#5051=PLANE('',#5557);
#5052=PLANE('',#5558);
#5053=PLANE('',#5570);
#5054=PLANE('',#5576);
#5055=PLANE('',#5592);
#5056=PLANE('',#5604);
#5057=PLANE('',#5607);
#5058=PLANE('',#5610);
#5059=PLANE('',#5613);
#5060=PLANE('',#5615);
#5061=PLANE('',#5619);
#5062=PLANE('',#5622);
#5063=PLANE('',#5626);
#5064=PLANE('',#5629);
#5065=PLANE('',#5632);
#5066=PLANE('',#5633);
#5067=PLANE('',#5636);
#5068=PLANE('',#5637);
#5069=PLANE('',#5638);
#5070=PLANE('',#5639);
#5071=PLANE('',#5640);
#5072=PLANE('',#5641);
#5073=PLANE('',#5642);
#5074=PLANE('',#5650);
#5075=PLANE('',#5652);
#5076=PLANE('',#5653);
#5077=PLANE('',#5654);
#5078=PLANE('',#5655);
#5079=PLANE('',#5656);
#5080=PLANE('',#5657);
#5081=PLANE('',#5658);
#5082=PLANE('',#5663);
#5083=PLANE('',#5664);
#5084=PLANE('',#5665);
#5085=PLANE('',#5667);
#5086=PLANE('',#5668);
#5087=PLANE('',#5669);
#5088=PLANE('',#5670);
#5089=PLANE('',#5671);
#5090=PLANE('',#5672);
#5091=PLANE('',#5673);
#5092=PLANE('',#5674);
#5093=PLANE('',#5675);
#5094=PLANE('',#5676);
#5095=PLANE('',#5677);
#5096=PLANE('',#5678);
#5097=PLANE('',#5679);
#5098=PLANE('',#5680);
#5099=PLANE('',#5681);
#5100=PLANE('',#5682);
#5101=PLANE('',#5683);
#5102=PLANE('',#5684);
#5103=PLANE('',#5685);
#5104=PLANE('',#5686);
#5105=PLANE('',#5687);
#5106=PLANE('',#5688);
#5107=PLANE('',#5689);
#5108=PLANE('',#5690);
#5109=PLANE('',#5691);
#5110=PLANE('',#5692);
#5111=PLANE('',#5693);
#5112=PLANE('',#5694);
#5113=PLANE('',#5695);
#5114=PLANE('',#5696);
#5115=PLANE('',#5701);
#5116=PLANE('',#5705);
#5117=PLANE('',#5707);
#5118=PLANE('',#5722);
#5119=PLANE('',#5723);
#5120=PLANE('',#5727);
#5121=PLANE('',#5728);
#5122=PLANE('',#5729);
#5123=PLANE('',#5730);
#5124=PLANE('',#5732);
#5125=PLANE('',#5733);
#5126=PLANE('',#5734);
#5127=PLANE('',#5737);
#5128=PLANE('',#5738);
#5129=PLANE('',#5739);
#5130=PLANE('',#5740);
#5131=PLANE('',#5741);
#5132=PLANE('',#5742);
#5133=PLANE('',#5743);
#5134=PLANE('',#5744);
#5135=PLANE('',#5749);
#5136=PLANE('',#5750);
#5137=PLANE('',#5752);
#5138=PLANE('',#5754);
#5139=PLANE('',#5755);
#5140=PLANE('',#5756);
#5141=PLANE('',#5757);
#5142=PLANE('',#5758);
#5143=PLANE('',#5759);
#5144=PLANE('',#5760);
#5145=PLANE('',#5764);
#5146=PLANE('',#5768);
#5147=PLANE('',#5770);
#5148=PLANE('',#5774);
#5149=PLANE('',#5775);
#5150=PLANE('',#5776);
#5151=PLANE('',#5777);
#5152=PLANE('',#5778);
#5153=PLANE('',#5779);
#5154=PLANE('',#5780);
#5155=PLANE('',#5784);
#5156=PLANE('',#5785);
#5157=PLANE('',#5786);
#5158=PLANE('',#5790);
#5159=PLANE('',#5791);
#5160=PLANE('',#5792);
#5161=PLANE('',#5793);
#5162=PLANE('',#5794);
#5163=PLANE('',#5795);
#5164=PLANE('',#5796);
#5165=PLANE('',#5797);
#5166=PLANE('',#5799);
#5167=PLANE('',#5800);
#5168=PLANE('',#5801);
#5169=PLANE('',#5803);
#5170=PLANE('',#5805);
#5171=PLANE('',#5806);
#5172=PLANE('',#5807);
#5173=PLANE('',#5808);
#5174=PLANE('',#5809);
#5175=PLANE('',#5810);
#5176=PLANE('',#5811);
#5177=PLANE('',#5812);
#5178=PLANE('',#5813);
#5179=PLANE('',#5814);
#5180=PLANE('',#5815);
#5181=PLANE('',#5816);
#5182=PLANE('',#5821);
#5183=PLANE('',#5822);
#5184=PLANE('',#5827);
#5185=PLANE('',#5831);
#5186=PLANE('',#5835);
#5187=PLANE('',#5838);
#5188=PLANE('',#5839);
#5189=PLANE('',#5841);
#5190=PLANE('',#5842);
#5191=PLANE('',#5843);
#5192=PLANE('',#5845);
#5193=PLANE('',#5846);
#5194=PLANE('',#5847);
#5195=PLANE('',#5850);
#5196=PLANE('',#5851);
#5197=PLANE('',#5852);
#5198=PLANE('',#5855);
#5199=PLANE('',#5857);
#5200=PLANE('',#5858);
#5201=PLANE('',#5859);
#5202=PLANE('',#5860);
#5203=PLANE('',#5861);
#5204=PLANE('',#5863);
#5205=PLANE('',#5864);
#5206=PLANE('',#5865);
#5207=PLANE('',#5866);
#5208=PLANE('',#5867);
#5209=PLANE('',#5868);
#5210=PLANE('',#5869);
#5211=ADVANCED_FACE('',(#277,#270,#271),#5043,.F.);
#5212=ADVANCED_FACE('',(#278),#210,.F.);
#5213=ADVANCED_FACE('',(#279),#5044,.T.);
#5214=ADVANCED_FACE('',(#280),#211,.T.);
#5215=ADVANCED_FACE('',(#281),#97,.T.);
#5216=ADVANCED_FACE('',(#282),#5045,.F.);
#5217=ADVANCED_FACE('',(#283),#58,.F.);
#5218=ADVANCED_FACE('',(#284),#59,.F.);
#5219=ADVANCED_FACE('',(#285),#5046,.T.);
#5220=ADVANCED_FACE('',(#286),#54,.T.);
#5221=ADVANCED_FACE('',(#287),#60,.T.);
#5222=ADVANCED_FACE('',(#288),#212,.F.);
#5223=ADVANCED_FACE('',(#289),#5047,.F.);
#5224=ADVANCED_FACE('',(#290),#213,.T.);
#5225=ADVANCED_FACE('',(#291),#5048,.T.);
#5226=ADVANCED_FACE('',(#292),#61,.F.);
#5227=ADVANCED_FACE('',(#293),#62,.F.);
#5228=ADVANCED_FACE('',(#294),#63,.F.);
#5229=ADVANCED_FACE('',(#295),#64,.F.);
#5230=ADVANCED_FACE('',(#296),#65,.F.);
#5231=ADVANCED_FACE('',(#297),#66,.F.);
#5232=ADVANCED_FACE('',(#298),#67,.F.);
#5233=ADVANCED_FACE('',(#299),#5049,.T.);
#5234=ADVANCED_FACE('',(#300,#272),#5050,.F.);
#5235=ADVANCED_FACE('',(#301),#214,.T.);
#5236=ADVANCED_FACE('',(#302),#215,.T.);
#5237=ADVANCED_FACE('',(#303),#5051,.T.);
#5238=ADVANCED_FACE('',(#304),#5052,.T.);
#5239=ADVANCED_FACE('',(#305),#98,.T.);
#5240=ADVANCED_FACE('',(#306),#68,.T.);
#5241=ADVANCED_FACE('',(#307),#216,.T.);
#5242=ADVANCED_FACE('',(#308),#217,.T.);
#5243=ADVANCED_FACE('',(#309),#218,.T.);
#5244=ADVANCED_FACE('',(#310),#219,.T.);
#5245=ADVANCED_FACE('',(#311),#5053,.F.);
#5246=ADVANCED_FACE('',(#312),#220,.T.);
#5247=ADVANCED_FACE('',(#313),#221,.T.);
#5248=ADVANCED_FACE('',(#314),#5054,.T.);
#5249=ADVANCED_FACE('',(#315),#222,.T.);
#5250=ADVANCED_FACE('',(#316),#223,.T.);
#5251=ADVANCED_FACE('',(#317),#99,.T.);
#5252=ADVANCED_FACE('',(#318),#69,.F.);
#5253=ADVANCED_FACE('',(#319),#70,.F.);
#5254=ADVANCED_FACE('',(#320),#71,.T.);
#5255=ADVANCED_FACE('',(#321),#224,.T.);
#5256=ADVANCED_FACE('',(#322),#225,.T.);
#5257=ADVANCED_FACE('',(#323),#226,.T.);
#5258=ADVANCED_FACE('',(#324),#227,.T.);
#5259=ADVANCED_FACE('',(#325),#5055,.T.);
#5260=ADVANCED_FACE('',(#326),#228,.T.);
#5261=ADVANCED_FACE('',(#327),#229,.T.);
#5262=ADVANCED_FACE('',(#328),#230,.T.);
#5263=ADVANCED_FACE('',(#329),#231,.T.);
#5264=ADVANCED_FACE('',(#330),#5056,.T.);
#5265=ADVANCED_FACE('',(#331),#232,.T.);
#5266=ADVANCED_FACE('',(#332),#5057,.T.);
#5267=ADVANCED_FACE('',(#333),#233,.T.);
#5268=ADVANCED_FACE('',(#334),#5058,.T.);
#5269=ADVANCED_FACE('',(#335),#72,.F.);
#5270=ADVANCED_FACE('',(#336),#100,.T.);
#5271=ADVANCED_FACE('',(#337),#101,.T.);
#5272=ADVANCED_FACE('',(#338),#73,.F.);
#5273=ADVANCED_FACE('',(#339),#74,.T.);
#5274=ADVANCED_FACE('',(#340),#5059,.T.);
#5275=ADVANCED_FACE('',(#341),#75,.T.);
#5276=ADVANCED_FACE('',(#342),#76,.T.);
#5277=ADVANCED_FACE('',(#343),#234,.T.);
#5278=ADVANCED_FACE('',(#344),#77,.T.);
#5279=ADVANCED_FACE('',(#345),#78,.F.);
#5280=ADVANCED_FACE('',(#346),#79,.T.);
#5281=ADVANCED_FACE('',(#347),#80,.F.);
#5282=ADVANCED_FACE('',(#348),#81,.T.);
#5283=ADVANCED_FACE('',(#349),#82,.T.);
#5284=ADVANCED_FACE('',(#350),#5060,.T.);
#5285=ADVANCED_FACE('',(#351),#235,.T.);
#5286=ADVANCED_FACE('',(#352),#5061,.T.);
#5287=ADVANCED_FACE('',(#353),#236,.T.);
#5288=ADVANCED_FACE('',(#354),#5062,.T.);
#5289=ADVANCED_FACE('',(#355),#237,.T.);
#5290=ADVANCED_FACE('',(#356),#102,.T.);
#5291=ADVANCED_FACE('',(#357),#5063,.F.);
#5292=ADVANCED_FACE('',(#358),#238,.T.);
#5293=ADVANCED_FACE('',(#359),#5064,.F.);
#5294=ADVANCED_FACE('',(#360),#239,.T.);
#5295=ADVANCED_FACE('',(#361),#83,.T.);
#5296=ADVANCED_FACE('',(#362),#5065,.F.);
#5297=ADVANCED_FACE('',(#363),#5066,.T.);
#5298=ADVANCED_FACE('',(#364),#240,.F.);
#5299=ADVANCED_FACE('',(#365),#5067,.F.);
#5300=ADVANCED_FACE('',(#366),#5068,.T.);
#5301=ADVANCED_FACE('',(#367),#5069,.F.);
#5302=ADVANCED_FACE('',(#368),#5070,.F.);
#5303=ADVANCED_FACE('',(#369),#5071,.F.);
#5304=ADVANCED_FACE('',(#370),#5072,.F.);
#5305=ADVANCED_FACE('',(#371),#5073,.T.);
#5306=ADVANCED_FACE('',(#372),#84,.T.);
#5307=ADVANCED_FACE('',(#373),#241,.F.);
#5308=ADVANCED_FACE('',(#374),#242,.F.);
#5309=ADVANCED_FACE('',(#375),#85,.T.);
#5310=ADVANCED_FACE('',(#376),#86,.T.);
#5311=ADVANCED_FACE('',(#377),#5074,.T.);
#5312=ADVANCED_FACE('',(#378),#5075,.F.);
#5313=ADVANCED_FACE('',(#379),#5076,.F.);
#5314=ADVANCED_FACE('',(#380),#5077,.F.);
#5315=ADVANCED_FACE('',(#381),#5078,.T.);
#5316=ADVANCED_FACE('',(#382),#5079,.F.);
#5317=ADVANCED_FACE('',(#383),#5080,.T.);
#5318=ADVANCED_FACE('',(#384),#5081,.T.);
#5319=ADVANCED_FACE('',(#385),#243,.F.);
#5320=ADVANCED_FACE('',(#386),#244,.T.);
#5321=ADVANCED_FACE('',(#387),#5082,.T.);
#5322=ADVANCED_FACE('',(#388),#5083,.T.);
#5323=ADVANCED_FACE('',(#389),#5084,.T.);
#5324=ADVANCED_FACE('',(#390),#55,.T.);
#5325=ADVANCED_FACE('',(#391,#273),#5085,.F.);
#5326=ADVANCED_FACE('',(#392),#56,.F.);
#5327=ADVANCED_FACE('',(#393),#5086,.F.);
#5328=ADVANCED_FACE('',(#394),#5087,.T.);
#5329=ADVANCED_FACE('',(#395),#5088,.F.);
#5330=ADVANCED_FACE('',(#396),#5089,.T.);
#5331=ADVANCED_FACE('',(#397),#57,.F.);
#5332=ADVANCED_FACE('',(#398),#5090,.T.);
#5333=ADVANCED_FACE('',(#399),#5091,.T.);
#5334=ADVANCED_FACE('',(#400),#5092,.F.);
#5335=ADVANCED_FACE('',(#401),#87,.F.);
#5336=ADVANCED_FACE('',(#402),#5093,.T.);
#5337=ADVANCED_FACE('',(#403),#5094,.F.);
#5338=ADVANCED_FACE('',(#404),#5095,.F.);
#5339=ADVANCED_FACE('',(#405),#5096,.T.);
#5340=ADVANCED_FACE('',(#406),#88,.F.);
#5341=ADVANCED_FACE('',(#407),#89,.F.);
#5342=ADVANCED_FACE('',(#408),#90,.F.);
#5343=ADVANCED_FACE('',(#409),#5097,.T.);
#5344=ADVANCED_FACE('',(#410),#5098,.T.);
#5345=ADVANCED_FACE('',(#411),#5099,.T.);
#5346=ADVANCED_FACE('',(#412),#5100,.F.);
#5347=ADVANCED_FACE('',(#413),#5101,.T.);
#5348=ADVANCED_FACE('',(#414),#5102,.F.);
#5349=ADVANCED_FACE('',(#415),#5103,.F.);
#5350=ADVANCED_FACE('',(#416),#5104,.F.);
#5351=ADVANCED_FACE('',(#417),#5105,.F.);
#5352=ADVANCED_FACE('',(#418),#5106,.T.);
#5353=ADVANCED_FACE('',(#419),#5107,.F.);
#5354=ADVANCED_FACE('',(#420),#5108,.F.);
#5355=ADVANCED_FACE('',(#421),#5109,.F.);
#5356=ADVANCED_FACE('',(#422),#5110,.F.);
#5357=ADVANCED_FACE('',(#423),#5111,.T.);
#5358=ADVANCED_FACE('',(#424),#5112,.F.);
#5359=ADVANCED_FACE('',(#425),#5113,.F.);
#5360=ADVANCED_FACE('',(#426),#5114,.F.);
#5361=ADVANCED_FACE('',(#427),#245,.T.);
#5362=ADVANCED_FACE('',(#428),#5115,.F.);
#5363=ADVANCED_FACE('',(#429),#246,.F.);
#5364=ADVANCED_FACE('',(#430),#5116,.T.);
#5365=ADVANCED_FACE('',(#431),#5117,.F.);
#5366=ADVANCED_FACE('',(#432),#103,.F.);
#5367=ADVANCED_FACE('',(#433),#247,.F.);
#5368=ADVANCED_FACE('',(#434),#104,.F.);
#5369=ADVANCED_FACE('',(#435),#248,.F.);
#5370=ADVANCED_FACE('',(#436),#5118,.T.);
#5371=ADVANCED_FACE('',(#437),#5119,.F.);
#5372=ADVANCED_FACE('',(#438),#249,.F.);
#5373=ADVANCED_FACE('',(#439),#5120,.T.);
#5374=ADVANCED_FACE('',(#440),#5121,.T.);
#5375=ADVANCED_FACE('',(#441),#5122,.F.);
#5376=ADVANCED_FACE('',(#442),#5123,.F.);
#5377=ADVANCED_FACE('',(#443),#250,.F.);
#5378=ADVANCED_FACE('',(#444),#5124,.T.);
#5379=ADVANCED_FACE('',(#445),#5125,.T.);
#5380=ADVANCED_FACE('',(#446),#5126,.T.);
#5381=ADVANCED_FACE('',(#447),#251,.T.);
#5382=ADVANCED_FACE('',(#448),#5127,.T.);
#5383=ADVANCED_FACE('',(#449),#5128,.F.);
#5384=ADVANCED_FACE('',(#450),#5129,.F.);
#5385=ADVANCED_FACE('',(#451),#5130,.F.);
#5386=ADVANCED_FACE('',(#452),#5131,.F.);
#5387=ADVANCED_FACE('',(#453),#5132,.F.);
#5388=ADVANCED_FACE('',(#454),#5133,.F.);
#5389=ADVANCED_FACE('',(#455,#274),#5134,.T.);
#5390=ADVANCED_FACE('',(#456),#252,.F.);
#5391=ADVANCED_FACE('',(#457),#5135,.T.);
#5392=ADVANCED_FACE('',(#458),#5136,.T.);
#5393=ADVANCED_FACE('',(#459),#253,.T.);
#5394=ADVANCED_FACE('',(#460),#5137,.T.);
#5395=ADVANCED_FACE('',(#461),#254,.T.);
#5396=ADVANCED_FACE('',(#462),#5138,.T.);
#5397=ADVANCED_FACE('',(#463),#5139,.F.);
#5398=ADVANCED_FACE('',(#464),#5140,.F.);
#5399=ADVANCED_FACE('',(#465),#5141,.T.);
#5400=ADVANCED_FACE('',(#466),#5142,.F.);
#5401=ADVANCED_FACE('',(#467),#5143,.T.);
#5402=ADVANCED_FACE('',(#468),#5144,.T.);
#5403=ADVANCED_FACE('',(#469),#255,.F.);
#5404=ADVANCED_FACE('',(#470),#5145,.T.);
#5405=ADVANCED_FACE('',(#471),#91,.T.);
#5406=ADVANCED_FACE('',(#472),#5146,.T.);
#5407=ADVANCED_FACE('',(#473),#92,.F.);
#5408=ADVANCED_FACE('',(#474),#93,.F.);
#5409=ADVANCED_FACE('',(#475),#5147,.T.);
#5410=ADVANCED_FACE('',(#476),#5148,.F.);
#5411=ADVANCED_FACE('',(#477),#5149,.T.);
#5412=ADVANCED_FACE('',(#478),#5150,.F.);
#5413=ADVANCED_FACE('',(#479),#5151,.T.);
#5414=ADVANCED_FACE('',(#480),#5152,.F.);
#5415=ADVANCED_FACE('',(#481),#5153,.F.);
#5416=ADVANCED_FACE('',(#482),#5154,.F.);
#5417=ADVANCED_FACE('',(#483),#94,.T.);
#5418=ADVANCED_FACE('',(#484),#95,.T.);
#5419=ADVANCED_FACE('',(#485),#256,.T.);
#5420=ADVANCED_FACE('',(#486),#5155,.T.);
#5421=ADVANCED_FACE('',(#487),#5156,.T.);
#5422=ADVANCED_FACE('',(#488),#5157,.F.);
#5423=ADVANCED_FACE('',(#489),#257,.F.);
#5424=ADVANCED_FACE('',(#490),#258,.F.);
#5425=ADVANCED_FACE('',(#491),#5158,.T.);
#5426=ADVANCED_FACE('',(#492,#275),#5159,.F.);
#5427=ADVANCED_FACE('',(#493),#5160,.F.);
#5428=ADVANCED_FACE('',(#494),#5161,.F.);
#5429=ADVANCED_FACE('',(#495),#5162,.F.);
#5430=ADVANCED_FACE('',(#496),#5163,.F.);
#5431=ADVANCED_FACE('',(#497),#5164,.T.);
#5432=ADVANCED_FACE('',(#498,#276),#5165,.T.);
#5433=ADVANCED_FACE('',(#499),#259,.F.);
#5434=ADVANCED_FACE('',(#500),#5166,.T.);
#5435=ADVANCED_FACE('',(#501),#5167,.T.);
#5436=ADVANCED_FACE('',(#502),#5168,.T.);
#5437=ADVANCED_FACE('',(#503),#260,.T.);
#5438=ADVANCED_FACE('',(#504),#5169,.F.);
#5439=ADVANCED_FACE('',(#505),#261,.T.);
#5440=ADVANCED_FACE('',(#506),#5170,.T.);
#5441=ADVANCED_FACE('',(#507),#5171,.T.);
#5442=ADVANCED_FACE('',(#508),#5172,.F.);
#5443=ADVANCED_FACE('',(#509),#5173,.F.);
#5444=ADVANCED_FACE('',(#510),#5174,.T.);
#5445=ADVANCED_FACE('',(#511),#5175,.T.);
#5446=ADVANCED_FACE('',(#512),#5176,.F.);
#5447=ADVANCED_FACE('',(#513),#96,.F.);
#5448=ADVANCED_FACE('',(#514),#5177,.T.);
#5449=ADVANCED_FACE('',(#515),#5178,.T.);
#5450=ADVANCED_FACE('',(#516),#5179,.F.);
#5451=ADVANCED_FACE('',(#517),#5180,.F.);
#5452=ADVANCED_FACE('',(#518),#5181,.F.);
#5453=ADVANCED_FACE('',(#519),#262,.T.);
#5454=ADVANCED_FACE('',(#520),#5182,.F.);
#5455=ADVANCED_FACE('',(#521),#5183,.T.);
#5456=ADVANCED_FACE('',(#522),#263,.F.);
#5457=ADVANCED_FACE('',(#523),#5184,.F.);
#5458=ADVANCED_FACE('',(#524),#5185,.T.);
#5459=ADVANCED_FACE('',(#525),#264,.F.);
#5460=ADVANCED_FACE('',(#526),#5186,.F.);
#5461=ADVANCED_FACE('',(#527),#5187,.F.);
#5462=ADVANCED_FACE('',(#528),#5188,.F.);
#5463=ADVANCED_FACE('',(#529),#265,.F.);
#5464=ADVANCED_FACE('',(#530),#5189,.T.);
#5465=ADVANCED_FACE('',(#531),#5190,.T.);
#5466=ADVANCED_FACE('',(#532),#5191,.T.);
#5467=ADVANCED_FACE('',(#533),#266,.T.);
#5468=ADVANCED_FACE('',(#534),#5192,.F.);
#5469=ADVANCED_FACE('',(#535),#5193,.F.);
#5470=ADVANCED_FACE('',(#536),#5194,.F.);
#5471=ADVANCED_FACE('',(#537),#267,.T.);
#5472=ADVANCED_FACE('',(#538),#5195,.F.);
#5473=ADVANCED_FACE('',(#539),#5196,.F.);
#5474=ADVANCED_FACE('',(#540),#5197,.T.);
#5475=ADVANCED_FACE('',(#541),#5198,.T.);
#5476=ADVANCED_FACE('',(#542),#268,.F.);
#5477=ADVANCED_FACE('',(#543),#5199,.T.);
#5478=ADVANCED_FACE('',(#544),#5200,.T.);
#5479=ADVANCED_FACE('',(#545),#5201,.T.);
#5480=ADVANCED_FACE('',(#546),#5202,.T.);
#5481=ADVANCED_FACE('',(#547),#5203,.T.);
#5482=ADVANCED_FACE('',(#548),#269,.T.);
#5483=ADVANCED_FACE('',(#549),#5204,.T.);
#5484=ADVANCED_FACE('',(#550),#5205,.T.);
#5485=ADVANCED_FACE('',(#551),#5206,.F.);
#5486=ADVANCED_FACE('',(#552),#5207,.F.);
#5487=ADVANCED_FACE('',(#553),#5208,.T.);
#5488=ADVANCED_FACE('',(#554),#5209,.T.);
#5489=ADVANCED_FACE('',(#555),#5210,.T.);
#5490=CLOSED_SHELL('',(#5211,#5212,#5213,#5214,#5215,#5216,#5217,#5218,
#5219,#5220,#5221,#5222,#5223,#5224,#5225,#5226,#5227,#5228,#5229,#5230,
#5231,#5232,#5233,#5234,#5235,#5236,#5237,#5238,#5239,#5240,#5241,#5242,
#5243,#5244,#5245,#5246,#5247,#5248,#5249,#5250,#5251,#5252,#5253,#5254,
#5255,#5256,#5257,#5258,#5259,#5260,#5261,#5262,#5263,#5264,#5265,#5266,
#5267,#5268,#5269,#5270,#5271,#5272,#5273,#5274,#5275,#5276,#5277,#5278,
#5279,#5280,#5281,#5282,#5283,#5284,#5285,#5286,#5287,#5288,#5289,#5290,
#5291,#5292,#5293,#5294,#5295,#5296,#5297,#5298,#5299,#5300,#5301,#5302,
#5303,#5304,#5305,#5306,#5307,#5308,#5309,#5310,#5311,#5312,#5313,#5314,
#5315,#5316,#5317,#5318,#5319,#5320,#5321,#5322,#5323,#5324,#5325,#5326,
#5327,#5328,#5329,#5330,#5331,#5332,#5333,#5334,#5335,#5336,#5337,#5338,
#5339,#5340,#5341,#5342,#5343,#5344,#5345));
#5491=CLOSED_SHELL('',(#5346,#5347,#5348,#5349,#5350,#5351));
#5492=CLOSED_SHELL('',(#5352,#5353,#5354,#5355,#5356,#5357));
#5493=CLOSED_SHELL('',(#5358,#5359,#5360,#5361,#5362,#5363,#5364,#5365,
#5366,#5367,#5368,#5369,#5370,#5371,#5372,#5373,#5374,#5375,#5376,#5377,
#5378,#5379,#5380,#5381,#5382,#5383,#5384,#5385,#5386,#5387,#5388,#5389,
#5390,#5391,#5392,#5393,#5394,#5395,#5396,#5397,#5398,#5399,#5400,#5401,
#5402));
#5494=CLOSED_SHELL('',(#5403,#5404,#5405,#5406,#5407,#5408,#5409,#5410,
#5411,#5412,#5413,#5414,#5415,#5416,#5417,#5418,#5419,#5420,#5421,#5422,
#5423,#5424,#5425,#5426,#5427,#5428,#5429,#5430,#5431,#5432,#5433,#5434,
#5435,#5436,#5437,#5438,#5439,#5440,#5441,#5442,#5443,#5444,#5445,#5446,
#5447,#5448,#5449));
#5495=CLOSED_SHELL('',(#5450,#5451,#5452,#5453,#5454,#5455,#5456,#5457,
#5458,#5459,#5460,#5461,#5462,#5463,#5464,#5465,#5466,#5467,#5468,#5469,
#5470,#5471,#5472,#5473,#5474,#5475,#5476,#5477,#5478,#5479,#5480,#5481,
#5482,#5483,#5484,#5485,#5486,#5487,#5488,#5489));
#5496=BREP_WITH_VOIDS('Solid41',#5490,(#52,#53));
#5497=DERIVED_UNIT_ELEMENT(#5500,1.);
#5498=DERIVED_UNIT_ELEMENT(#10744,-3.);
#5499=DIMENSIONAL_EXPONENTS(0.,1.,0.,0.,0.,0.,0.);
#5500=(
CONVERSION_BASED_UNIT('gram',#5502)
MASS_UNIT()
NAMED_UNIT(#5499)
);
#5501=(
MASS_UNIT()
NAMED_UNIT(*)
SI_UNIT(.KILO.,.GRAM.)
);
#5502=MASS_MEASURE_WITH_UNIT(MASS_MEASURE(0.001),#5501);
#5503=DERIVED_UNIT((#5497,#5498));
#5504=MEASURE_REPRESENTATION_ITEM('density measure',
POSITIVE_RATIO_MEASURE(1.),#5503);
#5505=PROPERTY_DEFINITION_REPRESENTATION(#5510,#5507);
#5506=PROPERTY_DEFINITION_REPRESENTATION(#5511,#5508);
#5507=REPRESENTATION('material name',(#5509),#10741);
#5508=REPRESENTATION('density',(#5504),#10741);
#5509=DESCRIPTIVE_REPRESENTATION_ITEM('Generic','Generic');
#5510=PROPERTY_DEFINITION('material property','material name',#10751);
#5511=PROPERTY_DEFINITION('material property','density of part',#10751);
#5512=DATE_TIME_ROLE('creation_date');
#5513=APPLIED_DATE_AND_TIME_ASSIGNMENT(#5514,#5512,(#10751));
#5514=DATE_AND_TIME(#5515,#5516);
#5515=CALENDAR_DATE(2025,1,8);
#5516=LOCAL_TIME(0,0,0.,#5517);
#5517=COORDINATED_UNIVERSAL_TIME_OFFSET(0,0,.BEHIND.);
#5518=AXIS2_PLACEMENT_3D('',#7132,#5874,#5875);
#5519=AXIS2_PLACEMENT_3D('',#7133,#5876,#5877);
#5520=AXIS2_PLACEMENT_3D('',#7238,#5886,#5887);
#5521=AXIS2_PLACEMENT_3D('',#7297,#5888,#5889);
#5522=AXIS2_PLACEMENT_3D('',#7404,#5904,#5905);
#5523=AXIS2_PLACEMENT_3D('',#7406,#5906,#5907);
#5524=AXIS2_PLACEMENT_3D('',#7409,#5909,#5910);
#5525=AXIS2_PLACEMENT_3D('',#7410,#5911,#5912);
#5526=AXIS2_PLACEMENT_3D('',#7412,#5913,#5914);
#5527=AXIS2_PLACEMENT_3D('',#7418,#5918,#5919);
#5528=AXIS2_PLACEMENT_3D('',#7471,#5921,#5922);
#5529=AXIS2_PLACEMENT_3D('',#7473,#5923,#5924);
#5530=AXIS2_PLACEMENT_3D('',#7475,#5925,#5926);
#5531=AXIS2_PLACEMENT_3D('',#7476,#5927,#5928);
#5532=AXIS2_PLACEMENT_3D('',#7477,#5929,#5930);
#5533=AXIS2_PLACEMENT_3D('',#7519,#5934,#5935);
#5534=AXIS2_PLACEMENT_3D('',#7564,#5938,#5939);
#5535=AXIS2_PLACEMENT_3D('',#7624,#5942,#5943);
#5536=AXIS2_PLACEMENT_3D('',#7625,#5944,#5945);
#5537=AXIS2_PLACEMENT_3D('',#7627,#5946,#5947);
#5538=AXIS2_PLACEMENT_3D('',#7630,#5949,#5950);
#5539=AXIS2_PLACEMENT_3D('',#7631,#5951,#5952);
#5540=AXIS2_PLACEMENT_3D('',#7633,#5953,#5954);
#5541=AXIS2_PLACEMENT_3D('',#7639,#5958,#5959);
#5542=AXIS2_PLACEMENT_3D('',#7641,#5960,#5961);
#5543=AXIS2_PLACEMENT_3D('',#7643,#5963,#5964);
#5544=AXIS2_PLACEMENT_3D('',#7702,#5970,#5971);
#5545=AXIS2_PLACEMENT_3D('',#7723,#5972,#5973);
#5546=AXIS2_PLACEMENT_3D('',#7765,#5974,#5975);
#5547=AXIS2_PLACEMENT_3D('',#7830,#5977,#5978);
#5548=AXIS2_PLACEMENT_3D('',#7849,#5981,#5982);
#5549=AXIS2_PLACEMENT_3D('',#7853,#5985,#5986);
#5550=AXIS2_PLACEMENT_3D('',#7855,#5987,#5988);
#5551=AXIS2_PLACEMENT_3D('',#7858,#5990,#5991);
#5552=AXIS2_PLACEMENT_3D('',#7860,#5992,#5993);
#5553=AXIS2_PLACEMENT_3D('',#7882,#6005,#6006);
#5554=AXIS2_PLACEMENT_3D('',#7905,#6007,#6008);
#5555=AXIS2_PLACEMENT_3D('',#7907,#6010,#6011);
#5556=AXIS2_PLACEMENT_3D('',#7934,#6013,#6014);
#5557=AXIS2_PLACEMENT_3D('',#7935,#6015,#6016);
#5558=AXIS2_PLACEMENT_3D('',#7947,#6020,#6021);
#5559=AXIS2_PLACEMENT_3D('',#7953,#6023,#6024);
#5560=AXIS2_PLACEMENT_3D('',#7955,#6025,#6026);
#5561=AXIS2_PLACEMENT_3D('',#8021,#6027,#6028);
#5562=AXIS2_PLACEMENT_3D('',#8022,#6029,#6030);
#5563=AXIS2_PLACEMENT_3D('',#8028,#6031,#6032);
#5564=AXIS2_PLACEMENT_3D('',#8030,#6033,#6034);
#5565=AXIS2_PLACEMENT_3D('',#8042,#6035,#6036);
#5566=AXIS2_PLACEMENT_3D('',#8046,#6038,#6039);
#5567=AXIS2_PLACEMENT_3D('',#8068,#6041,#6042);
#5568=AXIS2_PLACEMENT_3D('',#8076,#6044,#6045);
#5569=AXIS2_PLACEMENT_3D('',#8085,#6046,#6047);
#5570=AXIS2_PLACEMENT_3D('',#8096,#6048,#6049);
#5571=AXIS2_PLACEMENT_3D('',#8106,#6054,#6055);
#5572=AXIS2_PLACEMENT_3D('',#8110,#6057,#6058);
#5573=AXIS2_PLACEMENT_3D('',#8131,#6070,#6071);
#5574=AXIS2_PLACEMENT_3D('',#8138,#6072,#6073);
#5575=AXIS2_PLACEMENT_3D('',#8161,#6074,#6075);
#5576=AXIS2_PLACEMENT_3D('',#8164,#6078,#6079);
#5577=AXIS2_PLACEMENT_3D('',#8171,#6081,#6082);
#5578=AXIS2_PLACEMENT_3D('',#8175,#6084,#6085);
#5579=AXIS2_PLACEMENT_3D('',#8201,#6086,#6087);
#5580=AXIS2_PLACEMENT_3D('',#8202,#6088,#6089);
#5581=AXIS2_PLACEMENT_3D('',#8419,#6090,#6091);
#5582=AXIS2_PLACEMENT_3D('',#8423,#6093,#6094);
#5583=AXIS2_PLACEMENT_3D('',#8425,#6095,#6096);
#5584=AXIS2_PLACEMENT_3D('',#8427,#6097,#6098);
#5585=AXIS2_PLACEMENT_3D('',#8440,#6099,#6100);
#5586=AXIS2_PLACEMENT_3D('',#8442,#6101,#6102);
#5587=AXIS2_PLACEMENT_3D('',#8443,#6103,#6104);
#5588=AXIS2_PLACEMENT_3D('',#8444,#6105,#6106);
#5589=AXIS2_PLACEMENT_3D('',#8452,#6107,#6108);
#5590=AXIS2_PLACEMENT_3D('',#8453,#6109,#6110);
#5591=AXIS2_PLACEMENT_3D('',#8455,#6111,#6112);
#5592=AXIS2_PLACEMENT_3D('',#8469,#6114,#6115);
#5593=AXIS2_PLACEMENT_3D('',#8471,#6116,#6117);
#5594=AXIS2_PLACEMENT_3D('',#8476,#6120,#6121);
#5595=AXIS2_PLACEMENT_3D('',#8507,#6126,#6127);
#5596=AXIS2_PLACEMENT_3D('',#8511,#6129,#6130);
#5597=AXIS2_PLACEMENT_3D('',#8524,#6131,#6132);
#5598=AXIS2_PLACEMENT_3D('',#8526,#6133,#6134);
#5599=AXIS2_PLACEMENT_3D('',#8533,#6135,#6136);
#5600=AXIS2_PLACEMENT_3D('',#8534,#6137,#6138);
#5601=AXIS2_PLACEMENT_3D('',#8535,#6139,#6140);
#5602=AXIS2_PLACEMENT_3D('',#8558,#6142,#6143);
#5603=AXIS2_PLACEMENT_3D('',#8559,#6144,#6145);
#5604=AXIS2_PLACEMENT_3D('',#8560,#6146,#6147);
#5605=AXIS2_PLACEMENT_3D('',#8564,#6150,#6151);
#5606=AXIS2_PLACEMENT_3D('',#8567,#6153,#6154);
#5607=AXIS2_PLACEMENT_3D('',#8568,#6155,#6156);
#5608=AXIS2_PLACEMENT_3D('',#8572,#6159,#6160);
#5609=AXIS2_PLACEMENT_3D('',#8575,#6162,#6163);
#5610=AXIS2_PLACEMENT_3D('',#8576,#6164,#6165);
#5611=AXIS2_PLACEMENT_3D('',#8617,#6167,#6168);
#5612=AXIS2_PLACEMENT_3D('',#8618,#6169,#6170);
#5613=AXIS2_PLACEMENT_3D('',#8747,#6171,#6172);
#5614=AXIS2_PLACEMENT_3D('',#8854,#6173,#6174);
#5615=AXIS2_PLACEMENT_3D('',#9077,#6176,#6177);
#5616=AXIS2_PLACEMENT_3D('',#9079,#6178,#6179);
#5617=AXIS2_PLACEMENT_3D('',#9081,#6181,#6182);
#5618=AXIS2_PLACEMENT_3D('',#9084,#6184,#6185);
#5619=AXIS2_PLACEMENT_3D('',#9086,#6187,#6188);
#5620=AXIS2_PLACEMENT_3D('',#9087,#6189,#6190);
#5621=AXIS2_PLACEMENT_3D('',#9089,#6191,#6192);
#5622=AXIS2_PLACEMENT_3D('',#9091,#6194,#6195);
#5623=AXIS2_PLACEMENT_3D('',#9093,#6197,#6198);
#5624=AXIS2_PLACEMENT_3D('',#9094,#6199,#6200);
#5625=AXIS2_PLACEMENT_3D('',#9096,#6202,#6203);
#5626=AXIS2_PLACEMENT_3D('',#9097,#6204,#6205);
#5627=AXIS2_PLACEMENT_3D('',#9098,#6206,#6207);
#5628=AXIS2_PLACEMENT_3D('',#9101,#6209,#6210);
#5629=AXIS2_PLACEMENT_3D('',#9102,#6211,#6212);
#5630=AXIS2_PLACEMENT_3D('',#9108,#6216,#6217);
#5631=AXIS2_PLACEMENT_3D('',#9109,#6218,#6219);
#5632=AXIS2_PLACEMENT_3D('',#9126,#6220,#6221);
#5633=AXIS2_PLACEMENT_3D('',#9128,#6223,#6224);
#5634=AXIS2_PLACEMENT_3D('',#9129,#6225,#6226);
#5635=AXIS2_PLACEMENT_3D('',#9132,#6228,#6229);
#5636=AXIS2_PLACEMENT_3D('',#9133,#6230,#6231);
#5637=AXIS2_PLACEMENT_3D('',#9137,#6234,#6235);
#5638=AXIS2_PLACEMENT_3D('',#9139,#6237,#6238);
#5639=AXIS2_PLACEMENT_3D('',#9140,#6239,#6240);
#5640=AXIS2_PLACEMENT_3D('',#9149,#6245,#6246);
#5641=AXIS2_PLACEMENT_3D('',#9158,#6251,#6252);
#5642=AXIS2_PLACEMENT_3D('',#9169,#6259,#6260);
#5643=AXIS2_PLACEMENT_3D('',#9209,#6263,#6264);
#5644=AXIS2_PLACEMENT_3D('',#9210,#6265,#6266);
#5645=AXIS2_PLACEMENT_3D('',#9213,#6267,#6268);
#5646=AXIS2_PLACEMENT_3D('',#9216,#6271,#6272);
#5647=AXIS2_PLACEMENT_3D('',#9219,#6273,#6274);
#5648=AXIS2_PLACEMENT_3D('',#9223,#6276,#6277);
#5649=AXIS2_PLACEMENT_3D('',#9263,#6279,#6280);
#5650=AXIS2_PLACEMENT_3D('',#9323,#6281,#6282);
#5651=AXIS2_PLACEMENT_3D('',#9328,#6285,#6286);
#5652=AXIS2_PLACEMENT_3D('',#9329,#6287,#6288);
#5653=AXIS2_PLACEMENT_3D('',#9333,#6291,#6292);
#5654=AXIS2_PLACEMENT_3D('',#9336,#6295,#6296);
#5655=AXIS2_PLACEMENT_3D('',#9338,#6298,#6299);
#5656=AXIS2_PLACEMENT_3D('',#9339,#6300,#6301);
#5657=AXIS2_PLACEMENT_3D('',#9345,#6305,#6306);
#5658=AXIS2_PLACEMENT_3D('',#9350,#6310,#6311);
#5659=AXIS2_PLACEMENT_3D('',#9354,#6314,#6315);
#5660=AXIS2_PLACEMENT_3D('',#9355,#6316,#6317);
#5661=AXIS2_PLACEMENT_3D('',#9356,#6318,#6319);
#5662=AXIS2_PLACEMENT_3D('',#9357,#6320,#6321);
#5663=AXIS2_PLACEMENT_3D('',#9358,#6322,#6323);
#5664=AXIS2_PLACEMENT_3D('',#9359,#6324,#6325);
#5665=AXIS2_PLACEMENT_3D('',#9365,#6329,#6330);
#5666=AXIS2_PLACEMENT_3D('',#9396,#6345,#6346);
#5667=AXIS2_PLACEMENT_3D('',#9397,#6347,#6348);
#5668=AXIS2_PLACEMENT_3D('',#9420,#6351,#6352);
#5669=AXIS2_PLACEMENT_3D('',#9424,#6355,#6356);
#5670=AXIS2_PLACEMENT_3D('',#9428,#6359,#6360);
#5671=AXIS2_PLACEMENT_3D('',#9430,#6362,#6363);
#5672=AXIS2_PLACEMENT_3D('',#9438,#6365,#6366);
#5673=AXIS2_PLACEMENT_3D('',#9442,#6369,#6370);
#5674=AXIS2_PLACEMENT_3D('',#9444,#6372,#6373);
#5675=AXIS2_PLACEMENT_3D('',#9464,#6377,#6378);
#5676=AXIS2_PLACEMENT_3D('',#9470,#6382,#6383);
#5677=AXIS2_PLACEMENT_3D('',#9477,#6388,#6389);
#5678=AXIS2_PLACEMENT_3D('',#9481,#6392,#6393);
#5679=AXIS2_PLACEMENT_3D('',#9570,#6397,#6398);
#5680=AXIS2_PLACEMENT_3D('',#9573,#6401,#6402);
#5681=AXIS2_PLACEMENT_3D('',#9574,#6403,#6404);
#5682=AXIS2_PLACEMENT_3D('',#9575,#6405,#6406);
#5683=AXIS2_PLACEMENT_3D('',#9584,#6411,#6412);
#5684=AXIS2_PLACEMENT_3D('',#9590,#6416,#6417);
#5685=AXIS2_PLACEMENT_3D('',#9594,#6420,#6421);
#5686=AXIS2_PLACEMENT_3D('',#9598,#6424,#6425);
#5687=AXIS2_PLACEMENT_3D('',#9600,#6427,#6428);
#5688=AXIS2_PLACEMENT_3D('',#9601,#6429,#6430);
#5689=AXIS2_PLACEMENT_3D('',#9610,#6435,#6436);
#5690=AXIS2_PLACEMENT_3D('',#9616,#6440,#6441);
#5691=AXIS2_PLACEMENT_3D('',#9620,#6444,#6445);
#5692=AXIS2_PLACEMENT_3D('',#9624,#6448,#6449);
#5693=AXIS2_PLACEMENT_3D('',#9626,#6451,#6452);
#5694=AXIS2_PLACEMENT_3D('',#9627,#6453,#6454);
#5695=AXIS2_PLACEMENT_3D('',#9663,#6463,#6464);
#5696=AXIS2_PLACEMENT_3D('',#9699,#6473,#6474);
#5697=AXIS2_PLACEMENT_3D('',#9701,#6475,#6476);
#5698=AXIS2_PLACEMENT_3D('',#9708,#6480,#6481);
#5699=AXIS2_PLACEMENT_3D('',#9709,#6482,#6483);
#5700=AXIS2_PLACEMENT_3D('',#9711,#6484,#6485);
#5701=AXIS2_PLACEMENT_3D('',#9713,#6487,#6488);
#5702=AXIS2_PLACEMENT_3D('',#9719,#6492,#6493);
#5703=AXIS2_PLACEMENT_3D('',#9721,#6494,#6495);
#5704=AXIS2_PLACEMENT_3D('',#9724,#6497,#6498);
#5705=AXIS2_PLACEMENT_3D('',#9725,#6499,#6500);
#5706=AXIS2_PLACEMENT_3D('',#9727,#6501,#6502);
#5707=AXIS2_PLACEMENT_3D('',#9733,#6506,#6507);
#5708=AXIS2_PLACEMENT_3D('',#9735,#6508,#6509);
#5709=AXIS2_PLACEMENT_3D('',#9747,#6515,#6516);
#5710=AXIS2_PLACEMENT_3D('',#9750,#6518,#6519);
#5711=AXIS2_PLACEMENT_3D('',#9764,#6527,#6528);
#5712=AXIS2_PLACEMENT_3D('',#9766,#6529,#6530);
#5713=AXIS2_PLACEMENT_3D('',#9767,#6531,#6532);
#5714=AXIS2_PLACEMENT_3D('',#9768,#6533,#6534);
#5715=AXIS2_PLACEMENT_3D('',#9770,#6535,#6536);
#5716=AXIS2_PLACEMENT_3D('',#9772,#6538,#6539);
#5717=AXIS2_PLACEMENT_3D('',#9774,#6540,#6541);
#5718=AXIS2_PLACEMENT_3D('',#9776,#6542,#6543);
#5719=AXIS2_PLACEMENT_3D('',#9777,#6544,#6545);
#5720=AXIS2_PLACEMENT_3D('',#9778,#6546,#6547);
#5721=AXIS2_PLACEMENT_3D('',#9781,#6548,#6549);
#5722=AXIS2_PLACEMENT_3D('',#9784,#6552,#6553);
#5723=AXIS2_PLACEMENT_3D('',#9793,#6559,#6560);
#5724=AXIS2_PLACEMENT_3D('',#9795,#6561,#6562);
#5725=AXIS2_PLACEMENT_3D('',#9797,#6564,#6565);
#5726=AXIS2_PLACEMENT_3D('',#9799,#6566,#6567);
#5727=AXIS2_PLACEMENT_3D('',#9801,#6569,#6570);
#5728=AXIS2_PLACEMENT_3D('',#9808,#6575,#6576);
#5729=AXIS2_PLACEMENT_3D('',#9837,#6592,#6593);
#5730=AXIS2_PLACEMENT_3D('',#9840,#6596,#6597);
#5731=AXIS2_PLACEMENT_3D('',#9842,#6599,#6600);
#5732=AXIS2_PLACEMENT_3D('',#9843,#6601,#6602);
#5733=AXIS2_PLACEMENT_3D('',#9844,#6603,#6604);
#5734=AXIS2_PLACEMENT_3D('',#9848,#6607,#6608);
#5735=AXIS2_PLACEMENT_3D('',#9854,#6612,#6613);
#5736=AXIS2_PLACEMENT_3D('',#9855,#6614,#6615);
#5737=AXIS2_PLACEMENT_3D('',#9856,#6616,#6617);
#5738=AXIS2_PLACEMENT_3D('',#9858,#6619,#6620);
#5739=AXIS2_PLACEMENT_3D('',#9859,#6621,#6622);
#5740=AXIS2_PLACEMENT_3D('',#9870,#6629,#6630);
#5741=AXIS2_PLACEMENT_3D('',#9875,#6634,#6635);
#5742=AXIS2_PLACEMENT_3D('',#9877,#6637,#6638);
#5743=AXIS2_PLACEMENT_3D('',#9881,#6641,#6642);
#5744=AXIS2_PLACEMENT_3D('',#9887,#6646,#6647);
#5745=AXIS2_PLACEMENT_3D('',#9888,#6648,#6649);
#5746=AXIS2_PLACEMENT_3D('',#9896,#6654,#6655);
#5747=AXIS2_PLACEMENT_3D('',#9897,#6656,#6657);
#5748=AXIS2_PLACEMENT_3D('',#9901,#6660,#6661);
#5749=AXIS2_PLACEMENT_3D('',#9902,#6662,#6663);
#5750=AXIS2_PLACEMENT_3D('',#9904,#6665,#6666);
#5751=AXIS2_PLACEMENT_3D('',#9906,#6668,#6669);
#5752=AXIS2_PLACEMENT_3D('',#9907,#6670,#6671);
#5753=AXIS2_PLACEMENT_3D('',#9909,#6673,#6674);
#5754=AXIS2_PLACEMENT_3D('',#9910,#6675,#6676);
#5755=AXIS2_PLACEMENT_3D('',#9914,#6679,#6680);
#5756=AXIS2_PLACEMENT_3D('',#9921,#6685,#6686);
#5757=AXIS2_PLACEMENT_3D('',#9923,#6688,#6689);
#5758=AXIS2_PLACEMENT_3D('',#9925,#6691,#6692);
#5759=AXIS2_PLACEMENT_3D('',#9926,#6693,#6694);
#5760=AXIS2_PLACEMENT_3D('',#9927,#6695,#6696);
#5761=AXIS2_PLACEMENT_3D('',#9928,#6697,#6698);
#5762=AXIS2_PLACEMENT_3D('',#9933,#6700,#6701);
#5763=AXIS2_PLACEMENT_3D('',#9936,#6703,#6704);
#5764=AXIS2_PLACEMENT_3D('',#9937,#6705,#6706);
#5765=AXIS2_PLACEMENT_3D('',#9943,#6709,#6710);
#5766=AXIS2_PLACEMENT_3D('',#9955,#6716,#6717);
#5767=AXIS2_PLACEMENT_3D('',#9961,#6720,#6721);
#5768=AXIS2_PLACEMENT_3D('',#10011,#6727,#6728);
#5769=AXIS2_PLACEMENT_3D('',#10084,#6733,#6734);
#5770=AXIS2_PLACEMENT_3D('',#10113,#6736,#6737);
#5771=AXIS2_PLACEMENT_3D('',#10117,#6739,#6740);
#5772=AXIS2_PLACEMENT_3D('',#10130,#6743,#6744);
#5773=AXIS2_PLACEMENT_3D('',#10137,#6748,#6749);
#5774=AXIS2_PLACEMENT_3D('',#10138,#6750,#6751);
#5775=AXIS2_PLACEMENT_3D('',#10140,#6753,#6754);
#5776=AXIS2_PLACEMENT_3D('',#10149,#6759,#6760);
#5777=AXIS2_PLACEMENT_3D('',#10155,#6764,#6765);
#5778=AXIS2_PLACEMENT_3D('',#10164,#6770,#6771);
#5779=AXIS2_PLACEMENT_3D('',#10170,#6775,#6776);
#5780=AXIS2_PLACEMENT_3D('',#10173,#6779,#6780);
#5781=AXIS2_PLACEMENT_3D('',#10313,#6783,#6784);
#5782=AXIS2_PLACEMENT_3D('',#10320,#6788,#6789);
#5783=AXIS2_PLACEMENT_3D('',#10323,#6791,#6792);
#5784=AXIS2_PLACEMENT_3D('',#10324,#6793,#6794);
#5785=AXIS2_PLACEMENT_3D('',#10326,#6796,#6797);
#5786=AXIS2_PLACEMENT_3D('',#10329,#6800,#6801);
#5787=AXIS2_PLACEMENT_3D('',#10331,#6803,#6804);
#5788=AXIS2_PLACEMENT_3D('',#10332,#6805,#6806);
#5789=AXIS2_PLACEMENT_3D('',#10333,#6807,#6808);
#5790=AXIS2_PLACEMENT_3D('',#10334,#6809,#6810);
#5791=AXIS2_PLACEMENT_3D('',#10335,#6811,#6812);
#5792=AXIS2_PLACEMENT_3D('',#10343,#6818,#6819);
#5793=AXIS2_PLACEMENT_3D('',#10351,#6824,#6825);
#5794=AXIS2_PLACEMENT_3D('',#10355,#6828,#6829);
#5795=AXIS2_PLACEMENT_3D('',#10361,#6833,#6834);
#5796=AXIS2_PLACEMENT_3D('',#10370,#6839,#6840);
#5797=AXIS2_PLACEMENT_3D('',#10376,#6844,#6845);
#5798=AXIS2_PLACEMENT_3D('',#10394,#6857,#6858);
#5799=AXIS2_PLACEMENT_3D('',#10396,#6860,#6861);
#5800=AXIS2_PLACEMENT_3D('',#10400,#6864,#6865);
#5801=AXIS2_PLACEMENT_3D('',#10404,#6868,#6869);
#5802=AXIS2_PLACEMENT_3D('',#10406,#6871,#6872);
#5803=AXIS2_PLACEMENT_3D('',#10419,#6874,#6875);
#5804=AXIS2_PLACEMENT_3D('',#10423,#6878,#6879);
#5805=AXIS2_PLACEMENT_3D('',#10424,#6880,#6881);
#5806=AXIS2_PLACEMENT_3D('',#10426,#6883,#6884);
#5807=AXIS2_PLACEMENT_3D('',#10430,#6887,#6888);
#5808=AXIS2_PLACEMENT_3D('',#10437,#6893,#6894);
#5809=AXIS2_PLACEMENT_3D('',#10439,#6896,#6897);
#5810=AXIS2_PLACEMENT_3D('',#10443,#6900,#6901);
#5811=AXIS2_PLACEMENT_3D('',#10446,#6904,#6905);
#5812=AXIS2_PLACEMENT_3D('',#10467,#6906,#6907);
#5813=AXIS2_PLACEMENT_3D('',#10468,#6908,#6909);
#5814=AXIS2_PLACEMENT_3D('',#10469,#6910,#6911);
#5815=AXIS2_PLACEMENT_3D('',#10486,#6920,#6921);
#5816=AXIS2_PLACEMENT_3D('',#10503,#6930,#6931);
#5817=AXIS2_PLACEMENT_3D('',#10505,#6932,#6933);
#5818=AXIS2_PLACEMENT_3D('',#10512,#6937,#6938);
#5819=AXIS2_PLACEMENT_3D('',#10513,#6939,#6940);
#5820=AXIS2_PLACEMENT_3D('',#10515,#6941,#6942);
#5821=AXIS2_PLACEMENT_3D('',#10517,#6944,#6945);
#5822=AXIS2_PLACEMENT_3D('',#10523,#6949,#6950);
#5823=AXIS2_PLACEMENT_3D('',#10525,#6951,#6952);
#5824=AXIS2_PLACEMENT_3D('',#10532,#6956,#6957);
#5825=AXIS2_PLACEMENT_3D('',#10533,#6958,#6959);
#5826=AXIS2_PLACEMENT_3D('',#10535,#6960,#6961);
#5827=AXIS2_PLACEMENT_3D('',#10537,#6963,#6964);
#5828=AXIS2_PLACEMENT_3D('',#10539,#6965,#6966);
#5829=AXIS2_PLACEMENT_3D('',#10551,#6972,#6973);
#5830=AXIS2_PLACEMENT_3D('',#10554,#6975,#6976);
#5831=AXIS2_PLACEMENT_3D('',#10568,#6984,#6985);
#5832=AXIS2_PLACEMENT_3D('',#10570,#6986,#6987);
#5833=AXIS2_PLACEMENT_3D('',#10576,#6991,#6992);
#5834=AXIS2_PLACEMENT_3D('',#10578,#6993,#6994);
#5835=AXIS2_PLACEMENT_3D('',#10580,#6996,#6997);
#5836=AXIS2_PLACEMENT_3D('',#10582,#6998,#6999);
#5837=AXIS2_PLACEMENT_3D('',#10589,#7003,#7004);
#5838=AXIS2_PLACEMENT_3D('',#10590,#7005,#7006);
#5839=AXIS2_PLACEMENT_3D('',#10594,#7010,#7011);
#5840=AXIS2_PLACEMENT_3D('',#10596,#7013,#7014);
#5841=AXIS2_PLACEMENT_3D('',#10597,#7015,#7016);
#5842=AXIS2_PLACEMENT_3D('',#10598,#7017,#7018);
#5843=AXIS2_PLACEMENT_3D('',#10601,#7021,#7022);
#5844=AXIS2_PLACEMENT_3D('',#10604,#7025,#7026);
#5845=AXIS2_PLACEMENT_3D('',#10605,#7027,#7028);
#5846=AXIS2_PLACEMENT_3D('',#10606,#7029,#7030);
#5847=AXIS2_PLACEMENT_3D('',#10612,#7034,#7035);
#5848=AXIS2_PLACEMENT_3D('',#10618,#7039,#7040);
#5849=AXIS2_PLACEMENT_3D('',#10619,#7041,#7042);
#5850=AXIS2_PLACEMENT_3D('',#10620,#7043,#7044);
#5851=AXIS2_PLACEMENT_3D('',#10632,#7051,#7052);
#5852=AXIS2_PLACEMENT_3D('',#10644,#7059,#7060);
#5853=AXIS2_PLACEMENT_3D('',#10646,#7061,#7062);
#5854=AXIS2_PLACEMENT_3D('',#10658,#7069,#7070);
#5855=AXIS2_PLACEMENT_3D('',#10660,#7072,#7073);
#5856=AXIS2_PLACEMENT_3D('',#10667,#7078,#7079);
#5857=AXIS2_PLACEMENT_3D('',#10669,#7081,#7082);
#5858=AXIS2_PLACEMENT_3D('',#10676,#7087,#7088);
#5859=AXIS2_PLACEMENT_3D('',#10680,#7091,#7092);
#5860=AXIS2_PLACEMENT_3D('',#10684,#7095,#7096);
#5861=AXIS2_PLACEMENT_3D('',#10686,#7098,#7099);
#5862=AXIS2_PLACEMENT_3D('',#10688,#7101,#7102);
#5863=AXIS2_PLACEMENT_3D('',#10689,#7103,#7104);
#5864=AXIS2_PLACEMENT_3D('',#10691,#7106,#7107);
#5865=AXIS2_PLACEMENT_3D('',#10695,#7110,#7111);
#5866=AXIS2_PLACEMENT_3D('',#10700,#7115,#7116);
#5867=AXIS2_PLACEMENT_3D('',#10701,#7117,#7118);
#5868=AXIS2_PLACEMENT_3D('',#10703,#7120,#7121);
#5869=AXIS2_PLACEMENT_3D('',#10704,#7122,#7123);
#5870=AXIS2_PLACEMENT_3D('',#10712,#7124,#7125);
#5871=AXIS2_PLACEMENT_3D('',#10717,#7126,#7127);
#5872=AXIS2_PLACEMENT_3D('',#10726,#7128,#7129);
#5873=AXIS2_PLACEMENT_3D('',#10731,#7130,#7131);
#5874=DIRECTION('axis',(0.,0.,1.));
#5875=DIRECTION('refdir',(1.,0.,0.));
#5876=DIRECTION('center_axis',(1.,0.,0.));
#5877=DIRECTION('ref_axis',(0.,0.,1.));
#5878=DIRECTION('',(0.,0.,-1.));
#5879=DIRECTION('',(0.,-0.982872186934322,0.184288535050185));
#5880=DIRECTION('',(0.,0.982872186934322,0.184288535050182));
#5881=DIRECTION('',(0.,0.,-1.));
#5882=DIRECTION('',(-4.37555761724612E-62,1.,1.57772181044202E-30));
#5883=DIRECTION('',(0.,1.79185979544014E-30,-1.));
#5884=DIRECTION('',(4.37555761724612E-62,-1.,-1.57772181044202E-30));
#5885=DIRECTION('',(0.,-0.983968158075658,-0.178344228651214));
#5886=DIRECTION('center_axis',(1.,0.,0.));
#5887=DIRECTION('ref_axis',(0.,-0.747312538625789,-0.664472700426947));
#5888=DIRECTION('center_axis',(1.,0.,0.));
#5889=DIRECTION('ref_axis',(0.,-0.797803334202676,0.60291777211747));
#5890=DIRECTION('',(0.,0.983968158075659,-0.178344228651213));
#5891=DIRECTION('',(0.,1.,0.));
#5892=DIRECTION('',(0.,-2.14137984998113E-31,-1.));
#5893=DIRECTION('',(0.,-1.,0.));
#5894=DIRECTION('',(-4.37555761724612E-62,1.,1.57772181044202E-30));
#5895=DIRECTION('',(0.,-1.79185979544014E-30,1.));
#5896=DIRECTION('',(4.37555761724612E-62,-1.,-1.57772181044202E-30));
#5897=DIRECTION('',(0.,0.,1.));
#5898=DIRECTION('',(0.,-0.982872186934322,-0.184288535050182));
#5899=DIRECTION('',(0.,0.982872186934322,-0.184288535050185));
#5900=DIRECTION('',(0.,0.,1.));
#5901=DIRECTION('',(0.,1.,0.));
#5902=DIRECTION('',(0.,2.14137984998113E-31,1.));
#5903=DIRECTION('',(0.,-1.,0.));
#5904=DIRECTION('center_axis',(4.37555761724612E-62,-1.,-1.57772181044202E-30));
#5905=DIRECTION('ref_axis',(5.54667823983524E-32,1.57772181044202E-30,-1.));
#5906=DIRECTION('center_axis',(-5.56331211895731E-62,1.,1.79185979544014E-30));
#5907=DIRECTION('ref_axis',(5.54667823983524E-32,1.57772181044202E-30,-1.));
#5908=DIRECTION('',(0.,-1.,0.));
#5909=DIRECTION('center_axis',(0.,1.,0.));
#5910=DIRECTION('ref_axis',(5.54667823983524E-32,1.57772181044202E-30,-1.));
#5911=DIRECTION('center_axis',(-5.56331211895731E-62,1.,1.79185979544014E-30));
#5912=DIRECTION('ref_axis',(-2.368475785867E-16,-1.79185979544014E-30,1.));
#5913=DIRECTION('center_axis',(5.56331211895731E-62,-1.,-1.79185979544014E-30));
#5914=DIRECTION('ref_axis',(5.54667823983524E-32,1.57772181044203E-30,-1.));
#5915=DIRECTION('',(-5.82412078491886E-16,-1.79185979544014E-30,1.));
#5916=DIRECTION('',(1.,-1.50829628664519E-45,8.41749053404427E-16));
#5917=DIRECTION('',(5.82412078491886E-16,1.79185979544014E-30,-1.));
#5918=DIRECTION('center_axis',(4.37555761724612E-62,-1.,-1.57772181044202E-30));
#5919=DIRECTION('ref_axis',(5.54667823983524E-32,1.57772181044203E-30,-1.));
#5920=DIRECTION('',(0.,1.,0.));
#5921=DIRECTION('center_axis',(0.,1.,0.));
#5922=DIRECTION('ref_axis',(-4.47585975281953E-16,0.,1.));
#5923=DIRECTION('center_axis',(0.,1.,0.));
#5924=DIRECTION('ref_axis',(-5.97094735932857E-16,0.,1.));
#5925=DIRECTION('center_axis',(7.3919861853844E-16,0.,1.));
#5926=DIRECTION('ref_axis',(1.,0.,-7.3919861853844E-16));
#5927=DIRECTION('center_axis',(0.,1.,0.));
#5928=DIRECTION('ref_axis',(-5.97094735932857E-16,0.,1.));
#5929=DIRECTION('center_axis',(-6.83521320863749E-32,0.184288535050185,
0.982872186934322));
#5930=DIRECTION('ref_axis',(1.,0.,6.95432559746879E-32));
#5931=DIRECTION('',(-0.0539791571396847,-0.981439220721551,0.18401985388529));
#5932=DIRECTION('',(1.,0.,6.95432559746879E-32));
#5933=DIRECTION('',(-0.419896265538546,0.678240013943394,0.603056887592579));
#5934=DIRECTION('center_axis',(0.,-1.,0.));
#5935=DIRECTION('ref_axis',(-1.,0.,0.));
#5936=DIRECTION('',(-0.672378783957352,0.644886971447928,0.363355975512654));
#5937=DIRECTION('',(1.,0.,2.45833007255525E-15));
#5938=DIRECTION('center_axis',(2.26773610634455E-16,-0.178344228651214,
0.983968158075658));
#5939=DIRECTION('ref_axis',(1.,0.,-2.30468444302055E-16));
#5940=DIRECTION('',(0.0735974748321827,0.981299664429113,0.177860564177778));
#5941=DIRECTION('',(1.76641424092011E-16,0.99440281464872,0.105655299056428));
#5942=DIRECTION('center_axis',(-0.685619588595792,8.94120799028891E-17,
-0.727960012455174));
#5943=DIRECTION('ref_axis',(0.724815488897654,0.0928472737859387,-0.682657960331947));
#5944=DIRECTION('center_axis',(4.37555761724612E-62,-1.,-1.57772181044202E-30));
#5945=DIRECTION('ref_axis',(5.54667823983524E-32,1.57772181044202E-30,-1.));
#5946=DIRECTION('center_axis',(4.37555761724612E-62,-1.,-1.57772181044202E-30));
#5947=DIRECTION('ref_axis',(5.54667823983524E-32,1.57772181044202E-30,-1.));
#5948=DIRECTION('',(-2.14137984998113E-31,1.,1.57772181044202E-30));
#5949=DIRECTION('center_axis',(4.37555761724612E-62,-1.,-1.57772181044202E-30));
#5950=DIRECTION('ref_axis',(5.54667823983524E-32,1.57772181044202E-30,-1.));
#5951=DIRECTION('center_axis',(-5.56331211895731E-62,1.,1.79185979544014E-30));
#5952=DIRECTION('ref_axis',(-2.368475785867E-16,-1.79185979544014E-30,1.));
#5953=DIRECTION('center_axis',(4.37555761724612E-62,-1.,-1.57772181044202E-30));
#5954=DIRECTION('ref_axis',(-5.97094735932857E-16,1.57772181044202E-30,
-1.));
#5955=DIRECTION('',(-5.82412078491886E-16,-1.57772181044202E-30,1.));
#5956=DIRECTION('',(-1.,-2.14137984998112E-31,-8.41749053404427E-16));
#5957=DIRECTION('',(-5.82412078491886E-16,-1.57772181044202E-30,1.));
#5958=DIRECTION('center_axis',(4.37555761724612E-62,-1.,-1.57772181044202E-30));
#5959=DIRECTION('ref_axis',(5.54667823983524E-32,1.57772181044202E-30,-1.));
#5960=DIRECTION('center_axis',(0.,1.,0.));
#5961=DIRECTION('ref_axis',(5.54667823983524E-32,1.57772181044202E-30,-1.));
#5962=DIRECTION('',(2.14137984998113E-31,-1.,-1.57772181044202E-30));
#5963=DIRECTION('center_axis',(-2.05220424396118E-16,0.184288535050182,
-0.982872186934323));
#5964=DIRECTION('ref_axis',(-1.,0.,2.0879665446249E-16));
#5965=DIRECTION('',(-1.,0.,-5.5679107856664E-15));
#5966=DIRECTION('',(0.0539791571396849,0.981439220721551,0.184019853885291));
#5967=DIRECTION('',(-1.,0.,2.29150694741807E-16));
#5968=DIRECTION('',(-0.274152844302116,0.782524827010715,0.559012623357389));
#5969=DIRECTION('',(-0.435556588198764,0.824584919681652,0.361040397615358));
#5970=DIRECTION('center_axis',(0.,-1.,0.));
#5971=DIRECTION('ref_axis',(1.,0.,0.));
#5972=DIRECTION('center_axis',(-0.53498168217536,0.,-0.844863657483751));
#5973=DIRECTION('ref_axis',(0.,1.,0.));
#5974=DIRECTION('center_axis',(0.525119798788628,0.,-0.851028317343313));
#5975=DIRECTION('ref_axis',(0.,1.,0.));
#5976=DIRECTION('',(-0.289840342065941,0.827302244896409,-0.48121052742065));
#5977=DIRECTION('center_axis',(0.,-1.,0.));
#5978=DIRECTION('ref_axis',(-2.368475785867E-15,0.,1.));
#5979=DIRECTION('',(-0.450934567726442,0.853698128751552,-0.260494761167023));
#5980=DIRECTION('',(1.,0.,0.));
#5981=DIRECTION('center_axis',(-6.83521320863749E-32,0.184288535050185,
0.982872186934322));
#5982=DIRECTION('ref_axis',(1.,0.,6.95432559746879E-32));
#5983=DIRECTION('',(1.,0.,6.36020943528011E-32));
#5984=DIRECTION('',(-0.0539791571396847,-0.981439220721551,0.18401985388529));
#5985=DIRECTION('center_axis',(0.,1.,0.));
#5986=DIRECTION('ref_axis',(0.,0.,1.));
#5987=DIRECTION('center_axis',(0.,-1.,0.));
#5988=DIRECTION('ref_axis',(0.707106781186547,0.,-0.707106781186547));
#5989=DIRECTION('',(2.85706163083429E-16,0.,1.));
#5990=DIRECTION('center_axis',(0.,-1.,0.));
#5991=DIRECTION('ref_axis',(0.707106781186548,0.,0.707106781186547));
#5992=DIRECTION('center_axis',(0.,1.,0.));
#5993=DIRECTION('ref_axis',(-5.97094735932857E-16,0.,1.));
#5994=DIRECTION('',(-5.82412078491886E-16,0.,-1.));
#5995=DIRECTION('',(1.,0.,-2.64827783558001E-16));
#5996=DIRECTION('',(1.,0.,-2.64827783558001E-16));
#5997=DIRECTION('',(2.64827783558001E-16,0.,1.));
#5998=DIRECTION('',(-1.,0.,2.64827783558001E-16));
#5999=DIRECTION('',(-1.,0.,2.64827783558001E-16));
#6000=DIRECTION('',(-5.82412078491886E-16,-1.57772181044202E-30,1.));
#6001=DIRECTION('',(2.45014736469E-16,0.,1.));
#6002=DIRECTION('',(1.,0.,0.));
#6003=DIRECTION('',(-2.64827783558001E-16,0.,-1.));
#6004=DIRECTION('',(-1.,0.,0.));
#6005=DIRECTION('center_axis',(1.,2.48248902359508E-31,1.00399853029932E-15));
#6006=DIRECTION('ref_axis',(-1.00399853029932E-15,0.,1.));
#6007=DIRECTION('center_axis',(-0.707106781186548,0.,-0.707106781186548));
#6008=DIRECTION('ref_axis',(-0.707106781186547,0.,0.707106781186547));
#6009=DIRECTION('',(1.,2.48248902359508E-31,1.00399853029932E-15));
#6010=DIRECTION('center_axis',(-1.,-2.48248902359508E-31,2.64827783558001E-16));
#6011=DIRECTION('ref_axis',(-2.64827783558001E-16,0.,-1.));
#6012=DIRECTION('',(-1.,-2.48248902359508E-31,2.64827783558001E-16));
#6013=DIRECTION('center_axis',(-0.707106781186548,0.,0.707106781186548));
#6014=DIRECTION('ref_axis',(-0.707106781186547,0.,-0.707106781186547));
#6015=DIRECTION('center_axis',(0.,1.,0.));
#6016=DIRECTION('ref_axis',(0.,0.,1.));
#6017=DIRECTION('',(1.,2.48248902359508E-31,-2.64827783558001E-16));
#6018=DIRECTION('',(0.,0.,1.));
#6019=DIRECTION('',(-1.,-2.48248902359508E-31,2.64827783558001E-16));
#6020=DIRECTION('center_axis',(0.,1.,0.));
#6021=DIRECTION('ref_axis',(0.,0.,1.));
#6022=DIRECTION('',(0.,0.,1.));
#6023=DIRECTION('center_axis',(0.,-1.,0.));
#6024=DIRECTION('ref_axis',(-1.,0.,0.));
#6025=DIRECTION('center_axis',(-6.12323399573677E-17,0.,-1.));
#6026=DIRECTION('ref_axis',(-1.,-3.33730023532081E-16,6.12323399573677E-17));
#6027=DIRECTION('center_axis',(-0.419896265538546,0.678240013943394,0.603056887592579));
#6028=DIRECTION('ref_axis',(0.,0.664472700426947,-0.747312538625789));
#6029=DIRECTION('center_axis',(0.,0.,1.));
#6030=DIRECTION('ref_axis',(0.,1.,0.));
#6031=DIRECTION('center_axis',(-0.707106781186549,0.,0.707106781186546));
#6032=DIRECTION('ref_axis',(-0.707106781186546,0.,-0.707106781186549));
#6033=DIRECTION('center_axis',(-0.707106781186549,0.,-0.707106781186546));
#6034=DIRECTION('ref_axis',(-0.707106781186546,0.,0.707106781186549));
#6035=DIRECTION('center_axis',(-8.44779721370468E-16,0.,-1.));
#6036=DIRECTION('ref_axis',(-1.,0.,8.44779721370468E-16));
#6037=DIRECTION('',(0.,0.,1.));
#6038=DIRECTION('center_axis',(0.,0.707106781186543,-0.707106781186552));
#6039=DIRECTION('ref_axis',(0.,0.707106781186552,0.707106781186543));
#6040=DIRECTION('',(0.,0.,-1.));
#6041=DIRECTION('center_axis',(0.,0.707106781186541,0.707106781186554));
#6042=DIRECTION('ref_axis',(0.,0.707106781186554,-0.707106781186541));
#6043=DIRECTION('',(0.,0.,1.));
#6044=DIRECTION('center_axis',(1.,2.48248902359508E-31,-2.64827783558001E-16));
#6045=DIRECTION('ref_axis',(2.64827783558001E-16,0.,1.));
#6046=DIRECTION('center_axis',(-1.,-2.48248902359508E-31,2.64827783558001E-16));
#6047=DIRECTION('ref_axis',(-2.64827783558001E-16,0.,-1.));
#6048=DIRECTION('center_axis',(-1.,0.,2.45014736469E-16));
#6049=DIRECTION('ref_axis',(-2.45014736469E-16,0.,-1.));
#6050=DIRECTION('',(-2.45014736469E-16,1.79185979544014E-30,-1.));
#6051=DIRECTION('',(1.76641424092011E-16,0.99440281464872,0.105655299056428));
#6052=DIRECTION('',(0.,1.,0.));
#6053=DIRECTION('',(0.,1.,0.));
#6054=DIRECTION('center_axis',(-1.,0.,2.45014736469E-16));
#6055=DIRECTION('ref_axis',(1.77635683940025E-15,0.,-1.));
#6056=DIRECTION('',(-2.45014736469E-16,4.33257765707378E-16,-1.));
#6057=DIRECTION('center_axis',(-1.,0.,2.45014736469E-16));
#6058=DIRECTION('ref_axis',(1.77635683940025E-15,0.,-1.));
#6059=DIRECTION('',(0.,1.,0.));
#6060=DIRECTION('',(0.,-1.,0.));
#6061=DIRECTION('',(0.,0.99440281464872,-0.105655299056427));
#6062=DIRECTION('',(-2.45014736469E-16,-2.14137984998113E-31,-1.));
#6063=DIRECTION('',(0.,-1.,0.));
#6064=DIRECTION('',(-2.64827783558001E-16,0.,-1.));
#6065=DIRECTION('',(0.,1.,0.));
#6066=DIRECTION('',(2.45014736469E-16,0.,1.));
#6067=DIRECTION('',(0.,-1.,0.));
#6068=DIRECTION('',(-2.64827783558001E-16,0.,-1.));
#6069=DIRECTION('',(0.,1.,0.));
#6070=DIRECTION('center_axis',(0.,1.,0.));
#6071=DIRECTION('ref_axis',(0.,0.,-1.));
#6072=DIRECTION('center_axis',(-1.,0.,-1.77635683940025E-15));
#6073=DIRECTION('ref_axis',(1.77635683940025E-15,0.,-1.));
#6074=DIRECTION('center_axis',(-1.,0.,2.85706163083429E-16));
#6075=DIRECTION('ref_axis',(1.77635683940025E-15,0.,-1.));
#6076=DIRECTION('',(-1.,0.,-1.77635683940025E-15));
#6077=DIRECTION('',(-1.,0.,-1.77635683940025E-15));
#6078=DIRECTION('center_axis',(-7.69620395337572E-31,1.,4.33257765707378E-16));
#6079=DIRECTION('ref_axis',(2.45833007255525E-15,4.33257765707378E-16,-1.));
#6080=DIRECTION('',(-1.,0.,-1.77635683940025E-15));
#6081=DIRECTION('center_axis',(-1.,0.,-1.77635683940025E-15));
#6082=DIRECTION('ref_axis',(1.77635683940025E-15,0.,-1.));
#6083=DIRECTION('',(-1.,0.,-1.77635683940025E-15));
#6084=DIRECTION('center_axis',(-1.,0.,2.85706163083429E-16));
#6085=DIRECTION('ref_axis',(1.77635683940025E-15,0.,-1.));
#6086=DIRECTION('center_axis',(0.,-1.,0.));
#6087=DIRECTION('ref_axis',(0.,0.,1.));
#6088=DIRECTION('center_axis',(0.,-1.,0.));
#6089=DIRECTION('ref_axis',(2.3201395453391E-15,0.,-1.));
#6090=DIRECTION('center_axis',(2.45014736469E-16,-1.79185979544014E-30,
1.));
#6091=DIRECTION('ref_axis',(0.707106781186557,-0.707106781186538,0.));
#6092=DIRECTION('',(2.45014736469E-16,-1.79185979544014E-30,1.));
#6093=DIRECTION('center_axis',(0.,0.,1.));
#6094=DIRECTION('ref_axis',(0.,-1.,0.));
#6095=DIRECTION('center_axis',(-2.64827783558001E-16,0.,-1.));
#6096=DIRECTION('ref_axis',(0.707106781186557,-0.707106781186538,0.));
#6097=DIRECTION('center_axis',(0.,0.,-1.));
#6098=DIRECTION('ref_axis',(0.707106781186557,-0.707106781186538,0.));
#6099=DIRECTION('center_axis',(0.,1.,0.));
#6100=DIRECTION('ref_axis',(0.,0.,-1.));
#6101=DIRECTION('center_axis',(0.,-1.,6.62069458895003E-17));
#6102=DIRECTION('ref_axis',(-2.64827783558001E-16,-6.62069458895003E-17,
-1.));
#6103=DIRECTION('center_axis',(0.,0.707106781186541,0.707106781186554));
#6104=DIRECTION('ref_axis',(0.,0.707106781186554,-0.707106781186541));
#6105=DIRECTION('center_axis',(-2.64827783558001E-16,0.,-1.));
#6106=DIRECTION('ref_axis',(0.,-1.,0.));
#6107=DIRECTION('center_axis',(0.,-0.707106781186541,0.707106781186554));
#6108=DIRECTION('ref_axis',(-1.87261521600464E-16,-0.707106781186554,-0.707106781186541));
#6109=DIRECTION('center_axis',(0.,-1.,0.));
#6110=DIRECTION('ref_axis',(0.,0.,1.));
#6111=DIRECTION('center_axis',(0.,1.,0.));
#6112=DIRECTION('ref_axis',(0.,0.,1.));
#6113=DIRECTION('',(0.,-1.,0.));
#6114=DIRECTION('center_axis',(0.,1.,0.));
#6115=DIRECTION('ref_axis',(0.,0.,1.));
#6116=DIRECTION('center_axis',(0.,1.,0.));
#6117=DIRECTION('ref_axis',(5.54667823983524E-32,1.57772181044202E-30,-1.));
#6118=DIRECTION('',(-5.82412078491886E-16,-1.57772181044202E-30,1.));
#6119=DIRECTION('',(-1.,0.,0.));
#6120=DIRECTION('center_axis',(0.,1.,0.));
#6121=DIRECTION('ref_axis',(0.,0.,-1.));
#6122=DIRECTION('',(1.,0.,0.));
#6123=DIRECTION('',(-5.82412078491886E-16,0.,-1.));
#6124=DIRECTION('',(2.85706163083429E-16,0.,1.));
#6125=DIRECTION('',(-1.,0.,2.0879665446249E-16));
#6126=DIRECTION('center_axis',(0.,1.,0.));
#6127=DIRECTION('ref_axis',(0.,0.,-1.));
#6128=DIRECTION('',(0.,1.,0.));
#6129=DIRECTION('center_axis',(0.,0.707106781186543,0.707106781186552));
#6130=DIRECTION('ref_axis',(0.,0.707106781186552,-0.707106781186543));
#6131=DIRECTION('center_axis',(-2.64827783558001E-16,0.,-1.));
#6132=DIRECTION('ref_axis',(0.,-1.,0.));
#6133=DIRECTION('center_axis',(0.,0.707106781186543,-0.707106781186552));
#6134=DIRECTION('ref_axis',(0.,0.707106781186552,0.707106781186543));
#6135=DIRECTION('center_axis',(0.,-1.,0.));
#6136=DIRECTION('ref_axis',(0.,0.,1.));
#6137=DIRECTION('center_axis',(-1.73472347597681E-16,-1.,6.62069458895003E-17));
#6138=DIRECTION('ref_axis',(2.64827783558001E-16,6.62069458895003E-17,1.));
#6139=DIRECTION('center_axis',(2.45014736469E-16,2.14137984998113E-31,1.));
#6140=DIRECTION('ref_axis',(0.707106781186554,-0.707106781186541,0.));
#6141=DIRECTION('',(2.45014736469E-16,2.14137984998113E-31,1.));
#6142=DIRECTION('center_axis',(0.,0.,1.));
#6143=DIRECTION('ref_axis',(0.707106781186554,-0.707106781186541,0.));
#6144=DIRECTION('center_axis',(2.64827783558001E-16,0.,1.));
#6145=DIRECTION('ref_axis',(0.707106781186554,-0.707106781186541,0.));
#6146=DIRECTION('center_axis',(0.,0.,1.));
#6147=DIRECTION('ref_axis',(0.,1.,0.));
#6148=DIRECTION('',(-1.,0.,-1.77635683940025E-15));
#6149=DIRECTION('',(0.,1.,0.));
#6150=DIRECTION('center_axis',(-1.,0.,-1.77635683940025E-15));
#6151=DIRECTION('ref_axis',(1.77635683940025E-15,0.,-1.));
#6152=DIRECTION('',(-1.,0.,-1.77635683940025E-15));
#6153=DIRECTION('center_axis',(-1.,0.,2.85706163083429E-16));
#6154=DIRECTION('ref_axis',(1.77635683940025E-15,0.,-1.));
#6155=DIRECTION('center_axis',(7.69620395337572E-31,-1.,-4.33257765707378E-16));
#6156=DIRECTION('ref_axis',(-2.45833007255525E-15,-4.33257765707378E-16,
1.));
#6157=DIRECTION('',(-2.85706163083429E-16,4.33257765707378E-16,-1.));
#6158=DIRECTION('',(-1.,0.,-1.77635683940025E-15));
#6159=DIRECTION('center_axis',(-1.,0.,-1.77635683940025E-15));
#6160=DIRECTION('ref_axis',(1.77635683940025E-15,0.,-1.));
#6161=DIRECTION('',(-1.,0.,-1.77635683940025E-15));
#6162=DIRECTION('center_axis',(-1.,0.,2.85706163083429E-16));
#6163=DIRECTION('ref_axis',(1.77635683940025E-15,0.,-1.));
#6164=DIRECTION('center_axis',(0.,0.,-1.));
#6165=DIRECTION('ref_axis',(0.,-1.,0.));
#6166=DIRECTION('',(0.,1.,0.));
#6167=DIRECTION('center_axis',(-2.64827783558001E-16,0.,-1.));
#6168=DIRECTION('ref_axis',(0.707106781186559,-0.707106781186536,0.));
#6169=DIRECTION('center_axis',(2.64827783558001E-16,0.,1.));
#6170=DIRECTION('ref_axis',(0.707106781186552,-0.707106781186543,0.));
#6171=DIRECTION('center_axis',(-1.,0.,2.85706163083429E-16));
#6172=DIRECTION('ref_axis',(-2.85706163083429E-16,0.,-1.));
#6173=DIRECTION('center_axis',(-0.442661889997743,0.715381157390007,-0.54062949493619));
#6174=DIRECTION('ref_axis',(0.,-0.60291777211747,-0.797803334202676));
#6175=DIRECTION('',(0.0539791571396849,0.981439220721551,0.184019853885291));
#6176=DIRECTION('center_axis',(1.,2.14137984998112E-31,5.82412078491886E-16));
#6177=DIRECTION('ref_axis',(-2.14137984998113E-31,1.,1.57772181044202E-30));
#6178=DIRECTION('center_axis',(-1.,-2.14137984998112E-31,-5.82412078491886E-16));
#6179=DIRECTION('ref_axis',(-2.64827783558001E-16,0.,-1.));
#6180=DIRECTION('',(2.14137984998113E-31,-1.,-1.57772181044202E-30));
#6181=DIRECTION('center_axis',(-1.,0.,2.64827783558001E-16));
#6182=DIRECTION('ref_axis',(-2.64827783558001E-16,0.,-1.));
#6183=DIRECTION('',(-1.,0.,0.));
#6184=DIRECTION('center_axis',(-0.707106781186548,0.,0.707106781186548));
#6185=DIRECTION('ref_axis',(-0.707106781186547,1.11561779098947E-30,-0.707106781186547));
#6186=DIRECTION('',(-1.,0.,2.64827783558001E-16));
#6187=DIRECTION('center_axis',(0.,0.,-1.));
#6188=DIRECTION('ref_axis',(0.,-1.,0.));
#6189=DIRECTION('center_axis',(-5.82412078491886E-16,0.,-1.));
#6190=DIRECTION('ref_axis',(0.,-1.,0.));
#6191=DIRECTION('center_axis',(-0.707106781186549,0.,-0.707106781186546));
#6192=DIRECTION('ref_axis',(-0.707106781186546,0.,0.707106781186549));
#6193=DIRECTION('',(-5.82412078491886E-16,0.,-1.));
#6194=DIRECTION('center_axis',(0.,0.,1.));
#6195=DIRECTION('ref_axis',(0.,1.,0.));
#6196=DIRECTION('',(1.,0.,0.));
#6197=DIRECTION('center_axis',(-5.82412078491886E-16,-1.57772181044202E-30,
1.));
#6198=DIRECTION('ref_axis',(0.,1.,1.57772181044202E-30));
#6199=DIRECTION('center_axis',(-7.04679079117322E-16,-1.57772181044202E-30,
1.));
#6200=DIRECTION('ref_axis',(1.,2.14137984998112E-31,7.04679079117322E-16));
#6201=DIRECTION('',(-5.82412078491886E-16,-1.57772181044202E-30,1.));
#6202=DIRECTION('center_axis',(0.,1.,0.));
#6203=DIRECTION('ref_axis',(0.,0.,-1.));
#6204=DIRECTION('center_axis',(-2.05220424396118E-16,0.184288535050182,
-0.982872186934323));
#6205=DIRECTION('ref_axis',(-1.,0.,2.0879665446249E-16));
#6206=DIRECTION('center_axis',(1.,0.,-2.64827783558001E-16));
#6207=DIRECTION('ref_axis',(2.64827783558001E-16,0.,1.));
#6208=DIRECTION('',(1.,0.,-2.64827783558001E-16));
#6209=DIRECTION('center_axis',(-1.,-2.14137984998113E-31,5.82412078491886E-16));
#6210=DIRECTION('ref_axis',(2.64827783558001E-16,0.,1.));
#6211=DIRECTION('center_axis',(-1.,-2.14137984998113E-31,5.82412078491886E-16));
#6212=DIRECTION('ref_axis',(-2.14137984998113E-31,1.,1.29532382939855E-46));
#6213=DIRECTION('',(2.14137984998113E-31,-1.,-1.29532382939855E-46));
#6214=DIRECTION('',(0.,1.,0.));
#6215=DIRECTION('',(5.82412078491886E-16,2.14137984998113E-31,1.));
#6216=DIRECTION('center_axis',(0.,1.,0.));
#6217=DIRECTION('ref_axis',(0.,0.,1.));
#6218=DIRECTION('center_axis',(0.,-1.,2.14137984998113E-31));
#6219=DIRECTION('ref_axis',(0.,0.,1.));
#6220=DIRECTION('center_axis',(-8.41749053404426E-16,-1.57772181044202E-30,
1.));
#6221=DIRECTION('ref_axis',(1.,-1.32804584047509E-45,8.41749053404427E-16));
#6222=DIRECTION('',(-2.14137984998113E-31,1.,1.57772181044202E-30));
#6223=DIRECTION('center_axis',(-1.,-2.14137984998112E-31,-5.82412078491886E-16));
#6224=DIRECTION('ref_axis',(2.14137984998113E-31,-1.,-1.57772181044202E-30));
#6225=DIRECTION('center_axis',(0.,1.,0.));
#6226=DIRECTION('ref_axis',(0.,0.,1.));
#6227=DIRECTION('',(0.,-1.,0.));
#6228=DIRECTION('center_axis',(0.,1.,-2.14137984998113E-31));
#6229=DIRECTION('ref_axis',(0.,0.,1.));
#6230=DIRECTION('center_axis',(1.,2.14137984998113E-31,-5.82412078491886E-16));
#6231=DIRECTION('ref_axis',(2.14137984998113E-31,-1.,-1.29532382939855E-46));
#6232=DIRECTION('',(-2.14137984998113E-31,1.,1.29532382939855E-46));
#6233=DIRECTION('',(-5.82412078491886E-16,-2.14137984998113E-31,-1.));
#6234=DIRECTION('center_axis',(8.41749053404426E-16,5.07180632302382E-47,
1.));
#6235=DIRECTION('ref_axis',(1.,0.,-8.41749053404426E-16));
#6236=DIRECTION('',(1.,-1.80250446170093E-46,-8.41749053404426E-16));
#6237=DIRECTION('center_axis',(0.,-1.,2.14137984998113E-31));
#6238=DIRECTION('ref_axis',(-2.368475785867E-16,-2.14137984998113E-31,-1.));
#6239=DIRECTION('center_axis',(-7.69620395337572E-31,1.,4.33257765707378E-16));
#6240=DIRECTION('ref_axis',(2.45833007255525E-15,4.33257765707378E-16,-1.));
#6241=DIRECTION('',(2.45014736469E-16,-4.33257765707378E-16,1.));
#6242=DIRECTION('',(-1.,0.,-1.77635683940025E-15));
#6243=DIRECTION('',(-2.85706163083429E-16,4.33257765707378E-16,-1.));
#6244=DIRECTION('',(-1.,0.,-1.77635683940025E-15));
#6245=DIRECTION('center_axis',(7.69620395337572E-31,-1.,-4.33257765707378E-16));
#6246=DIRECTION('ref_axis',(-2.45833007255525E-15,-4.33257765707378E-16,
1.));
#6247=DIRECTION('',(-2.45014736469E-16,4.33257765707378E-16,-1.));
#6248=DIRECTION('',(-1.,0.,-1.77635683940025E-15));
#6249=DIRECTION('',(2.85706163083429E-16,-4.33257765707378E-16,1.));
#6250=DIRECTION('',(-1.,0.,-1.77635683940025E-15));
#6251=DIRECTION('center_axis',(0.,0.,-1.));
#6252=DIRECTION('ref_axis',(0.,-1.,0.));
#6253=DIRECTION('',(1.,0.,0.));
#6254=DIRECTION('',(1.0880840072014E-31,1.,4.44089209850063E-16));
#6255=DIRECTION('',(-1.26879024213013E-31,-1.,-4.44089209850063E-16));
#6256=DIRECTION('',(0.,-1.,0.));
#6257=DIRECTION('',(1.,2.48248902359508E-31,1.00399853029932E-15));
#6258=DIRECTION('',(0.,1.,0.));
#6259=DIRECTION('center_axis',(-1.,0.,2.45014736469E-16));
#6260=DIRECTION('ref_axis',(-2.45014736469E-16,0.,-1.));
#6261=DIRECTION('',(0.,1.,0.));
#6262=DIRECTION('',(0.,0.,1.));
#6263=DIRECTION('center_axis',(0.,0.,1.));
#6264=DIRECTION('ref_axis',(0.,-1.,0.));
#6265=DIRECTION('center_axis',(2.45014736469E-16,-1.79185979544014E-30,
1.));
#6266=DIRECTION('ref_axis',(0.707106781186557,-0.707106781186538,0.));
#6267=DIRECTION('center_axis',(-2.64827783558001E-16,0.,-1.));
#6268=DIRECTION('ref_axis',(0.707106781186557,-0.707106781186538,0.));
#6269=DIRECTION('',(-2.45014736469E-16,1.79185979544014E-30,-1.));
#6270=DIRECTION('',(2.45014736469E-16,-1.79185979544014E-30,1.));
#6271=DIRECTION('center_axis',(2.45014736469E-16,2.14137984998113E-31,1.));
#6272=DIRECTION('ref_axis',(0.707106781186554,-0.707106781186541,0.));
#6273=DIRECTION('center_axis',(2.64827783558001E-16,0.,1.));
#6274=DIRECTION('ref_axis',(0.707106781186554,-0.707106781186541,0.));
#6275=DIRECTION('',(2.45014736469E-16,2.14137984998113E-31,1.));
#6276=DIRECTION('center_axis',(0.,0.,1.));
#6277=DIRECTION('ref_axis',(0.,-1.,0.));
#6278=DIRECTION('',(-2.45014736469E-16,-2.14137984998113E-31,-1.));
#6279=DIRECTION('center_axis',(-0.889106648843202,7.62223757606789E-16,
0.457700084097449));
#6280=DIRECTION('ref_axis',(0.,-1.,1.66533453693774E-15));
#6281=DIRECTION('center_axis',(0.,1.,-2.14137984998113E-31));
#6282=DIRECTION('ref_axis',(2.368475785867E-16,2.14137984998113E-31,1.));
#6283=DIRECTION('',(1.,-5.67096879426268E-47,-2.64827783558001E-16));
#6284=DIRECTION('',(-5.82412078491886E-16,0.,-1.));
#6285=DIRECTION('center_axis',(0.,1.,0.));
#6286=DIRECTION('ref_axis',(0.,0.,1.));
#6287=DIRECTION('center_axis',(5.56331211895731E-62,-1.,-1.79185979544014E-30));
#6288=DIRECTION('ref_axis',(2.368475785867E-16,1.79185979544014E-30,-1.));
#6289=DIRECTION('',(-5.82412078491886E-16,-1.57772181044202E-30,1.));
#6290=DIRECTION('',(-1.,-4.74534258073105E-46,2.64827783558001E-16));
#6291=DIRECTION('center_axis',(1.,2.14137984998112E-31,5.82412078491886E-16));
#6292=DIRECTION('ref_axis',(-2.14137984998113E-31,1.,1.57772181044202E-30));
#6293=DIRECTION('',(-2.14137984998113E-31,1.,1.57772181044202E-30));
#6294=DIRECTION('',(2.14137984998112E-31,-1.,-5.67096879426265E-47));
#6295=DIRECTION('center_axis',(-1.,-2.14137984998112E-31,-5.82412078491886E-16));
#6296=DIRECTION('ref_axis',(2.14137984998113E-31,-1.,-1.57772181044202E-30));
#6297=DIRECTION('',(2.14137984998113E-31,-1.,-1.57772181044202E-30));
#6298=DIRECTION('center_axis',(-8.41749053404426E-16,-1.57772181044202E-30,
1.));
#6299=DIRECTION('ref_axis',(1.,-1.32804584047509E-45,8.41749053404427E-16));
#6300=DIRECTION('center_axis',(8.41749053404426E-16,5.07180632302382E-47,
1.));
#6301=DIRECTION('ref_axis',(1.,0.,-8.41749053404426E-16));
#6302=DIRECTION('',(2.14137984998113E-31,-1.,-1.29532382939855E-46));
#6303=DIRECTION('',(-1.,-2.14137984998113E-31,8.41749053404426E-16));
#6304=DIRECTION('',(-2.14137984998113E-31,1.,1.29532382939855E-46));
#6305=DIRECTION('center_axis',(-1.,-2.14137984998113E-31,5.82412078491886E-16));
#6306=DIRECTION('ref_axis',(-2.14137984998113E-31,1.,1.29532382939855E-46));
#6307=DIRECTION('',(-2.14137984998113E-31,1.,1.29532382939855E-46));
#6308=DIRECTION('',(-2.14137984998113E-31,1.,5.67096879426268E-47));
#6309=DIRECTION('',(-5.82412078491886E-16,0.,-1.));
#6310=DIRECTION('center_axis',(1.,2.14137984998113E-31,-5.82412078491886E-16));
#6311=DIRECTION('ref_axis',(2.14137984998113E-31,-1.,-1.29532382939855E-46));
#6312=DIRECTION('',(2.14137984998113E-31,-1.,-1.29532382939855E-46));
#6313=DIRECTION('',(-5.82412078491886E-16,0.,-1.));
#6314=DIRECTION('center_axis',(0.,1.,0.));
#6315=DIRECTION('ref_axis',(0.,0.,1.));
#6316=DIRECTION('center_axis',(0.,1.,0.));
#6317=DIRECTION('ref_axis',(0.,0.,1.));
#6318=DIRECTION('center_axis',(0.,1.,0.));
#6319=DIRECTION('ref_axis',(0.,0.,1.));
#6320=DIRECTION('center_axis',(0.,1.,0.));
#6321=DIRECTION('ref_axis',(-5.97094735932857E-16,0.,1.));
#6322=DIRECTION('center_axis',(0.,-1.,2.14137984998113E-31));
#6323=DIRECTION('ref_axis',(-2.368475785867E-16,-2.14137984998113E-31,-1.));
#6324=DIRECTION('center_axis',(2.64827783558001E-16,0.,1.));
#6325=DIRECTION('ref_axis',(1.,2.48248902359508E-31,-2.64827783558001E-16));
#6326=DIRECTION('',(0.,-1.,0.));
#6327=DIRECTION('',(-1.,0.,2.64827783558001E-16));
#6328=DIRECTION('',(0.,1.,0.));
#6329=DIRECTION('center_axis',(-1.,0.,2.45014736469E-16));
#6330=DIRECTION('ref_axis',(-2.45014736469E-16,0.,-1.));
#6331=DIRECTION('',(2.64827783558001E-16,0.,1.));
#6332=DIRECTION('',(0.,1.,0.));
#6333=DIRECTION('',(0.,0.,1.));
#6334=DIRECTION('',(0.,1.,0.));
#6335=DIRECTION('',(-2.64827783558001E-16,0.,-1.));
#6336=DIRECTION('',(0.,-1.,0.));
#6337=DIRECTION('',(0.,1.,0.));
#6338=DIRECTION('',(-2.64827783558001E-16,0.,-1.));
#6339=DIRECTION('',(0.,0.99440281464872,-0.105655299056427));
#6340=DIRECTION('',(0.,0.,1.));
#6341=DIRECTION('',(0.,-1.,0.));
#6342=DIRECTION('',(2.64827783558001E-16,0.,1.));
#6343=DIRECTION('',(-4.35233602880558E-32,-1.,-1.77635683940025E-16));
#6344=DIRECTION('',(0.0735974748321824,0.981299664429113,-0.177860564177776));
#6345=DIRECTION('center_axis',(0.,-1.,0.));
#6346=DIRECTION('ref_axis',(2.368475785867E-15,0.,-1.));
#6347=DIRECTION('center_axis',(-1.,0.,2.85706163083429E-16));
#6348=DIRECTION('ref_axis',(-2.85706163083429E-16,0.,-1.));
#6349=DIRECTION('',(0.,0.,-1.));
#6350=DIRECTION('',(5.07516096852053E-32,1.,1.77635683940025E-16));
#6351=DIRECTION('center_axis',(0.,0.,1.));
#6352=DIRECTION('ref_axis',(0.,1.,0.));
#6353=DIRECTION('',(0.,1.,0.));
#6354=DIRECTION('',(1.,0.,0.));
#6355=DIRECTION('center_axis',(1.,0.,-2.64827783558001E-16));
#6356=DIRECTION('ref_axis',(-2.64827783558001E-16,-2.17688979483875E-31,
-1.));
#6357=DIRECTION('',(0.,1.,0.));
#6358=DIRECTION('',(2.64827783558001E-16,0.,1.));
#6359=DIRECTION('center_axis',(0.,0.,-1.));
#6360=DIRECTION('ref_axis',(0.,-1.,0.));
#6361=DIRECTION('',(-1.,0.,0.));
#6362=DIRECTION('center_axis',(0.,-0.178344228651213,-0.983968158075659));
#6363=DIRECTION('ref_axis',(-1.,0.,0.));
#6364=DIRECTION('',(-1.,0.,0.));
#6365=DIRECTION('center_axis',(-2.64827783558001E-16,0.,-1.));
#6366=DIRECTION('ref_axis',(-1.,-2.48248902359508E-31,2.64827783558001E-16));
#6367=DIRECTION('',(0.,1.,0.));
#6368=DIRECTION('',(1.,0.,-2.64827783558001E-16));
#6369=DIRECTION('center_axis',(-1.,0.,2.64827783558001E-16));
#6370=DIRECTION('ref_axis',(2.64827783558001E-16,2.17688979483875E-31,1.));
#6371=DIRECTION('',(-2.64827783558001E-16,0.,-1.));
#6372=DIRECTION('center_axis',(0.,-1.,0.));
#6373=DIRECTION('ref_axis',(2.64827783558001E-16,0.,1.));
#6374=DIRECTION('',(0.,0.,1.));
#6375=DIRECTION('',(0.,0.,1.));
#6376=DIRECTION('',(-0.691668223368637,0.663486246852945,-0.285273673897657));
#6377=DIRECTION('center_axis',(2.64827783558001E-16,0.,1.));
#6378=DIRECTION('ref_axis',(1.,2.48248902359508E-31,-2.64827783558001E-16));
#6379=DIRECTION('',(1.,0.,-2.64827783558001E-16));
#6380=DIRECTION('',(1.,2.48248902359508E-31,-2.64827783558001E-16));
#6381=DIRECTION('',(0.,1.,0.));
#6382=DIRECTION('center_axis',(0.,1.,0.));
#6383=DIRECTION('ref_axis',(-2.64827783558001E-16,0.,-1.));
#6384=DIRECTION('',(2.64827783558001E-16,0.,1.));
#6385=DIRECTION('',(-1.,0.,2.64827783558001E-16));
#6386=DIRECTION('',(-2.64827783558001E-16,0.,-1.));
#6387=DIRECTION('',(-1.,0.,0.));
#6388=DIRECTION('center_axis',(0.,0.,1.));
#6389=DIRECTION('ref_axis',(0.,1.,0.));
#6390=DIRECTION('',(0.,1.,0.));
#6391=DIRECTION('',(-1.,-2.48248902359508E-31,2.64827783558001E-16));
#6392=DIRECTION('center_axis',(-2.64827783558001E-16,0.,-1.));
#6393=DIRECTION('ref_axis',(-1.,-2.48248902359508E-31,2.64827783558001E-16));
#6394=DIRECTION('',(0.,1.,0.));
#6395=DIRECTION('',(-1.,-2.48248902359508E-31,2.64827783558001E-16));
#6396=DIRECTION('',(-0.442661889997743,0.715381157390007,-0.54062949493619));
#6397=DIRECTION('center_axis',(0.,1.,0.));
#6398=DIRECTION('ref_axis',(0.,0.,1.));
#6399=DIRECTION('',(-2.64827783558001E-16,-2.17688979483875E-31,-1.));
#6400=DIRECTION('',(2.64827783558001E-16,2.17688979483875E-31,1.));
#6401=DIRECTION('center_axis',(-1.,0.,2.64827783558001E-16));
#6402=DIRECTION('ref_axis',(2.64827783558001E-16,2.17688979483875E-31,1.));
#6403=DIRECTION('center_axis',(1.,0.,-2.64827783558001E-16));
#6404=DIRECTION('ref_axis',(-2.64827783558001E-16,-2.17688979483875E-31,
-1.));
#6405=DIRECTION('center_axis',(1.,0.,-2.64827783558001E-16));
#6406=DIRECTION('ref_axis',(-2.64827783558001E-16,-2.17688979483875E-31,
-1.));
#6407=DIRECTION('',(-2.64827783558001E-16,0.,-1.));
#6408=DIRECTION('',(0.,-1.,0.));
#6409=DIRECTION('',(-2.64827783558001E-16,0.,-1.));
#6410=DIRECTION('',(0.,1.,0.));
#6411=DIRECTION('center_axis',(0.,1.,0.));
#6412=DIRECTION('ref_axis',(-2.64827783558001E-16,0.,-1.));
#6413=DIRECTION('',(-1.,0.,2.64827783558001E-16));
#6414=DIRECTION('',(-1.,0.,2.64827783558001E-16));
#6415=DIRECTION('',(2.64827783558001E-16,0.,1.));
#6416=DIRECTION('center_axis',(-2.64827783558001E-16,0.,-1.));
#6417=DIRECTION('ref_axis',(-1.,-2.48248902359508E-31,2.64827783558001E-16));
#6418=DIRECTION('',(1.,0.,-2.64827783558001E-16));
#6419=DIRECTION('',(0.,1.,0.));
#6420=DIRECTION('center_axis',(0.,1.,0.));
#6421=DIRECTION('ref_axis',(0.,0.,1.));
#6422=DIRECTION('',(2.64827783558001E-16,0.,1.));
#6423=DIRECTION('',(-1.,0.,2.64827783558001E-16));
#6424=DIRECTION('center_axis',(2.64827783558001E-16,0.,1.));
#6425=DIRECTION('ref_axis',(1.,2.48248902359508E-31,-2.64827783558001E-16));
#6426=DIRECTION('',(0.,-1.,0.));
#6427=DIRECTION('center_axis',(-1.,0.,2.64827783558001E-16));
#6428=DIRECTION('ref_axis',(2.64827783558001E-16,2.17688979483875E-31,1.));
#6429=DIRECTION('center_axis',(0.,-1.,0.));
#6430=DIRECTION('ref_axis',(2.64827783558001E-16,0.,1.));
#6431=DIRECTION('',(-2.64827783558001E-16,0.,-1.));
#6432=DIRECTION('',(1.,0.,-2.64827783558001E-16));
#6433=DIRECTION('',(2.64827783558001E-16,0.,1.));
#6434=DIRECTION('',(-1.,0.,2.64827783558001E-16));
#6435=DIRECTION('center_axis',(1.,0.,-2.64827783558001E-16));
#6436=DIRECTION('ref_axis',(-2.64827783558001E-16,-2.17688979483875E-31,
-1.));
#6437=DIRECTION('',(-2.64827783558001E-16,0.,-1.));
#6438=DIRECTION('',(0.,-1.,0.));
#6439=DIRECTION('',(0.,1.,0.));
#6440=DIRECTION('center_axis',(-2.64827783558001E-16,0.,-1.));
#6441=DIRECTION('ref_axis',(-1.,-2.48248902359508E-31,2.64827783558001E-16));
#6442=DIRECTION('',(-1.,0.,2.64827783558001E-16));
#6443=DIRECTION('',(0.,1.,0.));
#6444=DIRECTION('center_axis',(-1.,0.,2.64827783558001E-16));
#6445=DIRECTION('ref_axis',(2.64827783558001E-16,2.17688979483875E-31,1.));
#6446=DIRECTION('',(2.64827783558001E-16,0.,1.));
#6447=DIRECTION('',(0.,-1.,0.));
#6448=DIRECTION('center_axis',(2.64827783558001E-16,0.,1.));
#6449=DIRECTION('ref_axis',(1.,2.48248902359508E-31,-2.64827783558001E-16));
#6450=DIRECTION('',(1.,0.,-2.64827783558001E-16));
#6451=DIRECTION('center_axis',(0.,1.,0.));
#6452=DIRECTION('ref_axis',(0.,0.,1.));
#6453=DIRECTION('center_axis',(1.,0.,0.));
#6454=DIRECTION('ref_axis',(0.,0.,1.));
#6455=DIRECTION('',(0.,0.,1.));
#6456=DIRECTION('',(0.,1.,0.));
#6457=DIRECTION('',(0.,2.14137984998113E-31,1.));
#6458=DIRECTION('',(0.,1.,0.));
#6459=DIRECTION('',(0.,-2.14137984998113E-31,-1.));
#6460=DIRECTION('',(0.,-1.,0.));
#6461=DIRECTION('',(0.,0.,-1.));
#6462=DIRECTION('',(0.,-1.,-7.88860905221012E-31));
#6463=DIRECTION('center_axis',(1.,0.,0.));
#6464=DIRECTION('ref_axis',(0.,0.,1.));
#6465=DIRECTION('',(0.,0.,1.));
#6466=DIRECTION('',(0.,1.,7.88860905221012E-31));
#6467=DIRECTION('',(0.,0.,-1.));
#6468=DIRECTION('',(-4.37555761724612E-62,1.,1.57772181044202E-30));
#6469=DIRECTION('',(0.,1.79185979544014E-30,-1.));
#6470=DIRECTION('',(4.37555761724612E-62,-1.,-1.57772181044202E-30));
#6471=DIRECTION('',(0.,-1.79185979544014E-30,1.));
#6472=DIRECTION('',(0.,-1.,0.));
#6473=DIRECTION('center_axis',(-5.56331211895731E-62,1.,1.79185979544014E-30));
#6474=DIRECTION('ref_axis',(-2.368475785867E-16,-1.79185979544014E-30,1.));
#6475=DIRECTION('center_axis',(4.37555761724612E-62,-1.,-1.57772181044202E-30));
#6476=DIRECTION('ref_axis',(-5.97094735932857E-16,1.57772181044202E-30,
-1.));
#6477=DIRECTION('',(-5.82412078491886E-16,-1.57772181044202E-30,1.));
#6478=DIRECTION('',(-1.,-2.14137984998112E-31,-8.41749053404427E-16));
#6479=DIRECTION('',(-5.82412078491886E-16,-1.57772181044202E-30,1.));
#6480=DIRECTION('center_axis',(4.37555761724612E-62,-1.,-1.57772181044202E-30));
#6481=DIRECTION('ref_axis',(5.54667823983524E-32,1.57772181044202E-30,-1.));
#6482=DIRECTION('center_axis',(4.37555761724612E-62,-1.,-1.57772181044202E-30));
#6483=DIRECTION('ref_axis',(5.54667823983524E-32,1.57772181044202E-30,-1.));
#6484=DIRECTION('center_axis',(0.,1.,0.));
#6485=DIRECTION('ref_axis',(5.54667823983524E-32,1.57772181044202E-30,-1.));
#6486=DIRECTION('',(2.14137984998113E-31,-1.,-1.57772181044202E-30));
#6487=DIRECTION('center_axis',(-2.77333911991762E-32,-7.88860905221012E-31,
1.));
#6488=DIRECTION('ref_axis',(1.,0.,2.77333911991762E-32));
#6489=DIRECTION('',(-1.,0.,2.29150694741807E-16));
#6490=DIRECTION('',(9.34198976216545E-47,1.,7.88860905221012E-31));
#6491=DIRECTION('',(-1.,0.,-2.77333911991762E-32));
#6492=DIRECTION('center_axis',(0.,1.,0.));
#6493=DIRECTION('ref_axis',(0.,0.,1.));
#6494=DIRECTION('center_axis',(0.,1.,0.));
#6495=DIRECTION('ref_axis',(0.,0.,1.));
#6496=DIRECTION('',(-2.14137984998113E-31,1.,1.29532382939855E-46));
#6497=DIRECTION('center_axis',(0.,1.,0.));
#6498=DIRECTION('ref_axis',(0.,0.,1.));
#6499=DIRECTION('center_axis',(0.,1.,-2.14137984998113E-31));
#6500=DIRECTION('ref_axis',(2.368475785867E-16,2.14137984998113E-31,1.));
#6501=DIRECTION('center_axis',(0.,-1.,2.14137984998113E-31));
#6502=DIRECTION('ref_axis',(0.707106781186548,1.51418421301789E-31,0.707106781186547));
#6503=DIRECTION('',(2.45014736469E-16,2.14137984998113E-31,1.));
#6504=DIRECTION('',(1.,-5.67096879426268E-47,-2.64827783558001E-16));
#6505=DIRECTION('',(-5.82412078491886E-16,0.,-1.));
#6506=DIRECTION('center_axis',(0.,1.,0.));
#6507=DIRECTION('ref_axis',(0.,0.,1.));
#6508=DIRECTION('center_axis',(0.,1.,0.));
#6509=DIRECTION('ref_axis',(0.707106781186547,0.,-0.707106781186547));
#6510=DIRECTION('',(2.85706163083429E-16,0.,1.));
#6511=DIRECTION('',(1.,0.,0.));
#6512=DIRECTION('',(-2.64827783558001E-16,0.,-1.));
#6513=DIRECTION('',(-1.,0.,0.));
#6514=DIRECTION('',(2.85706163083429E-16,0.,1.));
#6515=DIRECTION('center_axis',(0.,1.,0.));
#6516=DIRECTION('ref_axis',(0.707106781186548,0.,0.707106781186547));
#6517=DIRECTION('',(1.,0.,2.77333911991762E-32));
#6518=DIRECTION('center_axis',(0.,1.,0.));
#6519=DIRECTION('ref_axis',(-5.97094735932857E-16,0.,1.));
#6520=DIRECTION('',(-5.82412078491886E-16,0.,-1.));
#6521=DIRECTION('',(1.,0.,-2.64827783558001E-16));
#6522=DIRECTION('',(1.,0.,-2.64827783558001E-16));
#6523=DIRECTION('',(2.64827783558001E-16,0.,1.));
#6524=DIRECTION('',(-1.,0.,2.64827783558001E-16));
#6525=DIRECTION('',(-1.,0.,2.64827783558001E-16));
#6526=DIRECTION('',(-5.82412078491886E-16,-1.57772181044202E-30,1.));
#6527=DIRECTION('center_axis',(0.,-1.,2.14137984998113E-31));
#6528=DIRECTION('ref_axis',(0.,0.,-1.));
#6529=DIRECTION('center_axis',(0.,1.,-2.14137984998113E-31));
#6530=DIRECTION('ref_axis',(0.707106781186548,0.,0.707106781186547));
#6531=DIRECTION('center_axis',(0.,0.,1.));
#6532=DIRECTION('ref_axis',(0.,-1.,0.));
#6533=DIRECTION('center_axis',(0.,1.,0.));
#6534=DIRECTION('ref_axis',(0.707106781186547,0.,0.707106781186548));
#6535=DIRECTION('center_axis',(0.,1.,0.));
#6536=DIRECTION('ref_axis',(0.707106781186547,0.,0.707106781186548));
#6537=DIRECTION('',(0.,-1.,0.));
#6538=DIRECTION('center_axis',(5.56331211895731E-62,-1.,-1.79185979544014E-30));
#6539=DIRECTION('ref_axis',(0.,0.,-1.));
#6540=DIRECTION('center_axis',(5.56331211895731E-62,-1.,-1.79185979544014E-30));
#6541=DIRECTION('ref_axis',(0.707106781186548,1.26703621229126E-30,-0.707106781186547));
#6542=DIRECTION('center_axis',(0.,0.,1.));
#6543=DIRECTION('ref_axis',(0.,-1.,0.));
#6544=DIRECTION('center_axis',(-5.56331211895731E-62,1.,1.79185979544014E-30));
#6545=DIRECTION('ref_axis',(0.707106781186548,0.,-0.707106781186547));
#6546=DIRECTION('center_axis',(2.45014736469E-16,-1.79185979544014E-30,
1.));
#6547=DIRECTION('ref_axis',(0.707106781186551,-0.707106781186544,0.));
#6548=DIRECTION('center_axis',(-2.64827783558001E-16,0.,-1.));
#6549=DIRECTION('ref_axis',(0.707106781186551,-0.707106781186544,0.));
#6550=DIRECTION('',(-2.45014736469E-16,1.79185979544014E-30,-1.));
#6551=DIRECTION('',(2.45014736469E-16,-1.79185979544014E-30,1.));
#6552=DIRECTION('center_axis',(-2.64827783558001E-16,0.,-1.));
#6553=DIRECTION('ref_axis',(-1.,-2.48248902359508E-31,2.64827783558001E-16));
#6554=DIRECTION('',(-1.,-4.74534258073105E-46,2.64827783558001E-16));
#6555=DIRECTION('',(2.14137984998112E-31,-1.,-5.67096879426265E-47));
#6556=DIRECTION('',(0.,1.,0.));
#6557=DIRECTION('',(1.,0.,-2.64827783558001E-16));
#6558=DIRECTION('',(0.,1.,0.));
#6559=DIRECTION('center_axis',(5.56331211895731E-62,-1.,-1.79185979544014E-30));
#6560=DIRECTION('ref_axis',(2.368475785867E-16,1.79185979544014E-30,-1.));
#6561=DIRECTION('center_axis',(4.37555761724612E-62,-1.,-1.57772181044202E-30));
#6562=DIRECTION('ref_axis',(5.54667823983524E-32,1.57772181044202E-30,-1.));
#6563=DIRECTION('',(-5.82412078491886E-16,-1.57772181044202E-30,1.));
#6564=DIRECTION('center_axis',(2.45014736469E-16,2.14137984998113E-31,1.));
#6565=DIRECTION('ref_axis',(0.707106781186548,-0.707106781186548,0.));
#6566=DIRECTION('center_axis',(2.64827783558001E-16,0.,1.));
#6567=DIRECTION('ref_axis',(0.707106781186548,-0.707106781186548,0.));
#6568=DIRECTION('',(-2.45014736469E-16,-2.14137984998113E-31,-1.));
#6569=DIRECTION('center_axis',(2.64827783558001E-16,0.,1.));
#6570=DIRECTION('ref_axis',(1.,2.48248902359508E-31,-2.64827783558001E-16));
#6571=DIRECTION('',(0.,-1.,0.));
#6572=DIRECTION('',(-1.,0.,2.64827783558001E-16));
#6573=DIRECTION('',(0.,1.,0.));
#6574=DIRECTION('',(-2.14137984998113E-31,1.,5.67096879426268E-47));
#6575=DIRECTION('center_axis',(-1.,0.,2.45014736469E-16));
#6576=DIRECTION('ref_axis',(-2.45014736469E-16,0.,-1.));
#6577=DIRECTION('',(-2.64827783558001E-16,0.,-1.));
#6578=DIRECTION('',(0.,-1.,0.));
#6579=DIRECTION('',(2.45014736469E-16,0.,1.));
#6580=DIRECTION('',(0.,1.,0.));
#6581=DIRECTION('',(-2.64827783558001E-16,0.,-1.));
#6582=DIRECTION('',(2.45014736469E-16,0.,1.));
#6583=DIRECTION('',(0.,-1.,0.));
#6584=DIRECTION('',(2.64827783558001E-16,0.,1.));
#6585=DIRECTION('',(0.,1.,0.));
#6586=DIRECTION('',(2.45014736469E-16,0.,1.));
#6587=DIRECTION('',(0.,-1.,0.));
#6588=DIRECTION('',(2.64827783558001E-16,0.,1.));
#6589=DIRECTION('',(0.,1.,0.));
#6590=DIRECTION('',(2.45014736469E-16,0.,1.));
#6591=DIRECTION('',(0.,1.,0.));
#6592=DIRECTION('center_axis',(1.,2.14137984998112E-31,5.82412078491886E-16));
#6593=DIRECTION('ref_axis',(-2.14137984998113E-31,1.,1.57772181044202E-30));
#6594=DIRECTION('',(-2.14137984998113E-31,1.,1.57772181044202E-30));
#6595=DIRECTION('',(-2.14137984998113E-31,1.,1.57772181044202E-30));
#6596=DIRECTION('center_axis',(-1.,-2.14137984998112E-31,-5.82412078491886E-16));
#6597=DIRECTION('ref_axis',(2.14137984998113E-31,-1.,-1.57772181044202E-30));
#6598=DIRECTION('',(2.14137984998113E-31,-1.,-1.57772181044202E-30));
#6599=DIRECTION('center_axis',(4.37555761724612E-62,-1.,-1.57772181044202E-30));
#6600=DIRECTION('ref_axis',(5.54667823983524E-32,1.57772181044202E-30,-1.));
#6601=DIRECTION('center_axis',(-8.41749053404426E-16,-1.57772181044202E-30,
1.));
#6602=DIRECTION('ref_axis',(1.,-1.32804584047509E-45,8.41749053404427E-16));
#6603=DIRECTION('center_axis',(-1.,-2.14137984998113E-31,5.82412078491886E-16));
#6604=DIRECTION('ref_axis',(-2.14137984998113E-31,1.,1.29532382939855E-46));
#6605=DIRECTION('',(-2.14137984998113E-31,1.,1.29532382939855E-46));
#6606=DIRECTION('',(-5.82412078491886E-16,0.,-1.));
#6607=DIRECTION('center_axis',(1.,2.14137984998113E-31,-5.82412078491886E-16));
#6608=DIRECTION('ref_axis',(2.14137984998113E-31,-1.,-1.29532382939855E-46));
#6609=DIRECTION('',(2.14137984998113E-31,-1.,-1.29532382939855E-46));
#6610=DIRECTION('',(-5.82412078491886E-16,0.,-1.));
#6611=DIRECTION('',(2.14137984998113E-31,-1.,-1.29532382939855E-46));
#6612=DIRECTION('center_axis',(0.,1.,0.));
#6613=DIRECTION('ref_axis',(0.,0.,1.));
#6614=DIRECTION('center_axis',(0.,1.,0.));
#6615=DIRECTION('ref_axis',(-5.97094735932857E-16,0.,1.));
#6616=DIRECTION('center_axis',(0.,-1.,2.14137984998113E-31));
#6617=DIRECTION('ref_axis',(-2.368475785867E-16,-2.14137984998113E-31,-1.));
#6618=DIRECTION('',(-1.,-2.14137984998113E-31,8.41749053404426E-16));
#6619=DIRECTION('center_axis',(8.41749053404426E-16,5.07180632302382E-47,
1.));
#6620=DIRECTION('ref_axis',(1.,0.,-8.41749053404426E-16));
#6621=DIRECTION('center_axis',(-1.,0.,2.85706163083429E-16));
#6622=DIRECTION('ref_axis',(-2.85706163083429E-16,0.,-1.));
#6623=DIRECTION('',(0.,-1.,0.));
#6624=DIRECTION('',(2.85706163083429E-16,0.,1.));
#6625=DIRECTION('',(0.,1.,0.));
#6626=DIRECTION('',(-9.34198976216545E-47,-1.,-7.88860905221012E-31));
#6627=DIRECTION('',(-2.85706163083429E-16,0.,-1.));
#6628=DIRECTION('',(9.34198976216545E-47,1.,7.88860905221012E-31));
#6629=DIRECTION('center_axis',(0.,0.,-1.));
#6630=DIRECTION('ref_axis',(0.,-1.,0.));
#6631=DIRECTION('',(-1.,0.,0.));
#6632=DIRECTION('',(-1.,0.,0.));
#6633=DIRECTION('',(0.,1.,0.));
#6634=DIRECTION('center_axis',(0.,1.,0.));
#6635=DIRECTION('ref_axis',(-1.1842378929335E-16,0.,-1.));
#6636=DIRECTION('',(-1.,0.,0.));
#6637=DIRECTION('center_axis',(0.,0.,1.));
#6638=DIRECTION('ref_axis',(0.,1.,0.));
#6639=DIRECTION('',(0.,1.,0.));
#6640=DIRECTION('',(1.,0.,0.));
#6641=DIRECTION('center_axis',(0.,0.,1.));
#6642=DIRECTION('ref_axis',(0.,1.,0.));
#6643=DIRECTION('',(-1.,0.,0.));
#6644=DIRECTION('',(0.,1.,0.));
#6645=DIRECTION('',(-1.,0.,0.));
#6646=DIRECTION('center_axis',(0.,1.,0.));
#6647=DIRECTION('ref_axis',(0.,0.,1.));
#6648=DIRECTION('center_axis',(0.,1.,0.));
#6649=DIRECTION('ref_axis',(0.707106781186548,0.,-0.707106781186547));
#6650=DIRECTION('',(-1.,0.,2.64827783558001E-16));
#6651=DIRECTION('',(2.64827783558001E-16,0.,1.));
#6652=DIRECTION('',(1.,0.,-2.64827783558001E-16));
#6653=DIRECTION('',(1.,0.,6.36020943528011E-32));
#6654=DIRECTION('center_axis',(0.,-1.,0.));
#6655=DIRECTION('ref_axis',(0.707106781186548,0.,0.707106781186547));
#6656=DIRECTION('center_axis',(0.,-1.,0.));
#6657=DIRECTION('ref_axis',(0.707106781186547,0.,-0.707106781186547));
#6658=DIRECTION('',(-2.64827783558001E-16,0.,-1.));
#6659=DIRECTION('',(1.,0.,0.));
#6660=DIRECTION('center_axis',(0.,1.,0.));
#6661=DIRECTION('ref_axis',(0.707106781186548,0.,-0.707106781186547));
#6662=DIRECTION('center_axis',(-1.,0.,2.64827783558001E-16));
#6663=DIRECTION('ref_axis',(2.64827783558001E-16,2.17688979483875E-31,1.));
#6664=DIRECTION('',(-2.64827783558001E-16,0.,-1.));
#6665=DIRECTION('center_axis',(-2.77333911991762E-32,-7.88860905221012E-31,
1.));
#6666=DIRECTION('ref_axis',(1.,0.,2.77333911991762E-32));
#6667=DIRECTION('',(-9.34198976216545E-47,-1.,-7.88860905221012E-31));
#6668=DIRECTION('center_axis',(9.34198976216545E-47,1.,7.88860905221012E-31));
#6669=DIRECTION('ref_axis',(0.707106781186548,0.,0.707106781186547));
#6670=DIRECTION('center_axis',(1.,0.,-2.64827783558001E-16));
#6671=DIRECTION('ref_axis',(-2.64827783558001E-16,-2.17688979483875E-31,
-1.));
#6672=DIRECTION('',(2.64827783558001E-16,0.,1.));
#6673=DIRECTION('center_axis',(9.34198976216545E-47,1.,7.88860905221012E-31));
#6674=DIRECTION('ref_axis',(0.707106781186547,0.,-0.707106781186547));
#6675=DIRECTION('center_axis',(2.64827783558001E-16,0.,1.));
#6676=DIRECTION('ref_axis',(1.,2.48248902359508E-31,-2.64827783558001E-16));
#6677=DIRECTION('',(0.,1.,0.));
#6678=DIRECTION('',(1.,0.,-2.64827783558001E-16));
#6679=DIRECTION('center_axis',(0.,1.,0.));
#6680=DIRECTION('ref_axis',(-2.64827783558001E-16,0.,-1.));
#6681=DIRECTION('',(-1.,0.,2.64827783558001E-16));
#6682=DIRECTION('',(1.,0.,0.));
#6683=DIRECTION('',(-2.64827783558001E-16,0.,-1.));
#6684=DIRECTION('',(2.64827783558001E-16,0.,1.));
#6685=DIRECTION('center_axis',(0.,0.,-1.));
#6686=DIRECTION('ref_axis',(0.,-1.,0.));
#6687=DIRECTION('',(0.,1.,0.));
#6688=DIRECTION('center_axis',(-2.64827783558001E-16,0.,-1.));
#6689=DIRECTION('ref_axis',(-1.,-2.48248902359508E-31,2.64827783558001E-16));
#6690=DIRECTION('',(0.,1.,0.));
#6691=DIRECTION('center_axis',(0.,-1.,0.));
#6692=DIRECTION('ref_axis',(2.64827783558001E-16,0.,1.));
#6693=DIRECTION('center_axis',(1.,0.,-2.64827783558001E-16));
#6694=DIRECTION('ref_axis',(-2.64827783558001E-16,-2.17688979483875E-31,
-1.));
#6695=DIRECTION('center_axis',(-1.,0.,2.64827783558001E-16));
#6696=DIRECTION('ref_axis',(2.64827783558001E-16,2.17688979483875E-31,1.));
#6697=DIRECTION('center_axis',(0.,1.,0.));
#6698=DIRECTION('ref_axis',(0.707106781186547,0.,0.707106781186548));
#6699=DIRECTION('',(0.,1.,0.));
#6700=DIRECTION('center_axis',(0.,-1.,0.));
#6701=DIRECTION('ref_axis',(0.707106781186547,0.,0.707106781186548));
#6702=DIRECTION('',(0.,-1.,0.));
#6703=DIRECTION('center_axis',(-2.48248902359508E-31,1.,-2.17688979483875E-31));
#6704=DIRECTION('ref_axis',(0.707106781186547,0.,0.707106781186548));
#6705=DIRECTION('center_axis',(0.,1.,0.));
#6706=DIRECTION('ref_axis',(0.,0.,1.));
#6707=DIRECTION('',(0.,0.,1.));
#6708=DIRECTION('',(1.,0.,2.77333911991762E-32));
#6709=DIRECTION('center_axis',(0.,1.,0.));
#6710=DIRECTION('ref_axis',(0.707106781186548,0.,0.707106781186547));
#6711=DIRECTION('',(-2.85706163083429E-16,0.,-1.));
#6712=DIRECTION('',(-1.,0.,0.));
#6713=DIRECTION('',(-2.64827783558001E-16,0.,-1.));
#6714=DIRECTION('',(1.,0.,0.));
#6715=DIRECTION('',(-2.85706163083429E-16,0.,-1.));
#6716=DIRECTION('center_axis',(0.,1.,0.));
#6717=DIRECTION('ref_axis',(0.707106781186547,0.,-0.707106781186547));
#6718=DIRECTION('',(-1.,0.,-2.77333911991762E-32));
#6719=DIRECTION('',(0.,0.,1.));
#6720=DIRECTION('center_axis',(0.,-1.,0.));
#6721=DIRECTION('ref_axis',(0.707106781186548,0.,-0.707106781186547));
#6722=DIRECTION('',(2.45014736469E-16,0.,1.));
#6723=DIRECTION('',(-1.,0.,2.64827783558001E-16));
#6724=DIRECTION('',(2.64827783558001E-16,0.,1.));
#6725=DIRECTION('',(1.,0.,-2.64827783558001E-16));
#6726=DIRECTION('',(2.45014736469E-16,0.,1.));
#6727=DIRECTION('center_axis',(-2.77333911991762E-32,-7.88860905221012E-31,
1.));
#6728=DIRECTION('ref_axis',(1.,0.,2.77333911991762E-32));
#6729=DIRECTION('',(0.,-1.,-7.88860905221012E-31));
#6730=DIRECTION('',(-1.,0.,9.28901566114818E-33));
#6731=DIRECTION('',(-9.34198976216545E-47,-1.,-7.88860905221012E-31));
#6732=DIRECTION('',(-0.589594343442587,-0.620321700185883,-0.517280869991343));
#6733=DIRECTION('center_axis',(0.,1.,0.));
#6734=DIRECTION('ref_axis',(-1.,0.,-5.64078264858211E-32));
#6735=DIRECTION('',(-0.584179466068949,-0.62087578209425,0.522730919912197));
#6736=DIRECTION('center_axis',(-2.48248902359508E-31,1.,-2.17688979483875E-31));
#6737=DIRECTION('ref_axis',(0.,2.17688979483875E-31,1.));
#6738=DIRECTION('',(0.,2.17688979483875E-31,1.));
#6739=DIRECTION('center_axis',(2.48248902359508E-31,-1.,2.17688979483875E-31));
#6740=DIRECTION('ref_axis',(0.707106781186547,0.,-0.707106781186547));
#6741=DIRECTION('',(2.85706163083429E-16,2.17688979483875E-31,1.));
#6742=DIRECTION('',(-1.,-2.48248902359508E-31,0.));
#6743=DIRECTION('center_axis',(-2.48248902359508E-31,1.,-2.17688979483875E-31));
#6744=DIRECTION('ref_axis',(0.999973887931506,0.,0.00722657976830453));
#6745=DIRECTION('',(0.,2.17688979483875E-31,1.));
#6746=DIRECTION('',(1.,2.48248902359508E-31,-2.64827783558001E-16));
#6747=DIRECTION('',(-2.45014736469E-16,0.,-1.));
#6748=DIRECTION('center_axis',(-2.48248902359508E-31,1.,-2.17688979483875E-31));
#6749=DIRECTION('ref_axis',(0.707106781186548,0.,-0.707106781186547));
#6750=DIRECTION('center_axis',(-6.8389221588852E-31,1.,-2.03502788654879E-30));
#6751=DIRECTION('ref_axis',(0.,2.03502788654879E-30,1.));
#6752=DIRECTION('',(0.,-2.03502788654879E-30,-1.));
#6753=DIRECTION('center_axis',(0.707106781186549,6.34799779798648E-11,-0.707106781186546));
#6754=DIRECTION('ref_axis',(-0.707106781186546,0.,-0.707106781186549));
#6755=DIRECTION('',(0.707106781186546,-6.34797267650716E-11,0.707106781186549));
#6756=DIRECTION('',(2.56490553107325E-26,1.,8.97742457982703E-11));
#6757=DIRECTION('',(-0.707106781186546,6.34800331245757E-11,-0.707106781186549));
#6758=DIRECTION('',(-2.56490553107325E-26,-1.,-8.97742457982703E-11));
#6759=DIRECTION('center_axis',(0.,-8.97742457982703E-11,1.));
#6760=DIRECTION('ref_axis',(2.58494956455015E-26,1.,8.97742457982703E-11));
#6761=DIRECTION('',(-1.,0.,0.));
#6762=DIRECTION('',(-2.19960131759664E-26,-1.,-8.97742457982703E-11));
#6763=DIRECTION('',(-1.,0.,0.));
#6764=DIRECTION('center_axis',(0.707106781186546,-6.3479977979865E-11,0.707106781186549));
#6765=DIRECTION('ref_axis',(0.707106781186549,0.,-0.707106781186546));
#6766=DIRECTION('',(0.707106781186549,6.34800331245755E-11,-0.707106781186546));
#6767=DIRECTION('',(-2.56490553107325E-26,-1.,-8.97742457982703E-11));
#6768=DIRECTION('',(-0.707106781186549,-6.34797267650714E-11,0.707106781186546));
#6769=DIRECTION('',(2.56490553107325E-26,1.,8.97742457982703E-11));
#6770=DIRECTION('center_axis',(0.,8.97742457982703E-11,-1.));
#6771=DIRECTION('ref_axis',(-2.58494956455015E-26,-1.,-8.97742457982703E-11));
#6772=DIRECTION('',(-1.,0.,0.));
#6773=DIRECTION('',(2.19960131759664E-26,1.,8.97742457982703E-11));
#6774=DIRECTION('',(-1.,0.,0.));
#6775=DIRECTION('center_axis',(0.,1.,8.97743237846682E-11));
#6776=DIRECTION('ref_axis',(-2.85706163083429E-16,8.97743237846682E-11,
-1.));
#6777=DIRECTION('',(2.45014736469E-16,-8.97743237846682E-11,1.));
#6778=DIRECTION('',(-2.85706163083429E-16,8.97743237846682E-11,-1.));
#6779=DIRECTION('center_axis',(0.,-1.,-8.97738905269025E-11));
#6780=DIRECTION('ref_axis',(2.85706163083429E-16,-8.97738905269025E-11,
1.));
#6781=DIRECTION('',(-2.45014736469E-16,8.97738905269025E-11,-1.));
#6782=DIRECTION('',(2.85706163083429E-16,-8.97738905269025E-11,1.));
#6783=DIRECTION('center_axis',(0.,1.,0.));
#6784=DIRECTION('ref_axis',(0.999973887931506,0.,0.00722657976830453));
#6785=DIRECTION('',(0.,-1.,0.));
#6786=DIRECTION('',(0.,1.,0.));
#6787=DIRECTION('',(0.,1.,0.));
#6788=DIRECTION('center_axis',(2.48248902359508E-31,-1.,2.17688979483875E-31));
#6789=DIRECTION('ref_axis',(0.999973887931506,0.,0.00722657976830453));
#6790=DIRECTION('',(0.,1.,0.));
#6791=DIRECTION('center_axis',(-2.48248902359508E-31,1.,-2.17688979483875E-31));
#6792=DIRECTION('ref_axis',(0.999973887931506,0.,0.00722657976830453));
#6793=DIRECTION('center_axis',(-1.,0.,2.85706163083429E-16));
#6794=DIRECTION('ref_axis',(-2.85706163083429E-16,0.,-1.));
#6795=DIRECTION('',(0.,-1.,0.));
#6796=DIRECTION('center_axis',(0.,0.,1.));
#6797=DIRECTION('ref_axis',(0.,1.,0.));
#6798=DIRECTION('',(1.,2.48248902359508E-31,0.));
#6799=DIRECTION('',(-1.,-2.48248902359508E-31,0.));
#6800=DIRECTION('center_axis',(-2.48248902359508E-31,1.,-2.17688979483875E-31));
#6801=DIRECTION('ref_axis',(0.,2.17688979483875E-31,1.));
#6802=DIRECTION('',(-1.,-2.48248902359508E-31,0.));
#6803=DIRECTION('center_axis',(9.34198976216545E-47,1.,7.88860905221012E-31));
#6804=DIRECTION('ref_axis',(0.707106781186547,0.,-0.707106781186547));
#6805=DIRECTION('center_axis',(9.34198976216545E-47,1.,7.88860905221012E-31));
#6806=DIRECTION('ref_axis',(0.707106781186548,0.,0.707106781186547));
#6807=DIRECTION('center_axis',(2.48248902359508E-31,-1.,2.17688979483875E-31));
#6808=DIRECTION('ref_axis',(0.707106781186548,0.,0.707106781186547));
#6809=DIRECTION('center_axis',(0.,0.,-1.));
#6810=DIRECTION('ref_axis',(0.,-1.,0.));
#6811=DIRECTION('center_axis',(-1.,0.,2.85706163083429E-16));
#6812=DIRECTION('ref_axis',(-2.85706163083429E-16,0.,-1.));
#6813=DIRECTION('',(0.,1.,0.));
#6814=DIRECTION('',(-2.85706163083429E-16,0.,-1.));
#6815=DIRECTION('',(0.,-1.,0.));
#6816=DIRECTION('',(9.34198976216545E-47,1.,7.88860905221012E-31));
#6817=DIRECTION('',(-9.34198976216545E-47,-1.,-7.88860905221012E-31));
#6818=DIRECTION('center_axis',(0.,0.,1.));
#6819=DIRECTION('ref_axis',(0.,1.,0.));
#6820=DIRECTION('',(-1.,0.,0.));
#6821=DIRECTION('',(0.,1.,0.));
#6822=DIRECTION('',(-1.,0.,0.));
#6823=DIRECTION('',(0.,1.,0.));
#6824=DIRECTION('center_axis',(0.,-1.,0.));
#6825=DIRECTION('ref_axis',(1.1842378929335E-16,0.,1.));
#6826=DIRECTION('',(-1.,0.,0.));
#6827=DIRECTION('',(-2.45014736469E-16,0.,-1.));
#6828=DIRECTION('center_axis',(0.,0.,-1.));
#6829=DIRECTION('ref_axis',(0.,-1.,0.));
#6830=DIRECTION('',(0.,1.,0.));
#6831=DIRECTION('',(1.,0.,0.));
#6832=DIRECTION('',(0.,-1.,0.));
#6833=DIRECTION('center_axis',(0.,0.,1.));
#6834=DIRECTION('ref_axis',(0.,1.,0.));
#6835=DIRECTION('',(1.,2.48248902359508E-31,-2.64827783558001E-16));
#6836=DIRECTION('',(0.,1.,0.));
#6837=DIRECTION('',(1.,5.09949932170896E-32,0.));
#6838=DIRECTION('',(0.,1.,0.));
#6839=DIRECTION('center_axis',(-2.48248902359508E-31,1.,-2.17688979483875E-31));
#6840=DIRECTION('ref_axis',(0.,2.17688979483875E-31,1.));
#6841=DIRECTION('',(-1.,-2.48248902359508E-31,-1.00399853029932E-15));
#6842=DIRECTION('',(2.64827783558001E-16,2.17688979483875E-31,1.));
#6843=DIRECTION('',(-2.45014736469E-16,0.,-1.));
#6844=DIRECTION('center_axis',(-1.,0.,2.45014736469E-16));
#6845=DIRECTION('ref_axis',(-2.45014736469E-16,0.,-1.));
#6846=DIRECTION('',(-2.64827783558001E-16,-1.00476701696983E-16,-1.));
#6847=DIRECTION('',(0.,-1.,0.));
#6848=DIRECTION('',(-2.45014736469E-16,0.,-1.));
#6849=DIRECTION('',(0.,-1.,0.));
#6850=DIRECTION('',(2.64827783558001E-16,0.,1.));
#6851=DIRECTION('',(2.64827783558001E-16,0.,1.));
#6852=DIRECTION('',(0.,1.,0.));
#6853=DIRECTION('',(0.,1.,0.));
#6854=DIRECTION('',(0.,1.,0.));
#6855=DIRECTION('',(-2.64827783558001E-16,-1.00476701696983E-16,-1.));
#6856=DIRECTION('',(0.,-1.,0.));
#6857=DIRECTION('center_axis',(0.,1.,0.));
#6858=DIRECTION('ref_axis',(0.707106781186548,0.,-0.707106781186547));
#6859=DIRECTION('',(0.,-1.,0.));
#6860=DIRECTION('center_axis',(-2.64827783558001E-16,0.,-1.));
#6861=DIRECTION('ref_axis',(-1.,-2.48248902359508E-31,2.64827783558001E-16));
#6862=DIRECTION('',(-1.,0.,2.64827783558001E-16));
#6863=DIRECTION('',(0.,1.,0.));
#6864=DIRECTION('center_axis',(-1.,0.,2.64827783558001E-16));
#6865=DIRECTION('ref_axis',(2.64827783558001E-16,2.17688979483875E-31,1.));
#6866=DIRECTION('',(2.64827783558001E-16,0.,1.));
#6867=DIRECTION('',(0.,1.,0.));
#6868=DIRECTION('center_axis',(2.64827783558001E-16,0.,1.));
#6869=DIRECTION('ref_axis',(1.,2.48248902359508E-31,-2.64827783558001E-16));
#6870=DIRECTION('',(1.,0.,-2.64827783558001E-16));
#6871=DIRECTION('center_axis',(9.34198976216545E-47,1.,7.88860905221012E-31));
#6872=DIRECTION('ref_axis',(0.707106781186547,0.,-0.707106781186547));
#6873=DIRECTION('',(9.34198976216545E-47,1.,7.88860905221012E-31));
#6874=DIRECTION('center_axis',(-2.77333911991762E-32,-7.88860905221012E-31,
1.));
#6875=DIRECTION('ref_axis',(1.,0.,2.77333911991762E-32));
#6876=DIRECTION('',(0.,1.,7.88860905221012E-31));
#6877=DIRECTION('',(1.,0.,-2.95872273812509E-16));
#6878=DIRECTION('center_axis',(9.34198976216545E-47,1.,7.88860905221012E-31));
#6879=DIRECTION('ref_axis',(0.707106781186548,0.,0.707106781186547));
#6880=DIRECTION('center_axis',(1.,0.,-2.64827783558001E-16));
#6881=DIRECTION('ref_axis',(-2.64827783558001E-16,-2.17688979483875E-31,
-1.));
#6882=DIRECTION('',(-2.64827783558001E-16,0.,-1.));
#6883=DIRECTION('center_axis',(-2.64827783558001E-16,0.,-1.));
#6884=DIRECTION('ref_axis',(-1.,-2.48248902359508E-31,2.64827783558001E-16));
#6885=DIRECTION('',(1.,2.43859710074593E-32,-2.64827783558001E-16));
#6886=DIRECTION('',(0.,1.,0.));
#6887=DIRECTION('center_axis',(5.09949932170896E-32,-1.,1.00476701696983E-16));
#6888=DIRECTION('ref_axis',(2.64827783558001E-16,1.00476701696983E-16,1.));
#6889=DIRECTION('',(-1.,-2.43859710074593E-32,2.64827783558001E-16));
#6890=DIRECTION('',(2.64827783558001E-16,1.00476701696983E-16,1.));
#6891=DIRECTION('',(-1.,-5.09949932170896E-32,0.));
#6892=DIRECTION('',(-2.64827783558001E-16,-1.00476701696983E-16,-1.));
#6893=DIRECTION('center_axis',(0.,0.,-1.));
#6894=DIRECTION('ref_axis',(0.,-1.,0.));
#6895=DIRECTION('',(0.,1.,0.));
#6896=DIRECTION('center_axis',(2.64827783558001E-16,0.,1.));
#6897=DIRECTION('ref_axis',(1.,2.48248902359508E-31,-2.64827783558001E-16));
#6898=DIRECTION('',(0.,1.,0.));
#6899=DIRECTION('',(-1.,-2.48248902359508E-31,2.64827783558001E-16));
#6900=DIRECTION('center_axis',(-2.48248902359508E-31,1.,-2.17688979483875E-31));
#6901=DIRECTION('ref_axis',(0.,2.17688979483875E-31,1.));
#6902=DIRECTION('',(0.,2.17688979483875E-31,1.));
#6903=DIRECTION('',(0.,2.17688979483875E-31,1.));
#6904=DIRECTION('center_axis',(0.,1.,0.));
#6905=DIRECTION('ref_axis',(-2.64827783558001E-16,0.,-1.));
#6906=DIRECTION('center_axis',(-1.,0.,2.64827783558001E-16));
#6907=DIRECTION('ref_axis',(2.64827783558001E-16,2.17688979483875E-31,1.));
#6908=DIRECTION('center_axis',(1.,0.,-2.64827783558001E-16));
#6909=DIRECTION('ref_axis',(-2.64827783558001E-16,-2.17688979483875E-31,
-1.));
#6910=DIRECTION('center_axis',(1.,0.,0.));
#6911=DIRECTION('ref_axis',(0.,0.,1.));
#6912=DIRECTION('',(0.,0.,1.));
#6913=DIRECTION('',(0.,1.,0.));
#6914=DIRECTION('',(0.,2.14137984998113E-31,1.));
#6915=DIRECTION('',(0.,1.,0.));
#6916=DIRECTION('',(0.,-2.14137984998113E-31,-1.));
#6917=DIRECTION('',(0.,-1.,0.));
#6918=DIRECTION('',(0.,0.,-1.));
#6919=DIRECTION('',(0.,-1.,-7.88860905221012E-31));
#6920=DIRECTION('center_axis',(1.,0.,0.));
#6921=DIRECTION('ref_axis',(0.,0.,1.));
#6922=DIRECTION('',(0.,0.,1.));
#6923=DIRECTION('',(0.,1.,7.88860905221012E-31));
#6924=DIRECTION('',(0.,0.,-1.));
#6925=DIRECTION('',(-4.37555761724612E-62,1.,1.57772181044202E-30));
#6926=DIRECTION('',(0.,1.79185979544014E-30,-1.));
#6927=DIRECTION('',(4.37555761724612E-62,-1.,-1.57772181044202E-30));
#6928=DIRECTION('',(0.,-1.79185979544014E-30,1.));
#6929=DIRECTION('',(0.,-1.,0.));
#6930=DIRECTION('center_axis',(-5.56331211895731E-62,1.,1.79185979544014E-30));
#6931=DIRECTION('ref_axis',(-2.368475785867E-16,-1.79185979544014E-30,1.));
#6932=DIRECTION('center_axis',(4.37555761724612E-62,-1.,-1.57772181044202E-30));
#6933=DIRECTION('ref_axis',(-5.97094735932857E-16,1.57772181044202E-30,
-1.));
#6934=DIRECTION('',(-5.82412078491886E-16,-1.57772181044202E-30,1.));
#6935=DIRECTION('',(-1.,-2.14137984998112E-31,-8.41749053404427E-16));
#6936=DIRECTION('',(-5.82412078491886E-16,-1.57772181044202E-30,1.));
#6937=DIRECTION('center_axis',(4.37555761724612E-62,-1.,-1.57772181044202E-30));
#6938=DIRECTION('ref_axis',(5.54667823983524E-32,1.57772181044202E-30,-1.));
#6939=DIRECTION('center_axis',(4.37555761724612E-62,-1.,-1.57772181044202E-30));
#6940=DIRECTION('ref_axis',(5.54667823983524E-32,1.57772181044202E-30,-1.));
#6941=DIRECTION('center_axis',(0.,1.,0.));
#6942=DIRECTION('ref_axis',(5.54667823983524E-32,1.57772181044202E-30,-1.));
#6943=DIRECTION('',(2.14137984998113E-31,-1.,-1.57772181044202E-30));
#6944=DIRECTION('center_axis',(-2.77333911991762E-32,-7.88860905221012E-31,
1.));
#6945=DIRECTION('ref_axis',(1.,0.,2.77333911991762E-32));
#6946=DIRECTION('',(-1.,0.,-2.77333911991762E-32));
#6947=DIRECTION('',(9.34198976216545E-47,1.,7.88860905221012E-31));
#6948=DIRECTION('',(-1.,0.,-2.77333911991762E-32));
#6949=DIRECTION('center_axis',(0.,-1.,2.14137984998113E-31));
#6950=DIRECTION('ref_axis',(-2.368475785867E-16,-2.14137984998113E-31,-1.));
#6951=DIRECTION('center_axis',(0.,1.,0.));
#6952=DIRECTION('ref_axis',(0.,0.,1.));
#6953=DIRECTION('',(-5.82412078491886E-16,0.,-1.));
#6954=DIRECTION('',(-1.,-2.14137984998113E-31,8.41749053404426E-16));
#6955=DIRECTION('',(-5.82412078491886E-16,0.,-1.));
#6956=DIRECTION('center_axis',(0.,1.,0.));
#6957=DIRECTION('ref_axis',(-5.97094735932857E-16,0.,1.));
#6958=DIRECTION('center_axis',(0.,1.,0.));
#6959=DIRECTION('ref_axis',(0.,0.,1.));
#6960=DIRECTION('center_axis',(0.,1.,0.));
#6961=DIRECTION('ref_axis',(0.,0.,1.));
#6962=DIRECTION('',(-2.14137984998113E-31,1.,1.29532382939855E-46));
#6963=DIRECTION('center_axis',(0.,1.,0.));
#6964=DIRECTION('ref_axis',(0.,0.,1.));
#6965=DIRECTION('center_axis',(0.,1.,0.));
#6966=DIRECTION('ref_axis',(0.707106781186547,0.,-0.707106781186547));
#6967=DIRECTION('',(2.85706163083429E-16,0.,1.));
#6968=DIRECTION('',(1.,0.,0.));
#6969=DIRECTION('',(-2.64827783558001E-16,0.,-1.));
#6970=DIRECTION('',(-1.,0.,0.));
#6971=DIRECTION('',(2.85706163083429E-16,0.,1.));
#6972=DIRECTION('center_axis',(0.,1.,0.));
#6973=DIRECTION('ref_axis',(0.707106781186548,0.,0.707106781186547));
#6974=DIRECTION('',(1.,0.,2.77333911991762E-32));
#6975=DIRECTION('center_axis',(0.,1.,0.));
#6976=DIRECTION('ref_axis',(-5.97094735932857E-16,0.,1.));
#6977=DIRECTION('',(-5.82412078491886E-16,0.,-1.));
#6978=DIRECTION('',(1.,0.,-2.64827783558001E-16));
#6979=DIRECTION('',(1.,0.,-2.64827783558001E-16));
#6980=DIRECTION('',(2.64827783558001E-16,0.,1.));
#6981=DIRECTION('',(-1.,0.,2.64827783558001E-16));
#6982=DIRECTION('',(-1.,0.,2.64827783558001E-16));
#6983=DIRECTION('',(-5.82412078491886E-16,-1.57772181044202E-30,1.));
#6984=DIRECTION('center_axis',(0.,1.,-2.14137984998113E-31));
#6985=DIRECTION('ref_axis',(2.368475785867E-16,2.14137984998113E-31,1.));
#6986=DIRECTION('center_axis',(0.,-1.,2.14137984998113E-31));
#6987=DIRECTION('ref_axis',(0.707106781186547,0.,0.707106781186548));
#6988=DIRECTION('',(2.45014736469E-16,2.14137984998113E-31,1.));
#6989=DIRECTION('',(1.,-5.67096879426268E-47,-2.64827783558001E-16));
#6990=DIRECTION('',(-5.82412078491886E-16,0.,-1.));
#6991=DIRECTION('center_axis',(0.,1.,0.));
#6992=DIRECTION('ref_axis',(0.707106781186547,0.,0.707106781186548));
#6993=DIRECTION('center_axis',(0.,-1.,0.));
#6994=DIRECTION('ref_axis',(0.707106781186547,0.,0.707106781186548));
#6995=DIRECTION('',(0.,-1.,0.));
#6996=DIRECTION('center_axis',(5.56331211895731E-62,-1.,-1.79185979544014E-30));
#6997=DIRECTION('ref_axis',(2.368475785867E-16,1.79185979544014E-30,-1.));
#6998=DIRECTION('center_axis',(4.37555761724612E-62,-1.,-1.57772181044202E-30));
#6999=DIRECTION('ref_axis',(5.54667823983524E-32,1.57772181044202E-30,-1.));
#7000=DIRECTION('',(-5.82412078491886E-16,-1.57772181044202E-30,1.));
#7001=DIRECTION('',(-1.,-4.74534258073105E-46,2.64827783558001E-16));
#7002=DIRECTION('',(2.45014736469E-16,-1.79185979544014E-30,1.));
#7003=DIRECTION('center_axis',(5.56331211895731E-62,-1.,-1.79185979544014E-30));
#7004=DIRECTION('ref_axis',(0.707106781186548,0.,-0.707106781186547));
#7005=DIRECTION('center_axis',(1.,2.14137984998112E-31,5.82412078491886E-16));
#7006=DIRECTION('ref_axis',(-2.14137984998113E-31,1.,1.57772181044202E-30));
#7007=DIRECTION('',(-2.14137984998113E-31,1.,1.57772181044202E-30));
#7008=DIRECTION('',(-2.14137984998113E-31,1.,1.57772181044202E-30));
#7009=DIRECTION('',(2.14137984998112E-31,-1.,-5.67096879426265E-47));
#7010=DIRECTION('center_axis',(-1.,-2.14137984998112E-31,-5.82412078491886E-16));
#7011=DIRECTION('ref_axis',(2.14137984998113E-31,-1.,-1.57772181044202E-30));
#7012=DIRECTION('',(2.14137984998113E-31,-1.,-1.57772181044202E-30));
#7013=DIRECTION('center_axis',(4.37555761724612E-62,-1.,-1.57772181044202E-30));
#7014=DIRECTION('ref_axis',(5.54667823983524E-32,1.57772181044202E-30,-1.));
#7015=DIRECTION('center_axis',(-8.41749053404426E-16,-1.57772181044202E-30,
1.));
#7016=DIRECTION('ref_axis',(1.,-1.32804584047509E-45,8.41749053404427E-16));
#7017=DIRECTION('center_axis',(-1.,-2.14137984998113E-31,5.82412078491886E-16));
#7018=DIRECTION('ref_axis',(-2.14137984998113E-31,1.,1.29532382939855E-46));
#7019=DIRECTION('',(-2.14137984998113E-31,1.,5.67096879426268E-47));
#7020=DIRECTION('',(-2.14137984998113E-31,1.,1.29532382939855E-46));
#7021=DIRECTION('center_axis',(1.,2.14137984998113E-31,-5.82412078491886E-16));
#7022=DIRECTION('ref_axis',(2.14137984998113E-31,-1.,-1.29532382939855E-46));
#7023=DIRECTION('',(2.14137984998113E-31,-1.,-1.29532382939855E-46));
#7024=DIRECTION('',(2.14137984998113E-31,-1.,-1.29532382939855E-46));
#7025=DIRECTION('center_axis',(0.,1.,0.));
#7026=DIRECTION('ref_axis',(0.,0.,1.));
#7027=DIRECTION('center_axis',(8.41749053404426E-16,5.07180632302382E-47,
1.));
#7028=DIRECTION('ref_axis',(1.,0.,-8.41749053404426E-16));
#7029=DIRECTION('center_axis',(-1.,0.,2.85706163083429E-16));
#7030=DIRECTION('ref_axis',(-2.85706163083429E-16,0.,-1.));
#7031=DIRECTION('',(0.,-1.,0.));
#7032=DIRECTION('',(-2.85706163083429E-16,0.,-1.));
#7033=DIRECTION('',(9.34198976216545E-47,1.,7.88860905221012E-31));
#7034=DIRECTION('center_axis',(-1.,0.,2.85706163083429E-16));
#7035=DIRECTION('ref_axis',(-2.85706163083429E-16,0.,-1.));
#7036=DIRECTION('',(0.,1.,0.));
#7037=DIRECTION('',(-9.34198976216545E-47,-1.,-7.88860905221012E-31));
#7038=DIRECTION('',(-2.85706163083429E-16,0.,-1.));
#7039=DIRECTION('center_axis',(9.34198976216545E-47,1.,7.88860905221012E-31));
#7040=DIRECTION('ref_axis',(0.707106781186547,0.,-0.707106781186547));
#7041=DIRECTION('center_axis',(0.,1.,0.));
#7042=DIRECTION('ref_axis',(0.707106781186547,0.,-0.707106781186547));
#7043=DIRECTION('center_axis',(0.,0.,1.));
#7044=DIRECTION('ref_axis',(0.,1.,0.));
#7045=DIRECTION('',(0.,1.,0.));
#7046=DIRECTION('',(1.,0.,0.));
#7047=DIRECTION('',(0.,1.,0.));
#7048=DIRECTION('',(-1.,0.,0.));
#7049=DIRECTION('',(0.,1.,0.));
#7050=DIRECTION('',(-1.,0.,0.));
#7051=DIRECTION('center_axis',(0.,0.,-1.));
#7052=DIRECTION('ref_axis',(0.,-1.,0.));
#7053=DIRECTION('',(1.,0.,0.));
#7054=DIRECTION('',(0.,1.,0.));
#7055=DIRECTION('',(1.,0.,0.));
#7056=DIRECTION('',(0.,-1.,0.));
#7057=DIRECTION('',(-1.,0.,0.));
#7058=DIRECTION('',(0.,1.,0.));
#7059=DIRECTION('center_axis',(0.,1.,0.));
#7060=DIRECTION('ref_axis',(0.,0.,1.));
#7061=DIRECTION('center_axis',(0.,-1.,0.));
#7062=DIRECTION('ref_axis',(0.707106781186548,0.,-0.707106781186547));
#7063=DIRECTION('',(2.45014736469E-16,0.,1.));
#7064=DIRECTION('',(-1.,0.,2.64827783558001E-16));
#7065=DIRECTION('',(2.64827783558001E-16,0.,1.));
#7066=DIRECTION('',(1.,0.,-2.64827783558001E-16));
#7067=DIRECTION('',(2.45014736469E-16,0.,1.));
#7068=DIRECTION('',(1.,0.,2.77333911991762E-32));
#7069=DIRECTION('center_axis',(0.,1.,0.));
#7070=DIRECTION('ref_axis',(0.707106781186548,0.,0.707106781186547));
#7071=DIRECTION('',(-2.64827783558001E-16,0.,-1.));
#7072=DIRECTION('center_axis',(-1.,0.,2.45014736469E-16));
#7073=DIRECTION('ref_axis',(-2.45014736469E-16,0.,-1.));
#7074=DIRECTION('',(0.,-1.,0.));
#7075=DIRECTION('',(2.64827783558001E-16,0.,1.));
#7076=DIRECTION('',(-2.64827783558001E-16,-8.0381361357586E-16,-1.));
#7077=DIRECTION('',(0.,-1.,0.));
#7078=DIRECTION('center_axis',(0.,1.,0.));
#7079=DIRECTION('ref_axis',(0.707106781186548,0.,-0.707106781186547));
#7080=DIRECTION('',(0.,1.,0.));
#7081=DIRECTION('center_axis',(-1.,0.,2.45014736469E-16));
#7082=DIRECTION('ref_axis',(-2.45014736469E-16,0.,-1.));
#7083=DIRECTION('',(0.,1.,0.));
#7084=DIRECTION('',(-2.64827783558001E-16,-8.0381361357586E-16,-1.));
#7085=DIRECTION('',(2.64827783558001E-16,0.,1.));
#7086=DIRECTION('',(0.,1.,0.));
#7087=DIRECTION('center_axis',(-2.64827783558001E-16,0.,-1.));
#7088=DIRECTION('ref_axis',(-1.,-2.48248902359508E-31,2.64827783558001E-16));
#7089=DIRECTION('',(0.,1.,0.));
#7090=DIRECTION('',(1.,-2.12872177677043E-31,-2.64827783558001E-16));
#7091=DIRECTION('center_axis',(-1.,0.,2.64827783558001E-16));
#7092=DIRECTION('ref_axis',(2.64827783558001E-16,2.17688979483875E-31,1.));
#7093=DIRECTION('',(0.,1.,0.));
#7094=DIRECTION('',(-2.64827783558001E-16,-8.0381361357586E-16,-1.));
#7095=DIRECTION('center_axis',(2.64827783558001E-16,0.,1.));
#7096=DIRECTION('ref_axis',(1.,2.48248902359508E-31,-2.64827783558001E-16));
#7097=DIRECTION('',(-1.,2.12872177677043E-31,2.64827783558001E-16));
#7098=DIRECTION('center_axis',(-2.77333911991762E-32,-7.88860905221012E-31,
1.));
#7099=DIRECTION('ref_axis',(1.,0.,2.77333911991762E-32));
#7100=DIRECTION('',(-9.34198976216545E-47,-1.,-7.88860905221012E-31));
#7101=DIRECTION('center_axis',(9.34198976216545E-47,1.,7.88860905221012E-31));
#7102=DIRECTION('ref_axis',(0.707106781186548,0.,0.707106781186547));
#7103=DIRECTION('center_axis',(1.,0.,-2.64827783558001E-16));
#7104=DIRECTION('ref_axis',(-2.64827783558001E-16,-2.17688979483875E-31,
-1.));
#7105=DIRECTION('',(2.64827783558001E-16,8.0381361357586E-16,1.));
#7106=DIRECTION('center_axis',(2.64827783558001E-16,0.,1.));
#7107=DIRECTION('ref_axis',(1.,2.48248902359508E-31,-2.64827783558001E-16));
#7108=DIRECTION('',(0.,1.,0.));
#7109=DIRECTION('',(1.,0.,-2.64827783558001E-16));
#7110=DIRECTION('center_axis',(0.,1.,0.));
#7111=DIRECTION('ref_axis',(-2.64827783558001E-16,0.,-1.));
#7112=DIRECTION('',(-1.,0.,2.64827783558001E-16));
#7113=DIRECTION('',(-2.64827783558001E-16,0.,-1.));
#7114=DIRECTION('',(2.64827783558001E-16,0.,1.));
#7115=DIRECTION('center_axis',(0.,-1.,8.0381361357586E-16));
#7116=DIRECTION('ref_axis',(2.64827783558001E-16,8.0381361357586E-16,1.));
#7117=DIRECTION('center_axis',(-2.64827783558001E-16,0.,-1.));
#7118=DIRECTION('ref_axis',(-1.,-2.48248902359508E-31,2.64827783558001E-16));
#7119=DIRECTION('',(0.,1.,0.));
#7120=DIRECTION('center_axis',(1.,0.,-2.64827783558001E-16));
#7121=DIRECTION('ref_axis',(-2.64827783558001E-16,-2.17688979483875E-31,
-1.));
#7122=DIRECTION('center_axis',(-1.,0.,2.64827783558001E-16));
#7123=DIRECTION('ref_axis',(2.64827783558001E-16,2.17688979483875E-31,1.));
#7124=DIRECTION('center_axis',(-1.83855350325821E-29,1.,-1.89089360845351E-30));
#7125=DIRECTION('ref_axis',(1.,1.83855350325821E-29,1.04398327231245E-16));
#7126=DIRECTION('center_axis',(-1.83855350325821E-29,1.,-1.89089360845351E-30));
#7127=DIRECTION('ref_axis',(1.,1.83855350325821E-29,1.04398327231245E-16));
#7128=DIRECTION('center_axis',(-1.83855350325821E-29,1.,-1.89089360845351E-30));
#7129=DIRECTION('ref_axis',(1.,1.83855350325821E-29,1.04398327231245E-16));
#7130=DIRECTION('center_axis',(-1.83855350325821E-29,1.,-1.89089360845351E-30));
#7131=DIRECTION('ref_axis',(1.,1.83855350325821E-29,1.04398327231245E-16));
#7132=CARTESIAN_POINT('',(0.,0.,0.));
#7133=CARTESIAN_POINT('Origin',(103.268857156588,671.02962148452,-186.188092210836));
#7134=CARTESIAN_POINT('',(103.268857156588,471.02962148452,-1.77635683940025E-14));
#7135=CARTESIAN_POINT('',(103.268857156588,471.02962148452,-2.97464229844869));
#7136=CARTESIAN_POINT('',(103.268857156588,471.02962148452,-93.094046105418));
#7137=CARTESIAN_POINT('',(103.268857156588,571.02962148452,-18.75));
#7138=CARTESIAN_POINT('',(103.268857156588,584.495712854558,-21.2748921318821));
#7139=CARTESIAN_POINT('',(103.268857156588,599.147487438236,-35.1051026109271));
#7140=CARTESIAN_POINT('Ctrl Pts',(103.268857156588,599.147487438236,-35.1051026109271));
#7141=CARTESIAN_POINT('Ctrl Pts',(103.268857156588,595.899283869287,-33.1685438653635));
#7142=CARTESIAN_POINT('Ctrl Pts',(103.268857156588,592.122245299955,-30.9640969947896));
#7143=CARTESIAN_POINT('Ctrl Pts',(103.268857156588,583.610478319981,-26.017173939833));
#7144=CARTESIAN_POINT('Ctrl Pts',(103.268857156588,579.148748123622,-23.4448561875822));
#7145=CARTESIAN_POINT('Ctrl Pts',(103.268857156588,571.02962148452,-18.75));
#7146=CARTESIAN_POINT('',(103.268857156587,622.157979972555,-51.4229094174818));
#7147=CARTESIAN_POINT('Ctrl Pts',(103.268857156588,622.157979972555,-51.422909417482));
#7148=CARTESIAN_POINT('Ctrl Pts',(103.268857156588,619.888930037639,-49.5204668303966));
#7149=CARTESIAN_POINT('Ctrl Pts',(103.268857156588,617.329542898341,-47.4514590564112));
#7150=CARTESIAN_POINT('Ctrl Pts',(103.268857156588,609.426123708801,-41.5580995473902));
#7151=CARTESIAN_POINT('Ctrl Pts',(103.268857156588,604.347648495517,-38.2054062587907));
#7152=CARTESIAN_POINT('Ctrl Pts',(103.268857156588,599.147487438236,-35.1051026109271));
#7153=CARTESIAN_POINT('',(103.268857156588,626.735003577991,-60.1618941527503));
#7154=CARTESIAN_POINT('Ctrl Pts',(103.268857156588,626.73500357799,-60.1618941527442));
#7155=CARTESIAN_POINT('Ctrl Pts',(103.268857156588,626.594618077783,-59.3050413410606));
#7156=CARTESIAN_POINT('Ctrl Pts',(103.268857156588,626.402579419272,-58.4586074095793));
#7157=CARTESIAN_POINT('Ctrl Pts',(103.268857156588,625.841842432292,-56.6617443638457));
#7158=CARTESIAN_POINT('Ctrl Pts',(103.268857156588,625.452150437271,-55.7282658444136));
#7159=CARTESIAN_POINT('Ctrl Pts',(103.268857156588,624.231469866183,-53.5403878881879));
#7160=CARTESIAN_POINT('Ctrl Pts',(103.268857156588,623.297656747563,-52.3784501479543));
#7161=CARTESIAN_POINT('Ctrl Pts',(103.268857156588,622.157979972555,-51.4229094174822));
#7162=CARTESIAN_POINT('',(103.268857156588,626.75307138351,-82.9927816284631));
#7163=CARTESIAN_POINT('Ctrl Pts',(103.268857156588,626.75307138351,-82.9927816284631));
#7164=CARTESIAN_POINT('Ctrl Pts',(103.268857156588,626.863327673891,-82.3201919840263));
#7165=CARTESIAN_POINT('Ctrl Pts',(103.268857156613,626.947134980637,-81.6424832812512));
#7166=CARTESIAN_POINT('Ctrl Pts',(103.268857156613,627.076217358097,-80.2911200794598));
#7167=CARTESIAN_POINT('Ctrl Pts',(103.268857156588,627.122215941497,-79.6123857700004));
#7168=CARTESIAN_POINT('Ctrl Pts',(103.268857156588,627.225196608301,-77.5626932705587));
#7169=CARTESIAN_POINT('Ctrl Pts',(103.268857156588,627.249041547322,-76.0425793218527));
#7170=CARTESIAN_POINT('Ctrl Pts',(103.268857156588,627.273171635175,-73.1053592072393));
#7171=CARTESIAN_POINT('Ctrl Pts',(103.268857156583,627.272992634845,-70.8651862557785));
#7172=CARTESIAN_POINT('Ctrl Pts',(103.268857156583,627.255200988853,-67.8497462143106));
#7173=CARTESIAN_POINT('Ctrl Pts',(103.268857156588,627.233635449677,-66.0292947276784));
#7174=CARTESIAN_POINT('Ctrl Pts',(103.268857156588,627.087370409335,-63.032730857939));
#7175=CARTESIAN_POINT('Ctrl Pts',(103.268857156588,626.966630386795,-61.5756447330659));
#7176=CARTESIAN_POINT('Ctrl Pts',(103.268857156588,626.735003577991,-60.1618941527503));
#7177=CARTESIAN_POINT('',(103.268857155483,622.816460839463,-91.1503642081763));
#7178=CARTESIAN_POINT('Ctrl Pts',(103.268857156588,622.816460839363,-91.1503642067648));
#7179=CARTESIAN_POINT('Ctrl Pts',(103.268857156588,623.807932634875,-90.1812862395666));
#7180=CARTESIAN_POINT('Ctrl Pts',(103.26885715646,624.6133643486,-89.0502185922863));
#7181=CARTESIAN_POINT('Ctrl Pts',(103.26885715646,626.004255373547,-86.2956892928656));
#7182=CARTESIAN_POINT('Ctrl Pts',(103.268857156588,626.477669120979,-84.6728010558645));
#7183=CARTESIAN_POINT('Ctrl Pts',(103.268857156588,626.75307138351,-82.9927816284631));
#7184=CARTESIAN_POINT('',(103.268857156588,599.147487438236,-111.163427066534));
#7185=CARTESIAN_POINT('Ctrl Pts',(103.268857156588,599.147487438236,-111.163427066534));
#7186=CARTESIAN_POINT('Ctrl Pts',(103.268857156588,604.286395766383,-107.417666833249));
#7187=CARTESIAN_POINT('Ctrl Pts',(103.268857156588,609.294822654169,-103.449686600705));
#7188=CARTESIAN_POINT('Ctrl Pts',(103.268857156588,617.508707117788,-96.2547974369836));
#7189=CARTESIAN_POINT('Ctrl Pts',(103.268857156588,620.334322968238,-93.5764393945112));
#7190=CARTESIAN_POINT('Ctrl Pts',(103.268857156588,622.816460838709,-91.1503642074044));
#7191=CARTESIAN_POINT('',(103.268857156588,571.02962148452,-131.25));
#7192=CARTESIAN_POINT('Ctrl Pts',(103.268857156588,571.02962148452,-131.25));
#7193=CARTESIAN_POINT('Ctrl Pts',(103.268857156588,578.767700615966,-125.748562214789));
#7194=CARTESIAN_POINT('Ctrl Pts',(103.268857156588,583.239795666327,-122.576113617657));
#7195=CARTESIAN_POINT('Ctrl Pts',(103.268857156588,591.720903018567,-116.524214381878));
#7196=CARTESIAN_POINT('Ctrl Pts',(103.268857156588,595.745047445244,-113.64347216718));
#7197=CARTESIAN_POINT('Ctrl Pts',(103.268857156588,599.147487438236,-111.163427066534));
#7198=CARTESIAN_POINT('',(103.268857156588,471.02962148452,-150.));
#7199=CARTESIAN_POINT('',(103.268857156588,564.35598294467,-132.501307226222));
#7200=CARTESIAN_POINT('',(103.268857156588,471.02962148452,-147.525357701551));
#7201=CARTESIAN_POINT('',(103.268857156588,471.02962148452,-93.094046105418));
#7202=CARTESIAN_POINT('',(103.268857156588,467.77962148452,-147.525357701551));
#7203=CARTESIAN_POINT('',(103.268857156588,469.40462148452,-147.525357701551));
#7204=CARTESIAN_POINT('',(103.268857156588,467.77962148452,-142.732251159257));
#7205=CARTESIAN_POINT('',(103.268857156588,467.77962148452,-166.969046105418));
#7206=CARTESIAN_POINT('',(103.268857128407,474.35833313435,-142.732251167572));
#7207=CARTESIAN_POINT('',(103.268857156588,471.02962148452,-142.732251159257));
#7208=CARTESIAN_POINT('',(103.268857156587,478.96105391158,-145.90338181239));
#7209=CARTESIAN_POINT('Ctrl Pts',(103.268857156588,478.961053911581,-145.90338181239));
#7210=CARTESIAN_POINT('Ctrl Pts',(103.268857156588,478.586561842135,-145.968478080238));
#7211=CARTESIAN_POINT('Ctrl Pts',(103.268857156588,478.2047219632,-145.979583275454));
#7212=CARTESIAN_POINT('Ctrl Pts',(103.268857156588,477.449244903338,-145.893093389515));
#7213=CARTESIAN_POINT('Ctrl Pts',(103.268857156588,477.079606643618,-145.79590015221));
#7214=CARTESIAN_POINT('Ctrl Pts',(103.268857156588,476.248860745742,-145.444688359843));
#7215=CARTESIAN_POINT('Ctrl Pts',(103.268857156586,475.813004072146,-145.149299726312));
#7216=CARTESIAN_POINT('Ctrl Pts',(103.268857156586,475.076238277987,-144.405419676584));
#7217=CARTESIAN_POINT('Ctrl Pts',(103.268857156575,474.783508542538,-143.963181369209));
#7218=CARTESIAN_POINT('Ctrl Pts',(103.268857156575,474.484554637196,-143.236224232536));
#7219=CARTESIAN_POINT('Ctrl Pts',(103.268857156588,474.40921877595,-142.986679982505));
#7220=CARTESIAN_POINT('Ctrl Pts',(103.268857156588,474.35833313562,-142.732251167318));
#7221=CARTESIAN_POINT('',(103.268857156588,519.683962563779,-138.681400679384));
#7222=CARTESIAN_POINT('Ctrl Pts',(103.268857156588,519.683962563779,-138.681400679384));
#7223=CARTESIAN_POINT('Ctrl Pts',(103.268857156587,500.382815305783,-142.179733619895));
#7224=CARTESIAN_POINT('Ctrl Pts',(103.268857156587,478.96105391158,-145.90338181239));
#7225=CARTESIAN_POINT('',(103.268857156588,571.02962148452,-129.375));
#7226=CARTESIAN_POINT('',(103.268857156588,564.454364348665,-130.566765355874));
#7227=CARTESIAN_POINT('',(103.268857156588,577.249850731677,-123.844285189923));
#7228=CARTESIAN_POINT('Ctrl Pts',(103.268857156588,577.249850731677,-123.844285189923));
#7229=CARTESIAN_POINT('Ctrl Pts',(103.268857156588,575.192125328092,-125.692025232491));
#7230=CARTESIAN_POINT('Ctrl Pts',(103.268857156588,573.102795006179,-127.547682040778));
#7231=CARTESIAN_POINT('Ctrl Pts',(103.268857156588,571.02962148452,-129.375));
#7232=CARTESIAN_POINT('',(103.268857156495,580.713141872051,-120.586989692951));
#7233=CARTESIAN_POINT('Ctrl Pts',(103.268857156588,580.713141872038,-120.586989692937));
#7234=CARTESIAN_POINT('Ctrl Pts',(103.268857156588,579.579863278937,-121.705466215759));
#7235=CARTESIAN_POINT('Ctrl Pts',(103.268857156588,578.421435570454,-122.792257443121));
#7236=CARTESIAN_POINT('Ctrl Pts',(103.268857156588,577.249850731677,-123.844285189923));
#7237=CARTESIAN_POINT('',(103.26885715962,581.026756141189,-121.689583873533));
#7238=CARTESIAN_POINT('Origin',(103.268857156588,577.249850731677,-123.844285189923));
#7239=CARTESIAN_POINT('',(103.268857153266,597.780786642749,-109.683315624411));
#7240=CARTESIAN_POINT('Ctrl Pts',(103.268857156588,597.780786623979,-109.683315637817));
#7241=CARTESIAN_POINT('Ctrl Pts',(103.268857156588,594.750294912427,-111.891827161542));
#7242=CARTESIAN_POINT('Ctrl Pts',(103.268857156588,591.273702713608,-114.383994224725));
#7243=CARTESIAN_POINT('Ctrl Pts',(103.268857156588,585.714493899362,-118.354651014468));
#7244=CARTESIAN_POINT('Ctrl Pts',(103.268857156588,583.64654419641,-119.82625985487));
#7245=CARTESIAN_POINT('Ctrl Pts',(103.268857156588,581.026756141193,-121.689583873539));
#7246=CARTESIAN_POINT('',(103.268857156323,621.513784465772,-89.2704838433733));
#7247=CARTESIAN_POINT('Ctrl Pts',(103.268857156588,621.513784465566,-89.2704838431695));
#7248=CARTESIAN_POINT('Ctrl Pts',(103.268857156588,617.903900624939,-92.9203240704962));
#7249=CARTESIAN_POINT('Ctrl Pts',(103.268857156588,614.847743283175,-95.8162195217268));
#7250=CARTESIAN_POINT('Ctrl Pts',(103.268857156588,606.908843232975,-102.748770198627));
#7251=CARTESIAN_POINT('Ctrl Pts',(103.268857156588,602.399513517937,-106.317356399695));
#7252=CARTESIAN_POINT('Ctrl Pts',(103.268857156588,597.780786642619,-109.683315624233));
#7253=CARTESIAN_POINT('',(103.268857156588,624.641248083816,-82.9927816284629));
#7254=CARTESIAN_POINT('Ctrl Pts',(103.268857156588,624.641248083816,-82.9927816284631));
#7255=CARTESIAN_POINT('Ctrl Pts',(103.268857156588,624.435768863764,-84.0155375432562));
#7256=CARTESIAN_POINT('Ctrl Pts',(103.268857156588,624.138231079959,-85.0164146931455));
#7257=CARTESIAN_POINT('Ctrl Pts',(103.268857156588,623.10868503327,-87.3617192556493));
#7258=CARTESIAN_POINT('Ctrl Pts',(103.268857156588,622.334072763666,-88.4411160960087));
#7259=CARTESIAN_POINT('Ctrl Pts',(103.268857156588,621.513784465738,-89.2704838429961));
#7260=CARTESIAN_POINT('',(103.268857156587,624.619095715301,-60.161894152751));
#7261=CARTESIAN_POINT('Ctrl Pts',(103.268857156588,624.619095715301,-60.1618941527504));
#7262=CARTESIAN_POINT('Ctrl Pts',(103.268857156588,624.812209818225,-61.1228663257634));
#7263=CARTESIAN_POINT('Ctrl Pts',(103.268857156583,624.940810534776,-62.102812393192));
#7264=CARTESIAN_POINT('Ctrl Pts',(103.268857156583,625.122862204548,-64.0976124235542));
#7265=CARTESIAN_POINT('Ctrl Pts',(103.268857156588,625.175133043166,-65.1458662384262));
#7266=CARTESIAN_POINT('Ctrl Pts',(103.268857156588,625.252455931047,-67.6065721778884));
#7267=CARTESIAN_POINT('Ctrl Pts',(103.268857156574,625.263417711072,-69.3609641666378));
#7268=CARTESIAN_POINT('Ctrl Pts',(103.268857156574,625.270116431249,-71.8901381414553));
#7269=CARTESIAN_POINT('Ctrl Pts',(103.268857156587,625.268605145062,-73.7170726497066));
#7270=CARTESIAN_POINT('Ctrl Pts',(103.268857156587,625.236898793341,-76.333733490578));
#7271=CARTESIAN_POINT('Ctrl Pts',(103.268857156587,625.206992475249,-77.6796519401646));
#7272=CARTESIAN_POINT('Ctrl Pts',(103.268857156587,625.050322337273,-80.2757830989713));
#7273=CARTESIAN_POINT('Ctrl Pts',(103.268857156588,624.909413963355,-81.6580080227619));
#7274=CARTESIAN_POINT('Ctrl Pts',(103.268857156588,624.641248083816,-82.9927816284631));
#7275=CARTESIAN_POINT('',(103.268857156093,620.990837826729,-53.412983100559));
#7276=CARTESIAN_POINT('Ctrl Pts',(103.268857156588,620.990837826694,-53.41298310128));
#7277=CARTESIAN_POINT('Ctrl Pts',(103.268857156588,621.796509020272,-54.1168769962341));
#7278=CARTESIAN_POINT('Ctrl Pts',(103.26885715641,622.473096706122,-54.9487308624774));
#7279=CARTESIAN_POINT('Ctrl Pts',(103.26885715641,623.894407192666,-57.3281558654002));
#7280=CARTESIAN_POINT('Ctrl Pts',(103.268857156588,624.356826531211,-58.8567932619641));
#7281=CARTESIAN_POINT('Ctrl Pts',(103.268857156588,624.6190957153,-60.1618941527441));
#7282=CARTESIAN_POINT('',(103.268857153429,597.922920880018,-36.7049740631339));
#7283=CARTESIAN_POINT('Ctrl Pts',(103.268857156588,597.922920879904,-36.7049740633252));
#7284=CARTESIAN_POINT('Ctrl Pts',(103.268857156588,602.242902573448,-39.2798847980724));
#7285=CARTESIAN_POINT('Ctrl Pts',(103.268857156588,606.474480103287,-42.0510417848406));
#7286=CARTESIAN_POINT('Ctrl Pts',(103.268857156588,614.204621669393,-47.7022802333217));
#7287=CARTESIAN_POINT('Ctrl Pts',(103.268857156588,617.390934732639,-50.2678417203802));
#7288=CARTESIAN_POINT('Ctrl Pts',(103.268857156588,620.990837826357,-53.4129831009851));
#7289=CARTESIAN_POINT('',(103.26885715692,580.949765847154,-26.7954946626222));
#7290=CARTESIAN_POINT('Ctrl Pts',(103.268857156588,580.949765847154,-26.7954946626216));
#7291=CARTESIAN_POINT('Ctrl Pts',(103.268857156588,583.453249458147,-28.2437614271797));
#7292=CARTESIAN_POINT('Ctrl Pts',(103.268857156588,585.488813256538,-29.4220984025946));
#7293=CARTESIAN_POINT('Ctrl Pts',(103.268857156588,591.042760933592,-32.6500735429944));
#7294=CARTESIAN_POINT('Ctrl Pts',(103.268857156588,594.747012035106,-34.8119841492455));
#7295=CARTESIAN_POINT('Ctrl Pts',(103.268857156588,597.922920862181,-36.7049740527615));
#7296=CARTESIAN_POINT('',(103.268857143864,580.760519808087,-28.1609522108779));
#7297=CARTESIAN_POINT('Origin',(103.268857156588,577.253059350245,-25.3281907890739));
#7298=CARTESIAN_POINT('',(103.268857156588,577.253059350245,-25.3281907890739));
#7299=CARTESIAN_POINT('Ctrl Pts',(103.268857156588,577.253059350245,-25.3281907890739));
#7300=CARTESIAN_POINT('Ctrl Pts',(103.268857156588,578.437739952643,-26.2338998882949));
#7301=CARTESIAN_POINT('Ctrl Pts',(103.268857156588,579.611362771213,-27.1787427241992));
#7302=CARTESIAN_POINT('Ctrl Pts',(103.268857156588,580.760519806274,-28.1609522129991));
#7303=CARTESIAN_POINT('',(103.268857156588,571.02962148452,-20.625));
#7304=CARTESIAN_POINT('Ctrl Pts',(103.268857156588,571.02962148452,-20.6249999999999));
#7305=CARTESIAN_POINT('Ctrl Pts',(103.268857156588,573.103542360912,-22.1762751384367));
#7306=CARTESIAN_POINT('Ctrl Pts',(103.268857156588,575.194039395143,-23.7540339192494));
#7307=CARTESIAN_POINT('Ctrl Pts',(103.268857156588,577.253059350245,-25.3281907890738));
#7308=CARTESIAN_POINT('',(103.268857156588,519.683962563779,-11.3185993206157));
#7309=CARTESIAN_POINT('',(103.268857156588,583.966211399014,-22.969756922002));
#7310=CARTESIAN_POINT('',(103.268857156586,478.961053911581,-4.09661818760987));
#7311=CARTESIAN_POINT('Ctrl Pts',(103.268857156586,478.961053911581,-4.09661818760987));
#7312=CARTESIAN_POINT('Ctrl Pts',(103.268857156587,500.382815305786,-7.8202663801052));
#7313=CARTESIAN_POINT('Ctrl Pts',(103.268857156588,519.683962563779,-11.3185993206157));
#7314=CARTESIAN_POINT('',(103.26885717409,474.290372945275,-7.76774884590806));
#7315=CARTESIAN_POINT('Ctrl Pts',(103.268857156588,474.290372944972,-7.76774884588592));
#7316=CARTESIAN_POINT('Ctrl Pts',(103.268857156588,474.31145324246,-7.4787760257879));
#7317=CARTESIAN_POINT('Ctrl Pts',(103.268857156588,474.363459733595,-7.19259357924795));
#7318=CARTESIAN_POINT('Ctrl Pts',(103.268857156588,474.555927783131,-6.54145171574877));
#7319=CARTESIAN_POINT('Ctrl Pts',(103.268857156588,474.719277426093,-6.18649414598458));
#7320=CARTESIAN_POINT('Ctrl Pts',(103.268857156588,475.214696362992,-5.42353181056165));
#7321=CARTESIAN_POINT('Ctrl Pts',(103.268857156588,475.580570577979,-5.04584921268564));
#7322=CARTESIAN_POINT('Ctrl Pts',(103.268857156588,476.434891659163,-4.45328824003778));
#7323=CARTESIAN_POINT('Ctrl Pts',(103.268857156588,476.914546970454,-4.24348428175845));
#7324=CARTESIAN_POINT('Ctrl Pts',(103.268857156588,477.927244191674,-4.01971576492993));
#7325=CARTESIAN_POINT('Ctrl Pts',(103.268857156588,478.450310921764,-4.00783803662896));
#7326=CARTESIAN_POINT('Ctrl Pts',(103.268857156588,478.96105391158,-4.09661818761015));
#7327=CARTESIAN_POINT('',(103.268857156588,467.77962148452,-7.76774884074328));
#7328=CARTESIAN_POINT('',(103.268857156588,471.02962148452,-7.76774884074328));
#7329=CARTESIAN_POINT('',(103.268857156588,467.77962148452,-2.97464229844869));
#7330=CARTESIAN_POINT('',(103.268857156588,467.77962148452,-94.469046105418));
#7331=CARTESIAN_POINT('',(103.268857156588,469.40462148452,-2.97464229844869));
#7332=CARTESIAN_POINT('',(103.268857156588,472.971388262668,-144.752275555634));
#7333=CARTESIAN_POINT('',(103.268857156588,475.284478393218,-147.167361755107));
#7334=CARTESIAN_POINT('Ctrl Pts',(103.268742266677,472.972971084297,-144.751009291926));
#7335=CARTESIAN_POINT('Ctrl Pts',(103.268693039128,473.055763615624,-144.907480292472));
#7336=CARTESIAN_POINT('Ctrl Pts',(103.268636242,473.145499147379,-145.060229201395));
#7337=CARTESIAN_POINT('Ctrl Pts',(103.268584086168,473.241810430219,-145.208904124596));
#7338=CARTESIAN_POINT('Ctrl Pts',(103.268531930337,473.338121713059,-145.357579047797));
#7339=CARTESIAN_POINT('Ctrl Pts',(103.268484495343,473.441009349389,-145.502180636053));
#7340=CARTESIAN_POINT('Ctrl Pts',(103.268448450625,473.550151022101,-145.642318980477));
#7341=CARTESIAN_POINT('Ctrl Pts',(103.26841362316,473.655606913286,-145.777724766674));
#7342=CARTESIAN_POINT('Ctrl Pts',(103.268387022768,473.766554864603,-145.908518513715));
#7343=CARTESIAN_POINT('Ctrl Pts',(103.268375580844,473.882633585449,-146.034401562834));
#7344=CARTESIAN_POINT('Ctrl Pts',(103.268364124404,473.998859556759,-146.160444299596));
#7345=CARTESIAN_POINT('Ctrl Pts',(103.268367928773,474.120229845399,-146.28156441653));
#7346=CARTESIAN_POINT('Ctrl Pts',(103.268387483428,474.246422293469,-146.397429791063));
#7347=CARTESIAN_POINT('Ctrl Pts',(103.268406810033,474.371143058076,-146.511943918686));
#7348=CARTESIAN_POINT('Ctrl Pts',(103.268441569165,474.50057472614,-146.621325604332));
#7349=CARTESIAN_POINT('Ctrl Pts',(103.268485114901,474.634437636822,-146.725215364115));
#7350=CARTESIAN_POINT('Ctrl Pts',(103.268510836912,474.713509054951,-146.7865819562));
#7351=CARTESIAN_POINT('Ctrl Pts',(103.268539486387,474.794127149472,-146.846031568989));
#7352=CARTESIAN_POINT('Ctrl Pts',(103.26856840032,474.876238331285,-146.903482646468));
#7353=CARTESIAN_POINT('Ctrl Pts',(103.268615280304,475.009370375404,-146.996631706226));
#7354=CARTESIAN_POINT('Ctrl Pts',(103.268668573417,475.145948948185,-147.0841940377));
#7355=CARTESIAN_POINT('Ctrl Pts',(103.268711899021,475.28568598904,-147.165910649351));
#7356=CARTESIAN_POINT('',(103.268857156588,469.77962148452,-144.752275555634));
#7357=CARTESIAN_POINT('',(103.268857156588,471.02962148452,-144.752275555634));
#7358=CARTESIAN_POINT('',(103.268857156588,469.77962148452,-145.509030288335));
#7359=CARTESIAN_POINT('',(103.268857156588,469.77962148452,-166.969046105418));
#7360=CARTESIAN_POINT('',(103.268857156588,471.02962148452,-145.509030288335));
#7361=CARTESIAN_POINT('',(103.268857156588,469.40462148452,-145.509030288335));
#7362=CARTESIAN_POINT('',(103.268857156588,473.02962148452,-147.525357701551));
#7363=CARTESIAN_POINT('Ctrl Pts',(103.268857156588,473.02962148452,-147.525357701551));
#7364=CARTESIAN_POINT('Ctrl Pts',(103.268857156588,473.02962148452,-147.275987963669));
#7365=CARTESIAN_POINT('Ctrl Pts',(103.268857156588,472.971547599614,-146.982433527186));
#7366=CARTESIAN_POINT('Ctrl Pts',(103.268857156588,472.781796034121,-146.522145196344));
#7367=CARTESIAN_POINT('Ctrl Pts',(103.268857156588,472.616834457392,-146.273733105973));
#7368=CARTESIAN_POINT('Ctrl Pts',(103.268857156588,472.267185420898,-145.922271656888));
#7369=CARTESIAN_POINT('Ctrl Pts',(103.268857156588,472.020971269243,-145.756681479734));
#7370=CARTESIAN_POINT('Ctrl Pts',(103.268857156588,471.565441923073,-145.567026406831));
#7371=CARTESIAN_POINT('Ctrl Pts',(103.268857156588,471.275789468714,-145.509030288335));
#7372=CARTESIAN_POINT('Ctrl Pts',(103.268857156588,471.02962148452,-145.509030288335));
#7373=CARTESIAN_POINT('',(103.268857156588,473.02962148452,-147.590147425488));
#7374=CARTESIAN_POINT('',(103.268857156588,473.02962148452,-93.094046105418));
#7375=CARTESIAN_POINT('',(103.268857156588,563.98740587457,-130.535562852353));
#7376=CARTESIAN_POINT('',(103.268857156585,475.284478393217,-2.8326382448932));
#7377=CARTESIAN_POINT('',(103.268857199584,472.737912648883,-5.74772445609583));
#7378=CARTESIAN_POINT('Ctrl Pts',(103.268857156588,475.284478393217,-2.83263824489351));
#7379=CARTESIAN_POINT('Ctrl Pts',(103.268857156588,474.747441402432,-3.14357415713606));
#7380=CARTESIAN_POINT('Ctrl Pts',(103.268857156587,474.261125911505,-3.53657926665965));
#7381=CARTESIAN_POINT('Ctrl Pts',(103.268857156587,473.376220746048,-4.51366575061488));
#7382=CARTESIAN_POINT('Ctrl Pts',(103.268857156588,473.002687430404,-5.10583720635422));
#7383=CARTESIAN_POINT('Ctrl Pts',(103.268857156588,472.737912645528,-5.74772445471179));
#7384=CARTESIAN_POINT('',(103.268857156588,473.02962148452,-2.40985257451248));
#7385=CARTESIAN_POINT('',(103.268857156588,584.127135784457,-23.2406365057507));
#7386=CARTESIAN_POINT('',(103.268857156588,473.02962148452,-2.97464229844869));
#7387=CARTESIAN_POINT('',(103.268857156588,473.02962148452,-93.094046105418));
#7388=CARTESIAN_POINT('',(103.268857156588,471.02962148452,-4.99096971166458));
#7389=CARTESIAN_POINT('Ctrl Pts',(103.268857156588,471.02962148452,-4.99096971166458));
#7390=CARTESIAN_POINT('Ctrl Pts',(103.268857156588,471.275789468714,-4.99096971166458));
#7391=CARTESIAN_POINT('Ctrl Pts',(103.268857156588,471.565441923073,-4.9329735931687));
#7392=CARTESIAN_POINT('Ctrl Pts',(103.268857156588,472.020971269243,-4.74331852026585));
#7393=CARTESIAN_POINT('Ctrl Pts',(103.268857156588,472.267185420898,-4.57772834311198));
#7394=CARTESIAN_POINT('Ctrl Pts',(103.268857156588,472.616834457392,-4.22626689402726));
#7395=CARTESIAN_POINT('Ctrl Pts',(103.268857156588,472.781796034121,-3.97785480365623));
#7396=CARTESIAN_POINT('Ctrl Pts',(103.268857156588,472.971547599614,-3.51756647281416));
#7397=CARTESIAN_POINT('Ctrl Pts',(103.268857156588,473.02962148452,-3.22401203633104));
#7398=CARTESIAN_POINT('Ctrl Pts',(103.268857156588,473.02962148452,-2.97464229844869));
#7399=CARTESIAN_POINT('',(103.268857156588,469.77962148452,-4.99096971166459));
#7400=CARTESIAN_POINT('',(103.268857156588,469.40462148452,-4.99096971166459));
#7401=CARTESIAN_POINT('',(103.268857156588,469.77962148452,-5.74772444436632));
#7402=CARTESIAN_POINT('',(103.268857156588,469.77962148452,-94.469046105418));
#7403=CARTESIAN_POINT('',(103.268857156588,471.02962148452,-5.74772444436632));
#7404=CARTESIAN_POINT('Origin',(99.6197815756433,469.40462148452,-118.));
#7405=CARTESIAN_POINT('',(127.369781575643,469.77962148452,-118.));
#7406=CARTESIAN_POINT('Origin',(99.6197815756433,469.77962148452,-118.));
#7407=CARTESIAN_POINT('',(127.369781575643,471.02962148452,-118.));
#7408=CARTESIAN_POINT('',(127.369781575643,467.77962148452,-118.));
#7409=CARTESIAN_POINT('Origin',(99.6197815756433,471.02962148452,-118.));
#7410=CARTESIAN_POINT('Origin',(32.5438571565876,469.77962148452,-147.75));
#7411=CARTESIAN_POINT('',(126.619781575643,469.77962148452,-118.));
#7412=CARTESIAN_POINT('Origin',(99.6197815756433,469.77962148452,-118.));
#7413=CARTESIAN_POINT('',(126.619781575643,469.77962148452,-89.5));
#7414=CARTESIAN_POINT('',(126.619781575643,469.77962148452,-132.875));
#7415=CARTESIAN_POINT('',(127.369781575643,469.77962148452,-89.5));
#7416=CARTESIAN_POINT('',(79.8318193661155,469.77962148452,-89.5));
#7417=CARTESIAN_POINT('',(127.369781575643,469.77962148452,-132.875));
#7418=CARTESIAN_POINT('Origin',(99.6197815756433,471.02962148452,-118.));
#7419=CARTESIAN_POINT('',(120.172695172414,472.623717917309,-135.509361572704));
#7420=CARTESIAN_POINT('Ctrl Pts',(103.268742266677,472.972971084297,-144.751009291926));
#7421=CARTESIAN_POINT('Ctrl Pts',(103.80038657507,472.965220607509,-144.678499374205));
#7422=CARTESIAN_POINT('Ctrl Pts',(104.329541613541,472.95717679961,-144.590110701102));
#7423=CARTESIAN_POINT('Ctrl Pts',(104.855522841554,472.948873200387,-144.486087200784));
#7424=CARTESIAN_POINT('Ctrl Pts',(105.382505284699,472.940553795106,-144.381865689783));
#7425=CARTESIAN_POINT('Ctrl Pts',(105.906302370877,472.931973621599,-144.261949655406));
#7426=CARTESIAN_POINT('Ctrl Pts',(106.426217100232,472.923166922081,-144.126533049443));
#7427=CARTESIAN_POINT('Ctrl Pts',(106.943998039925,472.914396366267,-143.991672208758));
#7428=CARTESIAN_POINT('Ctrl Pts',(107.457928951391,472.905401153047,-143.841437606171));
#7429=CARTESIAN_POINT('Ctrl Pts',(107.967304893392,472.896215414609,-143.675972074899));
#7430=CARTESIAN_POINT('Ctrl Pts',(108.470217949549,472.887146223447,-143.512605945566));
#7431=CARTESIAN_POINT('Ctrl Pts',(108.968691351872,472.877891323438,-143.334392717529));
#7432=CARTESIAN_POINT('Ctrl Pts',(109.462023253973,472.868483678158,-143.141425132422));
#7433=CARTESIAN_POINT('Ctrl Pts',(109.764365706521,472.862718126539,-143.023163384712));
#7434=CARTESIAN_POINT('Ctrl Pts',(110.064776551118,472.85689520602,-142.899359112572));
#7435=CARTESIAN_POINT('Ctrl Pts',(110.363088667013,472.851022496134,-142.770025696673));
#7436=CARTESIAN_POINT('Ctrl Pts',(110.664132643164,472.845096005588,-142.639507880946));
#7437=CARTESIAN_POINT('Ctrl Pts',(110.962619299007,472.839126957964,-142.503540957526));
#7438=CARTESIAN_POINT('Ctrl Pts',(111.258393095581,472.833123125684,-142.362177737952));
#7439=CARTESIAN_POINT('Ctrl Pts',(111.745081648751,472.82324396641,-142.129568015244));
#7440=CARTESIAN_POINT('Ctrl Pts',(112.224426162578,472.813270691516,-141.882349823234));
#7441=CARTESIAN_POINT('Ctrl Pts',(112.695876062781,472.803237874174,-141.621017071949));
#7442=CARTESIAN_POINT('Ctrl Pts',(113.168159049468,472.79318732811,-141.359222526564));
#7443=CARTESIAN_POINT('Ctrl Pts',(113.632519966623,472.783077043586,-141.083263201762));
#7444=CARTESIAN_POINT('Ctrl Pts',(114.088380448827,472.772940549824,-140.793589660972));
#7445=CARTESIAN_POINT('Ctrl Pts',(114.54238921775,472.762845230678,-140.505092779189));
#7446=CARTESIAN_POINT('Ctrl Pts',(114.987966910902,472.752723928008,-140.202992543244));
#7447=CARTESIAN_POINT('Ctrl Pts',(115.424510761957,472.742608341291,-139.887693194845));
#7448=CARTESIAN_POINT('Ctrl Pts',(115.519682899515,472.740403014133,-139.818953908092));
#7449=CARTESIAN_POINT('Ctrl Pts',(115.614425529065,472.738197952834,-139.749587129052));
#7450=CARTESIAN_POINT('Ctrl Pts',(115.708732173235,472.735993475876,-139.679596810697));
#7451=CARTESIAN_POINT('Ctrl Pts',(116.136650403649,472.725990618846,-139.362014381164));
#7452=CARTESIAN_POINT('Ctrl Pts',(116.554887493209,472.716016620902,-139.03212234451));
#7453=CARTESIAN_POINT('Ctrl Pts',(116.962920260627,472.706098980427,-138.69038122026));
#7454=CARTESIAN_POINT('Ctrl Pts',(117.369594423462,472.696214362182,-138.349777972902));
#7455=CARTESIAN_POINT('Ctrl Pts',(117.766132533033,472.68638573664,-137.997404099053));
#7456=CARTESIAN_POINT('Ctrl Pts',(118.15198596038,472.676638306289,-137.633674153203));
#7457=CARTESIAN_POINT('Ctrl Pts',(118.533025312473,472.667012489121,-137.274482260425));
#7458=CARTESIAN_POINT('Ctrl Pts',(118.903645289784,472.657465859848,-136.904215547254));
#7459=CARTESIAN_POINT('Ctrl Pts',(119.263281849675,472.648020600143,-136.523237819265));
#7460=CARTESIAN_POINT('Ctrl Pts',(119.574791079933,472.639839325187,-136.193243341432));
#7461=CARTESIAN_POINT('Ctrl Pts',(119.878059460527,472.631734075744,-135.855212122639));
#7462=CARTESIAN_POINT('Ctrl Pts',(120.172695172414,472.623717917309,-135.509361572704));
#7463=CARTESIAN_POINT('',(126.619781575643,472.368783947211,-118.000000010159));
#7464=CARTESIAN_POINT('Ctrl Pts',(120.172695172414,472.623717917309,-135.509361572704));
#7465=CARTESIAN_POINT('Ctrl Pts',(122.375360510279,472.563789966908,-132.923819536591));
#7466=CARTESIAN_POINT('Ctrl Pts',(124.070555830589,472.509785055509,-129.945625035329));
#7467=CARTESIAN_POINT('Ctrl Pts',(126.130501856276,472.425507316002,-123.91790016328));
#7468=CARTESIAN_POINT('Ctrl Pts',(126.619781572293,472.393642402714,-120.967572422083));
#7469=CARTESIAN_POINT('Ctrl Pts',(126.619781575643,472.368783947353,-118.000000030478));
#7470=CARTESIAN_POINT('',(126.619781575643,474.27962148452,-118.));
#7471=CARTESIAN_POINT('Origin',(99.6197815756433,471.02962148452,-32.5));
#7472=CARTESIAN_POINT('',(129.369781575643,473.02962148452,-32.5));
#7473=CARTESIAN_POINT('Origin',(99.6197815756433,473.02962148452,-32.5));
#7474=CARTESIAN_POINT('',(127.369781575643,471.02962148452,-32.5));
#7475=CARTESIAN_POINT('Origin',(129.369781575643,471.02962148452,-32.5));
#7476=CARTESIAN_POINT('Origin',(99.6197815756433,471.02962148452,-32.5));
#7477=CARTESIAN_POINT('Origin',(22.5438571565877,470.661044414419,-1.96574437386866));
#7478=CARTESIAN_POINT('',(107.947880005604,476.626470417029,-3.0842617493579));
#7479=CARTESIAN_POINT('Ctrl Pts',(103.268857156583,475.284478393217,-2.8326382448932));
#7480=CARTESIAN_POINT('Ctrl Pts',(104.071931422257,475.389358283075,-2.85230322424158));
#7481=CARTESIAN_POINT('Ctrl Pts',(104.864143266637,475.539420871503,-2.8804399595804));
#7482=CARTESIAN_POINT('Ctrl Pts',(106.51889630525,475.983737932016,-2.96374940842665));
#7483=CARTESIAN_POINT('Ctrl Pts',(107.298846438231,476.283052000553,-3.01987079626864));
#7484=CARTESIAN_POINT('Ctrl Pts',(107.947880005604,476.626470417029,-3.08426174935791));
#7485=CARTESIAN_POINT('',(107.750053314499,473.02962148452,-2.40985257451248));
#7486=CARTESIAN_POINT('',(113.119781575643,570.661044414419,-20.7157443738686));
#7487=CARTESIAN_POINT('',(11.2719285782938,473.02962148452,-2.40985257451248));
#7488=CARTESIAN_POINT('Ctrl Pts',(129.619781575643,571.02962148452,-106.875));
#7489=CARTESIAN_POINT('Ctrl Pts',(126.254337215693,574.257461613697,-105.056301451473));
#7490=CARTESIAN_POINT('Ctrl Pts',(122.888892855743,577.485301742874,-103.237602902947));
#7491=CARTESIAN_POINT('Ctrl Pts',(119.523448495792,580.713141872051,-101.41890435442));
#7492=CARTESIAN_POINT('Ctrl Pts',(129.619781575643,571.02962148452,-110.240992128846));
#7493=CARTESIAN_POINT('Ctrl Pts',(126.258853746325,574.257461613697,-108.252720644837));
#7494=CARTESIAN_POINT('Ctrl Pts',(122.898469047839,577.485301742874,-106.264329859914));
#7495=CARTESIAN_POINT('Ctrl Pts',(119.537541218522,580.713141872051,-104.276058375905));
#7496=CARTESIAN_POINT('Ctrl Pts',(128.082349239583,571.02962148452,-116.970423254062));
#7497=CARTESIAN_POINT('Ctrl Pts',(124.820617747447,574.257461613697,-114.642690189711));
#7498=CARTESIAN_POINT('Ctrl Pts',(121.559130037962,577.485301742874,-112.315101251495));
#7499=CARTESIAN_POINT('Ctrl Pts',(118.297398545827,580.713141872051,-109.987368187144));
#7500=CARTESIAN_POINT('Ctrl Pts',(121.627362789985,571.02962148452,-125.068903035979));
#7501=CARTESIAN_POINT('Ctrl Pts',(118.756738852117,574.257461613697,-122.345582557202));
#7502=CARTESIAN_POINT('Ctrl Pts',(115.88630488586,577.485301742874,-119.622061124011));
#7503=CARTESIAN_POINT('Ctrl Pts',(113.015680947993,580.713141872051,-116.898740645234));
#7504=CARTESIAN_POINT('Ctrl Pts',(113.852653366443,571.02962148452,-128.811197043959));
#7505=CARTESIAN_POINT('Ctrl Pts',(111.449026436572,574.257461613697,-125.92931312376));
#7506=CARTESIAN_POINT('Ctrl Pts',(109.045439155745,577.485301742874,-123.04764410163));
#7507=CARTESIAN_POINT('Ctrl Pts',(106.641812225873,580.713141872051,-120.16576018143));
#7508=CARTESIAN_POINT('Ctrl Pts',(108.802777640066,571.02962148452,-129.375));
#7509=CARTESIAN_POINT('Ctrl Pts',(106.703013230341,574.257461613697,-126.494113688206));
#7510=CARTESIAN_POINT('Ctrl Pts',(104.603204759285,577.485301742874,-123.612859376074));
#7511=CARTESIAN_POINT('Ctrl Pts',(102.50344034956,580.713141872051,-120.73197306428));
#7512=CARTESIAN_POINT('Ctrl Pts',(107.119781575643,571.02962148452,-129.375));
#7513=CARTESIAN_POINT('Ctrl Pts',(105.12143587481,574.257461613697,-126.504966999985));
#7514=CARTESIAN_POINT('Ctrl Pts',(103.123090173977,577.485301742874,-123.63493399997));
#7515=CARTESIAN_POINT('Ctrl Pts',(101.124744473143,580.713141872051,-120.764900999956));
#7516=CARTESIAN_POINT('',(107.119781575643,571.02962148452,-129.375));
#7517=CARTESIAN_POINT('',(107.119781575643,571.02962148452,-129.375));
#7518=CARTESIAN_POINT('',(129.619781575643,571.02962148452,-106.875));
#7519=CARTESIAN_POINT('Origin',(107.119781575643,571.02962148452,-106.875));
#7520=CARTESIAN_POINT('',(128.176367186197,572.414018429164,-106.094973538636));
#7521=CARTESIAN_POINT('',(129.619781575643,571.02962148452,-106.875));
#7522=CARTESIAN_POINT('',(128.170071560476,572.407424399281,-106.875));
#7523=CARTESIAN_POINT('Ctrl Pts',(128.176367186197,572.414018429164,-106.094973538636));
#7524=CARTESIAN_POINT('Ctrl Pts',(128.176439668103,572.414097913659,-106.35500105005));
#7525=CARTESIAN_POINT('Ctrl Pts',(128.174225600503,572.411887731671,-106.61504127092));
#7526=CARTESIAN_POINT('Ctrl Pts',(128.169854643877,572.407424399281,-106.874982608321));
#7527=CARTESIAN_POINT('',(109.953991380093,572.453850843885,-127.779620086612));
#7528=CARTESIAN_POINT('Ctrl Pts',(128.170071560476,572.407424399281,-106.875));
#7529=CARTESIAN_POINT('Ctrl Pts',(128.128685564192,572.363878480878,-109.411192511318));
#7530=CARTESIAN_POINT('Ctrl Pts',(127.645211514412,572.333461580498,-111.918917594037));
#7531=CARTESIAN_POINT('Ctrl Pts',(125.793816744667,572.295653812887,-116.728444454906));
#7532=CARTESIAN_POINT('Ctrl Pts',(124.416240957416,572.289244282497,-118.975859601485));
#7533=CARTESIAN_POINT('Ctrl Pts',(120.790622489648,572.300777220024,-123.003060531094));
#7534=CARTESIAN_POINT('Ctrl Pts',(118.525604646387,572.320399043344,-124.695595216895));
#7535=CARTESIAN_POINT('Ctrl Pts',(114.081868412412,572.379604156005,-126.826208907696));
#7536=CARTESIAN_POINT('Ctrl Pts',(112.045677965245,572.412933794793,-127.45415051304));
#7537=CARTESIAN_POINT('Ctrl Pts',(109.953991380093,572.453850843885,-127.779620086612));
#7538=CARTESIAN_POINT('',(107.68874451793,573.605969191674,-126.962492710338));
#7539=CARTESIAN_POINT('Ctrl Pts',(109.953991380093,572.453850843885,-127.779620086612));
#7540=CARTESIAN_POINT('Ctrl Pts',(109.080414403624,572.961011541718,-127.419488846507));
#7541=CARTESIAN_POINT('Ctrl Pts',(108.334362082307,573.333501369972,-127.155511960171));
#7542=CARTESIAN_POINT('Ctrl Pts',(107.68874451793,573.605969191674,-126.962492710338));
#7543=CARTESIAN_POINT('Ctrl Pts',(107.68874451793,573.605969191674,-126.962492710338));
#7544=CARTESIAN_POINT('Ctrl Pts',(106.307454243415,575.828604061323,-124.970976229825));
#7545=CARTESIAN_POINT('Ctrl Pts',(104.809771541227,578.237342998142,-122.810855570302));
#7546=CARTESIAN_POINT('Ctrl Pts',(103.268857156401,580.713141872051,-120.586989692951));
#7547=CARTESIAN_POINT('Ctrl Pts',(107.119781575643,571.02962148452,-129.375));
#7548=CARTESIAN_POINT('Ctrl Pts',(105.836140102625,573.103031233572,-127.531428396641));
#7549=CARTESIAN_POINT('Ctrl Pts',(104.552498629606,575.176440982625,-125.687856793282));
#7550=CARTESIAN_POINT('Ctrl Pts',(103.268857156588,577.249850731677,-123.844285189923));
#7551=CARTESIAN_POINT('Ctrl Pts',(105.971485436453,571.02962148452,-129.375));
#7552=CARTESIAN_POINT('Ctrl Pts',(104.732299388027,573.103031233572,-127.536238828916));
#7553=CARTESIAN_POINT('Ctrl Pts',(103.493113378712,575.176440982625,-125.697477759821));
#7554=CARTESIAN_POINT('Ctrl Pts',(102.253927330285,577.249850731677,-123.858716588737));
#7555=CARTESIAN_POINT('Ctrl Pts',(104.680909950774,571.02962148452,-129.375));
#7556=CARTESIAN_POINT('Ctrl Pts',(103.491739106583,573.103031233572,-127.541622717999));
#7557=CARTESIAN_POINT('Ctrl Pts',(102.30256834005,575.176440982625,-125.708245525224));
#7558=CARTESIAN_POINT('Ctrl Pts',(101.113397495858,577.249850731677,-123.874868243224));
#7559=CARTESIAN_POINT('Ctrl Pts',(103.268857156588,571.02962148452,-129.375));
#7560=CARTESIAN_POINT('Ctrl Pts',(102.134493709609,573.103031233572,-127.547473827354));
#7561=CARTESIAN_POINT('Ctrl Pts',(101.000130262631,575.176440982625,-125.719947654708));
#7562=CARTESIAN_POINT('Ctrl Pts',(99.8657668156529,577.249850731677,-123.892421482063));
#7563=CARTESIAN_POINT('',(49.3128382613514,571.02962148452,-129.375));
#7564=CARTESIAN_POINT('Origin',(22.5438571565877,471.02962148452,-147.5));
#7565=CARTESIAN_POINT('',(99.6197815756433,471.02962148452,-147.5));
#7566=CARTESIAN_POINT('Ctrl Pts',(129.619781575643,473.961435456065,-117.188494765523));
#7567=CARTESIAN_POINT('Ctrl Pts',(129.619781575643,477.04903179266,-146.40898188165));
#7568=CARTESIAN_POINT('Ctrl Pts',(100.232541871746,479.199758765895,-146.019162617751));
#7569=CARTESIAN_POINT('Ctrl Pts',(129.619781575643,571.02962148452,-106.875));
#7570=CARTESIAN_POINT('Ctrl Pts',(129.619781575643,573.362417043497,-128.952180804935));
#7571=CARTESIAN_POINT('Ctrl Pts',(107.416612897362,574.987372440765,-128.65765763918));
#7572=CARTESIAN_POINT('',(121.614081143887,478.651010579663,-136.866912042319));
#7573=CARTESIAN_POINT('Ctrl Pts',(121.614081143887,478.651010579663,-136.866912042319));
#7574=CARTESIAN_POINT('Ctrl Pts',(119.562360421417,478.702737534924,-139.038301431877));
#7575=CARTESIAN_POINT('Ctrl Pts',(113.997536323949,478.820073671681,-143.365645490028));
#7576=CARTESIAN_POINT('Ctrl Pts',(107.222075299413,478.916722273671,-145.498230547214));
#7577=CARTESIAN_POINT('Ctrl Pts',(103.268857152555,478.961053911357,-145.903381796815));
#7578=CARTESIAN_POINT('',(129.619781575643,478.27962148452,-116.7296875));
#7579=CARTESIAN_POINT('Ctrl Pts',(129.619781575643,478.27962148452,-116.7296875));
#7580=CARTESIAN_POINT('Ctrl Pts',(129.619781575643,478.340717333099,-120.957677453642));
#7581=CARTESIAN_POINT('Ctrl Pts',(127.994202469034,478.464273761673,-128.354047453868));
#7582=CARTESIAN_POINT('Ctrl Pts',(123.790990410978,478.596127433516,-134.56303236083));
#7583=CARTESIAN_POINT('Ctrl Pts',(121.614081143887,478.651010579663,-136.866912042319));
#7584=CARTESIAN_POINT('',(129.619781575643,471.02962148452,-117.5));
#7585=CARTESIAN_POINT('Ctrl Pts',(103.260997225939,478.961142037512,-145.90418625011));
#7586=CARTESIAN_POINT('Ctrl Pts',(107.21694476508,478.916795452767,-145.499845020275));
#7587=CARTESIAN_POINT('Ctrl Pts',(113.995429489054,478.820118094984,-143.36728381665));
#7588=CARTESIAN_POINT('Ctrl Pts',(119.562360421417,478.702737534924,-139.038301431877));
#7589=CARTESIAN_POINT('Ctrl Pts',(121.614081143887,478.651010579663,-136.866912042319));
#7590=CARTESIAN_POINT('Ctrl Pts',(103.272711019821,478.30722174108,-146.016646111292));
#7591=CARTESIAN_POINT('Ctrl Pts',(107.243176155454,478.265830564948,-145.60263698808));
#7592=CARTESIAN_POINT('Ctrl Pts',(114.039609058157,478.17583168119,-143.445156050963));
#7593=CARTESIAN_POINT('Ctrl Pts',(119.607355631238,478.067486953595,-139.089022038562));
#7594=CARTESIAN_POINT('Ctrl Pts',(121.656920469423,478.019928444553,-136.907259699123));
#7595=CARTESIAN_POINT('Ctrl Pts',(103.261533057048,476.946929413338,-145.909330569078));
#7596=CARTESIAN_POINT('Ctrl Pts',(107.216248227547,476.915880303173,-145.484494985887));
#7597=CARTESIAN_POINT('Ctrl Pts',(113.975498251514,476.848364910568,-143.30947729147));
#7598=CARTESIAN_POINT('Ctrl Pts',(119.491982523204,476.76829803064,-138.953936503695));
#7599=CARTESIAN_POINT('Ctrl Pts',(121.519056953673,476.733428716782,-136.777414755261));
#7600=CARTESIAN_POINT('Ctrl Pts',(103.12670467062,474.93064359756,-144.614892424274));
#7601=CARTESIAN_POINT('Ctrl Pts',(106.905642508209,474.921851705186,-144.204328800587));
#7602=CARTESIAN_POINT('Ctrl Pts',(113.360807654315,474.902879468,-142.116479681265));
#7603=CARTESIAN_POINT('Ctrl Pts',(118.622493466505,474.880671005939,-137.949821106031));
#7604=CARTESIAN_POINT('Ctrl Pts',(120.555038267459,474.871050267557,-135.869466401324));
#7605=CARTESIAN_POINT('Ctrl Pts',(102.955785561175,474.27962148452,-142.973960415797));
#7606=CARTESIAN_POINT('Ctrl Pts',(106.513877511109,474.279778507422,-142.596824859174));
#7607=CARTESIAN_POINT('Ctrl Pts',(112.598633131567,474.279461667205,-140.651799075493));
#7608=CARTESIAN_POINT('Ctrl Pts',(117.575540814776,474.279462860203,-136.743497662654));
#7609=CARTESIAN_POINT('Ctrl Pts',(119.406912619619,474.27962148452,-134.788119320633));
#7610=CARTESIAN_POINT('Ctrl Pts',(102.852659158043,474.27962148452,-141.983881445869));
#7611=CARTESIAN_POINT('Ctrl Pts',(106.277150845083,474.27962148452,-141.627187160898));
#7612=CARTESIAN_POINT('Ctrl Pts',(112.138874587379,474.27962148452,-139.76822126619));
#7613=CARTESIAN_POINT('Ctrl Pts',(116.9444243244,474.27962148452,-136.016005763986));
#7614=CARTESIAN_POINT('Ctrl Pts',(118.714819188297,474.27962148452,-134.136280200991));
#7615=CARTESIAN_POINT('',(118.714819187179,474.27962148452,-134.136280199939));
#7616=CARTESIAN_POINT('Ctrl Pts',(103.268857127806,474.358333134183,-142.732251163503));
#7617=CARTESIAN_POINT('Ctrl Pts',(103.514326645407,474.356840825701,-142.696033804657));
#7618=CARTESIAN_POINT('Ctrl Pts',(103.759411285048,474.355334414151,-142.65613924124));
#7619=CARTESIAN_POINT('Ctrl Pts',(106.925767838403,474.335697627605,-142.092114738123));
#7620=CARTESIAN_POINT('Ctrl Pts',(109.731637947575,474.31636671545,-141.055539738715));
#7621=CARTESIAN_POINT('Ctrl Pts',(114.721745072178,474.28841101219,-138.121825506078));
#7622=CARTESIAN_POINT('Ctrl Pts',(116.894077364426,474.279621484403,-136.290874264797));
#7623=CARTESIAN_POINT('Ctrl Pts',(118.714819185951,474.27962148452,-134.136280199009));
#7624=CARTESIAN_POINT('Origin',(118.714819188297,478.27962148452,-134.136280200991));
#7625=CARTESIAN_POINT('Origin',(99.6197815756433,471.02962148452,-118.));
#7626=CARTESIAN_POINT('',(124.619781575643,467.77962148452,-118.));
#7627=CARTESIAN_POINT('Origin',(99.6197815756433,467.77962148452,-118.));
#7628=CARTESIAN_POINT('',(124.619781575643,474.27962148452,-118.));
#7629=CARTESIAN_POINT('',(124.619781575643,474.27962148452,-118.));
#7630=CARTESIAN_POINT('Origin',(99.6197815756433,474.27962148452,-118.));
#7631=CARTESIAN_POINT('Origin',(32.5438571565876,467.77962148452,-147.75));
#7632=CARTESIAN_POINT('',(129.369781575643,467.77962148452,-118.));
#7633=CARTESIAN_POINT('Origin',(99.6197815756433,467.77962148452,-118.));
#7634=CARTESIAN_POINT('',(129.369781575643,467.77962148452,-87.5));
#7635=CARTESIAN_POINT('',(129.369781575643,467.77962148452,-118.));
#7636=CARTESIAN_POINT('',(124.619781575643,467.77962148452,-87.5));
#7637=CARTESIAN_POINT('',(124.619781575643,467.77962148452,-87.5));
#7638=CARTESIAN_POINT('',(124.619781575643,467.77962148452,-118.));
#7639=CARTESIAN_POINT('Origin',(99.6197815756433,469.40462148452,-118.));
#7640=CARTESIAN_POINT('',(129.369781575643,471.02962148452,-118.));
#7641=CARTESIAN_POINT('Origin',(99.6197815756433,471.02962148452,-118.));
#7642=CARTESIAN_POINT('',(129.369781575643,467.77962148452,-118.));
#7643=CARTESIAN_POINT('Origin',(107.619781575643,471.02962148452,-150.));
#7644=CARTESIAN_POINT('',(113.119781575643,571.02962148452,-131.25));
#7645=CARTESIAN_POINT('',(113.119781575643,571.02962148452,-131.25));
#7646=CARTESIAN_POINT('',(107.619781575643,471.02962148452,-150.));
#7647=CARTESIAN_POINT('',(107.619781575643,471.02962148452,-150.));
#7648=CARTESIAN_POINT('',(137.619781575643,471.02962148452,-150.));
#7649=CARTESIAN_POINT('Ctrl Pts',(103.268857156588,571.02962148452,-131.25));
#7650=CARTESIAN_POINT('Ctrl Pts',(101.056104426771,580.402243469092,-124.58647332154));
#7651=CARTESIAN_POINT('Ctrl Pts',(98.8433516969535,589.774865453664,-117.92294664308));
#7652=CARTESIAN_POINT('Ctrl Pts',(96.6305989671365,599.147487438236,-111.259419964619));
#7653=CARTESIAN_POINT('Ctrl Pts',(107.231543769398,571.02962148452,-131.25));
#7654=CARTESIAN_POINT('Ctrl Pts',(104.564624140274,580.402243469092,-124.592678412221));
#7655=CARTESIAN_POINT('Ctrl Pts',(101.897540802001,589.774865453664,-117.935176190504));
#7656=CARTESIAN_POINT('Ctrl Pts',(99.2306211728772,599.147487438236,-111.277854602724));
#7657=CARTESIAN_POINT('Ctrl Pts',(110.607225712911,571.02962148452,-131.25));
#7658=CARTESIAN_POINT('Ctrl Pts',(107.570867278068,580.402243469092,-124.57901215672));
#7659=CARTESIAN_POINT('Ctrl Pts',(104.534340767019,589.774865453664,-117.907866783904));
#7660=CARTESIAN_POINT('Ctrl Pts',(101.497982332177,599.147487438236,-111.236878940624));
#7661=CARTESIAN_POINT('Ctrl Pts',(113.119781575643,571.02962148452,-131.25));
#7662=CARTESIAN_POINT('Ctrl Pts',(109.836140102625,580.402243469092,-124.554475688845));
#7663=CARTESIAN_POINT('Ctrl Pts',(106.552498629606,589.774865453664,-117.858951377689));
#7664=CARTESIAN_POINT('Ctrl Pts',(103.268857156588,599.147487438236,-111.163427066534));
#7665=CARTESIAN_POINT('',(113.119781575643,571.02962148452,-131.25));
#7666=CARTESIAN_POINT('Ctrl Pts',(113.119781575643,571.02962148452,-131.25));
#7667=CARTESIAN_POINT('Ctrl Pts',(107.072046169897,588.291901269489,-118.918337189265));
#7668=CARTESIAN_POINT('Ctrl Pts',(101.02431076415,605.554181054458,-106.58667437853));
#7669=CARTESIAN_POINT('Ctrl Pts',(94.976575358404,622.816460839428,-94.2550115677946));
#7670=CARTESIAN_POINT('Ctrl Pts',(116.485773704489,571.02962148452,-131.25));
#7671=CARTESIAN_POINT('Ctrl Pts',(109.828252154407,588.291901269489,-118.85699722248));
#7672=CARTESIAN_POINT('Ctrl Pts',(103.170086905741,605.554181054458,-106.466781336503));
#7673=CARTESIAN_POINT('Ctrl Pts',(96.5125653556581,622.816460839428,-94.0737785589829));
#7674=CARTESIAN_POINT('Ctrl Pts',(123.215204919385,571.02962148452,-129.712566216276));
#7675=CARTESIAN_POINT('Ctrl Pts',(115.325321274214,588.291901269489,-117.582399677603));
#7676=CARTESIAN_POINT('Ctrl Pts',(107.436184169175,605.554181054458,-105.453478362013));
#7677=CARTESIAN_POINT('Ctrl Pts',(99.5463005240036,622.816460839428,-93.3233118233393));
#7678=CARTESIAN_POINT('Ctrl Pts',(131.313684730255,571.02962148452,-123.257580387304));
#7679=CARTESIAN_POINT('Ctrl Pts',(122.096728787855,588.291901269489,-112.541944756715));
#7680=CARTESIAN_POINT('Ctrl Pts',(112.878719763276,605.554181054459,-101.827303580163));
#7681=CARTESIAN_POINT('Ctrl Pts',(103.661763820876,622.816460839428,-91.1116679495738));
#7682=CARTESIAN_POINT('Ctrl Pts',(135.055978721314,571.02962148452,-115.482871251677));
#7683=CARTESIAN_POINT('Ctrl Pts',(125.5356620005,588.291901269489,-106.491591864117));
#7684=CARTESIAN_POINT('Ctrl Pts',(116.016461279484,605.554181054458,-97.5004912441234));
#7685=CARTESIAN_POINT('Ctrl Pts',(106.496144558669,622.816460839428,-88.5092118565635));
#7686=CARTESIAN_POINT('Ctrl Pts',(135.619781575643,571.02962148452,-110.432996064423));
#7687=CARTESIAN_POINT('Ctrl Pts',(126.364958974707,588.291901269489,-102.522039054601));
#7688=CARTESIAN_POINT('Ctrl Pts',(117.108223058039,605.554181054458,-94.6108967105076));
#7689=CARTESIAN_POINT('Ctrl Pts',(107.853400457103,622.816460839428,-86.6999397006851));
#7690=CARTESIAN_POINT('Ctrl Pts',(135.619781575643,571.02962148452,-108.75));
#7691=CARTESIAN_POINT('Ctrl Pts',(126.501618596654,588.291901269489,-101.191796825827));
#7692=CARTESIAN_POINT('Ctrl Pts',(117.383455617666,605.554181054458,-93.6335936516543));
#7693=CARTESIAN_POINT('Ctrl Pts',(108.265292638677,622.816460839428,-86.0753904774815));
#7694=CARTESIAN_POINT('',(108.680298643883,622.03078177328,-86.4193961410211));
#7695=CARTESIAN_POINT('Ctrl Pts',(108.680298643883,622.030781773281,-86.4193961410211));
#7696=CARTESIAN_POINT('Ctrl Pts',(107.660153109483,622.340156655902,-87.6369183296168));
#7697=CARTESIAN_POINT('Ctrl Pts',(105.905005490459,622.637216694821,-89.3094029535737));
#7698=CARTESIAN_POINT('Ctrl Pts',(104.072467870375,622.78004427133,-90.6370996687113));
#7699=CARTESIAN_POINT('Ctrl Pts',(103.268857155161,622.816460839428,-91.1503642076758));
#7700=CARTESIAN_POINT('',(135.619781575643,571.02962148452,-108.75));
#7701=CARTESIAN_POINT('',(135.619781575643,571.02962148452,-108.75));
#7702=CARTESIAN_POINT('Origin',(113.119781575643,571.02962148452,-108.75));
#7703=CARTESIAN_POINT('Ctrl Pts',(99.8233363846468,626.837086570065,-86.105608634929));
#7704=CARTESIAN_POINT('Ctrl Pts',(100.357278613695,626.83323977375,-85.7576059206106));
#7705=CARTESIAN_POINT('Ctrl Pts',(101.561653732323,626.818109857283,-84.8583736824275));
#7706=CARTESIAN_POINT('Ctrl Pts',(102.661461941693,626.786564701619,-83.7476863015086));
#7707=CARTESIAN_POINT('Ctrl Pts',(103.268857156588,626.75307138351,-82.9927816284631));
#7708=CARTESIAN_POINT('Ctrl Pts',(101.168956575214,626.170555008937,-88.0757970062359));
#7709=CARTESIAN_POINT('Ctrl Pts',(101.810358439949,626.161024066004,-87.6661440175117));
#7710=CARTESIAN_POINT('Ctrl Pts',(103.269093011397,626.122952334591,-86.6100479333261));
#7711=CARTESIAN_POINT('Ctrl Pts',(104.649105641642,626.04372151851,-85.2989593191775));
#7712=CARTESIAN_POINT('Ctrl Pts',(105.452927401704,625.960945396533,-84.3757711361448));
#7713=CARTESIAN_POINT('Ctrl Pts',(102.391353036918,624.744123710358,-89.865567485943));
#7714=CARTESIAN_POINT('Ctrl Pts',(103.129102178757,624.722271083529,-89.3982299467302));
#7715=CARTESIAN_POINT('Ctrl Pts',(104.81365258565,624.635826044803,-88.1935322459015));
#7716=CARTESIAN_POINT('Ctrl Pts',(106.434139961388,624.455746187422,-86.6891923271051));
#7717=CARTESIAN_POINT('Ctrl Pts',(107.395156996296,624.266060464902,-85.6056231323592));
#7718=CARTESIAN_POINT('Ctrl Pts',(103.268857155161,622.816460839428,-91.1503642076758));
#7719=CARTESIAN_POINT('Ctrl Pts',(104.072467870375,622.78004427133,-90.6370996687113));
#7720=CARTESIAN_POINT('Ctrl Pts',(105.905005490459,622.637216694821,-89.3094029535737));
#7721=CARTESIAN_POINT('Ctrl Pts',(107.660153109483,622.340156655902,-87.6369183296168));
#7722=CARTESIAN_POINT('Ctrl Pts',(108.680298643883,622.030781773281,-86.4193961410211));
#7723=CARTESIAN_POINT('Origin',(100.298593916046,615.27962148452,-81.111961675027));
#7724=CARTESIAN_POINT('Ctrl Pts',(100.609040927476,627.273994285094,-81.3085418722338));
#7725=CARTESIAN_POINT('Ctrl Pts',(101.141970364193,627.273636070682,-80.4887757105583));
#7726=CARTESIAN_POINT('Ctrl Pts',(102.030330051947,627.27294083958,-78.7375141222675));
#7727=CARTESIAN_POINT('Ctrl Pts',(103.139099294521,627.271927929875,-74.989044671886));
#7728=CARTESIAN_POINT('Ctrl Pts',(103.429156095567,627.271506718407,-70.094492143798));
#7729=CARTESIAN_POINT('Ctrl Pts',(102.389246182529,627.272207813965,-65.2964629322339));
#7730=CARTESIAN_POINT('Ctrl Pts',(101.077448281748,627.273083469808,-62.6622038584668));
#7731=CARTESIAN_POINT('Ctrl Pts',(100.55595216693,627.27340179935,-61.8358691466129));
#7732=CARTESIAN_POINT('Ctrl Pts',(101.973672117621,627.224511746093,-82.172648977784));
#7733=CARTESIAN_POINT('Ctrl Pts',(102.611060061355,627.221092998862,-81.2836961517586));
#7734=CARTESIAN_POINT('Ctrl Pts',(103.682068097672,627.214404171991,-79.3744356306477));
#7735=CARTESIAN_POINT('Ctrl Pts',(105.021349083632,627.204837153866,-75.2802627694044));
#7736=CARTESIAN_POINT('Ctrl Pts',(105.383754293454,627.200823467818,-69.9476137728812));
#7737=CARTESIAN_POINT('Ctrl Pts',(104.171040597838,627.207381669187,-64.716915341857));
#7738=CARTESIAN_POINT('Ctrl Pts',(102.617972748068,627.2156874061,-61.842789381209));
#7739=CARTESIAN_POINT('Ctrl Pts',(102.001029393948,627.218709712325,-60.9441965110245));
#7740=CARTESIAN_POINT('Ctrl Pts',(105.13885232926,626.33887251771,-84.1768935905229));
#7741=CARTESIAN_POINT('Ctrl Pts',(106.017746950158,626.278314157666,-83.1267733604571));
#7742=CARTESIAN_POINT('Ctrl Pts',(107.510111982956,626.160561747514,-80.8503991239817));
#7743=CARTESIAN_POINT('Ctrl Pts',(109.380330169403,625.988241806096,-75.9542150350966));
#7744=CARTESIAN_POINT('Ctrl Pts',(109.908418673855,625.916290283304,-69.6078481709516));
#7745=CARTESIAN_POINT('Ctrl Pts',(108.297995439839,626.036040971309,-63.3750010413814));
#7746=CARTESIAN_POINT('Ctrl Pts',(106.188251929617,626.184760721135,-59.9440279927746));
#7747=CARTESIAN_POINT('Ctrl Pts',(105.350745865996,626.238705080454,-58.8772823978825));
#7748=CARTESIAN_POINT('Ctrl Pts',(107.656169073248,623.812075696014,-85.7709003090482));
#7749=CARTESIAN_POINT('Ctrl Pts',(108.686549029819,623.599362758732,-84.5666200036818));
#7750=CARTESIAN_POINT('Ctrl Pts',(110.415560452601,623.189362809952,-81.9619961855928));
#7751=CARTESIAN_POINT('Ctrl Pts',(112.52875771903,622.600096702518,-76.4291160539152));
#7752=CARTESIAN_POINT('Ctrl Pts',(113.100678262094,622.35850169356,-69.370991590723));
#7753=CARTESIAN_POINT('Ctrl Pts',(111.324247508475,622.761230626587,-62.4067545750574));
#7754=CARTESIAN_POINT('Ctrl Pts',(108.912939718236,623.273390138426,-58.4985462654138));
#7755=CARTESIAN_POINT('Ctrl Pts',(107.942830816287,623.46096006955,-57.2778583836624));
#7756=CARTESIAN_POINT('Ctrl Pts',(108.680298643883,622.030781773281,-86.4193961410211));
#7757=CARTESIAN_POINT('Ctrl Pts',(109.742028295642,621.723430450917,-85.1336287060539));
#7758=CARTESIAN_POINT('Ctrl Pts',(111.496584614608,621.137372983813,-82.3690677719595));
#7759=CARTESIAN_POINT('Ctrl Pts',(113.583355135811,620.308856560076,-76.5799212730642));
#7760=CARTESIAN_POINT('Ctrl Pts',(114.114984866721,619.976402737727,-69.2972950800394));
#7761=CARTESIAN_POINT('Ctrl Pts',(112.373001276602,620.533387534082,-62.0826616322287));
#7762=CARTESIAN_POINT('Ctrl Pts',(109.939280949635,621.258619751491,-57.9560684605752));
#7763=CARTESIAN_POINT('Ctrl Pts',(108.946443544752,621.526922854291,-56.6585876692893));
#7764=CARTESIAN_POINT('',(108.946443544752,621.526922854291,-56.6585876692893));
#7765=CARTESIAN_POINT('Origin',(100.227193242284,615.27962148452,-62.0387270502126));
#7766=CARTESIAN_POINT('Ctrl Pts',(108.946443544752,621.526922854291,-56.6585876692893));
#7767=CARTESIAN_POINT('Ctrl Pts',(109.939280949635,621.258619751491,-57.9560684605752));
#7768=CARTESIAN_POINT('Ctrl Pts',(112.373001276602,620.533387534082,-62.0826616322287));
#7769=CARTESIAN_POINT('Ctrl Pts',(114.114984866721,619.976402737727,-69.2972950800394));
#7770=CARTESIAN_POINT('Ctrl Pts',(113.583355135811,620.308856560076,-76.5799212730642));
#7771=CARTESIAN_POINT('Ctrl Pts',(111.496584614608,621.137372983813,-82.3690677719595));
#7772=CARTESIAN_POINT('Ctrl Pts',(109.742028295642,621.723430450917,-85.1336287060539));
#7773=CARTESIAN_POINT('Ctrl Pts',(108.680298643883,622.030781773281,-86.4193961410211));
#7774=CARTESIAN_POINT('Ctrl Pts',(103.268857156585,626.735003577991,-60.1618941527461));
#7775=CARTESIAN_POINT('Ctrl Pts',(102.66926201762,626.762630041295,-59.3587884493078));
#7776=CARTESIAN_POINT('Ctrl Pts',(101.539359943105,626.788998454391,-58.1584262860734));
#7777=CARTESIAN_POINT('Ctrl Pts',(100.269672742821,626.798306980303,-57.1942229097335));
#7778=CARTESIAN_POINT('Ctrl Pts',(99.70078114914,626.799404887616,-56.8228302397746));
#7779=CARTESIAN_POINT('Ctrl Pts',(105.61118718824,625.876263543627,-58.716579290889));
#7780=CARTESIAN_POINT('Ctrl Pts',(104.815794886115,625.946384419361,-57.7187802582878));
#7781=CARTESIAN_POINT('Ctrl Pts',(103.384949766256,626.014489196295,-56.2694538080533));
#7782=CARTESIAN_POINT('Ctrl Pts',(101.827120697625,626.038724576619,-55.1062669036668));
#7783=CARTESIAN_POINT('Ctrl Pts',(101.132940725895,626.041516877711,-54.6554021067352));
#7784=CARTESIAN_POINT('Ctrl Pts',(107.669031626422,623.988591702437,-57.4468038494703));
#7785=CARTESIAN_POINT('Ctrl Pts',(106.718271864262,624.153739906662,-56.2681346862233));
#7786=CARTESIAN_POINT('Ctrl Pts',(105.031541795137,624.312611244505,-54.5851763185502));
#7787=CARTESIAN_POINT('Ctrl Pts',(103.219424401404,624.36886493207,-53.2394951579181));
#7788=CARTESIAN_POINT('Ctrl Pts',(102.413727625389,624.375443561507,-52.7170611540582));
#7789=CARTESIAN_POINT('Ctrl Pts',(108.946443544752,621.526922854291,-56.6585876692893));
#7790=CARTESIAN_POINT('Ctrl Pts',(107.942078832864,621.794864979594,-55.3420061441666));
#7791=CARTESIAN_POINT('Ctrl Pts',(106.12040885342,622.055120951213,-53.4742197745272));
#7792=CARTESIAN_POINT('Ctrl Pts',(104.147731410047,622.147111589762,-51.9945259354492));
#7793=CARTESIAN_POINT('Ctrl Pts',(103.268857156587,622.157979972555,-51.422909417482));
#7794=CARTESIAN_POINT('Ctrl Pts',(103.268857156587,622.157979972555,-51.422909417482));
#7795=CARTESIAN_POINT('Ctrl Pts',(104.147731410047,622.147111589762,-51.9945259354492));
#7796=CARTESIAN_POINT('Ctrl Pts',(106.12040885342,622.055120951213,-53.4742197745272));
#7797=CARTESIAN_POINT('Ctrl Pts',(107.942078832864,621.794864979594,-55.3420061441666));
#7798=CARTESIAN_POINT('Ctrl Pts',(108.946443544752,621.526922854291,-56.6585876692893));
#7799=CARTESIAN_POINT('Ctrl Pts',(135.619781575643,571.02962148452,-41.2500000000921));
#7800=CARTESIAN_POINT('Ctrl Pts',(126.617558011723,588.072407647198,-46.4503821510522));
#7801=CARTESIAN_POINT('Ctrl Pts',(117.615334447803,605.115193809877,-51.6507643020123));
#7802=CARTESIAN_POINT('Ctrl Pts',(108.613110883883,622.157979972555,-56.8511464529724));
#7803=CARTESIAN_POINT('Ctrl Pts',(135.619781575657,571.02962148452,-37.8840078712371));
#7804=CARTESIAN_POINT('Ctrl Pts',(126.345530796057,588.072407647198,-43.7808171551702));
#7805=CARTESIAN_POINT('Ctrl Pts',(117.074051896746,605.115193809877,-49.6783219614489));
#7806=CARTESIAN_POINT('Ctrl Pts',(107.799801117146,622.157979972555,-55.575131245382));
#7807=CARTESIAN_POINT('Ctrl Pts',(134.082354848043,571.02962148452,-31.1545770929054));
#7808=CARTESIAN_POINT('Ctrl Pts',(124.664478532534,588.072407647198,-38.5012464517477));
#7809=CARTESIAN_POINT('Ctrl Pts',(115.247846881642,605.115193809877,-45.8472055238647));
#7810=CARTESIAN_POINT('Ctrl Pts',(105.829970566133,622.157979972555,-53.193874882707));
#7811=CARTESIAN_POINT('Ctrl Pts',(127.627365990236,571.02962148452,-23.0560974234603));
#7812=CARTESIAN_POINT('Ctrl Pts',(119.086981967408,588.072407647198,-32.1804482245424));
#7813=CARTESIAN_POINT('Ctrl Pts',(110.547568160244,605.115193809877,-41.3058528964617));
#7814=CARTESIAN_POINT('Ctrl Pts',(102.007184137416,622.157979972555,-50.4302036975437));
#7815=CARTESIAN_POINT('Ctrl Pts',(119.8526554527,571.02962148452,-19.3138033501651));
#7816=CARTESIAN_POINT('Ctrl Pts',(112.672331834873,588.072407647198,-29.208450140311));
#7817=CARTESIAN_POINT('Ctrl Pts',(105.492204733166,605.115193809877,-39.1020070802856));
#7818=CARTESIAN_POINT('Ctrl Pts',(98.3118811153393,622.157979972555,-48.9966538704314));
#7819=CARTESIAN_POINT('Ctrl Pts',(114.802777640071,571.02962148452,-18.75));
#7820=CARTESIAN_POINT('Ctrl Pts',(108.530891297102,588.072407647198,-28.6923439050826));
#7821=CARTESIAN_POINT('Ctrl Pts',(102.258785928993,605.115193809877,-38.6365590373295));
#7822=CARTESIAN_POINT('Ctrl Pts',(95.9868995860244,622.157979972555,-48.5789029424122));
#7823=CARTESIAN_POINT('Ctrl Pts',(113.119781575643,571.02962148452,-18.75));
#7824=CARTESIAN_POINT('Ctrl Pts',(107.148944434054,588.072407647198,-28.6631462154884));
#7825=CARTESIAN_POINT('Ctrl Pts',(101.178107292465,605.115193809877,-38.5762924309768));
#7826=CARTESIAN_POINT('Ctrl Pts',(95.2072701508763,622.157979972555,-48.4894386464652));
#7827=CARTESIAN_POINT('',(113.119781575643,571.02962148452,-18.75));
#7828=CARTESIAN_POINT('',(113.119781575643,571.02962148452,-18.75));
#7829=CARTESIAN_POINT('',(135.619781575643,571.02962148452,-41.2500000000921));
#7830=CARTESIAN_POINT('Origin',(113.119781575643,571.02962148452,-41.25));
#7831=CARTESIAN_POINT('',(135.619781575643,571.02962148452,-41.2500000000921));
#7832=CARTESIAN_POINT('Ctrl Pts',(113.119781575643,571.02962148452,-18.75));
#7833=CARTESIAN_POINT('Ctrl Pts',(109.836140102625,580.402243469092,-24.201700870309));
#7834=CARTESIAN_POINT('Ctrl Pts',(106.552498629606,589.774865453664,-29.6534017406181));
#7835=CARTESIAN_POINT('Ctrl Pts',(103.268857156588,599.147487438236,-35.1051026109271));
#7836=CARTESIAN_POINT('Ctrl Pts',(110.607225712907,571.02962148452,-18.75));
#7837=CARTESIAN_POINT('Ctrl Pts',(107.570866572671,580.402243469092,-24.1771646893769));
#7838=CARTESIAN_POINT('Ctrl Pts',(104.53434147241,589.774865453664,-29.6044860474604));
#7839=CARTESIAN_POINT('Ctrl Pts',(101.497982332174,599.147487438236,-35.0316507368373));
#7840=CARTESIAN_POINT('Ctrl Pts',(107.231543769394,571.02962148452,-18.75));
#7841=CARTESIAN_POINT('Ctrl Pts',(104.564848048525,580.402243469092,-24.1635289664443));
#7842=CARTESIAN_POINT('Ctrl Pts',(101.897990797553,589.774865453664,-29.5772372500719));
#7843=CARTESIAN_POINT('Ctrl Pts',(99.231295076683,599.147487438236,-34.9907662165162));
#7844=CARTESIAN_POINT('Ctrl Pts',(103.268857156588,571.02962148452,-18.75));
#7845=CARTESIAN_POINT('Ctrl Pts',(101.056703517711,580.402243469092,-24.1696854260428));
#7846=CARTESIAN_POINT('Ctrl Pts',(98.8445498788334,589.774865453664,-29.5893708520855));
#7847=CARTESIAN_POINT('Ctrl Pts',(96.6323962399563,599.147487438236,-35.0090562781283));
#7848=CARTESIAN_POINT('',(49.3128382613514,571.02962148452,-18.75));
#7849=CARTESIAN_POINT('Origin',(22.5438571565877,471.02962148452,-1.77635683940025E-14));
#7850=CARTESIAN_POINT('',(107.619781575643,471.02962148452,-1.77635683940025E-14));
#7851=CARTESIAN_POINT('',(-17.4185299077013,471.02962148452,-1.77635683940025E-14));
#7852=CARTESIAN_POINT('',(113.119781575643,571.02962148452,-18.75));
#7853=CARTESIAN_POINT('Origin',(0.,471.02962148452,0.));
#7854=CARTESIAN_POINT('',(135.619781575643,471.02962148452,-130.770329614269));
#7855=CARTESIAN_POINT('Origin',(107.619781575643,471.02962148452,-120.));
#7856=CARTESIAN_POINT('',(135.619781575643,471.02962148452,-19.2296703857307));
#7857=CARTESIAN_POINT('',(135.619781575643,471.02962148452,-5.03389097683476));
#7858=CARTESIAN_POINT('Origin',(107.619781575643,471.02962148452,-30.));
#7859=CARTESIAN_POINT('',(129.369781575643,471.02962148452,-32.5));
#7860=CARTESIAN_POINT('Origin',(99.6197815756433,471.02962148452,-32.5));
#7861=CARTESIAN_POINT('',(129.369781575643,471.02962148452,-63.));
#7862=CARTESIAN_POINT('',(129.369781575643,471.02962148452,-32.5));
#7863=CARTESIAN_POINT('',(124.619781575643,471.02962148452,-63.));
#7864=CARTESIAN_POINT('',(51.6344285782938,471.02962148452,-63.));
#7865=CARTESIAN_POINT('',(103.268857156588,471.02962148452,-63.));
#7866=CARTESIAN_POINT('',(51.6344285782938,471.02962148452,-63.));
#7867=CARTESIAN_POINT('',(103.268857156588,471.02962148452,-87.5));
#7868=CARTESIAN_POINT('',(103.268857156588,471.02962148452,-43.75));
#7869=CARTESIAN_POINT('',(124.619781575643,471.02962148452,-87.5));
#7870=CARTESIAN_POINT('',(64.8098907878216,471.02962148452,-87.5));
#7871=CARTESIAN_POINT('',(129.369781575643,471.02962148452,-87.5));
#7872=CARTESIAN_POINT('',(64.8098907878216,471.02962148452,-87.5));
#7873=CARTESIAN_POINT('',(129.369781575643,471.02962148452,-118.));
#7874=CARTESIAN_POINT('',(129.619781575643,471.02962148452,-85.5));
#7875=CARTESIAN_POINT('',(129.619781575643,471.02962148452,-65.));
#7876=CARTESIAN_POINT('',(129.619781575643,471.02962148452,-1.25000000000002));
#7877=CARTESIAN_POINT('',(108.619781575643,471.02962148452,-85.5));
#7878=CARTESIAN_POINT('',(68.8098907878217,471.02962148452,-85.5));
#7879=CARTESIAN_POINT('',(108.619781575643,471.02962148452,-65.));
#7880=CARTESIAN_POINT('',(108.619781575643,471.02962148452,-32.5));
#7881=CARTESIAN_POINT('',(68.8098907878217,471.02962148452,-65.));
#7882=CARTESIAN_POINT('Origin',(108.619781575643,571.02962148452,-85.5));
#7883=CARTESIAN_POINT('',(128.172209395312,572.409670317978,-84.0524278196686));
#7884=CARTESIAN_POINT('',(127.522371580027,573.02962148452,-85.5));
#7885=CARTESIAN_POINT('Ctrl Pts',(128.176394349457,572.409670317978,-84.0523349479665));
#7886=CARTESIAN_POINT('Ctrl Pts',(128.151236385846,572.433735491589,-84.0752772544564));
#7887=CARTESIAN_POINT('Ctrl Pts',(128.126481952308,572.457412424734,-84.098991367546));
#7888=CARTESIAN_POINT('Ctrl Pts',(128.102177504406,572.480656533838,-84.1234938463098));
#7889=CARTESIAN_POINT('Ctrl Pts',(128.030784412025,572.548934934369,-84.1954686443788));
#7890=CARTESIAN_POINT('Ctrl Pts',(127.962899223112,572.613836352873,-84.2746223330561));
#7891=CARTESIAN_POINT('Ctrl Pts',(127.900347978113,572.67361663462,-84.3608966900095));
#7892=CARTESIAN_POINT('Ctrl Pts',(127.842057610865,572.729324791623,-84.441294193702));
#7893=CARTESIAN_POINT('Ctrl Pts',(127.788399455985,572.780585734502,-84.5278753296027));
#7894=CARTESIAN_POINT('Ctrl Pts',(127.740859623614,572.825988006718,-84.6206330062063));
#7895=CARTESIAN_POINT('Ctrl Pts',(127.69463954655,572.870129864525,-84.7108156330065));
#7896=CARTESIAN_POINT('Ctrl Pts',(127.654588406032,572.908365872521,-84.8061443347703));
#7897=CARTESIAN_POINT('Ctrl Pts',(127.622061333705,572.939414104289,-84.9059740056741));
#7898=CARTESIAN_POINT('Ctrl Pts',(127.591720834967,572.968375174851,-84.9990928075664));
#7899=CARTESIAN_POINT('Ctrl Pts',(127.567927134151,572.991082358435,-85.0961283199763));
#7900=CARTESIAN_POINT('Ctrl Pts',(127.55177945443,573.006495264688,-85.1965979194867));
#7901=CARTESIAN_POINT('Ctrl Pts',(127.535669090343,573.021872553294,-85.2968353440443));
#7902=CARTESIAN_POINT('Ctrl Pts',(127.527555009187,573.029621569725,-85.3982170127445));
#7903=CARTESIAN_POINT('Ctrl Pts',(127.527566962453,573.02962148452,-85.4998603447928));
#7904=CARTESIAN_POINT('',(129.619781575643,573.02962148452,-85.5));
#7905=CARTESIAN_POINT('Origin',(129.619781575643,571.02962148452,-85.5));
#7906=CARTESIAN_POINT('',(108.619781575643,573.02962148452,-85.5));
#7907=CARTESIAN_POINT('Origin',(129.619781575643,571.02962148452,-87.5));
#7908=CARTESIAN_POINT('',(127.523041483816,573.02962148452,-87.5));
#7909=CARTESIAN_POINT('',(128.172735788264,572.410222255643,-88.9470457873795));
#7910=CARTESIAN_POINT('Ctrl Pts',(127.527826882869,573.02962148452,-87.499845843594));
#7911=CARTESIAN_POINT('Ctrl Pts',(127.527837132287,573.029621593329,-87.5720374524753));
#7912=CARTESIAN_POINT('Ctrl Pts',(127.531945205881,573.025712933262,-87.6443245670013));
#7913=CARTESIAN_POINT('Ctrl Pts',(127.54018306793,573.017863736992,-87.7163922106093));
#7914=CARTESIAN_POINT('Ctrl Pts',(127.552964694688,573.005685152732,-87.828210266859));
#7915=CARTESIAN_POINT('Ctrl Pts',(127.575356449706,572.984336465916,-87.936682696062));
#7916=CARTESIAN_POINT('Ctrl Pts',(127.606077575679,572.955028846411,-88.0409617111964));
#7917=CARTESIAN_POINT('Ctrl Pts',(127.621177108289,572.940624056795,-88.0922151838346));
#7918=CARTESIAN_POINT('Ctrl Pts',(127.638288730992,572.92429658464,-88.1424548409775));
#7919=CARTESIAN_POINT('Ctrl Pts',(127.657260161178,572.906190238322,-88.1915754024544));
#7920=CARTESIAN_POINT('Ctrl Pts',(127.694917640209,572.87024991384,-88.2890776200344));
#7921=CARTESIAN_POINT('Ctrl Pts',(127.739443747255,572.827738566871,-88.3810415462959));
#7922=CARTESIAN_POINT('Ctrl Pts',(127.789343605547,572.780074153683,-88.4672809884082));
#7923=CARTESIAN_POINT('Ctrl Pts',(127.834576651697,572.736867485863,-88.5454550113136));
#7924=CARTESIAN_POINT('Ctrl Pts',(127.884225267701,572.689426545875,-88.6189241056326));
#7925=CARTESIAN_POINT('Ctrl Pts',(127.93718040133,572.638807500263,-88.6875129696174));
#7926=CARTESIAN_POINT('Ctrl Pts',(128.004157251044,572.574785299237,-88.7742631243284));
#7927=CARTESIAN_POINT('Ctrl Pts',(128.078145929056,572.504032433648,-88.8554743763113));
#7928=CARTESIAN_POINT('Ctrl Pts',(128.158449630668,572.427212555566,-88.9305216085632));
#7929=CARTESIAN_POINT('Ctrl Pts',(128.164335918841,572.421581632823,-88.9360225957746));
#7930=CARTESIAN_POINT('Ctrl Pts',(128.170256142451,572.415918112391,-88.941490441398));
#7931=CARTESIAN_POINT('Ctrl Pts',(128.176210029635,572.410222255643,-88.9469248884383));
#7932=CARTESIAN_POINT('',(129.619781575643,573.02962148452,-87.5));
#7933=CARTESIAN_POINT('',(129.619781575643,573.02962148452,-87.5));
#7934=CARTESIAN_POINT('Origin',(129.619781575643,571.02962148452,-87.5));
#7935=CARTESIAN_POINT('Origin',(116.444319366116,573.02962148452,-75.25));
#7936=CARTESIAN_POINT('',(127.52289044276,573.02962148452,-63.));
#7937=CARTESIAN_POINT('',(127.522245160435,573.02962148452,-65.));
#7938=CARTESIAN_POINT('Ctrl Pts',(127.52289044276,573.02962148452,-63.));
#7939=CARTESIAN_POINT('Ctrl Pts',(127.522655871199,573.02962148452,-63.6667446902633));
#7940=CARTESIAN_POINT('Ctrl Pts',(127.52244077717,573.02962148452,-64.3334068680446));
#7941=CARTESIAN_POINT('Ctrl Pts',(127.522245160435,573.02962148452,-65.));
#7942=CARTESIAN_POINT('',(129.619781575643,573.02962148452,-63.));
#7943=CARTESIAN_POINT('',(103.268857156588,573.02962148452,-63.));
#7944=CARTESIAN_POINT('',(129.619781575643,573.02962148452,-65.));
#7945=CARTESIAN_POINT('',(129.619781575643,573.02962148452,-106.875));
#7946=CARTESIAN_POINT('',(129.619781575643,573.02962148452,-65.));
#7947=CARTESIAN_POINT('Origin',(116.444319366116,573.02962148452,-75.25));
#7948=CARTESIAN_POINT('Ctrl Pts',(127.522371580027,573.02962148452,-85.5));
#7949=CARTESIAN_POINT('Ctrl Pts',(127.522575406634,573.02962148452,-86.1665931262779));
#7950=CARTESIAN_POINT('Ctrl Pts',(127.522798707985,573.02962148452,-86.8332553040605));
#7951=CARTESIAN_POINT('Ctrl Pts',(127.523041483816,573.02962148452,-87.5));
#7952=CARTESIAN_POINT('',(129.619781575643,573.02962148452,-106.875));
#7953=CARTESIAN_POINT('Origin',(107.119781575643,571.02962148452,-106.875));
#7954=CARTESIAN_POINT('',(131.619781575643,571.02962148452,-106.875));
#7955=CARTESIAN_POINT('Origin',(129.619781575643,571.02962148452,-106.875));
#7956=CARTESIAN_POINT('',(121.845274579432,571.257702358477,-126.439526181364));
#7957=CARTESIAN_POINT('Ctrl Pts',(121.845274579432,571.257702358477,-126.439526181364));
#7958=CARTESIAN_POINT('Ctrl Pts',(125.462446122621,571.21284707812,-123.723459728831));
#7959=CARTESIAN_POINT('Ctrl Pts',(128.304398655279,571.163368418985,-119.980628637603));
#7960=CARTESIAN_POINT('Ctrl Pts',(129.94855827764,571.116858768318,-115.763401814629));
#7961=CARTESIAN_POINT('Ctrl Pts',(131.049891237374,571.085704487111,-112.938511313948));
#7962=CARTESIAN_POINT('Ctrl Pts',(131.619781575643,571.05592136514,-109.907221530379));
#7963=CARTESIAN_POINT('Ctrl Pts',(131.619781575643,571.02962148452,-106.875));
#7964=CARTESIAN_POINT('',(112.134667663052,572.663859894111,-127.624650502803));
#7965=CARTESIAN_POINT('Ctrl Pts',(121.845274579432,571.257702358477,-126.439526181364));
#7966=CARTESIAN_POINT('Ctrl Pts',(122.107492981392,571.342883789163,-126.229926081276));
#7967=CARTESIAN_POINT('Ctrl Pts',(122.339751373636,571.426644582402,-126.027601104342));
#7968=CARTESIAN_POINT('Ctrl Pts',(122.821789516648,571.624037693361,-125.572619023516));
#7969=CARTESIAN_POINT('Ctrl Pts',(123.04133444103,571.735436898073,-125.333466437284));
#7970=CARTESIAN_POINT('Ctrl Pts',(123.283870510639,571.904622760209,-125.019237428622));
#7971=CARTESIAN_POINT('Ctrl Pts',(123.374151195197,571.980146655038,-124.888182737488));
#7972=CARTESIAN_POINT('Ctrl Pts',(123.451252375395,572.104647830965,-124.716115334866));
#7973=CARTESIAN_POINT('Ctrl Pts',(123.470853884706,572.15247131727,-124.656204328636));
#7974=CARTESIAN_POINT('Ctrl Pts',(123.470653590702,572.223439393815,-124.586289203654));
#7975=CARTESIAN_POINT('Ctrl Pts',(123.468080020515,572.242867849111,-124.568786036407));
#7976=CARTESIAN_POINT('Ctrl Pts',(123.458710429711,572.274844835356,-124.543338138944));
#7977=CARTESIAN_POINT('Ctrl Pts',(123.454072834888,572.28687274972,-124.534494759241));
#7978=CARTESIAN_POINT('Ctrl Pts',(123.441820132022,572.312131108192,-124.517570697742));
#7979=CARTESIAN_POINT('Ctrl Pts',(123.434087181757,572.325138085093,-124.509788012043));
#7980=CARTESIAN_POINT('Ctrl Pts',(123.41200779252,572.356460671651,-124.493306665046));
#7981=CARTESIAN_POINT('Ctrl Pts',(123.396610353425,572.374082619637,-124.485979804614));
#7982=CARTESIAN_POINT('Ctrl Pts',(123.336210801346,572.432956128394,-124.46731149971));
#7983=CARTESIAN_POINT('Ctrl Pts',(123.282231804274,572.469063383672,-124.466825351833));
#7984=CARTESIAN_POINT('Ctrl Pts',(123.153436988361,572.541002868489,-124.479101887591));
#7985=CARTESIAN_POINT('Ctrl Pts',(123.069110620695,572.576356538966,-124.498227556499));
#7986=CARTESIAN_POINT('Ctrl Pts',(122.804351287394,572.672711848678,-124.570705664064));
#7987=CARTESIAN_POINT('Ctrl Pts',(122.58278130389,572.726996276702,-124.653638638024));
#7988=CARTESIAN_POINT('Ctrl Pts',(121.763185560881,572.887829021474,-124.980014152133));
#7989=CARTESIAN_POINT('Ctrl Pts',(120.93568176924,572.968145221971,-125.354418808931));
#7990=CARTESIAN_POINT('Ctrl Pts',(118.114359998435,573.072426681822,-126.461784773354));
#7991=CARTESIAN_POINT('Ctrl Pts',(115.422437192645,573.024883371583,-127.356513403679));
#7992=CARTESIAN_POINT('Ctrl Pts',(112.134667663052,572.663859894111,-127.624650502803));
#7993=CARTESIAN_POINT('Ctrl Pts',(112.134667663052,572.663859894111,-127.624650502803));
#7994=CARTESIAN_POINT('Ctrl Pts',(111.421898789864,572.585592152131,-127.682781030591));
#7995=CARTESIAN_POINT('Ctrl Pts',(110.701765532025,572.511502184602,-127.737249984818));
#7996=CARTESIAN_POINT('Ctrl Pts',(109.953991380093,572.453850843885,-127.779620086612));
#7997=CARTESIAN_POINT('Ctrl Pts',(105.610059197779,572.456080220587,-127.782150937415));
#7998=CARTESIAN_POINT('Ctrl Pts',(103.302728968542,580.90349084617,-121.777207348606));
#7999=CARTESIAN_POINT('Ctrl Pts',(100.994997649744,589.350829042349,-115.772315870843));
#8000=CARTESIAN_POINT('Ctrl Pts',(98.6858679577925,597.797920991313,-109.767614899805));
#8001=CARTESIAN_POINT('Ctrl Pts',(108.185609664368,572.455547135332,-127.781771457561));
#8002=CARTESIAN_POINT('Ctrl Pts',(105.606235205536,580.902223700832,-121.774887186836));
#8003=CARTESIAN_POINT('Ctrl Pts',(103.025562766856,589.348666552906,-115.768123353009));
#8004=CARTESIAN_POINT('Ctrl Pts',(100.44026301777,597.794279907711,-109.762092434128));
#8005=CARTESIAN_POINT('Ctrl Pts',(110.420405595725,572.453845294253,-127.779618358815));
#8006=CARTESIAN_POINT('Ctrl Pts',(107.61456178835,580.899534966312,-121.762452269728));
#8007=CARTESIAN_POINT('Ctrl Pts',(104.806429250538,589.34474286174,-115.74558153344));
#8008=CARTESIAN_POINT('Ctrl Pts',(101.990635122029,597.788484474652,-109.73021812721));
#8009=CARTESIAN_POINT('Ctrl Pts',(112.209534708036,572.451338126374,-127.776468591907));
#8010=CARTESIAN_POINT('Ctrl Pts',(109.234844507505,580.895563323096,-121.744208579312));
#8011=CARTESIAN_POINT('Ctrl Pts',(106.256635016364,589.339030654351,-115.712613623229));
#8012=CARTESIAN_POINT('Ctrl Pts',(103.268857150199,597.78078664203,-109.683315624924));
#8013=CARTESIAN_POINT('Ctrl Pts',(107.68874451793,573.605969191674,-126.962492710338));
#8014=CARTESIAN_POINT('Ctrl Pts',(106.237253026106,576.208705366407,-125.111721178204));
#8015=CARTESIAN_POINT('Ctrl Pts',(104.716950436509,578.757935204296,-123.301225036355));
#8016=CARTESIAN_POINT('Ctrl Pts',(103.268857162653,581.026756141189,-121.689583873533));
#8017=CARTESIAN_POINT('Ctrl Pts',(112.13468132025,572.66386209052,-127.624646842711));
#8018=CARTESIAN_POINT('Ctrl Pts',(109.184966981681,581.03724703772,-121.642983154434));
#8019=CARTESIAN_POINT('Ctrl Pts',(106.231586404541,589.409869104833,-115.662049569746));
#8020=CARTESIAN_POINT('Ctrl Pts',(103.269032379809,597.780794598636,-109.683239937122));
#8021=CARTESIAN_POINT('Origin',(107.119781575643,571.02962148452,-129.375));
#8022=CARTESIAN_POINT('Origin',(129.619781575643,571.02962148452,-106.875));
#8023=CARTESIAN_POINT('',(128.172181563631,572.409641123953,-66.4476000120119));
#8024=CARTESIAN_POINT('Ctrl Pts',(128.172181563631,572.409641123954,-66.4476000120119));
#8025=CARTESIAN_POINT('Ctrl Pts',(128.171704466414,572.409140663006,-72.3154227395703));
#8026=CARTESIAN_POINT('Ctrl Pts',(128.171713681768,572.409150350048,-78.1840754151038));
#8027=CARTESIAN_POINT('Ctrl Pts',(128.172209395312,572.409670317978,-84.0524278196686));
#8028=CARTESIAN_POINT('Origin',(129.619781575643,571.02962148452,-65.));
#8029=CARTESIAN_POINT('',(128.172692458954,572.410176839571,-61.5529108833109));
#8030=CARTESIAN_POINT('Origin',(129.619781575643,571.02962148452,-63.));
#8031=CARTESIAN_POINT('',(128.176469903299,572.414125517188,-43.7202837060284));
#8032=CARTESIAN_POINT('Ctrl Pts',(128.176469903299,572.414125517188,-43.7202837060284));
#8033=CARTESIAN_POINT('Ctrl Pts',(128.174707590887,572.412288349499,-49.6642311887582));
#8034=CARTESIAN_POINT('Ctrl Pts',(128.173450089837,572.41097098332,-55.6087742920975));
#8035=CARTESIAN_POINT('Ctrl Pts',(128.172692458954,572.410176839571,-61.5529108833109));
#8036=CARTESIAN_POINT('',(128.1728274608,572.410318333773,-43.1250000000001));
#8037=CARTESIAN_POINT('Ctrl Pts',(128.172876340307,572.410318333773,-43.1249874953141));
#8038=CARTESIAN_POINT('Ctrl Pts',(128.17532388726,572.412913670457,-43.3233988562066));
#8039=CARTESIAN_POINT('Ctrl Pts',(128.176532630575,572.414186850399,-43.5218466001123));
#8040=CARTESIAN_POINT('Ctrl Pts',(128.176469903299,572.414125517188,-43.7202837060285));
#8041=CARTESIAN_POINT('',(131.619781575643,571.02962148452,-43.1250000000001));
#8042=CARTESIAN_POINT('Origin',(129.619781575643,571.02962148452,-43.1250000000001));
#8043=CARTESIAN_POINT('',(131.619781575643,571.02962148452,-63.));
#8044=CARTESIAN_POINT('',(131.619781575643,571.02962148452,-106.875));
#8045=CARTESIAN_POINT('',(131.587469003715,570.671562568004,-63.3580589100793));
#8046=CARTESIAN_POINT('Origin',(129.619781575643,571.02962148452,-63.));
#8047=CARTESIAN_POINT('',(131.556273248747,571.52962148452,-65.));
#8048=CARTESIAN_POINT('Ctrl Pts',(131.587469003631,570.671562570738,-63.3580589061704));
#8049=CARTESIAN_POINT('Ctrl Pts',(131.592649751373,570.700033003418,-63.3778595902151));
#8050=CARTESIAN_POINT('Ctrl Pts',(131.597042992346,570.727689934351,-63.3981977026276));
#8051=CARTESIAN_POINT('Ctrl Pts',(131.633054130364,570.986856461153,-63.5989472310678));
#8052=CARTESIAN_POINT('Ctrl Pts',(131.618134418311,571.189020677895,-63.8419377189032));
#8053=CARTESIAN_POINT('Ctrl Pts',(131.577648925116,571.460410219969,-64.3943869607124));
#8054=CARTESIAN_POINT('Ctrl Pts',(131.556273248747,571.52962148452,-64.7041517006373));
#8055=CARTESIAN_POINT('Ctrl Pts',(131.556273248747,571.52962148452,-65.));
#8056=CARTESIAN_POINT('',(131.556273248747,571.52962148452,-85.5));
#8057=CARTESIAN_POINT('',(131.556273248747,571.52962148452,-106.875));
#8058=CARTESIAN_POINT('',(131.587469003715,570.671562568004,-87.1419410899207));
#8059=CARTESIAN_POINT('Ctrl Pts',(131.556273248747,571.52962148452,-85.5000000000001));
#8060=CARTESIAN_POINT('Ctrl Pts',(131.556273248747,571.52962148452,-85.7958482993628));
#8061=CARTESIAN_POINT('Ctrl Pts',(131.577648925116,571.460410219969,-86.1056130392876));
#8062=CARTESIAN_POINT('Ctrl Pts',(131.618134418311,571.189020677895,-86.6580622810968));
#8063=CARTESIAN_POINT('Ctrl Pts',(131.633054130364,570.986856461153,-86.9010527689323));
#8064=CARTESIAN_POINT('Ctrl Pts',(131.597042992346,570.727689934351,-87.1018022973725));
#8065=CARTESIAN_POINT('Ctrl Pts',(131.592649751374,570.700033003418,-87.1221404097849));
#8066=CARTESIAN_POINT('Ctrl Pts',(131.587469003631,570.671562570738,-87.1419410938296));
#8067=CARTESIAN_POINT('',(131.619781575643,571.02962148452,-87.5));
#8068=CARTESIAN_POINT('Origin',(129.619781575643,571.02962148452,-87.5));
#8069=CARTESIAN_POINT('',(131.619781575643,571.02962148452,-106.875));
#8070=CARTESIAN_POINT('Ctrl Pts',(128.172735788264,572.410222255643,-88.9470457873794));
#8071=CARTESIAN_POINT('Ctrl Pts',(128.172916990321,572.410412178523,-90.3341899588485));
#8072=CARTESIAN_POINT('Ctrl Pts',(128.173125426633,572.410630573199,-91.7212997924426));
#8073=CARTESIAN_POINT('Ctrl Pts',(128.174096756932,572.411647728656,-97.4371693442038));
#8074=CARTESIAN_POINT('Ctrl Pts',(128.175098064632,572.412695204393,-101.766157530728));
#8075=CARTESIAN_POINT('Ctrl Pts',(128.176367186197,572.414018429164,-106.094973538636));
#8076=CARTESIAN_POINT('Origin',(103.268857156588,571.02962148452,-63.));
#8077=CARTESIAN_POINT('Ctrl Pts',(128.172692458954,572.410176839571,-61.552910883311));
#8078=CARTESIAN_POINT('Ctrl Pts',(128.022625195942,572.553314838222,-61.6894677326922));
#8079=CARTESIAN_POINT('Ctrl Pts',(127.895035259594,572.674993576419,-61.8459934635322));
#8080=CARTESIAN_POINT('Ctrl Pts',(127.701121523673,572.859882725466,-62.1740296586744));
#8081=CARTESIAN_POINT('Ctrl Pts',(127.6269011523,572.930626768631,-62.3485529049881));
#8082=CARTESIAN_POINT('Ctrl Pts',(127.542448140549,573.011072382996,-62.6879601402088));
#8083=CARTESIAN_POINT('Ctrl Pts',(127.522945782773,573.02962148452,-62.8427019023616));
#8084=CARTESIAN_POINT('Ctrl Pts',(127.52289044276,573.02962148452,-63.));
#8085=CARTESIAN_POINT('Origin',(129.619781575643,571.02962148452,-65.));
#8086=CARTESIAN_POINT('Ctrl Pts',(127.522245160435,573.02962148452,-65.));
#8087=CARTESIAN_POINT('Ctrl Pts',(127.52224017957,573.02962148452,-65.0169730392762));
#8088=CARTESIAN_POINT('Ctrl Pts',(127.522461793632,573.029405425236,-65.0339732367388));
#8089=CARTESIAN_POINT('Ctrl Pts',(127.527618128788,573.024434535493,-65.2288589300233));
#8090=CARTESIAN_POINT('Ctrl Pts',(127.557074332039,572.996301337787,-65.401667138524));
#8091=CARTESIAN_POINT('Ctrl Pts',(127.674335913624,572.884402879889,-65.7812833560103));
#8092=CARTESIAN_POINT('Ctrl Pts',(127.775120023179,572.788270491689,-65.9736341397406));
#8093=CARTESIAN_POINT('Ctrl Pts',(127.976987869896,572.595760213136,-66.2512629425253));
#8094=CARTESIAN_POINT('Ctrl Pts',(128.069640289005,572.507411572414,-66.3543939206107));
#8095=CARTESIAN_POINT('Ctrl Pts',(128.172181563631,572.409641123953,-66.4476000120119));
#8096=CARTESIAN_POINT('Origin',(131.619781575643,221.02962148452,-2.50000000000002));
#8097=CARTESIAN_POINT('',(131.619781575643,478.27962148452,-87.5));
#8098=CARTESIAN_POINT('',(131.619781575643,478.27962148452,-116.7296875));
#8099=CARTESIAN_POINT('',(131.619781575643,478.27962148452,-72.75));
#8100=CARTESIAN_POINT('',(131.619781575643,471.02962148452,-117.5));
#8101=CARTESIAN_POINT('',(131.619781575643,569.52962148452,-87.5));
#8102=CARTESIAN_POINT('',(131.619781575643,21.0296214845197,-87.5));
#8103=CARTESIAN_POINT('',(131.619781575643,519.52962148452,-87.5));
#8104=CARTESIAN_POINT('',(131.619781575643,270.27962148452,-87.5));
#8105=CARTESIAN_POINT('',(131.619781575643,517.52962148452,-85.5));
#8106=CARTESIAN_POINT('Origin',(131.619781575643,519.52962148452,-85.5));
#8107=CARTESIAN_POINT('',(131.619781575643,517.52962148452,-65.));
#8108=CARTESIAN_POINT('',(131.619781575643,517.52962148452,-44.));
#8109=CARTESIAN_POINT('',(131.619781575643,519.52962148452,-63.));
#8110=CARTESIAN_POINT('Origin',(131.619781575643,519.52962148452,-65.));
#8111=CARTESIAN_POINT('',(131.619781575643,569.52962148452,-63.));
#8112=CARTESIAN_POINT('',(131.619781575643,120.27962148452,-63.));
#8113=CARTESIAN_POINT('',(131.619781575643,21.0296214845197,-63.));
#8114=CARTESIAN_POINT('',(131.619781575643,478.27962148452,-33.2703125));
#8115=CARTESIAN_POINT('',(131.619781575643,471.02962148452,-32.5));
#8116=CARTESIAN_POINT('',(131.619781575643,478.27962148452,-63.));
#8117=CARTESIAN_POINT('',(131.619781575643,478.27962148452,-5.00000000000002));
#8118=CARTESIAN_POINT('',(131.619781575636,478.52962148452,-63.));
#8119=CARTESIAN_POINT('',(131.619781575643,21.0296214845197,-63.));
#8120=CARTESIAN_POINT('',(131.619781575636,478.52962148452,-65.));
#8121=CARTESIAN_POINT('',(131.619781575636,478.52962148452,-93.4930623221535));
#8122=CARTESIAN_POINT('',(131.619781575643,473.02962148452,-65.));
#8123=CARTESIAN_POINT('',(131.619781575643,21.0296214845197,-65.));
#8124=CARTESIAN_POINT('',(131.619781575643,473.02962148452,-85.5));
#8125=CARTESIAN_POINT('',(131.619781575643,473.02962148452,-1.25000000000003));
#8126=CARTESIAN_POINT('',(131.619781575636,478.52962148452,-85.5));
#8127=CARTESIAN_POINT('',(131.619781575643,21.0296214845197,-85.5));
#8128=CARTESIAN_POINT('',(131.619781575636,478.52962148452,-87.5));
#8129=CARTESIAN_POINT('',(131.619781575636,478.52962148452,-93.4930623221535));
#8130=CARTESIAN_POINT('',(131.619781575643,21.0296214845197,-87.5));
#8131=CARTESIAN_POINT('Origin',(129.619781575643,21.0296214845197,-87.5));
#8132=CARTESIAN_POINT('Ctrl Pts',(131.587469005004,570.671562570838,-87.1419410937604));
#8133=CARTESIAN_POINT('Ctrl Pts',(131.602014569725,570.55662921407,-87.2218752173291));
#8134=CARTESIAN_POINT('Ctrl Pts',(131.609621368552,570.430707386293,-87.2912346121676));
#8135=CARTESIAN_POINT('Ctrl Pts',(131.621784327331,570.05195315159,-87.4489903184423));
#8136=CARTESIAN_POINT('Ctrl Pts',(131.619781575643,569.782536916263,-87.5));
#8137=CARTESIAN_POINT('Ctrl Pts',(131.619781575643,569.52962148452,-87.5));
#8138=CARTESIAN_POINT('Origin',(135.619781575643,569.52962148452,-85.5));
#8139=CARTESIAN_POINT('',(133.196588058435,571.52962148452,-85.4999999999904));
#8140=CARTESIAN_POINT('',(133.619781575643,570.594752978894,-87.192777274095));
#8141=CARTESIAN_POINT('Ctrl Pts',(133.196583656351,571.529560390957,-85.5000070984711));
#8142=CARTESIAN_POINT('Ctrl Pts',(133.196212259254,571.529560368277,-85.6701490172419));
#8143=CARTESIAN_POINT('Ctrl Pts',(133.205694994455,571.507852682515,-85.8390562154076));
#8144=CARTESIAN_POINT('Ctrl Pts',(133.224680851946,571.465347954335,-86.0027267893709));
#8145=CARTESIAN_POINT('Ctrl Pts',(133.239433503594,571.432320346889,-86.1299043458178));
#8146=CARTESIAN_POINT('Ctrl Pts',(133.259757566572,571.387108815126,-86.2525087853736));
#8147=CARTESIAN_POINT('Ctrl Pts',(133.285142000272,571.330882316247,-86.3690528818168));
#8148=CARTESIAN_POINT('Ctrl Pts',(133.295980866267,571.306874237361,-86.4188158924415));
#8149=CARTESIAN_POINT('Ctrl Pts',(133.30774222691,571.280857913814,-86.4674733780121));
#8150=CARTESIAN_POINT('Ctrl Pts',(133.320385779039,571.252924329296,-86.514906645242));
#8151=CARTESIAN_POINT('Ctrl Pts',(133.348550460716,571.190699686412,-86.620568634745));
#8152=CARTESIAN_POINT('Ctrl Pts',(133.380819403752,571.11956631242,-86.7191562603357));
#8153=CARTESIAN_POINT('Ctrl Pts',(133.416583416463,571.040869018562,-86.8099474616849));
#8154=CARTESIAN_POINT('Ctrl Pts',(133.452347429175,570.962171724704,-86.9007386630342));
#8155=CARTESIAN_POINT('Ctrl Pts',(133.49160647022,570.875910511257,-86.9837333020562));
#8156=CARTESIAN_POINT('Ctrl Pts',(133.533743241983,570.783429622653,-87.058154621932));
#8157=CARTESIAN_POINT('Ctrl Pts',(133.561360740521,570.722815325473,-87.1069322241761));
#8158=CARTESIAN_POINT('Ctrl Pts',(133.590101847835,570.659775881733,-87.1518357190722));
#8159=CARTESIAN_POINT('Ctrl Pts',(133.619787233217,570.594697258057,-87.1927848312336));
#8160=CARTESIAN_POINT('',(133.619781575643,569.52962148452,-87.5));
#8161=CARTESIAN_POINT('Origin',(133.619781575643,569.52962148452,-85.5));
#8162=CARTESIAN_POINT('',(135.619781575643,569.52962148452,-87.5));
#8163=CARTESIAN_POINT('',(135.619781575643,571.52962148452,-85.5));
#8164=CARTESIAN_POINT('Origin',(135.619781575643,571.52962148452,-65.));
#8165=CARTESIAN_POINT('',(133.198014631662,571.52962148452,-65.0000000000348));
#8166=CARTESIAN_POINT('Ctrl Pts',(133.196588058435,571.52962148452,-85.4999999999904));
#8167=CARTESIAN_POINT('Ctrl Pts',(133.211473336776,571.52962148452,-78.6740949158471));
#8168=CARTESIAN_POINT('Ctrl Pts',(133.211939309972,571.52962148452,-71.8252704950704));
#8169=CARTESIAN_POINT('Ctrl Pts',(133.198014631662,571.52962148452,-65.0000000000348));
#8170=CARTESIAN_POINT('',(135.619781575643,571.52962148452,-65.));
#8171=CARTESIAN_POINT('Origin',(135.619781575643,569.52962148452,-65.));
#8172=CARTESIAN_POINT('',(133.619781575643,569.52962148452,-63.));
#8173=CARTESIAN_POINT('',(135.619781575643,569.52962148452,-63.));
#8174=CARTESIAN_POINT('',(133.619781575643,570.595622308811,-63.3077700384962));
#8175=CARTESIAN_POINT('Origin',(133.619781575643,569.52962148452,-65.));
#8176=CARTESIAN_POINT('Ctrl Pts',(133.619794748345,570.595589489829,-63.3077860578854));
#8177=CARTESIAN_POINT('Ctrl Pts',(133.571408571116,570.701915529065,-63.3747668926944));
#8178=CARTESIAN_POINT('Ctrl Pts',(133.52558598544,570.802707178832,-63.4522486521823));
#8179=CARTESIAN_POINT('Ctrl Pts',(133.483103834372,570.896276185023,-63.5398259039201));
#8180=CARTESIAN_POINT('Ctrl Pts',(133.442837039538,570.984965761243,-63.6228361832773));
#8181=CARTESIAN_POINT('Ctrl Pts',(133.405885856474,571.066473888297,-63.7142934468748));
#8182=CARTESIAN_POINT('Ctrl Pts',(133.372867979752,571.13943588812,-63.8132594509846));
#8183=CARTESIAN_POINT('Ctrl Pts',(133.341880119068,571.207912014092,-63.9061407944345));
#8184=CARTESIAN_POINT('Ctrl Pts',(133.314356686861,571.268860572262,-64.0056365057247));
#8185=CARTESIAN_POINT('Ctrl Pts',(133.29080149908,571.321153215469,-64.1110121862611));
#8186=CARTESIAN_POINT('Ctrl Pts',(133.262083486522,571.384907357371,-64.2394841027284));
#8187=CARTESIAN_POINT('Ctrl Pts',(133.239596238473,571.435057832923,-64.3752464683918));
#8188=CARTESIAN_POINT('Ctrl Pts',(133.22395061026,571.470190656513,-64.5161266500317));
#8189=CARTESIAN_POINT('Ctrl Pts',(133.221813067364,571.474990586338,-64.5353740351405));
#8190=CARTESIAN_POINT('Ctrl Pts',(133.21980321258,571.479510202046,-64.5547170250553));
#8191=CARTESIAN_POINT('Ctrl Pts',(133.217922589998,571.483745898284,-64.5741501480922));
#8192=CARTESIAN_POINT('Ctrl Pts',(133.204412904971,571.514173546344,-64.713750392153));
#8193=CARTESIAN_POINT('Ctrl Pts',(133.197718050907,571.529621504217,-64.8565169212378));
#8194=CARTESIAN_POINT('Ctrl Pts',(133.19801176337,571.529625013139,-65.0000216144742));
#8195=CARTESIAN_POINT('Ctrl Pts',(131.619781575643,569.52962148452,-63.));
#8196=CARTESIAN_POINT('Ctrl Pts',(131.619781575643,569.782536916263,-63.));
#8197=CARTESIAN_POINT('Ctrl Pts',(131.621784327331,570.05195315159,-63.0510096815578));
#8198=CARTESIAN_POINT('Ctrl Pts',(131.609621368552,570.430707386293,-63.2087653878326));
#8199=CARTESIAN_POINT('Ctrl Pts',(131.602014569725,570.55662921407,-63.278124782671));
#8200=CARTESIAN_POINT('Ctrl Pts',(131.587469005004,570.671562570838,-63.3580589062398));
#8201=CARTESIAN_POINT('Origin',(129.619781575643,21.0296214845197,-63.));
#8202=CARTESIAN_POINT('Origin',(107.119781575643,571.02962148452,-43.125));
#8203=CARTESIAN_POINT('',(108.755508836844,572.575937158892,-21.9565311061282));
#8204=CARTESIAN_POINT('Ctrl Pts',(108.755508836843,572.575937158892,-21.9565311061282));
#8205=CARTESIAN_POINT('Ctrl Pts',(110.949507804443,572.527397234845,-22.1854160183792));
#8206=CARTESIAN_POINT('Ctrl Pts',(113.098453991087,572.484930326003,-22.741231175371));
#8207=CARTESIAN_POINT('Ctrl Pts',(117.703168986454,572.406189072045,-24.717308591976));
#8208=CARTESIAN_POINT('Ctrl Pts',(120.037505411482,572.375220076155,-26.3077118201328));
#8209=CARTESIAN_POINT('Ctrl Pts',(123.96177135172,572.339650047328,-30.2927750287065));
#8210=CARTESIAN_POINT('Ctrl Pts',(125.513144986263,572.335185520995,-32.6442162117642));
#8211=CARTESIAN_POINT('Ctrl Pts',(127.597931302353,572.353248423359,-37.737819719957));
#8212=CARTESIAN_POINT('Ctrl Pts',(128.139007952231,572.374875885192,-40.4155556590746));
#8213=CARTESIAN_POINT('Ctrl Pts',(128.1728274608,572.410318333773,-43.1250000000001));
#8214=CARTESIAN_POINT('',(112.134424246731,572.820444960949,-22.1053711995809));
#8215=CARTESIAN_POINT('Ctrl Pts',(108.755508836844,572.575937158892,-21.9565311061282));
#8216=CARTESIAN_POINT('Ctrl Pts',(109.944467893506,572.626108294739,-21.987059192705));
#8217=CARTESIAN_POINT('Ctrl Pts',(111.039196134203,572.723092790053,-22.0453606840622));
#8218=CARTESIAN_POINT('Ctrl Pts',(112.134424246731,572.820444960949,-22.1053711995809));
#8219=CARTESIAN_POINT('',(121.098698856668,571.266769186212,-23.0215499511418));
#8220=CARTESIAN_POINT('Ctrl Pts',(112.134424246731,572.820444960949,-22.1053711995809));
#8221=CARTESIAN_POINT('Ctrl Pts',(115.262878689066,573.098525689544,-22.2767876942032));
#8222=CARTESIAN_POINT('Ctrl Pts',(117.798408399752,573.057726158185,-23.034384746135));
#8223=CARTESIAN_POINT('Ctrl Pts',(119.708145498637,572.915738714792,-23.6648656856976));
#8224=CARTESIAN_POINT('Ctrl Pts',(120.106156539333,572.876487364876,-23.8030464691172));
#8225=CARTESIAN_POINT('Ctrl Pts',(120.77196867433,572.781721709094,-24.0336153543047));
#8226=CARTESIAN_POINT('Ctrl Pts',(121.29038575858,572.697467229714,-24.2197672578381));
#8227=CARTESIAN_POINT('Ctrl Pts',(121.82647212005,572.511854447304,-24.3548673445442));
#8228=CARTESIAN_POINT('Ctrl Pts',(121.956502093244,572.454247047185,-24.3792501562465));
#8229=CARTESIAN_POINT('Ctrl Pts',(122.100153129697,572.359866166076,-24.3819887382998));
#8230=CARTESIAN_POINT('Ctrl Pts',(122.142278395484,572.326953931283,-24.378673862747));
#8231=CARTESIAN_POINT('Ctrl Pts',(122.193188364298,572.272230383746,-24.3626052878881));
#8232=CARTESIAN_POINT('Ctrl Pts',(122.207734410362,572.253863910744,-24.3558089262703));
#8233=CARTESIAN_POINT('Ctrl Pts',(122.229453708534,572.219808024177,-24.3402844777587));
#8234=CARTESIAN_POINT('Ctrl Pts',(122.237384009016,572.204742065523,-24.3324829649771));
#8235=CARTESIAN_POINT('Ctrl Pts',(122.250977222446,572.171926317184,-24.313439738933));
#8236=CARTESIAN_POINT('Ctrl Pts',(122.255988678396,572.154513751452,-24.3021085121653));
#8237=CARTESIAN_POINT('Ctrl Pts',(122.264423623213,572.105454768553,-24.2670260243083));
#8238=CARTESIAN_POINT('Ctrl Pts',(122.262851837418,572.075074594627,-24.2415275834324));
#8239=CARTESIAN_POINT('Ctrl Pts',(122.248224367486,572.006905840189,-24.178258093386));
#8240=CARTESIAN_POINT('Ctrl Pts',(122.23074659534,571.96997522225,-24.1387802523997));
#8241=CARTESIAN_POINT('Ctrl Pts',(122.168882741589,571.872499711232,-24.0263808477802));
#8242=CARTESIAN_POINT('Ctrl Pts',(122.109031803917,571.813757032422,-23.9469358559051));
#8243=CARTESIAN_POINT('Ctrl Pts',(121.918708675629,571.657285997995,-23.7211748606169));
#8244=CARTESIAN_POINT('Ctrl Pts',(121.73379878359,571.548880230982,-23.5398476376874));
#8245=CARTESIAN_POINT('Ctrl Pts',(121.372796700146,571.378911613651,-23.2335335407878));
#8246=CARTESIAN_POINT('Ctrl Pts',(121.238011766896,571.321720274203,-23.1264136150574));
#8247=CARTESIAN_POINT('Ctrl Pts',(121.098698856668,571.266769186213,-23.0215499511418));
#8248=CARTESIAN_POINT('Ctrl Pts',(131.619781575643,571.02962148452,-43.1250000000001));
#8249=CARTESIAN_POINT('Ctrl Pts',(131.619781575643,571.071997942907,-38.2392436212069));
#8250=CARTESIAN_POINT('Ctrl Pts',(130.114403577822,571.123515613672,-33.3637373032071));
#8251=CARTESIAN_POINT('Ctrl Pts',(127.360231089642,571.174968714209,-29.3295261924568));
#8252=CARTESIAN_POINT('Ctrl Pts',(125.680210340783,571.206354648411,-26.8686932560924));
#8253=CARTESIAN_POINT('Ctrl Pts',(123.545896592419,571.237658962358,-24.7189728271724));
#8254=CARTESIAN_POINT('Ctrl Pts',(121.098698856668,571.266769186213,-23.0215499511418));
#8255=CARTESIAN_POINT('Ctrl Pts',(131.619781575643,474.510657136234,-117.130139962005));
#8256=CARTESIAN_POINT('Ctrl Pts',(131.619781575643,475.094674453675,-122.655234381001));
#8257=CARTESIAN_POINT('Ctrl Pts',(129.096661617656,476.251009003503,-131.815075316884));
#8258=CARTESIAN_POINT('Ctrl Pts',(120.522677148678,477.928240134933,-141.636944513059));
#8259=CARTESIAN_POINT('Ctrl Pts',(113.957594527147,478.792782216752,-145.186970208116));
#8260=CARTESIAN_POINT('Ctrl Pts',(110.45638223284,479.175125648472,-146.335278336601));
#8261=CARTESIAN_POINT('Ctrl Pts',(131.619781575643,506.68364525233,-113.71175997467));
#8262=CARTESIAN_POINT('Ctrl Pts',(131.619781575643,507.223309251269,-118.817102123437));
#8263=CARTESIAN_POINT('Ctrl Pts',(129.288305889111,508.291850777384,-127.281363109084));
#8264=CARTESIAN_POINT('Ctrl Pts',(121.365324027135,509.841723299378,-136.357463317042));
#8265=CARTESIAN_POINT('Ctrl Pts',(115.298871168271,510.640580624762,-139.637833587824));
#8266=CARTESIAN_POINT('Ctrl Pts',(112.063661072361,510.993865365289,-140.698901457905));
#8267=CARTESIAN_POINT('Ctrl Pts',(131.619781575643,538.856633368425,-110.293379987335));
#8268=CARTESIAN_POINT('Ctrl Pts',(131.619781575643,539.351944048862,-114.978969865872));
#8269=CARTESIAN_POINT('Ctrl Pts',(129.479950160565,540.332692551266,-122.747650901284));
#8270=CARTESIAN_POINT('Ctrl Pts',(122.207970905591,541.755206463822,-131.077982121026));
#8271=CARTESIAN_POINT('Ctrl Pts',(116.640147809395,542.488379032773,-134.088696967531));
#8272=CARTESIAN_POINT('Ctrl Pts',(113.670939911882,542.812605082106,-135.062524579209));
#8273=CARTESIAN_POINT('Ctrl Pts',(131.619781575643,571.02962148452,-106.875));
#8274=CARTESIAN_POINT('Ctrl Pts',(131.619781575643,571.480578846455,-111.140837608308));
#8275=CARTESIAN_POINT('Ctrl Pts',(129.67159443202,572.373534325147,-118.213938693484));
#8276=CARTESIAN_POINT('Ctrl Pts',(123.050617784048,573.668689628266,-125.79850092501));
#8277=CARTESIAN_POINT('Ctrl Pts',(117.981424450519,574.336177440783,-128.539560347239));
#8278=CARTESIAN_POINT('Ctrl Pts',(115.278218751403,574.631344798923,-129.426147700513));
#8279=CARTESIAN_POINT('',(123.063712121683,478.836705127235,-138.232227962983));
#8280=CARTESIAN_POINT('Ctrl Pts',(131.619781575643,478.27962148452,-116.7296875));
#8281=CARTESIAN_POINT('Ctrl Pts',(131.619781575643,478.371265257388,-121.245187329309));
#8282=CARTESIAN_POINT('Ctrl Pts',(130.626965417059,478.477170731113,-125.759349676195));
#8283=CARTESIAN_POINT('Ctrl Pts',(128.734538495497,478.587140202418,-129.85844677941));
#8284=CARTESIAN_POINT('Ctrl Pts',(127.315218304326,478.669617305897,-132.932769606822));
#8285=CARTESIAN_POINT('Ctrl Pts',(125.389867058979,478.754380408015,-135.773618234668));
#8286=CARTESIAN_POINT('Ctrl Pts',(123.063712121683,478.836705127235,-138.232227962983));
#8287=CARTESIAN_POINT('',(110.45638223284,479.175125648473,-146.335278336601));
#8288=CARTESIAN_POINT('Ctrl Pts',(123.063712121683,478.836705127235,-138.232227962983));
#8289=CARTESIAN_POINT('Ctrl Pts',(120.124012075014,478.940743760714,-141.339318989975));
#8290=CARTESIAN_POINT('Ctrl Pts',(116.539927536364,479.04080750405,-143.830613785287));
#8291=CARTESIAN_POINT('Ctrl Pts',(112.61152444417,479.128780837652,-145.508121154751));
#8292=CARTESIAN_POINT('Ctrl Pts',(111.903697169287,479.144632043225,-145.810377680382));
#8293=CARTESIAN_POINT('Ctrl Pts',(111.184691410043,479.160090727236,-146.08621416585));
#8294=CARTESIAN_POINT('Ctrl Pts',(110.456563379568,479.175122961957,-146.335180604149));
#8295=CARTESIAN_POINT('',(118.773321482645,570.188777076375,-128.57279535455));
#8296=CARTESIAN_POINT('Ctrl Pts',(110.45638223284,479.175125648473,-146.335278336601));
#8297=CARTESIAN_POINT('Ctrl Pts',(111.85064307505,494.639946225318,-143.384072400609));
#8298=CARTESIAN_POINT('Ctrl Pts',(113.286086640913,510.487977865309,-140.336184650914));
#8299=CARTESIAN_POINT('Ctrl Pts',(116.020876822249,540.447712806613,-134.499470496187));
#8300=CARTESIAN_POINT('Ctrl Pts',(117.411421905429,555.573788214704,-131.517910239742));
#8301=CARTESIAN_POINT('Ctrl Pts',(118.773321482645,570.188777076375,-128.57279535455));
#8302=CARTESIAN_POINT('Ctrl Pts',(121.845274579432,571.257702358477,-126.439526181364));
#8303=CARTESIAN_POINT('Ctrl Pts',(120.861372372295,570.938082541434,-127.225992728147));
#8304=CARTESIAN_POINT('Ctrl Pts',(119.831963401303,570.586069513891,-127.937140306544));
#8305=CARTESIAN_POINT('Ctrl Pts',(118.773321482645,570.188777076375,-128.57279535455));
#8306=CARTESIAN_POINT('Ctrl Pts',(110.45638223284,479.175125648472,-3.66472166339927));
#8307=CARTESIAN_POINT('Ctrl Pts',(115.708200674301,478.601610500891,-5.38718385612623));
#8308=CARTESIAN_POINT('Ctrl Pts',(123.62853478186,477.456197298164,-10.638990026447));
#8309=CARTESIAN_POINT('Ctrl Pts',(130.291953767369,475.775092097338,-21.8442826755284));
#8310=CARTESIAN_POINT('Ctrl Pts',(131.619781575643,474.900002014528,-29.1864637586642));
#8311=CARTESIAN_POINT('Ctrl Pts',(131.619781575643,474.510657136234,-32.8698600379948));
#8312=CARTESIAN_POINT('Ctrl Pts',(112.063661072361,510.993865365289,-9.30109854209524));
#8313=CARTESIAN_POINT('Ctrl Pts',(116.916476216226,510.463938254499,-10.892700347217));
#8314=CARTESIAN_POINT('Ctrl Pts',(124.235357189034,509.40553188389,-15.7456437956368));
#8315=CARTESIAN_POINT('Ctrl Pts',(130.392826889577,507.852063625282,-26.1001427820876));
#8316=CARTESIAN_POINT('Ctrl Pts',(131.619781575643,507.043421251622,-32.8846785928188));
#8317=CARTESIAN_POINT('Ctrl Pts',(131.619781575643,506.68364525233,-36.2882400253299));
#8318=CARTESIAN_POINT('Ctrl Pts',(113.670939911882,542.812605082106,-14.9374754207912));
#8319=CARTESIAN_POINT('Ctrl Pts',(118.124751758151,542.326266008106,-16.3982168383077));
#8320=CARTESIAN_POINT('Ctrl Pts',(124.842179596207,541.354866469616,-20.8522975648266));
#8321=CARTESIAN_POINT('Ctrl Pts',(130.493700011786,539.929035153227,-30.3560028886467));
#8322=CARTESIAN_POINT('Ctrl Pts',(131.619781575643,539.186840488716,-36.5828934269733));
#8323=CARTESIAN_POINT('Ctrl Pts',(131.619781575643,538.856633368425,-39.706620012665));
#8324=CARTESIAN_POINT('Ctrl Pts',(115.278218751403,574.631344798923,-20.5738522994872));
#8325=CARTESIAN_POINT('Ctrl Pts',(119.333027300077,574.188593761713,-21.9037333293985));
#8326=CARTESIAN_POINT('Ctrl Pts',(125.449002003381,573.304201055342,-25.9589513340164));
#8327=CARTESIAN_POINT('Ctrl Pts',(130.594573133995,572.006006681172,-34.6118629952059));
#8328=CARTESIAN_POINT('Ctrl Pts',(131.619781575643,571.33025972581,-40.2811082611279));
#8329=CARTESIAN_POINT('Ctrl Pts',(131.619781575643,571.02962148452,-43.1250000000001));
#8330=CARTESIAN_POINT('',(118.781377421842,570.275225615203,-21.4446259518294));
#8331=CARTESIAN_POINT('',(110.45638223284,479.175125648473,-3.66472166339934));
#8332=CARTESIAN_POINT('Ctrl Pts',(118.781377421842,570.275225615203,-21.4446259518293));
#8333=CARTESIAN_POINT('Ctrl Pts',(117.449731811753,555.985686962896,-18.5648374943973));
#8334=CARTESIAN_POINT('Ctrl Pts',(116.091460809215,541.215470097644,-15.6518748354196));
#8335=CARTESIAN_POINT('Ctrl Pts',(113.35244789486,511.220666995387,-9.80471850969948));
#8336=CARTESIAN_POINT('Ctrl Pts',(111.882288501384,494.990950015651,-6.68291088344748));
#8337=CARTESIAN_POINT('Ctrl Pts',(110.45638223284,479.175125648473,-3.66472166339933));
#8338=CARTESIAN_POINT('',(114.574601601866,479.083157706723,-5.41100863161718));
#8339=CARTESIAN_POINT('Ctrl Pts',(110.45638223284,479.175125648473,-3.66472166339933));
#8340=CARTESIAN_POINT('Ctrl Pts',(111.868055110613,479.145975560837,-4.14767723668544));
#8341=CARTESIAN_POINT('Ctrl Pts',(113.244109114128,479.115077035789,-4.73401749576746));
#8342=CARTESIAN_POINT('Ctrl Pts',(114.572022587128,479.082901839925,-5.41524080238152));
#8343=CARTESIAN_POINT('Ctrl Pts',(114.574601601866,479.083157706723,-5.41100863161719));
#8344=CARTESIAN_POINT('Ctrl Pts',(117.484974251643,479.012947201401,-6.89855745977436));
#8345=CARTESIAN_POINT('Ctrl Pts',(120.160346437529,478.936416187109,-8.84679221443107));
#8346=CARTESIAN_POINT('Ctrl Pts',(122.472199503443,478.8572510971,-11.1616041480297));
#8347=CARTESIAN_POINT('Ctrl Pts',(124.784052569357,478.778086007091,-13.4764160816284));
#8348=CARTESIAN_POINT('Ctrl Pts',(126.732386515299,478.696286841365,-16.1578051941689));
#8349=CARTESIAN_POINT('Ctrl Pts',(128.215769945493,478.616118657417,-19.0754116250755));
#8350=CARTESIAN_POINT('Ctrl Pts',(130.440845090784,478.495866381494,-23.4518212714354));
#8351=CARTESIAN_POINT('Ctrl Pts',(131.619781575643,478.379283814572,-28.3597198841189));
#8352=CARTESIAN_POINT('Ctrl Pts',(131.619781575643,478.27962148452,-33.2703125));
#8353=CARTESIAN_POINT('Ctrl Pts',(118.781377421842,570.275225615203,-21.4446259518293));
#8354=CARTESIAN_POINT('Ctrl Pts',(119.566866459082,570.64072026751,-21.9271500802708));
#8355=CARTESIAN_POINT('Ctrl Pts',(120.3421970377,570.968371873638,-22.4521156297584));
#8356=CARTESIAN_POINT('Ctrl Pts',(121.098698856668,571.266769186212,-23.0215499511418));
#8357=CARTESIAN_POINT('Ctrl Pts',(112.977324506273,570.27155244759,-129.333636544342));
#8358=CARTESIAN_POINT('Ctrl Pts',(109.535525174955,580.044131905421,-122.352402047771));
#8359=CARTESIAN_POINT('Ctrl Pts',(103.504887515419,597.144539478416,-110.13666557307));
#8360=CARTESIAN_POINT('Ctrl Pts',(97.4343335389273,614.237590195622,-97.9302066160985));
#8361=CARTESIAN_POINT('Ctrl Pts',(94.8091297878086,621.560177734453,-92.7062031540837));
#8362=CARTESIAN_POINT('Ctrl Pts',(116.085978705129,570.211441893291,-129.375273194338));
#8363=CARTESIAN_POINT('Ctrl Pts',(112.309040877435,579.987284933856,-122.359639638903));
#8364=CARTESIAN_POINT('Ctrl Pts',(105.696076537936,597.094729687422,-110.085567657328));
#8365=CARTESIAN_POINT('Ctrl Pts',(99.0677194529311,614.200286278465,-97.8175727732929));
#8366=CARTESIAN_POINT('Ctrl Pts',(96.2171257240376,621.529801740646,-92.5634167869662));
#8367=CARTESIAN_POINT('Ctrl Pts',(122.340498402238,570.145299431111,-128.007422979719));
#8368=CARTESIAN_POINT('Ctrl Pts',(117.883395426281,579.923753153214,-121.134365306376));
#8369=CARTESIAN_POINT('Ctrl Pts',(110.089068912846,597.036954558281,-109.105618949496));
#8370=CARTESIAN_POINT('Ctrl Pts',(102.320983198098,614.154510346523,-97.0689669295531));
#8371=CARTESIAN_POINT('Ctrl Pts',(99.0080305552705,621.492781289166,-91.9048820546619));
#8372=CARTESIAN_POINT('Ctrl Pts',(129.853785882606,570.169351152643,-121.997206604623));
#8373=CARTESIAN_POINT('Ctrl Pts',(124.661764276628,579.94381174757,-115.903013719521));
#8374=CARTESIAN_POINT('Ctrl Pts',(115.588186538827,597.04877697579,-105.227932769168));
#8375=CARTESIAN_POINT('Ctrl Pts',(106.591171456928,614.156691658318,-94.4962834157463));
#8376=CARTESIAN_POINT('Ctrl Pts',(102.78585152257,621.496695946605,-89.8687197613602));
#8377=CARTESIAN_POINT('Ctrl Pts',(133.227292356898,570.29879312826,-114.760950158224));
#8378=CARTESIAN_POINT('Ctrl Pts',(127.865898144039,580.062200830102,-109.613500040893));
#8379=CARTESIAN_POINT('Ctrl Pts',(118.500153215391,597.143527638984,-100.58069531857));
#8380=CARTESIAN_POINT('Ctrl Pts',(109.244687201966,614.218110496176,-91.4229047295475));
#8381=CARTESIAN_POINT('Ctrl Pts',(105.351748107815,621.550201443608,-87.4485776280927));
#8382=CARTESIAN_POINT('Ctrl Pts',(133.664925231027,570.442882619993,-110.11213608428));
#8383=CARTESIAN_POINT('Ctrl Pts',(128.443751633142,580.195148885574,-105.555708221323));
#8384=CARTESIAN_POINT('Ctrl Pts',(119.31761089914,597.251578334215,-97.5458908967793));
#8385=CARTESIAN_POINT('Ctrl Pts',(110.319835307077,614.288524623437,-89.3452256830226));
#8386=CARTESIAN_POINT('Ctrl Pts',(106.553268189129,621.610196250758,-85.7701218401303));
#8387=CARTESIAN_POINT('Ctrl Pts',(133.638201539615,570.4989987144,-108.569425043892));
#8388=CARTESIAN_POINT('Ctrl Pts',(128.489207432791,580.247291382226,-104.206399713167));
#8389=CARTESIAN_POINT('Ctrl Pts',(119.488349693983,597.294496603956,-96.5310758736191));
#8390=CARTESIAN_POINT('Ctrl Pts',(110.61979508607,614.316433921595,-88.6384327715076));
#8391=CARTESIAN_POINT('Ctrl Pts',(106.914166583426,621.633840894036,-85.1919568805789));
#8392=CARTESIAN_POINT('',(133.619781575643,570.494121348772,-109.456014169111));
#8393=CARTESIAN_POINT('Ctrl Pts',(133.619781575643,570.494121348772,-109.456014169111));
#8394=CARTESIAN_POINT('Ctrl Pts',(133.543034752014,570.429468225272,-111.923768043505));
#8395=CARTESIAN_POINT('Ctrl Pts',(133.023691568729,570.374587834093,-114.360013219402));
#8396=CARTESIAN_POINT('Ctrl Pts',(131.063730318111,570.281161145911,-119.129054963843));
#8397=CARTESIAN_POINT('Ctrl Pts',(129.568029430975,570.245133803532,-121.38767095839));
#8398=CARTESIAN_POINT('Ctrl Pts',(125.797269666366,570.196783576487,-125.19569898605));
#8399=CARTESIAN_POINT('Ctrl Pts',(123.560897150625,570.184772617246,-126.710363420168));
#8400=CARTESIAN_POINT('Ctrl Pts',(120.33875950611,570.185076671969,-128.072180367711));
#8401=CARTESIAN_POINT('Ctrl Pts',(119.562981237186,570.186325018441,-128.346236607622));
#8402=CARTESIAN_POINT('Ctrl Pts',(118.773321482645,570.188777076375,-128.57279535455));
#8403=CARTESIAN_POINT('',(133.619781575643,570.533872220665,-108.553816643597));
#8404=CARTESIAN_POINT('Ctrl Pts',(133.619781575643,570.494121348772,-109.456014169111));
#8405=CARTESIAN_POINT('Ctrl Pts',(133.619781575643,570.518932321766,-109.15503761693));
#8406=CARTESIAN_POINT('Ctrl Pts',(133.619781575643,570.53268745872,-108.853937403723));
#8407=CARTESIAN_POINT('Ctrl Pts',(133.619781575643,570.533872220665,-108.553816643597));
#8408=CARTESIAN_POINT('',(107.28334785591,620.90558839182,-85.5348237300221));
#8409=CARTESIAN_POINT('Ctrl Pts',(133.619781556315,570.53387221889,-108.553816662859));
#8410=CARTESIAN_POINT('Ctrl Pts',(128.476940956558,580.27052362135,-104.195939537046));
#8411=CARTESIAN_POINT('Ctrl Pts',(119.610292905595,597.063693186251,-96.6348390515815));
#8412=CARTESIAN_POINT('Ctrl Pts',(110.872034490319,613.832342265667,-88.8628475557574));
#8413=CARTESIAN_POINT('Ctrl Pts',(107.283323369787,620.90556494142,-85.5347965939997));
#8414=CARTESIAN_POINT('Ctrl Pts',(107.28334785591,620.90558839182,-85.5348237300221));
#8415=CARTESIAN_POINT('Ctrl Pts',(106.533623243156,621.118924481422,-86.4474500141617));
#8416=CARTESIAN_POINT('Ctrl Pts',(105.225954656178,621.34828533092,-87.7661715553997));
#8417=CARTESIAN_POINT('Ctrl Pts',(103.864278179278,621.474893562986,-88.8455149159055));
#8418=CARTESIAN_POINT('Ctrl Pts',(103.268857156234,621.513784465761,-89.2704838432487));
#8419=CARTESIAN_POINT('Origin',(125.619781575643,478.27962148452,-72.75));
#8420=CARTESIAN_POINT('',(126.619781575643,472.36354170142,-116.7296875));
#8421=CARTESIAN_POINT('',(126.619781575643,472.36354170142,-88.9901868523592));
#8422=CARTESIAN_POINT('',(126.619781575643,472.36354170142,-72.75));
#8423=CARTESIAN_POINT('Origin',(125.619781575643,478.27962148452,-116.7296875));
#8424=CARTESIAN_POINT('',(129.619781575643,473.80748552952,-87.5));
#8425=CARTESIAN_POINT('Origin',(125.619781575643,478.27962148452,-87.5));
#8426=CARTESIAN_POINT('',(128.524519085299,473.02962148452,-87.5000000000001));
#8427=CARTESIAN_POINT('Origin',(125.619781575643,478.27962148452,-87.5));
#8428=CARTESIAN_POINT('Ctrl Pts',(128.524519085299,473.02962148452,-87.5000000000001));
#8429=CARTESIAN_POINT('Ctrl Pts',(128.524519085299,473.02962148452,-87.5962542321532));
#8430=CARTESIAN_POINT('Ctrl Pts',(128.511801643596,473.022525033152,-87.6931454197778));
#8431=CARTESIAN_POINT('Ctrl Pts',(128.461780032749,472.995321783484,-87.8808368388625));
#8432=CARTESIAN_POINT('Ctrl Pts',(128.424450400753,472.975219100961,-87.9716308798093));
#8433=CARTESIAN_POINT('Ctrl Pts',(128.282133645553,472.901583249506,-88.2258761670405));
#8434=CARTESIAN_POINT('Ctrl Pts',(128.144906116213,472.834576218558,-88.3708190868537));
#8435=CARTESIAN_POINT('Ctrl Pts',(127.814086550396,472.691577140376,-88.6246488768089));
#8436=CARTESIAN_POINT('Ctrl Pts',(127.559301047958,472.596833787326,-88.7466919769147));
#8437=CARTESIAN_POINT('Ctrl Pts',(127.115816375674,472.464711074277,-88.8964502869115));
#8438=CARTESIAN_POINT('Ctrl Pts',(126.8719501132,472.406165963905,-88.9520323314218));
#8439=CARTESIAN_POINT('Ctrl Pts',(126.619781575643,472.36354170142,-88.9901868523593));
#8440=CARTESIAN_POINT('Origin',(129.619781575643,21.0296214845197,-87.5));
#8441=CARTESIAN_POINT('',(131.604095058935,478.27962148452,-87.2499999999428));
#8442=CARTESIAN_POINT('Origin',(129.619781575643,478.27962148452,-87.5));
#8443=CARTESIAN_POINT('Origin',(129.619781575643,478.52962148452,-87.5));
#8444=CARTESIAN_POINT('Origin',(129.619781575636,478.52962148452,-93.4930623221535));
#8445=CARTESIAN_POINT('',(131.323156250145,477.481520955829,-86.5481005287013));
#8446=CARTESIAN_POINT('Ctrl Pts',(131.323156250145,477.48152095583,-86.5481005287013));
#8447=CARTESIAN_POINT('Ctrl Pts',(131.331658607835,477.495339001299,-86.5601212827551));
#8448=CARTESIAN_POINT('Ctrl Pts',(131.339976581796,477.50923412638,-86.5721855908381));
#8449=CARTESIAN_POINT('Ctrl Pts',(131.529444833808,477.834608359624,-86.8542057982021));
#8450=CARTESIAN_POINT('Ctrl Pts',(131.584309994505,478.122582404056,-87.0929609195156));
#8451=CARTESIAN_POINT('Ctrl Pts',(131.604095058935,478.27962148452,-87.2499999999428));
#8452=CARTESIAN_POINT('Origin',(129.619781575636,478.52962148452,-85.5));
#8453=CARTESIAN_POINT('Origin',(129.619781575643,21.0296214845197,-85.5));
#8454=CARTESIAN_POINT('',(129.619781575643,473.02962148452,-87.5));
#8455=CARTESIAN_POINT('Origin',(129.619781575643,473.02962148452,-85.5));
#8456=CARTESIAN_POINT('',(129.619781575643,21.0296214845197,-87.5));
#8457=CARTESIAN_POINT('Ctrl Pts',(129.619781575643,473.80748552952,-87.5));
#8458=CARTESIAN_POINT('Ctrl Pts',(129.711383583612,473.889416856197,-87.5));
#8459=CARTESIAN_POINT('Ctrl Pts',(129.800522065868,473.974198075012,-87.4937046431279));
#8460=CARTESIAN_POINT('Ctrl Pts',(130.045213571953,474.222115319043,-87.4607791915668));
#8461=CARTESIAN_POINT('Ctrl Pts',(130.192948192152,474.390594272422,-87.4215054633161));
#8462=CARTESIAN_POINT('Ctrl Pts',(130.522987071619,474.822120095653,-87.2966343041989));
#8463=CARTESIAN_POINT('Ctrl Pts',(130.687351903459,475.089016323759,-87.1996952917647));
#8464=CARTESIAN_POINT('Ctrl Pts',(131.086636745275,475.930553539959,-86.8991188991411));
#8465=CARTESIAN_POINT('Ctrl Pts',(131.233825169359,476.543280519513,-86.6882701821285));
#8466=CARTESIAN_POINT('Ctrl Pts',(131.311489549532,477.3353813195,-86.566911022415));
#8467=CARTESIAN_POINT('Ctrl Pts',(131.317733247326,477.408350310442,-86.5569140016552));
#8468=CARTESIAN_POINT('Ctrl Pts',(131.323156250145,477.48152095583,-86.5481005287016));
#8469=CARTESIAN_POINT('Origin',(0.,473.02962148452,0.));
#8470=CARTESIAN_POINT('',(129.369781575643,473.02962148452,-118.));
#8471=CARTESIAN_POINT('Origin',(99.6197815756433,473.02962148452,-118.));
#8472=CARTESIAN_POINT('',(129.369781575643,473.02962148452,-87.5));
#8473=CARTESIAN_POINT('',(129.369781575643,473.02962148452,-118.));
#8474=CARTESIAN_POINT('',(68.8098907878217,473.02962148452,-87.5));
#8475=CARTESIAN_POINT('',(129.619781575643,473.02962148452,-63.));
#8476=CARTESIAN_POINT('Origin',(129.619781575643,473.02962148452,-65.));
#8477=CARTESIAN_POINT('',(129.369781575643,473.02962148452,-63.));
#8478=CARTESIAN_POINT('',(68.8098907878217,473.02962148452,-63.));
#8479=CARTESIAN_POINT('',(129.369781575643,473.02962148452,-32.5));
#8480=CARTESIAN_POINT('',(133.619781575355,473.029621484286,-19.9735103299797));
#8481=CARTESIAN_POINT('Ctrl Pts',(107.750053314499,473.02962148452,-2.40985257451247));
#8482=CARTESIAN_POINT('Ctrl Pts',(109.611852975443,473.02962148452,-2.40985257451247));
#8483=CARTESIAN_POINT('Ctrl Pts',(111.468976140619,473.02962148452,-2.59654144111741));
#8484=CARTESIAN_POINT('Ctrl Pts',(115.114958518893,473.02962148452,-3.33716447620963));
#8485=CARTESIAN_POINT('Ctrl Pts',(116.894789429907,473.02962148452,-3.88862064284116));
#8486=CARTESIAN_POINT('Ctrl Pts',(121.948886276301,473.02962148452,-6.02866259509999));
#8487=CARTESIAN_POINT('Ctrl Pts',(124.982471316936,473.02962148452,-8.08426300540215));
#8488=CARTESIAN_POINT('Ctrl Pts',(130.087859808118,473.02962148452,-13.2435963124114));
#8489=CARTESIAN_POINT('Ctrl Pts',(132.110897964565,473.02962148452,-16.2973308431667));
#8490=CARTESIAN_POINT('Ctrl Pts',(133.534260145719,473.02962148452,-19.7598321047526));
#8491=CARTESIAN_POINT('Ctrl Pts',(133.577358750322,473.02962148452,-19.866554826859));
#8492=CARTESIAN_POINT('Ctrl Pts',(133.619781575073,473.02962148452,-19.9735103300917));
#8493=CARTESIAN_POINT('',(133.61978157529,473.029621484273,-130.026489670363));
#8494=CARTESIAN_POINT('',(133.619781575643,473.02962148452,-5.03389097683476));
#8495=CARTESIAN_POINT('',(107.750053314499,473.02962148452,-147.590147425488));
#8496=CARTESIAN_POINT('Ctrl Pts',(133.619781574946,473.02962148452,-130.026489670227));
#8497=CARTESIAN_POINT('Ctrl Pts',(133.528302051079,473.02962148452,-130.257125856477));
#8498=CARTESIAN_POINT('Ctrl Pts',(133.433713569402,473.02962148452,-130.486595445238));
#8499=CARTESIAN_POINT('Ctrl Pts',(131.913625269679,473.02962148452,-134.038526013146));
#8500=CARTESIAN_POINT('Ctrl Pts',(129.856776430657,473.02962148452,-137.053115006032));
#8501=CARTESIAN_POINT('Ctrl Pts',(124.703493653537,473.02962148452,-142.127820592432));
#8502=CARTESIAN_POINT('Ctrl Pts',(121.655762773938,473.02962148452,-144.138926914249));
#8503=CARTESIAN_POINT('Ctrl Pts',(114.95799761326,473.02962148452,-146.883891245962));
#8504=CARTESIAN_POINT('Ctrl Pts',(111.371272959383,473.02962148452,-147.590147425488));
#8505=CARTESIAN_POINT('Ctrl Pts',(107.750053314499,473.02962148452,-147.590147425488));
#8506=CARTESIAN_POINT('',(53.8098907878216,473.02962148452,-147.590147425488));
#8507=CARTESIAN_POINT('Origin',(129.619781575643,21.0296214845197,-65.));
#8508=CARTESIAN_POINT('',(129.619781575643,473.80748552952,-63.));
#8509=CARTESIAN_POINT('',(129.619781575643,21.0296214845197,-63.));
#8510=CARTESIAN_POINT('',(131.323156249826,477.481520954909,-63.9518994711949));
#8511=CARTESIAN_POINT('Origin',(129.619781575643,478.52962148452,-65.));
#8512=CARTESIAN_POINT('Ctrl Pts',(131.323156250076,477.481520954891,-63.9518994711854));
#8513=CARTESIAN_POINT('Ctrl Pts',(131.306783553417,477.260609991058,-63.9252905380965));
#8514=CARTESIAN_POINT('Ctrl Pts',(131.283055140112,477.041992849775,-63.8878755241344));
#8515=CARTESIAN_POINT('Ctrl Pts',(131.189001192608,476.432359534961,-63.7555938233609));
#8516=CARTESIAN_POINT('Ctrl Pts',(131.098777070707,476.060709173223,-63.6410862376199));
#8517=CARTESIAN_POINT('Ctrl Pts',(130.746699875331,475.135080002593,-63.3224049141074));
#8518=CARTESIAN_POINT('Ctrl Pts',(130.439509701441,474.665225057317,-63.1340756091244));
#8519=CARTESIAN_POINT('Ctrl Pts',(129.980117507799,474.156683438834,-63.0311496438016));
#8520=CARTESIAN_POINT('Ctrl Pts',(129.900110271614,474.073506069008,-63.0180022614792));
#8521=CARTESIAN_POINT('Ctrl Pts',(129.753093745885,473.92945622481,-63.0034000996661));
#8522=CARTESIAN_POINT('Ctrl Pts',(129.68710402772,473.867700561222,-63.));
#8523=CARTESIAN_POINT('Ctrl Pts',(129.619781575643,473.80748552952,-63.));
#8524=CARTESIAN_POINT('Origin',(129.619781575636,478.52962148452,-93.4930623221535));
#8525=CARTESIAN_POINT('',(131.604095058935,478.27962148452,-63.2500000000572));
#8526=CARTESIAN_POINT('Origin',(129.619781575643,478.52962148452,-63.));
#8527=CARTESIAN_POINT('Ctrl Pts',(131.604095058935,478.27962148452,-63.2500000000572));
#8528=CARTESIAN_POINT('Ctrl Pts',(131.589079114205,478.160436118151,-63.3691853663984));
#8529=CARTESIAN_POINT('Ctrl Pts',(131.55405287954,477.966444879771,-63.5346942932486));
#8530=CARTESIAN_POINT('Ctrl Pts',(131.420685418325,477.654268853526,-63.8025405993776));
#8531=CARTESIAN_POINT('Ctrl Pts',(131.375403423402,477.566433146261,-63.8780316757643));
#8532=CARTESIAN_POINT('Ctrl Pts',(131.323156249849,477.481520955348,-63.9518994717172));
#8533=CARTESIAN_POINT('Origin',(129.619781575643,21.0296214845197,-63.));
#8534=CARTESIAN_POINT('Origin',(129.619781575643,478.27962148452,-63.));
#8535=CARTESIAN_POINT('Origin',(125.619781575643,478.27962148452,-5.00000000000002));
#8536=CARTESIAN_POINT('',(126.619781575617,472.363541701411,-33.2703125));
#8537=CARTESIAN_POINT('Ctrl Pts',(126.619781575251,472.36354170196,-33.2703125));
#8538=CARTESIAN_POINT('Ctrl Pts',(127.410325203243,472.497169458601,-33.2703125));
#8539=CARTESIAN_POINT('Ctrl Pts',(128.934718459837,473.086379441575,-33.2703125));
#8540=CARTESIAN_POINT('Ctrl Pts',(130.996597035025,475.076437208928,-33.2703125));
#8541=CARTESIAN_POINT('Ctrl Pts',(131.619781575643,477.076658679445,-33.2703125));
#8542=CARTESIAN_POINT('Ctrl Pts',(131.619781575643,478.27962148452,-33.2703125));
#8543=CARTESIAN_POINT('',(126.619781575638,472.363541701418,-61.5098131476392));
#8544=CARTESIAN_POINT('',(126.619781575643,472.36354170142,-5.00000000000002));
#8545=CARTESIAN_POINT('',(128.524519085299,473.02962148452,-63.));
#8546=CARTESIAN_POINT('Ctrl Pts',(126.619781575638,472.363541701419,-61.50981314764));
#8547=CARTESIAN_POINT('Ctrl Pts',(126.871950113196,472.406165963904,-61.5479676685775));
#8548=CARTESIAN_POINT('Ctrl Pts',(127.115816375673,472.464711074277,-61.603549713088));
#8549=CARTESIAN_POINT('Ctrl Pts',(127.559301047958,472.596833787326,-61.7533080230853));
#8550=CARTESIAN_POINT('Ctrl Pts',(127.814086550396,472.691577140376,-61.875351123191));
#8551=CARTESIAN_POINT('Ctrl Pts',(128.144906116213,472.834576218558,-62.1291809131462));
#8552=CARTESIAN_POINT('Ctrl Pts',(128.282133645553,472.901583249506,-62.2741238329594));
#8553=CARTESIAN_POINT('Ctrl Pts',(128.424450400753,472.975219100961,-62.5283691201906));
#8554=CARTESIAN_POINT('Ctrl Pts',(128.461780032749,472.995321783484,-62.6191631611374));
#8555=CARTESIAN_POINT('Ctrl Pts',(128.511801643596,473.022525033152,-62.8068545802221));
#8556=CARTESIAN_POINT('Ctrl Pts',(128.524519085299,473.02962148452,-62.9037457678468));
#8557=CARTESIAN_POINT('Ctrl Pts',(128.524519085299,473.02962148452,-63.));
#8558=CARTESIAN_POINT('Origin',(125.619781575643,478.27962148452,-63.));
#8559=CARTESIAN_POINT('Origin',(125.619781575643,478.27962148452,-63.));
#8560=CARTESIAN_POINT('Origin',(137.619781575643,19.5296214845197,-63.));
#8561=CARTESIAN_POINT('',(133.619781575643,519.52962148452,-63.));
#8562=CARTESIAN_POINT('',(135.619781575643,519.52962148452,-63.));
#8563=CARTESIAN_POINT('',(133.619781575643,345.27962148452,-63.));
#8564=CARTESIAN_POINT('Origin',(135.619781575643,519.52962148452,-65.));
#8565=CARTESIAN_POINT('',(133.619781575643,517.52962148452,-65.));
#8566=CARTESIAN_POINT('',(135.619781575643,517.52962148452,-65.));
#8567=CARTESIAN_POINT('Origin',(133.619781575643,519.52962148452,-65.));
#8568=CARTESIAN_POINT('Origin',(135.619781575643,517.52962148452,-85.5));
#8569=CARTESIAN_POINT('',(133.619781575643,517.52962148452,-85.5));
#8570=CARTESIAN_POINT('',(133.619781575643,517.52962148452,-47.7838909768348));
#8571=CARTESIAN_POINT('',(135.619781575643,517.52962148452,-85.5));
#8572=CARTESIAN_POINT('Origin',(135.619781575643,519.52962148452,-85.5));
#8573=CARTESIAN_POINT('',(133.619781575643,519.52962148452,-87.5));
#8574=CARTESIAN_POINT('',(135.619781575643,519.52962148452,-87.5));
#8575=CARTESIAN_POINT('Origin',(133.619781575643,519.52962148452,-85.5));
#8576=CARTESIAN_POINT('Origin',(137.619781575643,319.52962148452,-87.5));
#8577=CARTESIAN_POINT('',(133.619781575643,495.27962148452,-87.5));
#8578=CARTESIAN_POINT('Ctrl Pts',(123.063712121683,478.836705127235,-138.232227962983));
#8579=CARTESIAN_POINT('Ctrl Pts',(125.389867058979,478.754380408015,-135.773618234668));
#8580=CARTESIAN_POINT('Ctrl Pts',(129.882353298121,478.556599836407,-129.144971436359));
#8581=CARTESIAN_POINT('Ctrl Pts',(131.619781575643,478.371265257388,-121.245187329309));
#8582=CARTESIAN_POINT('Ctrl Pts',(131.619781575643,478.27962148452,-116.7296875));
#8583=CARTESIAN_POINT('Ctrl Pts',(123.149836346275,477.56797694674,-138.313342934167));
#8584=CARTESIAN_POINT('Ctrl Pts',(125.471588001403,477.49449197297,-135.832181315819));
#8585=CARTESIAN_POINT('Ctrl Pts',(129.939681498068,477.318962056571,-129.15933358486));
#8586=CARTESIAN_POINT('Ctrl Pts',(131.638347811153,477.156563365714,-121.245839359328));
#8587=CARTESIAN_POINT('Ctrl Pts',(131.619781575643,477.076600315613,-116.7296875));
#8588=CARTESIAN_POINT('Ctrl Pts',(122.783539918981,475.394676350589,-137.968351449074));
#8589=CARTESIAN_POINT('Ctrl Pts',(125.0535742882,475.346536073219,-135.513850830728));
#8590=CARTESIAN_POINT('Ctrl Pts',(129.406279599679,475.232131383507,-128.927711859563));
#8591=CARTESIAN_POINT('Ctrl Pts',(131.03222827002,475.127620594822,-121.155568797448));
#8592=CARTESIAN_POINT('Ctrl Pts',(130.995808974338,475.076472173554,-116.7296875));
#8593=CARTESIAN_POINT('Ctrl Pts',(121.261368644864,473.183886026525,-136.534714401878));
#8594=CARTESIAN_POINT('Ctrl Pts',(123.379103592329,473.168976793026,-134.246630143028));
#8595=CARTESIAN_POINT('Ctrl Pts',(127.441587300582,473.133664791589,-128.107416578591));
#8596=CARTESIAN_POINT('Ctrl Pts',(128.964775093513,473.101656512428,-120.859387498893));
#8597=CARTESIAN_POINT('Ctrl Pts',(128.934365363823,473.086039606232,-116.7296875));
#8598=CARTESIAN_POINT('Ctrl Pts',(120.093339433605,472.523266530734,-135.434621411069));
#8599=CARTESIAN_POINT('Ctrl Pts',(122.100744208438,472.519266544448,-133.280802179354));
#8600=CARTESIAN_POINT('Ctrl Pts',(125.960792892205,472.509748592356,-127.493830780661));
#8601=CARTESIAN_POINT('Ctrl Pts',(127.426669513544,472.501085219255,-120.640003632426));
#8602=CARTESIAN_POINT('Ctrl Pts',(127.409557823939,472.496894825075,-116.7296875));
#8603=CARTESIAN_POINT('Ctrl Pts',(119.484626356123,472.373546274364,-134.861312983937));
#8604=CARTESIAN_POINT('Ctrl Pts',(121.435000880339,472.371994473804,-132.777852242522));
#8605=CARTESIAN_POINT('Ctrl Pts',(125.190935937371,472.368319763946,-127.1750758467));
#8606=CARTESIAN_POINT('Ctrl Pts',(126.628360462662,472.364990146324,-120.526262573675));
#8607=CARTESIAN_POINT('Ctrl Pts',(126.618737670863,472.363365344035,-116.7296875));
#8608=CARTESIAN_POINT('Ctrl Pts',(126.619781575643,472.368783947098,-118.));
#8609=CARTESIAN_POINT('Ctrl Pts',(126.619781575643,472.365161907449,-117.567605278447));
#8610=CARTESIAN_POINT('Ctrl Pts',(126.619781575643,472.36354170142,-117.14107011825));
#8611=CARTESIAN_POINT('Ctrl Pts',(126.619781575643,472.36354170142,-116.7296875));
#8612=CARTESIAN_POINT('Ctrl Pts',(123.063712121683,478.836705127235,-138.232227962983));
#8613=CARTESIAN_POINT('Ctrl Pts',(123.140385137239,477.707206243722,-138.304441436914));
#8614=CARTESIAN_POINT('Ctrl Pts',(122.761671712513,474.997793508177,-137.947755165671));
#8615=CARTESIAN_POINT('Ctrl Pts',(121.21061275832,473.128572622965,-136.486910635936));
#8616=CARTESIAN_POINT('Ctrl Pts',(120.172695172414,472.623717917309,-135.509361572704));
#8617=CARTESIAN_POINT('Origin',(125.619781575643,478.27962148452,-87.5));
#8618=CARTESIAN_POINT('Origin',(125.619781575643,478.27962148452,-63.));
#8619=CARTESIAN_POINT('Ctrl Pts',(131.619781575643,478.27962148452,-33.2703125));
#8620=CARTESIAN_POINT('Ctrl Pts',(131.619781575643,478.379283814572,-28.3597198841189));
#8621=CARTESIAN_POINT('Ctrl Pts',(129.654887434212,478.573588092776,-20.1798888629798));
#8622=CARTESIAN_POINT('Ctrl Pts',(122.835718623416,478.859885172817,-10.7950269690878));
#8623=CARTESIAN_POINT('Ctrl Pts',(117.484974251643,479.012947201401,-6.89855745977435));
#8624=CARTESIAN_POINT('Ctrl Pts',(114.574601601866,479.083157706723,-5.41100863161718));
#8625=CARTESIAN_POINT('Ctrl Pts',(131.619781575643,477.076658679445,-33.2703125));
#8626=CARTESIAN_POINT('Ctrl Pts',(131.639940720861,477.163616155911,-28.3591148352171));
#8627=CARTESIAN_POINT('Ctrl Pts',(129.716249976129,477.33391866857,-20.1637905382992));
#8628=CARTESIAN_POINT('Ctrl Pts',(122.929026524139,477.588361737602,-10.7103010562443));
#8629=CARTESIAN_POINT('Ctrl Pts',(117.574117962275,477.725736051852,-6.76648278276755));
#8630=CARTESIAN_POINT('Ctrl Pts',(114.654644561563,477.789087046992,-5.25552094408531));
#8631=CARTESIAN_POINT('Ctrl Pts',(130.996597035025,475.076437208928,-33.2703125));
#8632=CARTESIAN_POINT('Ctrl Pts',(131.036226029691,475.132065749078,-28.4570874745268));
#8633=CARTESIAN_POINT('Ctrl Pts',(129.191519478078,475.241754592874,-20.4059303761548));
#8634=CARTESIAN_POINT('Ctrl Pts',(122.574489282091,475.407748523111,-11.0714268337997));
#8635=CARTESIAN_POINT('Ctrl Pts',(117.322602678274,475.498449482242,-7.15340897593363));
#8636=CARTESIAN_POINT('Ctrl Pts',(114.452685496452,475.540433359191,-5.64783712191333));
#8637=CARTESIAN_POINT('Ctrl Pts',(128.934559253637,473.086225780957,-33.2703125));
#8638=CARTESIAN_POINT('Ctrl Pts',(128.96761559921,473.103211278951,-28.7792913346816));
#8639=CARTESIAN_POINT('Ctrl Pts',(127.240258953332,473.136818445565,-21.2717294054603));
#8640=CARTESIAN_POINT('Ctrl Pts',(121.065254652471,473.188087119856,-12.5706646731545));
#8641=CARTESIAN_POINT('Ctrl Pts',(116.167630239367,473.216279788639,-8.91887273184789));
#8642=CARTESIAN_POINT('Ctrl Pts',(113.49139724005,473.229366121111,-7.51519046074153));
#8643=CARTESIAN_POINT('Ctrl Pts',(127.409913206511,472.497010225667,-33.2703125));
#8644=CARTESIAN_POINT('Ctrl Pts',(127.428536122588,472.501570627876,-29.0177639507928));
#8645=CARTESIAN_POINT('Ctrl Pts',(125.768152930196,472.510683884088,-21.9195950747776));
#8646=CARTESIAN_POINT('Ctrl Pts',(119.903863769267,472.52446047891,-13.7203590829341));
#8647=CARTESIAN_POINT('Ctrl Pts',(115.269856807663,472.532092485397,-10.2891662304495));
#8648=CARTESIAN_POINT('Ctrl Pts',(112.741144994255,472.535607503997,-8.9725951744889));
#8649=CARTESIAN_POINT('Ctrl Pts',(126.619140513155,472.363433377806,-33.2703125));
#8650=CARTESIAN_POINT('Ctrl Pts',(126.62960941007,472.365201777578,-29.1414854371292));
#8651=CARTESIAN_POINT('Ctrl Pts',(125.002561157976,472.368699597114,-22.256123933729));
#8652=CARTESIAN_POINT('Ctrl Pts',(119.298303962328,472.374039464885,-14.319552685744));
#8653=CARTESIAN_POINT('Ctrl Pts',(114.801133174304,472.376975973275,-11.0044244288212));
#8654=CARTESIAN_POINT('Ctrl Pts',(112.349247226053,472.378339472767,-9.73387734043363));
#8655=CARTESIAN_POINT('',(126.619781575643,472.365451152454,-32.4999999981725));
#8656=CARTESIAN_POINT('Ctrl Pts',(126.619781575643,472.36354170142,-33.2703125));
#8657=CARTESIAN_POINT('Ctrl Pts',(126.619781575643,472.36354170142,-33.0176592511825));
#8658=CARTESIAN_POINT('Ctrl Pts',(126.619781575643,472.364154087266,-32.7601874531857));
#8659=CARTESIAN_POINT('Ctrl Pts',(126.619781575643,472.365451152445,-32.4999999981725));
#8660=CARTESIAN_POINT('',(112.769086686445,472.6231899452,-8.91831695788584));
#8661=CARTESIAN_POINT('Ctrl Pts',(112.769086686439,472.623189945225,-8.91831695789248));
#8662=CARTESIAN_POINT('Ctrl Pts',(113.273959302487,473.013444285048,-7.93757516792298));
#8663=CARTESIAN_POINT('Ctrl Pts',(114.328005270262,474.698199992384,-5.89003506317676));
#8664=CARTESIAN_POINT('Ctrl Pts',(114.670229250211,477.537126244988,-5.22524686116892));
#8665=CARTESIAN_POINT('Ctrl Pts',(114.574601601866,479.083157706723,-5.41100863161716));
#8666=CARTESIAN_POINT('Ctrl Pts',(126.619781575643,472.365451152449,-32.4999999974474));
#8667=CARTESIAN_POINT('Ctrl Pts',(126.619781575334,472.381775071144,-29.2254699745599));
#8668=CARTESIAN_POINT('Ctrl Pts',(126.024050404968,472.402603922412,-25.9758433831462));
#8669=CARTESIAN_POINT('Ctrl Pts',(123.746771566503,472.453566687024,-19.9817563742409));
#8670=CARTESIAN_POINT('Ctrl Pts',(122.13251473712,472.482884878435,-17.2686356715701));
#8671=CARTESIAN_POINT('Ctrl Pts',(118.019402940711,472.549232097936,-12.4867773084085));
#8672=CARTESIAN_POINT('Ctrl Pts',(115.541325103026,472.585849412987,-10.4641357492017));
#8673=CARTESIAN_POINT('Ctrl Pts',(112.769086686485,472.623189945257,-8.91831695781661));
#8674=CARTESIAN_POINT('Ctrl Pts',(133.643274753521,570.489393896101,-108.573723844842));
#8675=CARTESIAN_POINT('Ctrl Pts',(129.835711606172,577.698026779353,-105.347384093906));
#8676=CARTESIAN_POINT('Ctrl Pts',(120.967757480539,594.513323842298,-97.7884529588278));
#8677=CARTESIAN_POINT('Ctrl Pts',(112.163673834502,611.288475573442,-90.0607804757411));
#8678=CARTESIAN_POINT('Ctrl Pts',(107.28334785591,620.90558839182,-85.5348237300221));
#8679=CARTESIAN_POINT('Ctrl Pts',(133.640551497103,570.500479934745,-106.898928332924));
#8680=CARTESIAN_POINT('Ctrl Pts',(129.889396476457,577.710741009373,-103.822533768056));
#8681=CARTESIAN_POINT('Ctrl Pts',(121.152271607736,594.530156492744,-96.614518905235));
#8682=CARTESIAN_POINT('Ctrl Pts',(112.470587384186,611.312426897648,-89.2483994087952));
#8683=CARTESIAN_POINT('Ctrl Pts',(107.650489753239,620.928373643867,-84.9260358333237));
#8684=CARTESIAN_POINT('Ctrl Pts',(133.633394567761,570.53039790973,-102.242884788265));
#8685=CARTESIAN_POINT('Ctrl Pts',(130.032766314353,577.745149988848,-99.5782754509909));
#8686=CARTESIAN_POINT('Ctrl Pts',(121.64390969244,594.575859525068,-93.3324398241535));
#8687=CARTESIAN_POINT('Ctrl Pts',(113.288607889675,611.378081855392,-86.957463288822));
#8688=CARTESIAN_POINT('Ctrl Pts',(108.627136716925,620.991956439592,-83.1957810175967));
#8689=CARTESIAN_POINT('Ctrl Pts',(133.622748311705,570.580122342605,-92.4570248586326));
#8690=CARTESIAN_POINT('Ctrl Pts',(130.261002283967,577.802974898367,-90.60656465464));
#8691=CARTESIAN_POINT('Ctrl Pts',(122.423070433721,594.654147819129,-86.268631501969));
#8692=CARTESIAN_POINT('Ctrl Pts',(114.594340496714,611.493108370043,-81.8573304719425));
#8693=CARTESIAN_POINT('Ctrl Pts',(110.170540733992,621.113833802518,-79.2342945631956));
#8694=CARTESIAN_POINT('Ctrl Pts',(133.616556428792,570.612584781503,-80.9886179552132));
#8695=CARTESIAN_POINT('Ctrl Pts',(130.405209140901,577.841533280632,-80.0442760852116));
#8696=CARTESIAN_POINT('Ctrl Pts',(122.911197481354,594.708620887757,-77.8330953817808));
#8697=CARTESIAN_POINT('Ctrl Pts',(115.416851454258,611.574683032356,-75.5995000903447));
#8698=CARTESIAN_POINT('Ctrl Pts',(111.134272755187,621.209992855514,-74.280785419553));
#8699=CARTESIAN_POINT('Ctrl Pts',(133.61641861874,570.613026494165,-66.9539941696719));
#8700=CARTESIAN_POINT('Ctrl Pts',(130.405470387288,577.843615465554,-67.0934259184464));
#8701=CARTESIAN_POINT('Ctrl Pts',(122.913692102379,594.715657559965,-67.4290361700569));
#8702=CARTESIAN_POINT('Ctrl Pts',(115.421367028231,611.589919299373,-67.7943218724016));
#8703=CARTESIAN_POINT('Ctrl Pts',(111.135643231869,621.235091433237,-68.059680614948));
#8704=CARTESIAN_POINT('Ctrl Pts',(133.624343127277,570.571821463795,-55.6260220351739));
#8705=CARTESIAN_POINT('Ctrl Pts',(130.221158653986,577.797420169341,-56.6673386544217));
#8706=CARTESIAN_POINT('Ctrl Pts',(122.285747893967,594.657088576692,-59.1211917517696));
#8707=CARTESIAN_POINT('Ctrl Pts',(114.356386894625,611.510419222579,-61.6593988309622));
#8708=CARTESIAN_POINT('Ctrl Pts',(109.883941112499,621.152287123811,-63.2237206469953));
#8709=CARTESIAN_POINT('Ctrl Pts',(133.635071668573,570.523133988056,-46.5407317956083));
#8710=CARTESIAN_POINT('Ctrl Pts',(129.993075051545,577.742409944001,-48.3501050659821));
#8711=CARTESIAN_POINT('Ctrl Pts',(121.508045899128,594.586516715788,-52.6008680874736));
#8712=CARTESIAN_POINT('Ctrl Pts',(113.051764253802,611.41170820989,-56.9912190354234));
#8713=CARTESIAN_POINT('Ctrl Pts',(108.338026330654,621.054380587106,-59.6301166426297));
#8714=CARTESIAN_POINT('Ctrl Pts',(133.640378112312,570.500812966394,-43.0486488653689));
#8715=CARTESIAN_POINT('Ctrl Pts',(129.886597286585,577.717206283387,-45.164800856411));
#8716=CARTESIAN_POINT('Ctrl Pts',(121.141023875662,594.554121580694,-50.1353339484044));
#8717=CARTESIAN_POINT('Ctrl Pts',(112.435884579981,611.366304242242,-55.2703989235204));
#8718=CARTESIAN_POINT('Ctrl Pts',(107.606002524383,621.010968666602,-58.3320178348486));
#8719=CARTESIAN_POINT('Ctrl Pts',(133.643092860226,570.489737799486,-41.3738533835867));
#8720=CARTESIAN_POINT('Ctrl Pts',(129.832183308642,577.704689399846,-43.6407989503935));
#8721=CARTESIAN_POINT('Ctrl Pts',(120.955481713591,594.538038813937,-48.962072123211));
#8722=CARTESIAN_POINT('Ctrl Pts',(112.127565264016,611.343682230319,-54.4585943746732));
#8723=CARTESIAN_POINT('Ctrl Pts',(107.237458573338,620.989872426628,-57.7259638605543));
#8724=CARTESIAN_POINT('',(133.619781575643,570.533871646083,-41.3877204858024));
#8725=CARTESIAN_POINT('Ctrl Pts',(133.619781575643,570.595622308811,-63.3077700384962));
#8726=CARTESIAN_POINT('Ctrl Pts',(133.619781575643,570.584463013074,-56.0453975957321));
#8727=CARTESIAN_POINT('Ctrl Pts',(133.619781575643,570.563308706655,-48.8472792015156));
#8728=CARTESIAN_POINT('Ctrl Pts',(133.619781575643,570.533871646083,-41.3877204858101));
#8729=CARTESIAN_POINT('',(107.493235161006,620.485705959329,-57.5552775661087));
#8730=CARTESIAN_POINT('Ctrl Pts',(133.619781603435,570.533871660608,-41.3877204626844));
#8731=CARTESIAN_POINT('Ctrl Pts',(129.816669404038,577.734109270895,-43.6500991515605));
#8732=CARTESIAN_POINT('Ctrl Pts',(121.036147651285,594.385123883375,-48.9138926249405));
#8733=CARTESIAN_POINT('Ctrl Pts',(112.303360047155,611.009029378941,-54.3491597197366));
#8734=CARTESIAN_POINT('Ctrl Pts',(107.493211788708,620.485690259767,-57.5552883369657));
#8735=CARTESIAN_POINT('Ctrl Pts',(107.493235161007,620.485705959329,-57.5552775661098));
#8736=CARTESIAN_POINT('Ctrl Pts',(108.403890110327,620.262120040329,-58.7714950952452));
#8737=CARTESIAN_POINT('Ctrl Pts',(110.641449972844,619.657760854252,-62.6402836561751));
#8738=CARTESIAN_POINT('Ctrl Pts',(112.259848311102,619.193606470009,-69.4357454516666));
#8739=CARTESIAN_POINT('Ctrl Pts',(111.771235956371,619.470650647786,-76.3037412216592));
#8740=CARTESIAN_POINT('Ctrl Pts',(109.856228200583,620.16108186187,-81.7396589706644));
#8741=CARTESIAN_POINT('Ctrl Pts',(108.252977226707,620.649462289851,-84.3293451218701));
#8742=CARTESIAN_POINT('Ctrl Pts',(107.28334785591,620.90558839182,-85.5348237300221));
#8743=CARTESIAN_POINT('Ctrl Pts',(133.619781575643,570.533872220665,-108.553816643597));
#8744=CARTESIAN_POINT('Ctrl Pts',(133.619781575643,570.562566345896,-101.285096787783));
#8745=CARTESIAN_POINT('Ctrl Pts',(133.619781575643,570.583385021666,-94.2655478364056));
#8746=CARTESIAN_POINT('Ctrl Pts',(133.619781575643,570.594752978894,-87.192777274095));
#8747=CARTESIAN_POINT('Origin',(133.619781575643,671.02962148452,-10.0677819536695));
#8748=CARTESIAN_POINT('Ctrl Pts',(133.619781575643,570.494121348772,-109.456014169111));
#8749=CARTESIAN_POINT('Ctrl Pts',(133.619781575643,570.278243269348,-109.616679140659));
#8750=CARTESIAN_POINT('Ctrl Pts',(133.619781575643,570.018126091353,-109.767765875667));
#8751=CARTESIAN_POINT('Ctrl Pts',(133.619781575643,568.63051242936,-110.489058394647));
#8752=CARTESIAN_POINT('Ctrl Pts',(133.619781575642,566.912665889695,-111.074659535462));
#8753=CARTESIAN_POINT('Ctrl Pts',(133.619781575642,556.937047164046,-114.150890029974));
#8754=CARTESIAN_POINT('Ctrl Pts',(133.619781575643,539.539323157858,-117.735083706725));
#8755=CARTESIAN_POINT('Ctrl Pts',(133.619781575643,505.059579336946,-124.295640297506));
#8756=CARTESIAN_POINT('Ctrl Pts',(133.619781575643,488.107031964259,-127.353950883574));
#8757=CARTESIAN_POINT('Ctrl Pts',(133.619781575643,473.029621483956,-130.02648966857));
#8758=CARTESIAN_POINT('',(133.619781575643,570.498979752337,-40.5476088767581));
#8759=CARTESIAN_POINT('Ctrl Pts',(133.619781575643,473.029621484027,-19.9735103314431));
#8760=CARTESIAN_POINT('Ctrl Pts',(133.619781575643,496.119245252848,-24.0662499390666));
#8761=CARTESIAN_POINT('Ctrl Pts',(133.619781575643,525.990557072621,-29.4842532440281));
#8762=CARTESIAN_POINT('Ctrl Pts',(133.619781575643,551.983293925088,-35.008396894715));
#8763=CARTESIAN_POINT('Ctrl Pts',(133.619781575643,560.153208655899,-36.8406619118788));
#8764=CARTESIAN_POINT('Ctrl Pts',(133.619781575643,566.942012463853,-38.9344589604746));
#8765=CARTESIAN_POINT('Ctrl Pts',(133.619781575643,568.798740143161,-39.5646973952273));
#8766=CARTESIAN_POINT('Ctrl Pts',(133.619781575643,570.134362804464,-40.301656590658));
#8767=CARTESIAN_POINT('Ctrl Pts',(133.619781575643,570.32979505272,-40.4211901819489));
#8768=CARTESIAN_POINT('Ctrl Pts',(133.619781575643,570.498979752337,-40.5476088767581));
#8769=CARTESIAN_POINT('Ctrl Pts',(133.619781575643,570.533871646083,-41.3877204858024));
#8770=CARTESIAN_POINT('Ctrl Pts',(133.619781575643,570.532766045838,-41.1075535873719));
#8771=CARTESIAN_POINT('Ctrl Pts',(133.619781575643,570.520786295005,-40.8273179847374));
#8772=CARTESIAN_POINT('Ctrl Pts',(133.619781575643,570.498979752337,-40.5476088767581));
#8773=CARTESIAN_POINT('Ctrl Pts',(133.662992076978,570.452063942331,-41.3620163627296));
#8774=CARTESIAN_POINT('Ctrl Pts',(129.841520062615,577.68699024596,-43.6351820678567));
#8775=CARTESIAN_POINT('Ctrl Pts',(120.940301847277,594.566993984105,-48.9710394325199));
#8776=CARTESIAN_POINT('Ctrl Pts',(112.087919635188,611.418928250952,-54.4834250963759));
#8777=CARTESIAN_POINT('Ctrl Pts',(107.185567787717,621.092247549762,-57.76064398542));
#8778=CARTESIAN_POINT('Ctrl Pts',(133.702645539889,570.367164748072,-38.2747691041751));
#8779=CARTESIAN_POINT('Ctrl Pts',(129.773243167561,577.606460766696,-40.8355668521041));
#8780=CARTESIAN_POINT('Ctrl Pts',(120.62329725063,594.497974021187,-46.8385312267873));
#8781=CARTESIAN_POINT('Ctrl Pts',(111.529308378057,611.371779183506,-52.9743534330162));
#8782=CARTESIAN_POINT('Ctrl Pts',(106.470329777344,621.050925026237,-56.5901550096664));
#8783=CARTESIAN_POINT('Ctrl Pts',(132.359659467866,570.247763834516,-32.0596985522412));
#8784=CARTESIAN_POINT('Ctrl Pts',(128.37585262013,577.494184745603,-35.2179733639688));
#8785=CARTESIAN_POINT('Ctrl Pts',(119.098166517607,594.404063258899,-42.6046165459801));
#8786=CARTESIAN_POINT('Ctrl Pts',(109.872991982195,611.309556622382,-50.0619579546587));
#8787=CARTESIAN_POINT('Ctrl Pts',(104.709695608101,620.995031611759,-54.3987666954268));
#8788=CARTESIAN_POINT('Ctrl Pts',(126.411662416116,570.198713224175,-24.5463754057212));
#8789=CARTESIAN_POINT('Ctrl Pts',(122.795048912163,577.449801012689,-28.4382634040789));
#8790=CARTESIAN_POINT('Ctrl Pts',(114.36733351226,594.370599840132,-37.5257727355285));
#8791=CARTESIAN_POINT('Ctrl Pts',(105.971599522758,611.294849615832,-46.6337695460836));
#8792=CARTESIAN_POINT('Ctrl Pts',(101.231082820309,620.977131572835,-51.8659081516213));
#8793=CARTESIAN_POINT('Ctrl Pts',(119.199352550047,570.257090492987,-21.1292683163973));
#8794=CARTESIAN_POINT('Ctrl Pts',(116.147388223878,577.507475361227,-25.3374334585435));
#8795=CARTESIAN_POINT('Ctrl Pts',(109.027414656117,594.425395504226,-35.1558870779326));
#8796=CARTESIAN_POINT('Ctrl Pts',(101.91184808589,611.34501271311,-44.9728438612062));
#8797=CARTESIAN_POINT('Ctrl Pts',(97.8514919397116,621.014121272278,-50.5832657931503));
#8798=CARTESIAN_POINT('Ctrl Pts',(114.54153171674,570.345096821862,-20.6661351507312));
#8799=CARTESIAN_POINT('Ctrl Pts',(111.864516765364,577.592461840591,-24.8929703849786));
#8800=CARTESIAN_POINT('Ctrl Pts',(105.612505700369,594.501844339531,-34.7546414787225));
#8801=CARTESIAN_POINT('Ctrl Pts',(99.3427254105534,611.407248602053,-44.6122191212517));
#8802=CARTESIAN_POINT('Ctrl Pts',(95.7316411828833,621.062531802174,-50.2346398604706));
#8803=CARTESIAN_POINT('Ctrl Pts',(112.993967525326,570.381142999451,-20.6865295440016));
#8804=CARTESIAN_POINT('Ctrl Pts',(110.441037617451,577.627163719627,-24.9012612863246));
#8805=CARTESIAN_POINT('Ctrl Pts',(104.476233996272,594.532837648284,-34.7337725906147));
#8806=CARTESIAN_POINT('Ctrl Pts',(98.485543302519,611.432019938929,-44.5618522144924));
#8807=CARTESIAN_POINT('Ctrl Pts',(95.0222167160165,621.081935098068,-50.1653826944136));
#8808=CARTESIAN_POINT('Ctrl Pts',(103.268857155921,620.990837826718,-53.4129831007942));
#8809=CARTESIAN_POINT('Ctrl Pts',(104.784162326992,620.937628029469,-54.5173612282084));
#8810=CARTESIAN_POINT('Ctrl Pts',(106.185049718057,620.812478414048,-55.8146255769837));
#8811=CARTESIAN_POINT('Ctrl Pts',(107.493235161006,620.485705959329,-57.5552775661087));
#8812=CARTESIAN_POINT('Ctrl Pts',(118.781377421842,570.275225615203,-21.4446259518294));
#8813=CARTESIAN_POINT('Ctrl Pts',(119.482748054928,570.271731971967,-21.6458199350107));
#8814=CARTESIAN_POINT('Ctrl Pts',(120.17417124835,570.269125090492,-21.8847844973869));
#8815=CARTESIAN_POINT('Ctrl Pts',(123.315602812111,570.261102410469,-23.1634277749519));
#8816=CARTESIAN_POINT('Ctrl Pts',(125.559572593833,570.266299632019,-24.6365092597871));
#8817=CARTESIAN_POINT('Ctrl Pts',(129.363912983242,570.29846626555,-28.3615010245463));
#8818=CARTESIAN_POINT('Ctrl Pts',(130.886358504031,570.325223928781,-30.579341512909));
#8819=CARTESIAN_POINT('Ctrl Pts',(132.499190567001,570.382163239146,-34.3133222705219));
#8820=CARTESIAN_POINT('Ctrl Pts',(132.922080792323,570.404595406065,-35.6543295797885));
#8821=CARTESIAN_POINT('Ctrl Pts',(133.444474240861,570.451012916126,-38.1874007289053));
#8822=CARTESIAN_POINT('Ctrl Pts',(133.583036230866,570.474122354882,-39.3650535896962));
#8823=CARTESIAN_POINT('Ctrl Pts',(133.619781575643,570.498979752337,-40.5476088767581));
#8824=CARTESIAN_POINT('Ctrl Pts',(112.134406563507,572.8204484823,-22.1053660657118));
#8825=CARTESIAN_POINT('Ctrl Pts',(109.867258042311,579.253206968011,-25.8469830029302));
#8826=CARTESIAN_POINT('Ctrl Pts',(106.914119126964,587.621204798122,-30.7138797367012));
#8827=CARTESIAN_POINT('Ctrl Pts',(103.954637468494,595.98761207402,-35.5796906385237));
#8828=CARTESIAN_POINT('Ctrl Pts',(103.269395530319,597.922978563403,-36.7052026523698));
#8829=CARTESIAN_POINT('Ctrl Pts',(112.222037751894,572.571839236811,-21.9607680977407));
#8830=CARTESIAN_POINT('Ctrl Pts',(109.243540407618,581.023537610198,-26.8767547785666));
#8831=CARTESIAN_POINT('Ctrl Pts',(106.261297528756,589.474312843417,-31.7920725399164));
#8832=CARTESIAN_POINT('Ctrl Pts',(103.268857150541,597.922920879254,-36.7049740626893));
#8833=CARTESIAN_POINT('Ctrl Pts',(110.415662962521,572.574866744666,-21.9576130698168));
#8834=CARTESIAN_POINT('Ctrl Pts',(107.608103595131,581.028344552962,-26.8583319140987));
#8835=CARTESIAN_POINT('Ctrl Pts',(104.79813157806,589.48124991771,-31.7587716183221));
#8836=CARTESIAN_POINT('Ctrl Pts',(101.980013166184,597.932351881895,-36.6576781933737));
#8837=CARTESIAN_POINT('Ctrl Pts',(108.155047752233,572.57690817951,-21.9554663186404));
#8838=CARTESIAN_POINT('Ctrl Pts',(105.57717912442,581.031574449618,-26.8458414531314));
#8839=CARTESIAN_POINT('Ctrl Pts',(102.997957004046,589.485967178802,-31.7361068033011));
#8840=CARTESIAN_POINT('Ctrl Pts',(100.413862265917,597.939367067042,-36.625651621849));
#8841=CARTESIAN_POINT('Ctrl Pts',(105.548130289464,572.577523762475,-21.9551123435707));
#8842=CARTESIAN_POINT('Ctrl Pts',(103.246374099108,581.033069744068,-26.843657547463));
#8843=CARTESIAN_POINT('Ctrl Pts',(100.944217902287,589.488534423216,-31.7321551748847));
#8844=CARTESIAN_POINT('Ctrl Pts',(98.6406613958841,597.943719942237,-36.6204768121824));
#8845=CARTESIAN_POINT('',(108.204282546249,572.820124133209,-22.0973326943006));
#8846=CARTESIAN_POINT('Ctrl Pts',(108.204290643418,572.820125511201,-22.0973369196478));
#8847=CARTESIAN_POINT('Ctrl Pts',(108.391989825361,572.741555097932,-22.0520485558734));
#8848=CARTESIAN_POINT('Ctrl Pts',(108.576321993261,572.659473255756,-22.0047198142458));
#8849=CARTESIAN_POINT('Ctrl Pts',(108.755518115396,572.575938790457,-21.9565358015867));
#8850=CARTESIAN_POINT('Ctrl Pts',(103.268857157252,580.949765847154,-26.7954946626222));
#8851=CARTESIAN_POINT('Ctrl Pts',(104.878925497123,578.527034167342,-25.3960378925641));
#8852=CARTESIAN_POINT('Ctrl Pts',(106.594494584612,575.702254995566,-23.7647973213175));
#8853=CARTESIAN_POINT('Ctrl Pts',(108.204282546249,572.820124133209,-22.0973326943006));
#8854=CARTESIAN_POINT('Origin',(107.119781575643,571.02962148452,-20.625));
#8855=CARTESIAN_POINT('Ctrl Pts',(103.268857131141,580.760519808087,-28.160952210878));
#8856=CARTESIAN_POINT('Ctrl Pts',(105.165380918364,577.712088168177,-25.8289799722397));
#8857=CARTESIAN_POINT('Ctrl Pts',(106.87679262389,574.957507956136,-23.7270854343558));
#8858=CARTESIAN_POINT('Ctrl Pts',(108.204282546249,572.820124133209,-22.0973326943006));
#8859=CARTESIAN_POINT('Ctrl Pts',(135.6548928298,468.546394719719,-121.167532371007));
#8860=CARTESIAN_POINT('Ctrl Pts',(135.585308168393,468.776430966488,-123.190161644413));
#8861=CARTESIAN_POINT('Ctrl Pts',(134.707664752563,469.499752253191,-129.227577396587));
#8862=CARTESIAN_POINT('Ctrl Pts',(129.946691917403,470.786376603111,-138.399797841153));
#8863=CARTESIAN_POINT('Ctrl Pts',(120.018346874969,472.169664061201,-145.905941037541));
#8864=CARTESIAN_POINT('Ctrl Pts',(111.842555146102,472.810245190938,-147.631280480534));
#8865=CARTESIAN_POINT('Ctrl Pts',(107.750053314499,473.02962148452,-147.590147425488));
#8866=CARTESIAN_POINT('Ctrl Pts',(134.9765223123,502.528975244501,-117.263692398081));
#8867=CARTESIAN_POINT('Ctrl Pts',(134.913236326857,502.738183828412,-119.103240850942));
#8868=CARTESIAN_POINT('Ctrl Pts',(134.115030758904,503.396010587358,-124.594094862617));
#8869=CARTESIAN_POINT('Ctrl Pts',(129.785164752906,504.566134325026,-132.935782063211));
#8870=CARTESIAN_POINT('Ctrl Pts',(120.755538840528,505.824256489181,-139.762556499506));
#8871=CARTESIAN_POINT('Ctrl Pts',(113.319239725303,506.406936763998,-141.331900810585));
#8872=CARTESIAN_POINT('Ctrl Pts',(109.596781008992,506.606488657122,-141.294484830625));
#8873=CARTESIAN_POINT('Ctrl Pts',(134.298151794801,536.511555769284,-113.359852425156));
#8874=CARTESIAN_POINT('Ctrl Pts',(134.241164485322,536.699936690336,-115.01632005747));
#8875=CARTESIAN_POINT('Ctrl Pts',(133.522396765245,537.292268921525,-119.960612328647));
#8876=CARTESIAN_POINT('Ctrl Pts',(129.62363758841,538.345892046941,-127.47176628527));
#8877=CARTESIAN_POINT('Ctrl Pts',(121.492730806088,539.478848917161,-133.619171961471));
#8878=CARTESIAN_POINT('Ctrl Pts',(114.795924304504,540.003628337057,-135.032521140637));
#8879=CARTESIAN_POINT('Ctrl Pts',(111.443508703485,540.183355829724,-134.998822235762));
#8880=CARTESIAN_POINT('Ctrl Pts',(133.619781277301,570.494136294066,-109.45601245223));
#8881=CARTESIAN_POINT('Ctrl Pts',(133.569092643786,570.66168955226,-110.929399263999));
#8882=CARTESIAN_POINT('Ctrl Pts',(132.929762771586,571.188527255693,-115.327129794676));
#8883=CARTESIAN_POINT('Ctrl Pts',(129.462110423914,572.125649768857,-122.007750507329));
#8884=CARTESIAN_POINT('Ctrl Pts',(122.229922771647,573.133441345141,-127.475787423435));
#8885=CARTESIAN_POINT('Ctrl Pts',(116.272608883705,573.600319910117,-128.733141470688));
#8886=CARTESIAN_POINT('Ctrl Pts',(113.290236397978,573.760223002326,-128.703159640899));
#8887=CARTESIAN_POINT('',(107.947880005792,476.626470417128,-146.915738250623));
#8888=CARTESIAN_POINT('Ctrl Pts',(110.45638223284,479.175125648473,-146.335278336601));
#8889=CARTESIAN_POINT('Ctrl Pts',(110.438693948207,478.978931263684,-146.372718798979));
#8890=CARTESIAN_POINT('Ctrl Pts',(110.38094686581,478.791709091744,-146.412043780818));
#8891=CARTESIAN_POINT('Ctrl Pts',(110.173244685362,478.362246395336,-146.507745705123));
#8892=CARTESIAN_POINT('Ctrl Pts',(109.995267569942,478.132285397703,-146.563678342903));
#8893=CARTESIAN_POINT('Ctrl Pts',(109.362134807651,477.473806226388,-146.726002550028));
#8894=CARTESIAN_POINT('Ctrl Pts',(108.725708049759,477.038036919378,-146.838569531452));
#8895=CARTESIAN_POINT('Ctrl Pts',(107.947880005792,476.626470417128,-146.915738250623));
#8896=CARTESIAN_POINT('',(107.619781575643,470.661044414419,-148.034255626131));
#8897=CARTESIAN_POINT('Ctrl Pts',(103.339872080704,479.30387143596,-147.876792373694));
#8898=CARTESIAN_POINT('Ctrl Pts',(106.525240619509,479.253939982579,-147.566626781908));
#8899=CARTESIAN_POINT('Ctrl Pts',(113.851864132377,479.115855311553,-145.699084881772));
#8900=CARTESIAN_POINT('Ctrl Pts',(120.124012075014,478.940743760714,-141.339318989974));
#8901=CARTESIAN_POINT('Ctrl Pts',(123.063712121683,478.836705127235,-138.232227962983));
#8902=CARTESIAN_POINT('Ctrl Pts',(103.36007127648,478.133340951014,-148.078579929374));
#8903=CARTESIAN_POINT('Ctrl Pts',(106.565118711145,478.087292062695,-147.755499318169));
#8904=CARTESIAN_POINT('Ctrl Pts',(113.928189862881,477.960512304334,-145.846774233245));
#8905=CARTESIAN_POINT('Ctrl Pts',(120.205857962559,477.801388884997,-141.436404077161));
#8906=CARTESIAN_POINT('Ctrl Pts',(123.140385137239,477.707206243722,-138.304441436914));
#8907=CARTESIAN_POINT('Ctrl Pts',(103.324195305133,475.254704428166,-147.720183256262));
#8908=CARTESIAN_POINT('Ctrl Pts',(106.490553004587,475.226506228069,-147.382658838839));
#8909=CARTESIAN_POINT('Ctrl Pts',(113.751020482442,475.149123315203,-145.447106786494));
#8910=CARTESIAN_POINT('Ctrl Pts',(119.900176856843,475.053576356349,-141.05056464591));
#8911=CARTESIAN_POINT('Ctrl Pts',(122.761671712513,474.997793508177,-137.947755165671));
#8912=CARTESIAN_POINT('Ctrl Pts',(103.107379187685,473.209251237548,-145.554216112936));
#8913=CARTESIAN_POINT('Ctrl Pts',(106.053910875734,473.20053753871,-145.243055009925));
#8914=CARTESIAN_POINT('Ctrl Pts',(112.81073763961,473.176162801485,-143.451558522015));
#8915=CARTESIAN_POINT('Ctrl Pts',(118.539958525583,473.145796182939,-139.371459257057));
#8916=CARTESIAN_POINT('Ctrl Pts',(121.21061275832,473.128572622965,-136.486910635936));
#8917=CARTESIAN_POINT('Ctrl Pts',(102.959524791646,472.656630612372,-144.07716833815));
#8918=CARTESIAN_POINT('Ctrl Pts',(105.755146590776,472.65301433482,-143.787560513141));
#8919=CARTESIAN_POINT('Ctrl Pts',(112.171351942836,472.643090189738,-142.102197481576));
#8920=CARTESIAN_POINT('Ctrl Pts',(117.626177220819,472.630851676233,-138.242524584464));
#8921=CARTESIAN_POINT('Ctrl Pts',(120.172695172414,472.623717917309,-135.509361572704));
#8922=CARTESIAN_POINT('Ctrl Pts',(107.947880005792,476.626470417128,-146.915738250624));
#8923=CARTESIAN_POINT('Ctrl Pts',(107.922232045755,476.612899498358,-146.918282797893));
#8924=CARTESIAN_POINT('Ctrl Pts',(107.896360293023,476.599387523291,-146.920816293129));
#8925=CARTESIAN_POINT('Ctrl Pts',(106.966007681236,476.119806658257,-147.010737705323));
#8926=CARTESIAN_POINT('Ctrl Pts',(105.930409160407,475.795242234487,-147.071593534869));
#8927=CARTESIAN_POINT('Ctrl Pts',(104.383480547573,475.452572893151,-147.135844036369));
#8928=CARTESIAN_POINT('Ctrl Pts',(103.826519964624,475.357308038475,-147.153706196621));
#8929=CARTESIAN_POINT('Ctrl Pts',(103.268857156588,475.284478393218,-147.167361755107));
#8930=CARTESIAN_POINT('Ctrl Pts',(107.750053314499,473.02962148452,-2.40985257451247));
#8931=CARTESIAN_POINT('Ctrl Pts',(109.796504314385,472.919922612332,-2.38928403597734));
#8932=CARTESIAN_POINT('Ctrl Pts',(115.934738500892,472.516594896962,-2.99130502109909));
#8933=CARTESIAN_POINT('Ctrl Pts',(125.407891735924,471.515955805504,-7.2997750653237));
#8934=CARTESIAN_POINT('Ctrl Pts',(133.417741267163,470.016034150192,-16.7879902916345));
#8935=CARTESIAN_POINT('Ctrl Pts',(135.516465636441,469.006009508271,-24.7909380170175));
#8936=CARTESIAN_POINT('Ctrl Pts',(135.655035400006,468.545922379528,-28.8366209049304));
#8937=CARTESIAN_POINT('Ctrl Pts',(109.596875181457,506.608200883757,-8.70583621186953));
#8938=CARTESIAN_POINT('Ctrl Pts',(111.458277096182,506.508415686536,-8.6871264873906));
#8939=CARTESIAN_POINT('Ctrl Pts',(117.041393377286,506.141541691396,-9.2347106818493));
#8940=CARTESIAN_POINT('Ctrl Pts',(125.657311033829,505.231401554634,-13.153383057409));
#8941=CARTESIAN_POINT('Ctrl Pts',(132.941880711488,503.867264032924,-21.7825245133761));
#8942=CARTESIAN_POINT('Ctrl Pts',(134.850591339373,502.948706945854,-29.060819761997));
#8943=CARTESIAN_POINT('Ctrl Pts',(134.97661738367,502.530278588219,-32.7402839930806));
#8944=CARTESIAN_POINT('Ctrl Pts',(111.443697048415,540.186780282995,-15.0018198492266));
#8945=CARTESIAN_POINT('Ctrl Pts',(113.12004987798,540.096908760741,-14.9849689388038));
#8946=CARTESIAN_POINT('Ctrl Pts',(118.14804825368,539.766488485831,-15.4781163425995));
#8947=CARTESIAN_POINT('Ctrl Pts',(125.906730331734,538.946847303763,-19.0069910494944));
#8948=CARTESIAN_POINT('Ctrl Pts',(132.466020155814,537.718493915656,-26.7770587351177));
#8949=CARTESIAN_POINT('Ctrl Pts',(134.184717042306,536.891404383438,-33.3307015069764));
#8950=CARTESIAN_POINT('Ctrl Pts',(134.298199367334,536.514634796911,-36.6439470812308));
#8951=CARTESIAN_POINT('Ctrl Pts',(113.290518915373,573.765359682233,-21.2978034865836));
#8952=CARTESIAN_POINT('Ctrl Pts',(114.781822659778,573.685401834945,-21.2828113902171));
#8953=CARTESIAN_POINT('Ctrl Pts',(119.254703130074,573.391435280266,-21.7215220033497));
#8954=CARTESIAN_POINT('Ctrl Pts',(126.156149629639,572.662293052893,-24.8605990415797));
#8955=CARTESIAN_POINT('Ctrl Pts',(131.990159600139,571.569723798388,-31.7715929568594));
#8956=CARTESIAN_POINT('Ctrl Pts',(133.518842745238,570.834101821021,-37.6005832519559));
#8957=CARTESIAN_POINT('Ctrl Pts',(133.619781350998,570.498991005602,-40.547610169381));
#8958=CARTESIAN_POINT('Ctrl Pts',(107.947880005792,476.626470417128,-3.08426174937654));
#8959=CARTESIAN_POINT('Ctrl Pts',(108.813949338101,477.084727391236,-3.17018493202183));
#8960=CARTESIAN_POINT('Ctrl Pts',(109.506677666814,477.574052532303,-3.30012391187862));
#8961=CARTESIAN_POINT('Ctrl Pts',(110.092855501196,478.263098053332,-3.46777521775191));
#8962=CARTESIAN_POINT('Ctrl Pts',(110.225322248233,478.456450919396,-3.51372357462249));
#8963=CARTESIAN_POINT('Ctrl Pts',(110.391678038906,478.827654807545,-3.5954805095036));
#8964=CARTESIAN_POINT('Ctrl Pts',(110.440396900051,478.997820013851,-3.63088580744615));
#8965=CARTESIAN_POINT('Ctrl Pts',(110.45638223284,479.175125648473,-3.66472166339934));
#8966=CARTESIAN_POINT('Ctrl Pts',(114.574601601866,479.083157706723,-5.41100863161716));
#8967=CARTESIAN_POINT('Ctrl Pts',(111.077473086093,479.167523246746,-3.62355731470331));
#8968=CARTESIAN_POINT('Ctrl Pts',(107.243567755037,479.242680023977,-2.50331814232042));
#8969=CARTESIAN_POINT('Ctrl Pts',(103.339872080699,479.30387143596,-2.12320762630509));
#8970=CARTESIAN_POINT('Ctrl Pts',(114.670229250211,477.537126244988,-5.22524686116892));
#8971=CARTESIAN_POINT('Ctrl Pts',(111.159654798862,477.611638570431,-3.40382065815321));
#8972=CARTESIAN_POINT('Ctrl Pts',(107.304189508988,477.678405175397,-2.25415228969958));
#8973=CARTESIAN_POINT('Ctrl Pts',(103.366977499745,477.733129726646,-1.85242772419827));
#8974=CARTESIAN_POINT('Ctrl Pts',(114.328005270262,474.698199992384,-5.89003506317676));
#8975=CARTESIAN_POINT('Ctrl Pts',(110.912768766321,474.737627982115,-4.09133912822133));
#8976=CARTESIAN_POINT('Ctrl Pts',(107.14770927467,474.773313048257,-2.94320058294404));
#8977=CARTESIAN_POINT('Ctrl Pts',(103.298959379272,474.802650073685,-2.53192063195804));
#8978=CARTESIAN_POINT('Ctrl Pts',(113.273959302487,473.013444285048,-7.93757516792298));
#8979=CARTESIAN_POINT('Ctrl Pts',(110.109788594693,473.025356933748,-6.28167391413812));
#8980=CARTESIAN_POINT('Ctrl Pts',(106.625484503226,473.036468881882,-5.22800079102455));
#8981=CARTESIAN_POINT('Ctrl Pts',(103.066495406543,473.04533010121,-4.8542079824689));
#8982=CARTESIAN_POINT('Ctrl Pts',(112.769086686439,472.623189945225,-8.91831695789248));
#8983=CARTESIAN_POINT('Ctrl Pts',(109.723939595382,472.628852574209,-7.33271454097977));
#8984=CARTESIAN_POINT('Ctrl Pts',(106.374361347627,472.633983410953,-6.32680343589237));
#8985=CARTESIAN_POINT('Ctrl Pts',(102.954525858507,472.638200780734,-5.97277040741698));
#8986=CARTESIAN_POINT('Ctrl Pts',(112.76908668648,472.623189945257,-8.91831695781371));
#8987=CARTESIAN_POINT('Ctrl Pts',(112.292669291544,472.629607026487,-8.65266341328466));
#8988=CARTESIAN_POINT('Ctrl Pts',(111.808572229697,472.636028576073,-8.40187351309793));
#8989=CARTESIAN_POINT('Ctrl Pts',(111.317549386256,472.642438306771,-8.16608354123677));
#8990=CARTESIAN_POINT('Ctrl Pts',(110.842223882321,472.648643127005,-7.93783145745948));
#8991=CARTESIAN_POINT('Ctrl Pts',(110.360407665912,472.654836855612,-7.72363570997822));
#8992=CARTESIAN_POINT('Ctrl Pts',(109.872757745588,472.661003505011,-7.52366711279892));
#8993=CARTESIAN_POINT('Ctrl Pts',(109.360951306321,472.667475629253,-7.31379275125014));
#8994=CARTESIAN_POINT('Ctrl Pts',(108.842718478115,472.673917924424,-7.11958938006665));
#8995=CARTESIAN_POINT('Ctrl Pts',(108.318796496691,472.680310657298,-6.94131172485483));
#8996=CARTESIAN_POINT('Ctrl Pts',(107.794874515266,472.686703390173,-6.76303406964302));
#8997=CARTESIAN_POINT('Ctrl Pts',(107.26526275801,472.69304654993,-6.60068195981097));
#8998=CARTESIAN_POINT('Ctrl Pts',(106.730684814291,472.699319285729,-6.45457121027154));
#8999=CARTESIAN_POINT('Ctrl Pts',(106.213128918712,472.705392284873,-6.31311292393551));
#9000=CARTESIAN_POINT('Ctrl Pts',(105.691839636679,472.711388225321,-6.18713116234603));
#9001=CARTESIAN_POINT('Ctrl Pts',(105.167514981402,472.717287784027,-6.07680482972634));
#9002=CARTESIAN_POINT('Ctrl Pts',(104.642445863239,472.723195719227,-5.96632185015296));
#9003=CARTESIAN_POINT('Ctrl Pts',(104.114332234847,472.729006989289,-5.87153864507482));
#9004=CARTESIAN_POINT('Ctrl Pts',(103.583859855936,472.73470174059,-5.7926846906711));
#9005=CARTESIAN_POINT('Ctrl Pts',(103.478945913346,472.735828017536,-5.77708938434756));
#9006=CARTESIAN_POINT('Ctrl Pts',(103.37393967506,472.736949735733,-5.76211730684289));
#9007=CARTESIAN_POINT('Ctrl Pts',(103.268846402603,472.738066740019,-5.74777047130494));
#9008=CARTESIAN_POINT('Ctrl Pts',(100.461306455068,624.735671784596,-85.6699892452724));
#9009=CARTESIAN_POINT('Ctrl Pts',(100.890970659269,624.729699168068,-85.3569656782604));
#9010=CARTESIAN_POINT('Ctrl Pts',(101.86445049288,624.710210680342,-84.5650710771594));
#9011=CARTESIAN_POINT('Ctrl Pts',(102.767329044684,624.674734121897,-83.6181401206085));
#9012=CARTESIAN_POINT('Ctrl Pts',(103.268857156588,624.641248083816,-82.992781628463));
#9013=CARTESIAN_POINT('Ctrl Pts',(101.559014516024,624.121532990775,-87.0777258685094));
#9014=CARTESIAN_POINT('Ctrl Pts',(102.055682337914,624.108934129381,-86.7236268199177));
#9015=CARTESIAN_POINT('Ctrl Pts',(103.188696854963,624.067518617196,-85.8274751070221));
#9016=CARTESIAN_POINT('Ctrl Pts',(104.267655077886,623.992150734126,-84.7476258459946));
#9017=CARTESIAN_POINT('Ctrl Pts',(104.887701564773,623.92167405983,-84.0178607604621));
#9018=CARTESIAN_POINT('Ctrl Pts',(102.5451627235,622.989849633164,-88.3423944967009));
#9019=CARTESIAN_POINT('Ctrl Pts',(103.100624754162,622.965039686721,-87.9496918014295));
#9020=CARTESIAN_POINT('Ctrl Pts',(104.372057244055,622.883845049384,-86.9547283440285));
#9021=CARTESIAN_POINT('Ctrl Pts',(105.597911297098,622.736172071813,-85.7475098302793));
#9022=CARTESIAN_POINT('Ctrl Pts',(106.310486465647,622.59771029888,-84.918791760276));
#9023=CARTESIAN_POINT('Ctrl Pts',(103.268857156234,621.513784465761,-89.2704838432487));
#9024=CARTESIAN_POINT('Ctrl Pts',(103.864278179278,621.474893562986,-88.8455149159055));
#9025=CARTESIAN_POINT('Ctrl Pts',(105.225954656178,621.34828533092,-87.7661715553997));
#9026=CARTESIAN_POINT('Ctrl Pts',(106.533623243156,621.118924481422,-86.4474500141617));
#9027=CARTESIAN_POINT('Ctrl Pts',(107.28334785591,620.90558839182,-85.5348237300221));
#9028=CARTESIAN_POINT('Ctrl Pts',(103.268857156588,624.641248083816,-82.992781628463));
#9029=CARTESIAN_POINT('Ctrl Pts',(104.887701564773,623.92167405983,-84.0178607604621));
#9030=CARTESIAN_POINT('Ctrl Pts',(106.310486465647,622.59771029888,-84.918791760276));
#9031=CARTESIAN_POINT('Ctrl Pts',(107.28334785591,620.90558839182,-85.5348237300221));
#9032=CARTESIAN_POINT('Ctrl Pts',(100.612763884332,625.272705145148,-81.3108993102696));
#9033=CARTESIAN_POINT('Ctrl Pts',(101.145977268881,625.272264883435,-80.4909435498427));
#9034=CARTESIAN_POINT('Ctrl Pts',(102.034831088846,625.271410420745,-78.7392535464279));
#9035=CARTESIAN_POINT('Ctrl Pts',(103.144224564307,625.270165533601,-74.9898433577463));
#9036=CARTESIAN_POINT('Ctrl Pts',(103.434474785113,625.269647865012,-70.0940990558567));
#9037=CARTESIAN_POINT('Ctrl Pts',(102.394097792071,625.270509515003,-65.2948870462078));
#9038=CARTESIAN_POINT('Ctrl Pts',(101.081647540752,625.271585717876,-62.659970548826));
#9039=CARTESIAN_POINT('Ctrl Pts',(100.559892123205,625.27197695622,-61.8334380300399));
#9040=CARTESIAN_POINT('Ctrl Pts',(101.741780635212,625.222978143643,-82.0258114446005));
#9041=CARTESIAN_POINT('Ctrl Pts',(102.36142848207,625.219462149302,-81.1486081817004));
#9042=CARTESIAN_POINT('Ctrl Pts',(103.401389811626,625.212586701172,-79.2662130745119));
#9043=CARTESIAN_POINT('Ctrl Pts',(104.701525582248,625.202725612055,-75.2307747156907));
#9044=CARTESIAN_POINT('Ctrl Pts',(105.051624121783,625.198585439135,-69.9725914322841));
#9045=CARTESIAN_POINT('Ctrl Pts',(103.868254112217,625.205354684022,-64.8154051398412));
#9046=CARTESIAN_POINT('Ctrl Pts',(102.356172334443,625.213904043303,-61.9820579108543));
#9047=CARTESIAN_POINT('Ctrl Pts',(101.755437197979,625.217015099325,-61.0957370907014));
#9048=CARTESIAN_POINT('Ctrl Pts',(104.356744627702,624.473904275532,-83.68165002061));
#9049=CARTESIAN_POINT('Ctrl Pts',(105.175605219395,624.42207024301,-82.6711057936013));
#9050=CARTESIAN_POINT('Ctrl Pts',(106.562932945486,624.321286774041,-80.4851287884885));
#9051=CARTESIAN_POINT('Ctrl Pts',(108.300300021863,624.173848255103,-75.7871073190756));
#9052=CARTESIAN_POINT('Ctrl Pts',(108.786587833784,624.112298439241,-69.6921431191677));
#9053=CARTESIAN_POINT('Ctrl Pts',(107.275847264556,624.214730837189,-63.7075195415897));
#9054=CARTESIAN_POINT('Ctrl Pts',(105.304958780213,624.341991926531,-60.4138381338316));
#9055=CARTESIAN_POINT('Ctrl Pts',(104.522335814318,624.388158039513,-59.38844578785));
#9056=CARTESIAN_POINT('Ctrl Pts',(106.43585358301,622.379656167183,-84.9981762985297));
#9057=CARTESIAN_POINT('Ctrl Pts',(107.379578138005,622.201871378803,-83.8601354479923));
#9058=CARTESIAN_POINT('Ctrl Pts',(108.96176576821,621.859226957785,-81.402842531576));
#9059=CARTESIAN_POINT('Ctrl Pts',(110.898793029456,621.366854911859,-76.1789712584055));
#9060=CARTESIAN_POINT('Ctrl Pts',(111.42080469148,621.165015027305,-69.4967257609976));
#9061=CARTESIAN_POINT('Ctrl Pts',(109.773755278231,621.501457496367,-62.9084251833588));
#9062=CARTESIAN_POINT('Ctrl Pts',(107.554605628291,621.929419265976,-59.2204073858013));
#9063=CARTESIAN_POINT('Ctrl Pts',(106.662719116972,622.086172844092,-58.0677404407836));
#9064=CARTESIAN_POINT('Ctrl Pts',(107.28334785591,620.90558839182,-85.5348237300221));
#9065=CARTESIAN_POINT('Ctrl Pts',(108.252977226707,620.649462289851,-84.3293451218701));
#9066=CARTESIAN_POINT('Ctrl Pts',(109.856228200583,620.16108186187,-81.7396589706644));
#9067=CARTESIAN_POINT('Ctrl Pts',(111.771235956371,619.470650647786,-76.3037412216592));
#9068=CARTESIAN_POINT('Ctrl Pts',(112.259848311102,619.193606470009,-69.4357454516666));
#9069=CARTESIAN_POINT('Ctrl Pts',(110.641449972844,619.657760854252,-62.6402836561751));
#9070=CARTESIAN_POINT('Ctrl Pts',(108.403890110327,620.262120040329,-58.7714950952452));
#9071=CARTESIAN_POINT('Ctrl Pts',(107.493235161007,620.485705959329,-57.5552775661098));
#9072=CARTESIAN_POINT('Ctrl Pts',(103.268778995235,624.61885541751,-60.1619423815492));
#9073=CARTESIAN_POINT('Ctrl Pts',(103.521593242097,624.505313662375,-60.0059454966781));
#9074=CARTESIAN_POINT('Ctrl Pts',(105.232103478996,623.624801936776,-58.9504896756184));
#9075=CARTESIAN_POINT('Ctrl Pts',(106.662719116972,622.086172844092,-58.0677404407836));
#9076=CARTESIAN_POINT('Ctrl Pts',(107.493235161007,620.485705959329,-57.5552775661098));
#9077=CARTESIAN_POINT('Origin',(126.619781575643,467.77962148452,-118.));
#9078=CARTESIAN_POINT('',(126.619781575643,471.02962148452,-89.5));
#9079=CARTESIAN_POINT('Origin',(126.619781575643,471.02962148452,-87.5));
#9080=CARTESIAN_POINT('',(126.619781575643,469.40462148452,-89.5));
#9081=CARTESIAN_POINT('Origin',(64.8098907878216,471.02962148452,-87.5));
#9082=CARTESIAN_POINT('',(68.8098907878217,473.02962148452,-87.5));
#9083=CARTESIAN_POINT('',(127.369781575643,471.02962148452,-89.5));
#9084=CARTESIAN_POINT('Origin',(129.369781575643,471.02962148452,-87.5));
#9085=CARTESIAN_POINT('',(64.8098907878216,471.02962148452,-89.5));
#9086=CARTESIAN_POINT('Origin',(137.619781575643,319.52962148452,-87.5));
#9087=CARTESIAN_POINT('Origin',(129.369781575643,471.02962148452,-32.5));
#9088=CARTESIAN_POINT('',(127.369781575643,471.02962148452,-61.));
#9089=CARTESIAN_POINT('Origin',(129.369781575643,471.02962148452,-63.));
#9090=CARTESIAN_POINT('',(127.369781575643,471.02962148452,-32.5));
#9091=CARTESIAN_POINT('Origin',(137.619781575643,19.5296214845197,-63.));
#9092=CARTESIAN_POINT('',(68.8098907878217,473.02962148452,-63.));
#9093=CARTESIAN_POINT('Origin',(129.369781575643,471.02962148452,-118.));
#9094=CARTESIAN_POINT('Origin',(129.369781575643,471.02962148452,-118.));
#9095=CARTESIAN_POINT('',(127.369781575643,471.02962148452,-118.));
#9096=CARTESIAN_POINT('Origin',(99.6197815756433,471.02962148452,-118.));
#9097=CARTESIAN_POINT('Origin',(107.619781575643,470.661044414419,-148.034255626131));
#9098=CARTESIAN_POINT('Origin',(51.6344285782938,471.02962148452,-63.));
#9099=CARTESIAN_POINT('',(126.619781575643,471.02962148452,-61.));
#9100=CARTESIAN_POINT('',(51.6344285782938,471.02962148452,-61.));
#9101=CARTESIAN_POINT('Origin',(126.619781575643,471.02962148452,-63.));
#9102=CARTESIAN_POINT('Origin',(126.619781575643,467.77962148452,-32.5));
#9103=CARTESIAN_POINT('',(126.619781575643,469.77962148452,-61.));
#9104=CARTESIAN_POINT('',(126.619781575643,469.40462148452,-61.));
#9105=CARTESIAN_POINT('',(126.619781575643,469.77962148452,-32.5));
#9106=CARTESIAN_POINT('',(126.619781575643,474.27962148452,-32.5));
#9107=CARTESIAN_POINT('',(126.619781575643,469.77962148452,-17.625));
#9108=CARTESIAN_POINT('Origin',(99.6197815756433,471.02962148452,-32.5));
#9109=CARTESIAN_POINT('Origin',(99.6197815756433,469.77962148452,-32.5));
#9110=CARTESIAN_POINT('Ctrl Pts',(103.268857156584,624.619095715301,-60.1618941527466));
#9111=CARTESIAN_POINT('Ctrl Pts',(102.392985622158,624.667956919341,-58.9855673274825));
#9112=CARTESIAN_POINT('Ctrl Pts',(101.416619367941,624.686107683902,-58.0522013950669));
#9113=CARTESIAN_POINT('Ctrl Pts',(100.343573965033,624.693915430051,-57.2646011104361));
#9114=CARTESIAN_POINT('Ctrl Pts',(105.011461966021,623.835486231894,-59.0866346481568));
#9115=CARTESIAN_POINT('Ctrl Pts',(103.925550728718,623.941060051388,-57.696519283551));
#9116=CARTESIAN_POINT('Ctrl Pts',(102.772560253129,623.98126755542,-56.6284253604174));
#9117=CARTESIAN_POINT('Ctrl Pts',(101.518390490395,623.998169030208,-55.7177613031984));
#9118=CARTESIAN_POINT('Ctrl Pts',(106.521858441079,622.35762196148,-58.1546573250663));
#9119=CARTESIAN_POINT('Ctrl Pts',(105.273570002191,622.570185697485,-56.5675106725088));
#9120=CARTESIAN_POINT('Ctrl Pts',(103.968101465325,622.650388753042,-55.3733194170395));
#9121=CARTESIAN_POINT('Ctrl Pts',(102.556150353101,622.684482438361,-54.3513792074987));
#9122=CARTESIAN_POINT('Ctrl Pts',(107.493235161006,620.485705959329,-57.5552775661087));
#9123=CARTESIAN_POINT('Ctrl Pts',(106.185049718057,620.812478414048,-55.8146255769837));
#9124=CARTESIAN_POINT('Ctrl Pts',(104.784162326992,620.937628029469,-54.5173612282084));
#9125=CARTESIAN_POINT('Ctrl Pts',(103.268857155921,620.990837826718,-53.4129831007942));
#9126=CARTESIAN_POINT('Origin',(127.119781575643,471.02962148452,-89.5));
#9127=CARTESIAN_POINT('',(127.369781575643,471.02962148452,-89.5));
#9128=CARTESIAN_POINT('Origin',(127.369781575643,471.02962148452,-118.));
#9129=CARTESIAN_POINT('Origin',(99.6197815756433,469.40462148452,-32.5));
#9130=CARTESIAN_POINT('',(127.369781575643,469.77962148452,-32.5));
#9131=CARTESIAN_POINT('',(127.369781575643,467.77962148452,-32.5));
#9132=CARTESIAN_POINT('Origin',(99.6197815756433,469.77962148452,-32.5));
#9133=CARTESIAN_POINT('Origin',(127.369781575643,471.02962148452,-32.5));
#9134=CARTESIAN_POINT('',(127.369781575643,469.77962148452,-61.));
#9135=CARTESIAN_POINT('',(127.369781575643,471.02962148452,-61.));
#9136=CARTESIAN_POINT('',(127.369781575643,469.77962148452,-17.625));
#9137=CARTESIAN_POINT('Origin',(127.119781575643,471.02962148452,-61.));
#9138=CARTESIAN_POINT('',(79.8318193661155,469.77962148452,-61.));
#9139=CARTESIAN_POINT('Origin',(32.5438571565876,469.77962148452,-2.75));
#9140=CARTESIAN_POINT('Origin',(135.619781575643,569.52962148452,-65.));
#9141=CARTESIAN_POINT('',(129.619781575643,569.52962148452,-85.5));
#9142=CARTESIAN_POINT('',(129.619781575643,569.52962148452,-65.));
#9143=CARTESIAN_POINT('',(129.619781575643,569.52962148452,-33.7499999999999));
#9144=CARTESIAN_POINT('',(135.619781575643,569.52962148452,-85.5));
#9145=CARTESIAN_POINT('',(135.619781575643,569.52962148452,-85.5));
#9146=CARTESIAN_POINT('',(135.619781575643,569.52962148452,-65.));
#9147=CARTESIAN_POINT('',(135.619781575643,569.52962148452,-37.5338909768348));
#9148=CARTESIAN_POINT('',(135.619781575643,569.52962148452,-65.));
#9149=CARTESIAN_POINT('Origin',(135.619781575643,519.52962148452,-85.5));
#9150=CARTESIAN_POINT('',(129.619781575643,519.52962148452,-65.));
#9151=CARTESIAN_POINT('',(129.619781575643,519.52962148452,-85.5000000000001));
#9152=CARTESIAN_POINT('',(129.619781575643,519.52962148452,-44.));
#9153=CARTESIAN_POINT('',(135.619781575643,519.52962148452,-65.));
#9154=CARTESIAN_POINT('',(135.619781575643,519.52962148452,-65.));
#9155=CARTESIAN_POINT('',(135.619781575643,519.52962148452,-85.5));
#9156=CARTESIAN_POINT('',(135.619781575643,519.52962148452,-47.7838909768348));
#9157=CARTESIAN_POINT('',(135.619781575643,519.52962148452,-85.5));
#9158=CARTESIAN_POINT('Origin',(137.619781575643,319.52962148452,-85.5));
#9159=CARTESIAN_POINT('',(108.619781575643,556.02962148452,-85.5));
#9160=CARTESIAN_POINT('',(129.619781575636,556.02962148452,-85.5));
#9161=CARTESIAN_POINT('',(124.86978157564,556.02962148452,-85.5));
#9162=CARTESIAN_POINT('',(129.619781575643,395.27962148452,-85.5000000000001));
#9163=CARTESIAN_POINT('',(135.619781575643,620.27962148452,-85.5));
#9164=CARTESIAN_POINT('',(129.619781575643,571.02962148452,-85.5));
#9165=CARTESIAN_POINT('',(129.619781575643,21.0296214845197,-85.5));
#9166=CARTESIAN_POINT('',(108.619781575643,571.02962148452,-85.5));
#9167=CARTESIAN_POINT('',(108.619781575643,571.02962148452,-85.5));
#9168=CARTESIAN_POINT('',(108.619781575643,-178.97037851548,-85.5));
#9169=CARTESIAN_POINT('Origin',(129.619781575643,221.02962148452,-2.50000000000002));
#9170=CARTESIAN_POINT('',(129.619781575643,571.02962148452,-65.));
#9171=CARTESIAN_POINT('',(129.619781575643,21.0296214845197,-65.));
#9172=CARTESIAN_POINT('',(129.619781575643,571.02962148452,-106.875));
#9173=CARTESIAN_POINT('Ctrl Pts',(121.614081143887,478.651010579663,-136.866912042319));
#9174=CARTESIAN_POINT('Ctrl Pts',(123.790990410978,478.596127433516,-134.56303236083));
#9175=CARTESIAN_POINT('Ctrl Pts',(127.994202469034,478.464273761673,-128.354047453868));
#9176=CARTESIAN_POINT('Ctrl Pts',(129.619781575643,478.340717333099,-120.957677453642));
#9177=CARTESIAN_POINT('Ctrl Pts',(129.619781575643,478.27962148452,-116.7296875));
#9178=CARTESIAN_POINT('Ctrl Pts',(121.656920469423,478.019928444553,-136.907259699123));
#9179=CARTESIAN_POINT('Ctrl Pts',(123.831540957222,477.969460393285,-134.592377769539));
#9180=CARTESIAN_POINT('Ctrl Pts',(128.022553032224,477.848677703223,-128.361402155088));
#9181=CARTESIAN_POINT('Ctrl Pts',(129.628946519099,477.736498070291,-120.957770474014));
#9182=CARTESIAN_POINT('Ctrl Pts',(129.619781575643,477.681222883836,-116.7296875));
#9183=CARTESIAN_POINT('Ctrl Pts',(121.51921830387,476.73262824571,-136.777566720828));
#9184=CARTESIAN_POINT('Ctrl Pts',(123.669979209259,476.695642562911,-134.46823672722));
#9185=CARTESIAN_POINT('Ctrl Pts',(127.803795275086,476.607495188326,-128.263460950841));
#9186=CARTESIAN_POINT('Ctrl Pts',(129.367837568831,476.52661964837,-120.918403160054));
#9187=CARTESIAN_POINT('Ctrl Pts',(129.345828214546,476.487110262517,-116.7296875));
#9188=CARTESIAN_POINT('Ctrl Pts',(120.554864588122,474.871795185739,-135.869302823719));
#9189=CARTESIAN_POINT('Ctrl Pts',(122.605324427075,474.861570921768,-133.662017743539));
#9190=CARTESIAN_POINT('Ctrl Pts',(126.543768495826,474.837372542089,-127.735141098746));
#9191=CARTESIAN_POINT('Ctrl Pts',(128.030670795313,474.815526305659,-120.725984435232));
#9192=CARTESIAN_POINT('Ctrl Pts',(128.007654639082,474.804921124702,-116.7296875));
#9193=CARTESIAN_POINT('Ctrl Pts',(119.406912619619,474.27962148452,-134.788119320633));
#9194=CARTESIAN_POINT('Ctrl Pts',(121.35003586141,474.279815739988,-132.71341128873));
#9195=CARTESIAN_POINT('Ctrl Pts',(125.092582199864,474.279820899147,-127.134078861945));
#9196=CARTESIAN_POINT('Ctrl Pts',(126.526168880155,474.279439556558,-120.511871968415));
#9197=CARTESIAN_POINT('Ctrl Pts',(126.517379476669,474.27962148452,-116.7296875));
#9198=CARTESIAN_POINT('Ctrl Pts',(118.714819188297,474.27962148452,-134.136280200991));
#9199=CARTESIAN_POINT('Ctrl Pts',(120.593237114976,474.27962148452,-132.141860613153));
#9200=CARTESIAN_POINT('Ctrl Pts',(124.217927918484,474.27962148452,-126.772211523341));
#9201=CARTESIAN_POINT('Ctrl Pts',(125.619781575643,474.27962148452,-120.382657702308));
#9202=CARTESIAN_POINT('Ctrl Pts',(125.619781575643,474.27962148452,-116.7296875));
#9203=CARTESIAN_POINT('',(125.619781575643,474.27962148452,-116.7296875));
#9204=CARTESIAN_POINT('Ctrl Pts',(118.714819188297,474.27962148452,-134.136280200991));
#9205=CARTESIAN_POINT('Ctrl Pts',(120.593237114976,474.27962148452,-132.141860613153));
#9206=CARTESIAN_POINT('Ctrl Pts',(124.217927918484,474.27962148452,-126.772211523341));
#9207=CARTESIAN_POINT('Ctrl Pts',(125.619781575643,474.27962148452,-120.382657702308));
#9208=CARTESIAN_POINT('Ctrl Pts',(125.619781575643,474.27962148452,-116.7296875));
#9209=CARTESIAN_POINT('Origin',(125.619781575643,478.27962148452,-116.7296875));
#9210=CARTESIAN_POINT('Origin',(125.619781575643,478.27962148452,-72.75));
#9211=CARTESIAN_POINT('',(129.619781575643,478.27962148452,-87.5));
#9212=CARTESIAN_POINT('',(125.619781575643,474.27962148452,-87.5));
#9213=CARTESIAN_POINT('Origin',(125.619781575643,478.27962148452,-87.5));
#9214=CARTESIAN_POINT('',(129.619781575643,478.27962148452,-72.75));
#9215=CARTESIAN_POINT('',(125.619781575643,474.27962148452,-72.75));
#9216=CARTESIAN_POINT('Origin',(125.619781575643,478.27962148452,-5.00000000000002));
#9217=CARTESIAN_POINT('',(125.619781575643,474.27962148452,-63.));
#9218=CARTESIAN_POINT('',(129.619781575643,478.27962148452,-63.));
#9219=CARTESIAN_POINT('Origin',(125.619781575643,478.27962148452,-63.));
#9220=CARTESIAN_POINT('',(125.619781575643,474.27962148452,-33.2703125));
#9221=CARTESIAN_POINT('',(125.619781575643,474.27962148452,-5.00000000000002));
#9222=CARTESIAN_POINT('',(129.619781575643,478.27962148452,-33.2703125));
#9223=CARTESIAN_POINT('Origin',(125.619781575643,478.27962148452,-33.2703125));
#9224=CARTESIAN_POINT('',(129.619781575643,478.27962148452,-5.00000000000002));
#9225=CARTESIAN_POINT('Ctrl Pts',(129.619781575643,478.27962148452,-33.2703125));
#9226=CARTESIAN_POINT('Ctrl Pts',(129.619781575643,478.346063037888,-28.6723860176171));
#9227=CARTESIAN_POINT('Ctrl Pts',(127.781409174744,478.475599546047,-21.013872432093));
#9228=CARTESIAN_POINT('Ctrl Pts',(121.401171592365,478.666464048226,-12.2225499135619));
#9229=CARTESIAN_POINT('Ctrl Pts',(116.392628288706,478.768505295774,-8.56897514840519));
#9230=CARTESIAN_POINT('Ctrl Pts',(113.667447559125,478.815312299322,-7.17320339397252));
#9231=CARTESIAN_POINT('Ctrl Pts',(129.619781575643,477.681222883836,-33.2703125));
#9232=CARTESIAN_POINT('Ctrl Pts',(129.629751818345,477.741324423371,-28.6722749619491));
#9233=CARTESIAN_POINT('Ctrl Pts',(127.811662149509,477.859000851843,-21.0055331822642));
#9234=CARTESIAN_POINT('Ctrl Pts',(121.447436618576,478.033951743477,-12.1805535536932));
#9235=CARTESIAN_POINT('Ctrl Pts',(116.436833889615,478.128223880885,-8.50314564300318));
#9236=CARTESIAN_POINT('Ctrl Pts',(113.707263914938,478.171593251067,-7.09585801450602));
#9237=CARTESIAN_POINT('Ctrl Pts',(129.345814278087,476.487163210031,-33.2703125));
#9238=CARTESIAN_POINT('Ctrl Pts',(129.369744325325,476.530144549277,-28.7151114490022));
#9239=CARTESIAN_POINT('Ctrl Pts',(127.597451225839,476.615042456407,-21.1078407206217));
#9240=CARTESIAN_POINT('Ctrl Pts',(121.316562159607,476.742760439654,-12.3166351685945));
#9241=CARTESIAN_POINT('Ctrl Pts',(116.35014001059,476.812530865051,-8.63801231208662));
#9242=CARTESIAN_POINT('Ctrl Pts',(113.639873954754,476.844712988785,-7.22676658050133));
#9243=CARTESIAN_POINT('Ctrl Pts',(128.007875033254,474.804169023783,-33.2703125));
#9244=CARTESIAN_POINT('Ctrl Pts',(128.032912848904,474.815678961866,-28.9243286999422));
#9245=CARTESIAN_POINT('Ctrl Pts',(126.347712804353,474.838545706408,-21.6646860366902));
#9246=CARTESIAN_POINT('Ctrl Pts',(120.362952242041,474.873567447206,-13.2661920720166));
#9247=CARTESIAN_POINT('Ctrl Pts',(115.625435720327,474.892936614506,-9.74639109866803));
#9248=CARTESIAN_POINT('Ctrl Pts',(113.038593629418,474.901930548748,-8.39478545060751));
#9249=CARTESIAN_POINT('Ctrl Pts',(126.517379476669,474.27962148452,-33.2703125));
#9250=CARTESIAN_POINT('Ctrl Pts',(126.526928090462,474.279452797091,-29.1572268360779));
#9251=CARTESIAN_POINT('Ctrl Pts',(124.904469460712,474.279981781053,-22.2997271090202));
#9252=CARTESIAN_POINT('Ctrl Pts',(119.220841951402,474.279510031937,-14.3962378170007));
#9253=CARTESIAN_POINT('Ctrl Pts',(114.741264733854,474.279773906981,-11.0961315584196));
#9254=CARTESIAN_POINT('Ctrl Pts',(112.299102197436,474.27962148452,-9.83128671373094));
#9255=CARTESIAN_POINT('Ctrl Pts',(125.619781575643,474.27962148452,-33.2703125));
#9256=CARTESIAN_POINT('Ctrl Pts',(125.619781575643,474.27962148452,-29.2977182846135));
#9257=CARTESIAN_POINT('Ctrl Pts',(124.03455222371,474.27962148452,-22.6818108705324));
#9258=CARTESIAN_POINT('Ctrl Pts',(118.532129017192,474.27962148452,-15.0775747369953));
#9259=CARTESIAN_POINT('Ctrl Pts',(114.207936362831,474.27962148452,-11.9098105256669));
#9260=CARTESIAN_POINT('Ctrl Pts',(111.853139473643,474.27962148452,-10.6975929186832));
#9261=CARTESIAN_POINT('',(111.853139473643,474.27962148452,-10.6975929186832));
#9262=CARTESIAN_POINT('',(113.667447559125,478.815312299322,-7.17320339397252));
#9263=CARTESIAN_POINT('Origin',(111.853139473643,478.27962148452,-10.6975929186832));
#9264=CARTESIAN_POINT('Ctrl Pts',(113.667447559125,478.815312299322,-7.17320339397252));
#9265=CARTESIAN_POINT('Ctrl Pts',(116.392628288706,478.768505295774,-8.56897514840519));
#9266=CARTESIAN_POINT('Ctrl Pts',(121.401171592365,478.666464048226,-12.2225499135619));
#9267=CARTESIAN_POINT('Ctrl Pts',(127.781409174744,478.475599546047,-21.013872432093));
#9268=CARTESIAN_POINT('Ctrl Pts',(129.619781575643,478.346063037888,-28.6723860176171));
#9269=CARTESIAN_POINT('Ctrl Pts',(129.619781575643,478.27962148452,-33.2703125));
#9270=CARTESIAN_POINT('Ctrl Pts',(125.619781575643,474.27962148452,-33.2703125));
#9271=CARTESIAN_POINT('Ctrl Pts',(125.619781575643,474.27962148452,-29.2977182846135));
#9272=CARTESIAN_POINT('Ctrl Pts',(124.03455222371,474.27962148452,-22.6818108705324));
#9273=CARTESIAN_POINT('Ctrl Pts',(118.532129017192,474.27962148452,-15.0775747369953));
#9274=CARTESIAN_POINT('Ctrl Pts',(114.207936362831,474.27962148452,-11.9098105256669));
#9275=CARTESIAN_POINT('Ctrl Pts',(111.853139473643,474.27962148452,-10.6975929186832));
#9276=CARTESIAN_POINT('Ctrl Pts',(113.667447559125,478.815312299322,-7.1732033939725));
#9277=CARTESIAN_POINT('Ctrl Pts',(110.427495992224,478.87096087442,-5.51377844878513));
#9278=CARTESIAN_POINT('Ctrl Pts',(106.877588885242,478.920602019146,-4.46530503384948));
#9279=CARTESIAN_POINT('Ctrl Pts',(103.259683731729,478.961156761492,-4.09567952616018));
#9280=CARTESIAN_POINT('Ctrl Pts',(113.707263914938,478.171593251067,-7.09585801450599));
#9281=CARTESIAN_POINT('Ctrl Pts',(110.462093999995,478.223154843791,-5.42274191342041));
#9282=CARTESIAN_POINT('Ctrl Pts',(106.902583409004,478.269385233278,-4.36168541009311));
#9283=CARTESIAN_POINT('Ctrl Pts',(103.271392749244,478.307235485161,-3.98321646779368));
#9284=CARTESIAN_POINT('Ctrl Pts',(113.639874524771,476.844711009661,-7.22676547321399));
#9285=CARTESIAN_POINT('Ctrl Pts',(110.417654926999,476.882972149954,-5.54894360631877));
#9286=CARTESIAN_POINT('Ctrl Pts',(106.877014290585,476.917658434624,-4.47863448679188));
#9287=CARTESIAN_POINT('Ctrl Pts',(103.260246837807,476.946055653314,-4.09027099110275));
#9288=CARTESIAN_POINT('Ctrl Pts',(113.038594384795,474.901926595355,-8.39478398324713));
#9289=CARTESIAN_POINT('Ctrl Pts',(109.963112823227,474.912619431623,-6.78786786581974));
#9290=CARTESIAN_POINT('Ctrl Pts',(106.581502770144,474.9223712587,-5.76023113361482));
#9291=CARTESIAN_POINT('Ctrl Pts',(103.125457277368,474.93040625638,-5.38490106430304));
#9292=CARTESIAN_POINT('Ctrl Pts',(112.299102197436,474.27962148452,-9.83128671373094));
#9293=CARTESIAN_POINT('Ctrl Pts',(109.395629319249,474.279440270339,-8.32752001233275));
#9294=CARTESIAN_POINT('Ctrl Pts',(106.208642862461,474.279762842864,-7.37067175499132));
#9295=CARTESIAN_POINT('Ctrl Pts',(102.954604248833,474.27962148452,-7.0259144196277));
#9296=CARTESIAN_POINT('Ctrl Pts',(111.853139473643,474.27962148452,-10.6975929186832));
#9297=CARTESIAN_POINT('Ctrl Pts',(109.05353510684,474.27962148452,-9.25639443502298));
#9298=CARTESIAN_POINT('Ctrl Pts',(105.983385860624,474.27962148452,-8.34207208432715));
#9299=CARTESIAN_POINT('Ctrl Pts',(102.85152212313,474.27962148452,-8.01600014665899));
#9300=CARTESIAN_POINT('Ctrl Pts',(103.268857158281,478.961053911281,-4.09661820462983));
#9301=CARTESIAN_POINT('Ctrl Pts',(106.88358943472,478.920518101352,-4.46707781209344));
#9302=CARTESIAN_POINT('Ctrl Pts',(110.430234402906,478.870913840182,-5.51518099660137));
#9303=CARTESIAN_POINT('Ctrl Pts',(113.667447559125,478.815312299322,-7.1732033939725));
#9304=CARTESIAN_POINT('Ctrl Pts',(111.853139473643,474.27962148452,-10.6975929186832));
#9305=CARTESIAN_POINT('Ctrl Pts',(111.4219121675,474.27962148452,-10.4556307375459));
#9306=CARTESIAN_POINT('Ctrl Pts',(110.984078395903,474.279744104224,-10.2269689681726));
#9307=CARTESIAN_POINT('Ctrl Pts',(110.540313602894,474.279979049184,-10.0116896528008));
#9308=CARTESIAN_POINT('Ctrl Pts',(110.091097520675,474.280216880252,-9.79376580630059));
#9309=CARTESIAN_POINT('Ctrl Pts',(109.635803354739,474.280569793131,-9.58955501027665));
#9310=CARTESIAN_POINT('Ctrl Pts',(109.175099614364,474.281025346183,-9.3991852710384));
#9311=CARTESIAN_POINT('Ctrl Pts',(108.702059910064,474.281493097282,-9.20371812531114));
#9312=CARTESIAN_POINT('Ctrl Pts',(108.223316606992,474.282069042045,-9.02284283191807));
#9313=CARTESIAN_POINT('Ctrl Pts',(107.739566502413,474.282738142234,-8.85674737822205));
#9314=CARTESIAN_POINT('Ctrl Pts',(107.262911156906,474.283397429289,-8.69308790793144));
#9315=CARTESIAN_POINT('Ctrl Pts',(106.781394200041,474.284147135456,-8.54377791041842));
#9316=CARTESIAN_POINT('Ctrl Pts',(106.295664580425,474.284971691054,-8.40904684376541));
#9317=CARTESIAN_POINT('Ctrl Pts',(105.799090223648,474.285814656254,-8.27130767765465));
#9318=CARTESIAN_POINT('Ctrl Pts',(105.298112454283,474.286735833861,-8.14880535089436));
#9319=CARTESIAN_POINT('Ctrl Pts',(104.793414531503,474.287717638374,-8.04184056715445));
#9320=CARTESIAN_POINT('Ctrl Pts',(104.288716608723,474.288699442888,-7.93487578341453));
#9321=CARTESIAN_POINT('Ctrl Pts',(103.780297936451,474.289741855285,-7.84344837595201));
#9322=CARTESIAN_POINT('Ctrl Pts',(103.268840409519,474.290826625979,-7.76791763092723));
#9323=CARTESIAN_POINT('Origin',(32.5438571565876,474.27962148452,-7.5));
#9324=CARTESIAN_POINT('',(124.619781575643,474.27962148452,-63.));
#9325=CARTESIAN_POINT('',(67.9063571565877,474.27962148452,-63.));
#9326=CARTESIAN_POINT('',(124.619781575643,474.27962148452,-32.5));
#9327=CARTESIAN_POINT('',(124.619781575643,474.27962148452,-32.5));
#9328=CARTESIAN_POINT('Origin',(99.6197815756433,474.27962148452,-32.5));
#9329=CARTESIAN_POINT('Origin',(32.5438571565876,474.27962148452,-143.));
#9330=CARTESIAN_POINT('',(124.619781575643,474.27962148452,-87.5));
#9331=CARTESIAN_POINT('',(124.619781575643,474.27962148452,-118.));
#9332=CARTESIAN_POINT('',(81.0818193661155,474.27962148452,-87.5));
#9333=CARTESIAN_POINT('Origin',(124.619781575643,467.77962148452,-118.));
#9334=CARTESIAN_POINT('',(124.619781575643,474.27962148452,-87.5));
#9335=CARTESIAN_POINT('',(124.619781575643,144.40462148452,-87.5));
#9336=CARTESIAN_POINT('Origin',(129.369781575643,471.02962148452,-118.));
#9337=CARTESIAN_POINT('',(129.369781575643,467.77962148452,-87.5));
#9338=CARTESIAN_POINT('Origin',(127.119781575643,471.02962148452,-87.5));
#9339=CARTESIAN_POINT('Origin',(127.119781575643,471.02962148452,-63.));
#9340=CARTESIAN_POINT('',(129.369781575643,467.77962148452,-63.));
#9341=CARTESIAN_POINT('',(129.369781575643,467.77962148452,-63.));
#9342=CARTESIAN_POINT('',(124.619781575643,467.77962148452,-63.));
#9343=CARTESIAN_POINT('',(124.619781575643,467.77962148452,-63.));
#9344=CARTESIAN_POINT('',(124.619781575643,474.27962148452,-63.));
#9345=CARTESIAN_POINT('Origin',(124.619781575643,467.77962148452,-32.5));
#9346=CARTESIAN_POINT('',(124.619781575643,467.77962148452,-32.5));
#9347=CARTESIAN_POINT('',(124.619781575643,474.27962148452,-32.5));
#9348=CARTESIAN_POINT('',(124.619781575643,144.40462148452,-63.));
#9349=CARTESIAN_POINT('',(124.619781575643,467.77962148452,-32.5));
#9350=CARTESIAN_POINT('Origin',(129.369781575643,471.02962148452,-32.5));
#9351=CARTESIAN_POINT('',(129.369781575643,467.77962148452,-32.5));
#9352=CARTESIAN_POINT('',(129.369781575643,467.77962148452,-32.5));
#9353=CARTESIAN_POINT('',(129.369781575643,467.77962148452,-32.5));
#9354=CARTESIAN_POINT('Origin',(99.6197815756433,471.02962148452,-32.5));
#9355=CARTESIAN_POINT('Origin',(99.6197815756433,467.77962148452,-32.5));
#9356=CARTESIAN_POINT('Origin',(99.6197815756433,469.40462148452,-32.5));
#9357=CARTESIAN_POINT('Origin',(99.6197815756433,467.77962148452,-32.5));
#9358=CARTESIAN_POINT('Origin',(32.5438571565876,467.77962148452,-2.75));
#9359=CARTESIAN_POINT('Origin',(103.268857156588,-178.97037851548,-63.));
#9360=CARTESIAN_POINT('',(129.619781575636,478.52962148452,-63.));
#9361=CARTESIAN_POINT('',(129.619781575643,21.0296214845197,-63.));
#9362=CARTESIAN_POINT('',(103.268857156588,478.52962148452,-63.));
#9363=CARTESIAN_POINT('',(107.694319366112,478.52962148452,-63.));
#9364=CARTESIAN_POINT('',(103.268857156588,-178.97037851548,-63.));
#9365=CARTESIAN_POINT('Origin',(129.619781575643,221.02962148452,-2.50000000000002));
#9366=CARTESIAN_POINT('',(129.619781575636,556.02962148452,-87.5));
#9367=CARTESIAN_POINT('',(129.619781575636,556.02962148452,-58.4355123663555));
#9368=CARTESIAN_POINT('',(129.619781575643,571.02962148452,-87.5));
#9369=CARTESIAN_POINT('',(129.619781575643,21.0296214845197,-87.5));
#9370=CARTESIAN_POINT('',(129.619781575643,571.02962148452,-106.875));
#9371=CARTESIAN_POINT('',(129.619781575636,478.52962148452,-87.5));
#9372=CARTESIAN_POINT('',(129.619781575643,21.0296214845197,-87.5));
#9373=CARTESIAN_POINT('',(129.619781575636,478.52962148452,-85.5));
#9374=CARTESIAN_POINT('',(129.619781575636,478.52962148452,-93.4930623221535));
#9375=CARTESIAN_POINT('',(129.619781575643,21.0296214845197,-85.5));
#9376=CARTESIAN_POINT('',(129.619781575636,478.52962148452,-65.));
#9377=CARTESIAN_POINT('',(129.619781575643,21.0296214845197,-65.));
#9378=CARTESIAN_POINT('',(129.619781575636,478.52962148452,-93.4930623221535));
#9379=CARTESIAN_POINT('',(129.619781575643,571.02962148452,-43.1250000000001));
#9380=CARTESIAN_POINT('',(129.619781575643,471.02962148452,-32.5));
#9381=CARTESIAN_POINT('',(129.619781575643,571.02962148452,-63.));
#9382=CARTESIAN_POINT('',(129.619781575643,571.02962148452,-106.875));
#9383=CARTESIAN_POINT('',(129.619781575636,556.02962148452,-63.));
#9384=CARTESIAN_POINT('',(129.619781575643,21.0296214845197,-63.));
#9385=CARTESIAN_POINT('',(129.619781575636,556.02962148452,-65.));
#9386=CARTESIAN_POINT('',(129.619781575636,556.02962148452,-58.4355123663555));
#9387=CARTESIAN_POINT('',(129.619781575643,370.27962148452,-65.0000000000001));
#9388=CARTESIAN_POINT('Ctrl Pts',(100.232541871746,479.199758765895,-3.98083738224923));
#9389=CARTESIAN_POINT('Ctrl Pts',(129.619781575643,477.04903179266,-3.5910181183503));
#9390=CARTESIAN_POINT('Ctrl Pts',(129.619781575643,473.961435456065,-32.8115052344768));
#9391=CARTESIAN_POINT('Ctrl Pts',(107.416612897362,574.987372440765,-21.3423423608195));
#9392=CARTESIAN_POINT('Ctrl Pts',(129.619781575643,573.362417043497,-21.0478191950646));
#9393=CARTESIAN_POINT('Ctrl Pts',(129.619781575643,571.02962148452,-43.1250000000001));
#9394=CARTESIAN_POINT('',(107.119781575643,571.02962148452,-20.625));
#9395=CARTESIAN_POINT('',(99.6197815756433,471.02962148452,-2.50000000000002));
#9396=CARTESIAN_POINT('Origin',(107.119781575643,571.02962148452,-43.125));
#9397=CARTESIAN_POINT('Origin',(135.619781575643,671.02962148452,-10.0677819536695));
#9398=CARTESIAN_POINT('Ctrl Pts',(135.619781575643,571.029621484526,-108.750000000055));
#9399=CARTESIAN_POINT('Ctrl Pts',(135.619781575643,571.029621484279,-110.754327304682));
#9400=CARTESIAN_POINT('Ctrl Pts',(135.619781575643,547.118567655045,-116.266958441192));
#9401=CARTESIAN_POINT('Ctrl Pts',(135.619781575643,533.23829401678,-119.173041646445));
#9402=CARTESIAN_POINT('Ctrl Pts',(135.619781575643,513.84130783519,-122.955671477971));
#9403=CARTESIAN_POINT('Ctrl Pts',(135.619781575643,487.701552968979,-127.795692838217));
#9404=CARTESIAN_POINT('Ctrl Pts',(135.619781575643,471.02962148452,-130.770329614269));
#9405=CARTESIAN_POINT('',(135.619781575643,571.02962148452,-41.2500000000921));
#9406=CARTESIAN_POINT('Ctrl Pts',(135.619781575643,471.02962148452,-19.2296703857307));
#9407=CARTESIAN_POINT('Ctrl Pts',(135.619781575643,491.323669029634,-22.8505717923204));
#9408=CARTESIAN_POINT('Ctrl Pts',(135.619781575643,520.649588583809,-28.3365368146692));
#9409=CARTESIAN_POINT('Ctrl Pts',(135.619781575643,540.064955399623,-32.2200926759263));
#9410=CARTESIAN_POINT('Ctrl Pts',(135.619781575643,552.61190171909,-34.9653913463962));
#9411=CARTESIAN_POINT('Ctrl Pts',(135.619781575643,571.029621484603,-39.5049733098345));
#9412=CARTESIAN_POINT('Ctrl Pts',(135.619781575643,571.029621484528,-41.2500000000203));
#9413=CARTESIAN_POINT('',(135.619781575643,595.27962148452,-65.));
#9414=CARTESIAN_POINT('Ctrl Pts',(137.718592416588,466.089079437291,-120.555810980313));
#9415=CARTESIAN_POINT('Ctrl Pts',(137.651959984417,469.420701045822,-150.301672582256));
#9416=CARTESIAN_POINT('Ctrl Pts',(107.619781575643,471.02962148452,-150.));
#9417=CARTESIAN_POINT('Ctrl Pts',(135.619781575643,571.02962148452,-108.75));
#9418=CARTESIAN_POINT('Ctrl Pts',(135.570416971274,573.497851702976,-130.787206834039));
#9419=CARTESIAN_POINT('Ctrl Pts',(113.321092472713,574.689819613053,-130.5637128509));
#9420=CARTESIAN_POINT('Origin',(137.619781575643,19.5296214845197,-65.));
#9421=CARTESIAN_POINT('',(108.619781575643,478.52962148452,-65.));
#9422=CARTESIAN_POINT('',(108.619781575643,-178.97037851548,-65.));
#9423=CARTESIAN_POINT('',(124.86978157564,478.52962148452,-65.));
#9424=CARTESIAN_POINT('Origin',(108.619781575643,-178.97037851548,-65.));
#9425=CARTESIAN_POINT('',(108.619781575643,478.52962148452,-85.5));
#9426=CARTESIAN_POINT('',(108.619781575643,-178.97037851548,-85.5));
#9427=CARTESIAN_POINT('',(108.619781575643,478.52962148452,-79.2465311610767));
#9428=CARTESIAN_POINT('Origin',(137.619781575643,319.52962148452,-85.5));
#9429=CARTESIAN_POINT('',(124.86978157564,478.52962148452,-85.5));
#9430=CARTESIAN_POINT('Origin',(99.6197815756433,471.02962148452,-2.50000000000002));
#9431=CARTESIAN_POINT('',(107.119781575643,571.02962148452,-20.625));
#9432=CARTESIAN_POINT('Ctrl Pts',(107.619781575643,471.02962148452,-7.07767178198537E-15));
#9433=CARTESIAN_POINT('Ctrl Pts',(137.651959984541,469.420701045816,0.301672582257072));
#9434=CARTESIAN_POINT('Ctrl Pts',(137.718592416588,466.089079437278,-29.4441890198097));
#9435=CARTESIAN_POINT('Ctrl Pts',(113.321092472713,574.689819613063,-19.4362871491018));
#9436=CARTESIAN_POINT('Ctrl Pts',(135.570416971366,573.497851702982,-19.2127931659615));
#9437=CARTESIAN_POINT('Ctrl Pts',(135.619781575643,571.02962148452,-41.2500000000922));
#9438=CARTESIAN_POINT('Origin',(129.619781575643,-178.97037851548,-87.5));
#9439=CARTESIAN_POINT('',(103.268857156588,478.52962148452,-87.5));
#9440=CARTESIAN_POINT('',(103.268857156588,-178.97037851548,-87.5));
#9441=CARTESIAN_POINT('',(120.86978157564,478.52962148452,-87.5));
#9442=CARTESIAN_POINT('Origin',(103.268857156588,-178.97037851548,-87.5));
#9443=CARTESIAN_POINT('',(103.268857156588,478.52962148452,-90.4965311610767));
#9444=CARTESIAN_POINT('Origin',(112.119781575636,478.52962148452,-93.4930623221535));
#9445=CARTESIAN_POINT('Ctrl Pts',(129.619781575643,571.02962148452,-43.1250000000001));
#9446=CARTESIAN_POINT('Ctrl Pts',(128.924797398488,571.696288576839,-43.4116413156184));
#9447=CARTESIAN_POINT('Ctrl Pts',(128.229813221333,572.362955669158,-43.6982826312367));
#9448=CARTESIAN_POINT('Ctrl Pts',(127.534829044178,573.029622761478,-43.9849239468551));
#9449=CARTESIAN_POINT('Ctrl Pts',(129.619781575643,571.02962148452,-54.9059724509618));
#9450=CARTESIAN_POINT('Ctrl Pts',(128.918993027716,571.696288576839,-55.069811640301));
#9451=CARTESIAN_POINT('Ctrl Pts',(128.225317318467,572.362955669158,-55.2342066326937));
#9452=CARTESIAN_POINT('Ctrl Pts',(127.52452877054,573.029622761478,-55.3980458220329));
#9453=CARTESIAN_POINT('Ctrl Pts',(129.619781575643,571.02962148452,-95.0940275490381));
#9454=CARTESIAN_POINT('Ctrl Pts',(128.918927050976,571.696288576839,-94.8411890753715));
#9455=CARTESIAN_POINT('Ctrl Pts',(128.225186577582,572.362955669158,-94.5878105409689));
#9456=CARTESIAN_POINT('Ctrl Pts',(127.524332052915,573.029622761478,-94.3349720673023));
#9457=CARTESIAN_POINT('Ctrl Pts',(129.619781575643,571.02962148452,-106.875));
#9458=CARTESIAN_POINT('Ctrl Pts',(128.924694174774,571.696288576839,-106.499372204127));
#9459=CARTESIAN_POINT('Ctrl Pts',(128.229606773905,572.362955669158,-106.123744408255));
#9460=CARTESIAN_POINT('Ctrl Pts',(127.534519373036,573.029622761478,-105.748116612382));
#9461=CARTESIAN_POINT('',(129.619781575643,571.02962148452,-106.875));
#9462=CARTESIAN_POINT('',(129.619781575643,571.02962148452,-106.875));
#9463=CARTESIAN_POINT('',(129.619781575643,571.02962148452,-43.1250000000001));
#9464=CARTESIAN_POINT('Origin',(103.268857156588,-178.97037851548,-63.));
#9465=CARTESIAN_POINT('',(103.268857156588,556.02962148452,-63.));
#9466=CARTESIAN_POINT('',(107.694319366112,556.02962148452,-63.));
#9467=CARTESIAN_POINT('',(103.268857156588,571.02962148452,-63.));
#9468=CARTESIAN_POINT('',(103.268857156588,571.02962148452,-63.));
#9469=CARTESIAN_POINT('',(103.268857156588,-178.97037851548,-63.));
#9470=CARTESIAN_POINT('Origin',(112.119781575636,556.02962148452,-58.4355123663555));
#9471=CARTESIAN_POINT('',(103.268857156588,556.02962148452,-87.5));
#9472=CARTESIAN_POINT('',(103.268857156588,556.02962148452,-72.9677561831778));
#9473=CARTESIAN_POINT('',(120.86978157564,556.02962148452,-87.5));
#9474=CARTESIAN_POINT('',(108.619781575643,556.02962148452,-65.));
#9475=CARTESIAN_POINT('',(108.619781575643,556.02962148452,-61.7177561831778));
#9476=CARTESIAN_POINT('',(124.86978157564,556.02962148452,-65.));
#9477=CARTESIAN_POINT('Origin',(137.619781575643,19.5296214845197,-65.));
#9478=CARTESIAN_POINT('',(108.619781575643,571.02962148452,-65.));
#9479=CARTESIAN_POINT('',(108.619781575643,-178.97037851548,-65.));
#9480=CARTESIAN_POINT('',(129.619781575643,571.02962148452,-65.));
#9481=CARTESIAN_POINT('Origin',(129.619781575643,-178.97037851548,-87.5));
#9482=CARTESIAN_POINT('',(103.268857156588,571.02962148452,-87.5));
#9483=CARTESIAN_POINT('',(103.268857156588,-178.97037851548,-87.5));
#9484=CARTESIAN_POINT('',(129.619781575643,571.02962148452,-87.5));
#9485=CARTESIAN_POINT('Ctrl Pts',(103.268857156588,571.02962148452,-20.625));
#9486=CARTESIAN_POINT('Ctrl Pts',(102.134606222045,573.104100773095,-22.1766928259899));
#9487=CARTESIAN_POINT('Ctrl Pts',(101.000355287503,575.17858006167,-23.7283856519798));
#9488=CARTESIAN_POINT('Ctrl Pts',(99.8661043529603,577.253059350245,-25.2800784779697));
#9489=CARTESIAN_POINT('Ctrl Pts',(104.680909950774,571.02962148452,-20.625));
#9490=CARTESIAN_POINT('Ctrl Pts',(103.491810398759,573.104100773095,-22.1825408319522));
#9491=CARTESIAN_POINT('Ctrl Pts',(102.302710924639,575.17858006167,-23.7400815748044));
#9492=CARTESIAN_POINT('Ctrl Pts',(101.113611372624,577.253059350245,-25.2976224067566));
#9493=CARTESIAN_POINT('Ctrl Pts',(105.971485436453,571.02962148452,-20.625));
#9494=CARTESIAN_POINT('Ctrl Pts',(104.732332965666,573.104100773095,-22.1879220740579));
#9495=CARTESIAN_POINT('Ctrl Pts',(103.493180534237,575.17858006167,-23.750844046161));
#9496=CARTESIAN_POINT('Ctrl Pts',(102.25402806345,577.253059350245,-25.3137661202189));
#9497=CARTESIAN_POINT('Ctrl Pts',(107.119781575643,571.02962148452,-20.625));
#9498=CARTESIAN_POINT('Ctrl Pts',(105.836140102625,573.104100773095,-22.1927302630246));
#9499=CARTESIAN_POINT('Ctrl Pts',(104.552498629606,575.17858006167,-23.7604605260493));
#9500=CARTESIAN_POINT('Ctrl Pts',(103.268857156588,577.253059350245,-25.3281907890739));
#9501=CARTESIAN_POINT('',(107.119781575643,571.02962148452,-20.625));
#9502=CARTESIAN_POINT('Ctrl Pts',(107.119781575643,571.02962148452,-20.625));
#9503=CARTESIAN_POINT('Ctrl Pts',(105.112694025746,574.273254259042,-23.0762856265972));
#9504=CARTESIAN_POINT('Ctrl Pts',(103.105606475848,577.516887033565,-25.5275712531943));
#9505=CARTESIAN_POINT('Ctrl Pts',(101.098518925951,580.760519808087,-27.9788568797915));
#9506=CARTESIAN_POINT('Ctrl Pts',(110.485773704489,571.02962148452,-20.625));
#9507=CARTESIAN_POINT('Ctrl Pts',(108.274817913219,574.273254259042,-23.0985051772249));
#9508=CARTESIAN_POINT('Ctrl Pts',(106.063742427563,577.516887033565,-25.5714648175895));
#9509=CARTESIAN_POINT('Ctrl Pts',(103.852786636293,580.760519808087,-28.0449699948145));
#9510=CARTESIAN_POINT('Ctrl Pts',(117.215203967472,571.02962148452,-22.1624183714446));
#9511=CARTESIAN_POINT('Ctrl Pts',(114.59787422125,574.273254259042,-24.5918590786876));
#9512=CARTESIAN_POINT('Ctrl Pts',(111.980689573856,577.516887033565,-27.0210573541898));
#9513=CARTESIAN_POINT('Ctrl Pts',(109.363359827635,580.760519808087,-29.4504980614328));
#9514=CARTESIAN_POINT('Ctrl Pts',(125.31368346825,571.02962148452,-28.6174108286508));
#9515=CARTESIAN_POINT('Ctrl Pts',(122.20637745181,574.273254259042,-30.7432294964649));
#9516=CARTESIAN_POINT('Ctrl Pts',(119.09886969989,577.516887033565,-32.868858679027));
#9517=CARTESIAN_POINT('Ctrl Pts',(115.99156368345,580.760519808087,-34.9946773468411));
#9518=CARTESIAN_POINT('Ctrl Pts',(129.055977638034,571.02962148452,-36.3921230216754));
#9519=CARTESIAN_POINT('Ctrl Pts',(125.717111205445,574.273254259042,-38.1278437319088));
#9520=CARTESIAN_POINT('Ctrl Pts',(122.37846098914,577.516887033565,-39.863525578921));
#9521=CARTESIAN_POINT('Ctrl Pts',(119.039594556551,580.760519808087,-41.5992462891543));
#9522=CARTESIAN_POINT('Ctrl Pts',(129.619781575643,571.02962148452,-41.442003935577));
#9523=CARTESIAN_POINT('Ctrl Pts',(126.240883318607,574.273254259042,-42.9218536064177));
#9524=CARTESIAN_POINT('Ctrl Pts',(122.861615109511,577.516887033565,-44.4017474302313));
#9525=CARTESIAN_POINT('Ctrl Pts',(119.482716852475,580.760519808087,-45.8815971010721));
#9526=CARTESIAN_POINT('Ctrl Pts',(129.619781575643,571.02962148452,-43.1250000000001));
#9527=CARTESIAN_POINT('Ctrl Pts',(126.238373552409,574.273254259042,-44.519637858361));
#9528=CARTESIAN_POINT('Ctrl Pts',(122.856965529174,577.516887033565,-45.9142757167218));
#9529=CARTESIAN_POINT('Ctrl Pts',(119.47555750594,580.760519808087,-47.3089135750827));
#9530=CARTESIAN_POINT('Ctrl Pts',(135.619781575643,571.02962148452,-108.75));
#9531=CARTESIAN_POINT('Ctrl Pts',(126.639953931723,588.03000824744,-101.30646538034));
#9532=CARTESIAN_POINT('Ctrl Pts',(117.660126287803,605.03039501036,-93.8629307606807));
#9533=CARTESIAN_POINT('Ctrl Pts',(108.680298643883,622.030781773281,-86.4193961410211));
#9534=CARTESIAN_POINT('Ctrl Pts',(135.619781575643,571.02962148452,-107.067003935577));
#9535=CARTESIAN_POINT('Ctrl Pts',(126.774818487307,588.03000824744,-99.9708131364057));
#9536=CARTESIAN_POINT('Ctrl Pts',(117.930904931067,605.03039501036,-92.8749795922578));
#9537=CARTESIAN_POINT('Ctrl Pts',(109.085941842731,622.030781773281,-85.7787887930867));
#9538=CARTESIAN_POINT('Ctrl Pts',(135.619781575643,571.02962148452,-102.388477821139));
#9539=CARTESIAN_POINT('Ctrl Pts',(127.135903037405,588.03000824744,-96.2440122914792));
#9540=CARTESIAN_POINT('Ctrl Pts',(118.651375767984,605.03039501036,-90.0990776456758));
#9541=CARTESIAN_POINT('Ctrl Pts',(110.167497229746,622.030781773281,-83.9546121160159));
#9542=CARTESIAN_POINT('Ctrl Pts',(135.619781575643,571.02962148452,-92.5581158232145));
#9543=CARTESIAN_POINT('Ctrl Pts',(127.706806481645,588.03000824744,-88.2893560325632));
#9544=CARTESIAN_POINT('Ctrl Pts',(119.795186710282,605.03039501036,-84.021699315407));
#9545=CARTESIAN_POINT('Ctrl Pts',(111.882211616283,622.030781773281,-79.7529395247557));
#9546=CARTESIAN_POINT('Ctrl Pts',(135.619781575643,571.02962148452,-81.0402101295283));
#9547=CARTESIAN_POINT('Ctrl Pts',(128.068421907375,588.03000824744,-78.8478064525523));
#9548=CARTESIAN_POINT('Ctrl Pts',(120.515721826383,605.03039501036,-76.6553163309759));
#9549=CARTESIAN_POINT('Ctrl Pts',(112.964362158115,622.030781773281,-74.462912654));
#9550=CARTESIAN_POINT('Ctrl Pts',(135.619781575643,571.02962148452,-68.959789870587));
#9551=CARTESIAN_POINT('Ctrl Pts',(128.068438475101,588.03000824744,-68.8960821220349));
#9552=CARTESIAN_POINT('Ctrl Pts',(120.518639174892,605.03039501036,-68.8323777480738));
#9553=CARTESIAN_POINT('Ctrl Pts',(112.96729607435,622.030781773281,-68.7686699995216));
#9554=CARTESIAN_POINT('Ctrl Pts',(135.619781575643,571.02962148452,-57.441884176897));
#9555=CARTESIAN_POINT('Ctrl Pts',(127.706851274505,588.03000824744,-59.4545981688348));
#9556=CARTESIAN_POINT('Ctrl Pts',(119.793315721156,605.03039501036,-61.4682707241251));
#9557=CARTESIAN_POINT('Ctrl Pts',(111.880385420017,622.030781773281,-63.4809847160629));
#9558=CARTESIAN_POINT('Ctrl Pts',(135.619781575643,571.02962148452,-47.6115221789649));
#9559=CARTESIAN_POINT('Ctrl Pts',(127.135785396893,588.03000824744,-51.4999026027848));
#9560=CARTESIAN_POINT('Ctrl Pts',(118.65248998705,605.03039501036,-55.3878767307757));
#9561=CARTESIAN_POINT('Ctrl Pts',(110.1684938083,622.030781773281,-59.2762571545956));
#9562=CARTESIAN_POINT('Ctrl Pts',(135.619781575643,571.02962148452,-42.9329960645196));
#9563=CARTESIAN_POINT('Ctrl Pts',(126.774891815806,588.03000824744,-47.7730973686916));
#9564=CARTESIAN_POINT('Ctrl Pts',(117.930831602591,605.03039501036,-52.612839638392));
#9565=CARTESIAN_POINT('Ctrl Pts',(109.085941842753,622.030781773281,-57.4529409425639));
#9566=CARTESIAN_POINT('Ctrl Pts',(135.619781575643,571.02962148452,-41.2500000000921));
#9567=CARTESIAN_POINT('Ctrl Pts',(126.639953931731,588.03000824744,-46.4374445316038));
#9568=CARTESIAN_POINT('Ctrl Pts',(117.660126287818,605.03039501036,-51.6248890631154));
#9569=CARTESIAN_POINT('Ctrl Pts',(108.680298643905,622.030781773281,-56.812333594627));
#9570=CARTESIAN_POINT('Origin',(116.444319366116,571.02962148452,-75.25));
#9571=CARTESIAN_POINT('',(108.619781575643,571.02962148452,-65.));
#9572=CARTESIAN_POINT('',(103.268857156588,571.02962148452,-87.5));
#9573=CARTESIAN_POINT('Origin',(103.268857156588,-178.97037851548,-87.5));
#9574=CARTESIAN_POINT('Origin',(108.619781575643,-178.97037851548,-65.));
#9575=CARTESIAN_POINT('Origin',(106.619781575643,-178.97037851548,-65.));
#9576=CARTESIAN_POINT('',(106.619781575643,558.02962148452,-65.));
#9577=CARTESIAN_POINT('',(106.619781575643,558.02962148452,-85.5));
#9578=CARTESIAN_POINT('',(106.619781575643,558.02962148452,-61.7177561831778));
#9579=CARTESIAN_POINT('',(106.619781575643,569.02962148452,-65.));
#9580=CARTESIAN_POINT('',(106.619781575643,-178.97037851548,-65.));
#9581=CARTESIAN_POINT('',(106.619781575643,569.02962148452,-85.5));
#9582=CARTESIAN_POINT('',(106.619781575643,569.02962148452,-70.125));
#9583=CARTESIAN_POINT('',(106.619781575643,-178.97037851548,-85.5));
#9584=CARTESIAN_POINT('Origin',(112.119781575636,558.02962148452,-58.4355123663555));
#9585=CARTESIAN_POINT('',(105.268857156588,558.02962148452,-65.));
#9586=CARTESIAN_POINT('',(107.694319366112,558.02962148452,-65.));
#9587=CARTESIAN_POINT('',(105.268857156588,558.02962148452,-85.5));
#9588=CARTESIAN_POINT('',(120.86978157564,558.02962148452,-85.5));
#9589=CARTESIAN_POINT('',(105.268857156588,558.02962148452,-72.9677561831778));
#9590=CARTESIAN_POINT('Origin',(129.619781575643,-178.97037851548,-85.5));
#9591=CARTESIAN_POINT('',(105.268857156588,569.02962148452,-85.5));
#9592=CARTESIAN_POINT('',(123.032050470879,569.02962148452,-85.5));
#9593=CARTESIAN_POINT('',(105.268857156588,-178.97037851548,-85.5));
#9594=CARTESIAN_POINT('Origin',(116.444319366116,569.02962148452,-75.25));
#9595=CARTESIAN_POINT('',(105.268857156588,569.02962148452,-65.));
#9596=CARTESIAN_POINT('',(105.268857156588,569.02962148452,-81.375));
#9597=CARTESIAN_POINT('',(109.856588261352,569.02962148452,-65.));
#9598=CARTESIAN_POINT('Origin',(103.268857156588,-178.97037851548,-65.));
#9599=CARTESIAN_POINT('',(105.268857156588,-178.97037851548,-65.));
#9600=CARTESIAN_POINT('Origin',(105.268857156588,-178.97037851548,-87.5));
#9601=CARTESIAN_POINT('Origin',(112.119781575636,476.52962148452,-93.4930623221535));
#9602=CARTESIAN_POINT('',(106.619781575643,476.52962148452,-65.));
#9603=CARTESIAN_POINT('',(106.619781575643,476.52962148452,-85.5));
#9604=CARTESIAN_POINT('',(106.619781575643,476.52962148452,-79.2465311610767));
#9605=CARTESIAN_POINT('',(105.268857156588,476.52962148452,-65.));
#9606=CARTESIAN_POINT('',(107.694319366112,476.52962148452,-65.));
#9607=CARTESIAN_POINT('',(105.268857156588,476.52962148452,-85.5));
#9608=CARTESIAN_POINT('',(105.268857156588,476.52962148452,-90.4965311610767));
#9609=CARTESIAN_POINT('',(120.86978157564,476.52962148452,-85.5));
#9610=CARTESIAN_POINT('Origin',(106.619781575643,-178.97037851548,-65.));
#9611=CARTESIAN_POINT('',(106.619781575643,473.02962148452,-65.));
#9612=CARTESIAN_POINT('',(106.619781575643,473.02962148452,-85.5));
#9613=CARTESIAN_POINT('',(106.619781575643,473.02962148452,-32.5));
#9614=CARTESIAN_POINT('',(106.619781575643,-178.97037851548,-65.));
#9615=CARTESIAN_POINT('',(106.619781575643,-178.97037851548,-85.5));
#9616=CARTESIAN_POINT('Origin',(129.619781575643,-178.97037851548,-85.5));
#9617=CARTESIAN_POINT('',(105.268857156588,473.02962148452,-85.5));
#9618=CARTESIAN_POINT('',(64.8098907878216,473.02962148452,-85.5));
#9619=CARTESIAN_POINT('',(105.268857156588,-178.97037851548,-85.5));
#9620=CARTESIAN_POINT('Origin',(105.268857156588,-178.97037851548,-87.5));
#9621=CARTESIAN_POINT('',(105.268857156588,473.02962148452,-65.));
#9622=CARTESIAN_POINT('',(105.268857156588,473.02962148452,-43.75));
#9623=CARTESIAN_POINT('',(105.268857156588,-178.97037851548,-65.));
#9624=CARTESIAN_POINT('Origin',(103.268857156588,-178.97037851548,-65.));
#9625=CARTESIAN_POINT('',(51.6344285782938,473.02962148452,-65.));
#9626=CARTESIAN_POINT('Origin',(0.,473.02962148452,0.));
#9627=CARTESIAN_POINT('Origin',(103.268857156588,671.02962148452,-161.16088926818));
#9628=CARTESIAN_POINT('',(103.268857156588,471.02962148452,-2.72275621544945));
#9629=CARTESIAN_POINT('',(103.268857156588,471.02962148452,-1.77635683940025E-14));
#9630=CARTESIAN_POINT('',(103.268857156588,471.02962148452,-80.5804446340898));
#9631=CARTESIAN_POINT('',(103.268857156588,276.27962148452,-2.72275621544945));
#9632=CARTESIAN_POINT('',(103.268857156588,221.02962148452,-2.72275621544945));
#9633=CARTESIAN_POINT('',(103.268857156588,272.27962148452,-6.75734575836138));
#9634=CARTESIAN_POINT('Ctrl Pts',(103.268857156588,272.27962148452,-6.75734575836135));
#9635=CARTESIAN_POINT('Ctrl Pts',(103.268857156588,272.27962148452,-6.5074353631468));
#9636=CARTESIAN_POINT('Ctrl Pts',(103.268857156588,272.304090373427,-6.2344693665056));
#9637=CARTESIAN_POINT('Ctrl Pts',(103.268857156588,272.40977577756,-5.69977067428931));
#9638=CARTESIAN_POINT('Ctrl Pts',(103.268857156588,272.491001758611,-5.4380398497174));
#9639=CARTESIAN_POINT('Ctrl Pts',(103.268857156588,272.680915771498,-4.97728116749442));
#9640=CARTESIAN_POINT('Ctrl Pts',(103.268857156588,272.806844861717,-4.73566798110462));
#9641=CARTESIAN_POINT('Ctrl Pts',(103.268857156588,273.106736684441,-4.28438967568411));
#9642=CARTESIAN_POINT('Ctrl Pts',(103.268857156588,273.280710107013,-4.07473166070648));
#9643=CARTESIAN_POINT('Ctrl Pts',(103.268857156588,273.630314066947,-3.72348347050235));
#9644=CARTESIAN_POINT('Ctrl Pts',(103.268857156588,273.837962372726,-3.54935089073274));
#9645=CARTESIAN_POINT('Ctrl Pts',(103.268857156588,274.285356112015,-3.24891670659024));
#9646=CARTESIAN_POINT('Ctrl Pts',(103.268857156588,274.525107136243,-3.12262342775706));
#9647=CARTESIAN_POINT('Ctrl Pts',(103.268857156588,274.980581378018,-2.93315772809377));
#9648=CARTESIAN_POINT('Ctrl Pts',(103.268857156588,275.238165792036,-2.8523686544755));
#9649=CARTESIAN_POINT('Ctrl Pts',(103.268857156588,275.764593771973,-2.74716607985793));
#9650=CARTESIAN_POINT('Ctrl Pts',(103.268857156588,276.033438064632,-2.72275621544945));
#9651=CARTESIAN_POINT('Ctrl Pts',(103.268857156588,276.27962148452,-2.72275621544945));
#9652=CARTESIAN_POINT('',(103.268857156588,272.27962148452,-7.76774884074328));
#9653=CARTESIAN_POINT('',(103.268857156588,272.27962148452,-84.3304446340898));
#9654=CARTESIAN_POINT('',(103.268857156588,265.77962148452,-7.76774884074328));
#9655=CARTESIAN_POINT('',(103.268857156588,269.02962148452,-7.76774884074328));
#9656=CARTESIAN_POINT('',(103.268857156588,265.77962148452,-2.97464229844869));
#9657=CARTESIAN_POINT('',(103.268857156588,265.77962148452,-81.9554446340898));
#9658=CARTESIAN_POINT('',(103.268857156588,269.02962148452,-2.97464229844869));
#9659=CARTESIAN_POINT('',(103.268857156588,267.40462148452,-2.97464229844869));
#9660=CARTESIAN_POINT('',(103.268857156588,269.02962148452,-1.77635683940024E-14));
#9661=CARTESIAN_POINT('',(103.268857156588,269.02962148452,-80.5804446340898));
#9662=CARTESIAN_POINT('',(103.268857156588,407.19540340988,-1.77635683940025E-14));
#9663=CARTESIAN_POINT('Origin',(103.268857156588,671.02962148452,-161.16088926818));
#9664=CARTESIAN_POINT('',(103.268857156588,471.02962148452,-150.));
#9665=CARTESIAN_POINT('',(103.268857156588,471.02962148452,-147.277243784551));
#9666=CARTESIAN_POINT('',(103.268857156588,471.02962148452,-80.5804446340898));
#9667=CARTESIAN_POINT('',(103.268857156588,269.02962148452,-150.));
#9668=CARTESIAN_POINT('',(103.268857156588,407.19540340988,-150.));
#9669=CARTESIAN_POINT('',(103.268857156588,269.02962148452,-147.525357701551));
#9670=CARTESIAN_POINT('',(103.268857156588,269.02962148452,-80.5804446340898));
#9671=CARTESIAN_POINT('',(103.268857156588,265.77962148452,-147.525357701551));
#9672=CARTESIAN_POINT('',(103.268857156588,267.40462148452,-147.525357701551));
#9673=CARTESIAN_POINT('',(103.268857156588,265.77962148452,-142.732251159257));
#9674=CARTESIAN_POINT('',(103.268857156588,265.77962148452,-154.45544463409));
#9675=CARTESIAN_POINT('',(103.268857156588,272.27962148452,-142.732251159257));
#9676=CARTESIAN_POINT('',(103.268857156588,269.02962148452,-142.732251159257));
#9677=CARTESIAN_POINT('',(103.268857156588,272.27962148452,-143.242654241639));
#9678=CARTESIAN_POINT('',(103.268857156588,272.27962148452,-152.08044463409));
#9679=CARTESIAN_POINT('',(103.268857156588,276.27962148452,-147.277243784551));
#9680=CARTESIAN_POINT('Ctrl Pts',(103.268857156588,276.27962148452,-147.277243784551));
#9681=CARTESIAN_POINT('Ctrl Pts',(103.268857156588,276.033438064632,-147.277243784551));
#9682=CARTESIAN_POINT('Ctrl Pts',(103.268857156588,275.764593771973,-147.252833920142));
#9683=CARTESIAN_POINT('Ctrl Pts',(103.268857156588,275.238165792036,-147.147631345525));
#9684=CARTESIAN_POINT('Ctrl Pts',(103.268857156588,274.980581378018,-147.066842271906));
#9685=CARTESIAN_POINT('Ctrl Pts',(103.268857156588,274.525107136243,-146.877376572243));
#9686=CARTESIAN_POINT('Ctrl Pts',(103.268857156588,274.285356112015,-146.75108329341));
#9687=CARTESIAN_POINT('Ctrl Pts',(103.268857156588,273.837962372726,-146.450649109267));
#9688=CARTESIAN_POINT('Ctrl Pts',(103.268857156588,273.630314066947,-146.276516529498));
#9689=CARTESIAN_POINT('Ctrl Pts',(103.268857156588,273.280710107013,-145.925268339294));
#9690=CARTESIAN_POINT('Ctrl Pts',(103.268857156588,273.106736684441,-145.715610324316));
#9691=CARTESIAN_POINT('Ctrl Pts',(103.268857156588,272.806844861717,-145.264332018895));
#9692=CARTESIAN_POINT('Ctrl Pts',(103.268857156588,272.680915771498,-145.022718832506));
#9693=CARTESIAN_POINT('Ctrl Pts',(103.268857156588,272.491001758611,-144.561960150283));
#9694=CARTESIAN_POINT('Ctrl Pts',(103.268857156588,272.40977577756,-144.300229325711));
#9695=CARTESIAN_POINT('Ctrl Pts',(103.268857156588,272.304090373427,-143.765530633495));
#9696=CARTESIAN_POINT('Ctrl Pts',(103.268857156588,272.27962148452,-143.492564636853));
#9697=CARTESIAN_POINT('Ctrl Pts',(103.268857156588,272.27962148452,-143.242654241639));
#9698=CARTESIAN_POINT('',(103.268857156588,221.02962148452,-147.277243784551));
#9699=CARTESIAN_POINT('Origin',(32.5438571565876,265.77962148452,-147.75));
#9700=CARTESIAN_POINT('',(129.369781575643,265.77962148452,-118.));
#9701=CARTESIAN_POINT('Origin',(99.6197815756433,265.77962148452,-118.));
#9702=CARTESIAN_POINT('',(129.369781575643,265.77962148452,-87.5));
#9703=CARTESIAN_POINT('',(129.369781575643,265.77962148452,-118.));
#9704=CARTESIAN_POINT('',(124.619781575643,265.77962148452,-87.5));
#9705=CARTESIAN_POINT('',(124.619781575643,265.77962148452,-87.5));
#9706=CARTESIAN_POINT('',(124.619781575643,265.77962148452,-118.));
#9707=CARTESIAN_POINT('',(124.619781575643,265.77962148452,-118.));
#9708=CARTESIAN_POINT('Origin',(99.6197815756433,265.77962148452,-118.));
#9709=CARTESIAN_POINT('Origin',(99.6197815756433,267.40462148452,-118.));
#9710=CARTESIAN_POINT('',(129.369781575643,269.02962148452,-118.));
#9711=CARTESIAN_POINT('Origin',(99.6197815756433,269.02962148452,-118.));
#9712=CARTESIAN_POINT('',(129.369781575643,265.77962148452,-118.));
#9713=CARTESIAN_POINT('Origin',(0.0626636244432066,143.361185335241,-150.));
#9714=CARTESIAN_POINT('',(107.619781575643,471.02962148452,-150.));
#9715=CARTESIAN_POINT('',(137.619781575643,471.02962148452,-150.));
#9716=CARTESIAN_POINT('',(107.619781575643,269.02962148452,-150.));
#9717=CARTESIAN_POINT('',(107.619781575643,182.19540340988,-150.));
#9718=CARTESIAN_POINT('',(0.0313318122216033,269.02962148452,-150.));
#9719=CARTESIAN_POINT('Origin',(99.6197815756433,269.02962148452,-32.5));
#9720=CARTESIAN_POINT('',(124.619781575643,272.27962148452,-32.5));
#9721=CARTESIAN_POINT('Origin',(99.6197815756433,272.27962148452,-32.5));
#9722=CARTESIAN_POINT('',(124.619781575643,265.77962148452,-32.5));
#9723=CARTESIAN_POINT('',(124.619781575643,272.27962148452,-32.5));
#9724=CARTESIAN_POINT('Origin',(99.6197815756433,265.77962148452,-32.5));
#9725=CARTESIAN_POINT('Origin',(32.5438571565876,272.27962148452,-7.5));
#9726=CARTESIAN_POINT('',(125.619781575643,272.27962148452,-32.5));
#9727=CARTESIAN_POINT('Origin',(99.6197815756433,272.27962148452,-32.5));
#9728=CARTESIAN_POINT('',(125.619781575643,272.27962148452,-63.));
#9729=CARTESIAN_POINT('',(125.619781575643,272.27962148452,-5.00000000000002));
#9730=CARTESIAN_POINT('',(124.619781575643,272.27962148452,-63.));
#9731=CARTESIAN_POINT('',(67.9063571565877,272.27962148452,-63.));
#9732=CARTESIAN_POINT('',(124.619781575643,272.27962148452,-32.5));
#9733=CARTESIAN_POINT('Origin',(0.,269.02962148452,0.));
#9734=CARTESIAN_POINT('',(135.619781575643,269.02962148452,-130.770329614269));
#9735=CARTESIAN_POINT('Origin',(107.619781575643,269.02962148452,-120.));
#9736=CARTESIAN_POINT('',(135.619781575643,269.02962148452,-85.5));
#9737=CARTESIAN_POINT('',(135.619781575643,269.02962148452,-5.03389097683476));
#9738=CARTESIAN_POINT('',(108.619781575643,269.02962148452,-85.5));
#9739=CARTESIAN_POINT('',(68.8098907878217,269.02962148452,-85.5));
#9740=CARTESIAN_POINT('',(108.619781575643,269.02962148452,-65.));
#9741=CARTESIAN_POINT('',(108.619781575643,269.02962148452,-32.5));
#9742=CARTESIAN_POINT('',(135.619781575643,269.02962148452,-65.));
#9743=CARTESIAN_POINT('',(68.8098907878217,269.02962148452,-65.));
#9744=CARTESIAN_POINT('',(135.619781575643,269.02962148452,-19.2296703857307));
#9745=CARTESIAN_POINT('',(135.619781575643,269.02962148452,-5.03389097683476));
#9746=CARTESIAN_POINT('',(107.619781575643,269.02962148452,-1.77635683940024E-14));
#9747=CARTESIAN_POINT('Origin',(107.619781575643,269.02962148452,-30.));
#9748=CARTESIAN_POINT('',(0.0313318122216033,269.02962148452,-1.77635683940024E-14));
#9749=CARTESIAN_POINT('',(129.369781575643,269.02962148452,-32.5));
#9750=CARTESIAN_POINT('Origin',(99.6197815756433,269.02962148452,-32.5));
#9751=CARTESIAN_POINT('',(129.369781575643,269.02962148452,-63.));
#9752=CARTESIAN_POINT('',(129.369781575643,269.02962148452,-32.5));
#9753=CARTESIAN_POINT('',(124.619781575643,269.02962148452,-63.));
#9754=CARTESIAN_POINT('',(51.6344285782938,269.02962148452,-63.));
#9755=CARTESIAN_POINT('',(103.268857156588,269.02962148452,-63.));
#9756=CARTESIAN_POINT('',(51.6344285782938,269.02962148452,-63.));
#9757=CARTESIAN_POINT('',(103.268857156588,269.02962148452,-87.5));
#9758=CARTESIAN_POINT('',(103.268857156588,269.02962148452,-43.75));
#9759=CARTESIAN_POINT('',(124.619781575643,269.02962148452,-87.5));
#9760=CARTESIAN_POINT('',(64.8098907878216,269.02962148452,-87.5));
#9761=CARTESIAN_POINT('',(129.369781575643,269.02962148452,-87.5));
#9762=CARTESIAN_POINT('',(64.8098907878216,269.02962148452,-87.5));
#9763=CARTESIAN_POINT('',(129.369781575643,269.02962148452,-118.));
#9764=CARTESIAN_POINT('Origin',(99.6197815756433,276.27962148452,-32.5));
#9765=CARTESIAN_POINT('',(129.619781575643,276.27962148452,-32.5));
#9766=CARTESIAN_POINT('Origin',(99.6197815756433,276.27962148452,-32.5));
#9767=CARTESIAN_POINT('Origin',(125.619781575643,276.27962148452,-32.5));
#9768=CARTESIAN_POINT('Origin',(99.6197815756433,221.02962148452,-32.5));
#9769=CARTESIAN_POINT('',(129.619781575643,471.02962148452,-32.5));
#9770=CARTESIAN_POINT('Origin',(99.6197815756433,471.02962148452,-32.5));
#9771=CARTESIAN_POINT('',(129.619781575643,221.02962148452,-32.5));
#9772=CARTESIAN_POINT('Origin',(99.6197815756433,276.27962148452,-117.5));
#9773=CARTESIAN_POINT('',(125.619781575643,272.27962148452,-117.5));
#9774=CARTESIAN_POINT('Origin',(99.6197815756433,272.27962148452,-117.5));
#9775=CARTESIAN_POINT('',(129.619781575643,276.27962148452,-117.5));
#9776=CARTESIAN_POINT('Origin',(125.619781575643,276.27962148452,-117.5));
#9777=CARTESIAN_POINT('Origin',(99.6197815756433,276.27962148452,-117.5));
#9778=CARTESIAN_POINT('Origin',(125.619781575643,276.27962148452,-72.75));
#9779=CARTESIAN_POINT('',(129.619781575643,276.27962148452,-87.5));
#9780=CARTESIAN_POINT('',(125.619781575643,272.27962148452,-87.5));
#9781=CARTESIAN_POINT('Origin',(125.619781575643,276.27962148452,-87.5));
#9782=CARTESIAN_POINT('',(129.619781575643,276.27962148452,-72.75));
#9783=CARTESIAN_POINT('',(125.619781575643,272.27962148452,-72.75));
#9784=CARTESIAN_POINT('Origin',(129.619781575643,-178.97037851548,-87.5));
#9785=CARTESIAN_POINT('',(124.619781575643,272.27962148452,-87.5));
#9786=CARTESIAN_POINT('',(81.0818193661155,272.27962148452,-87.5));
#9787=CARTESIAN_POINT('',(124.619781575643,43.4046214845196,-87.5));
#9788=CARTESIAN_POINT('',(103.268857156588,276.52962148452,-87.5));
#9789=CARTESIAN_POINT('',(103.268857156588,-178.97037851548,-87.5));
#9790=CARTESIAN_POINT('',(129.619781575636,276.52962148452,-87.5));
#9791=CARTESIAN_POINT('',(120.86978157564,276.52962148452,-87.5));
#9792=CARTESIAN_POINT('',(129.619781575643,21.0296214845197,-87.5));
#9793=CARTESIAN_POINT('Origin',(32.5438571565876,272.27962148452,-143.));
#9794=CARTESIAN_POINT('',(124.619781575643,272.27962148452,-118.));
#9795=CARTESIAN_POINT('Origin',(99.6197815756433,272.27962148452,-118.));
#9796=CARTESIAN_POINT('',(124.619781575643,272.27962148452,-118.));
#9797=CARTESIAN_POINT('Origin',(125.619781575643,276.27962148452,-5.00000000000002));
#9798=CARTESIAN_POINT('',(129.619781575643,276.27962148452,-63.));
#9799=CARTESIAN_POINT('Origin',(125.619781575643,276.27962148452,-63.));
#9800=CARTESIAN_POINT('',(129.619781575643,276.27962148452,-5.00000000000002));
#9801=CARTESIAN_POINT('Origin',(103.268857156588,-178.97037851548,-63.));
#9802=CARTESIAN_POINT('',(129.619781575636,276.52962148452,-63.));
#9803=CARTESIAN_POINT('',(129.619781575643,21.0296214845197,-63.));
#9804=CARTESIAN_POINT('',(103.268857156588,276.52962148452,-63.));
#9805=CARTESIAN_POINT('',(107.694319366112,276.52962148452,-63.));
#9806=CARTESIAN_POINT('',(103.268857156588,-178.97037851548,-63.));
#9807=CARTESIAN_POINT('',(124.619781575643,43.4046214845196,-63.));
#9808=CARTESIAN_POINT('Origin',(129.619781575643,221.02962148452,-2.50000000000002));
#9809=CARTESIAN_POINT('',(129.619781575636,276.52962148452,-85.5));
#9810=CARTESIAN_POINT('',(129.619781575636,276.52962148452,-93.4930623221534));
#9811=CARTESIAN_POINT('',(129.619781575643,319.52962148452,-85.5));
#9812=CARTESIAN_POINT('',(129.619781575636,344.77962148452,-85.5));
#9813=CARTESIAN_POINT('',(129.619781575643,319.52962148452,-65.));
#9814=CARTESIAN_POINT('',(129.619781575643,319.52962148452,-33.75));
#9815=CARTESIAN_POINT('',(129.619781575636,276.52962148452,-65.));
#9816=CARTESIAN_POINT('',(129.619781575636,194.77962148452,-65.));
#9817=CARTESIAN_POINT('',(129.619781575636,276.52962148452,-93.4930623221534));
#9818=CARTESIAN_POINT('',(129.619781575643,471.02962148452,-63.));
#9819=CARTESIAN_POINT('',(129.619781575643,471.02962148452,-1.25000000000002));
#9820=CARTESIAN_POINT('',(129.619781575636,463.52962148452,-63.));
#9821=CARTESIAN_POINT('',(129.619781575643,21.0296214845197,-63.));
#9822=CARTESIAN_POINT('',(129.619781575636,463.52962148452,-65.));
#9823=CARTESIAN_POINT('',(129.619781575636,463.52962148452,-58.4355123663556));
#9824=CARTESIAN_POINT('',(129.619781575643,471.02962148452,-65.));
#9825=CARTESIAN_POINT('',(129.619781575643,21.0296214845197,-65.));
#9826=CARTESIAN_POINT('',(129.619781575643,471.02962148452,-85.5));
#9827=CARTESIAN_POINT('',(129.619781575643,471.02962148452,-1.25000000000002));
#9828=CARTESIAN_POINT('',(129.619781575636,463.52962148452,-85.5));
#9829=CARTESIAN_POINT('',(129.619781575643,21.0296214845197,-85.5));
#9830=CARTESIAN_POINT('',(129.619781575636,463.52962148452,-87.5));
#9831=CARTESIAN_POINT('',(129.619781575636,463.52962148452,-58.4355123663556));
#9832=CARTESIAN_POINT('',(129.619781575643,471.02962148452,-87.5));
#9833=CARTESIAN_POINT('',(129.619781575643,21.0296214845197,-87.5));
#9834=CARTESIAN_POINT('',(129.619781575643,471.02962148452,-117.5));
#9835=CARTESIAN_POINT('',(129.619781575643,471.02962148452,-1.25000000000002));
#9836=CARTESIAN_POINT('',(129.619781575643,221.02962148452,-117.5));
#9837=CARTESIAN_POINT('Origin',(124.619781575643,265.77962148452,-118.));
#9838=CARTESIAN_POINT('',(124.619781575643,272.27962148452,-118.));
#9839=CARTESIAN_POINT('',(124.619781575643,272.27962148452,-87.5));
#9840=CARTESIAN_POINT('Origin',(129.369781575643,269.02962148452,-118.));
#9841=CARTESIAN_POINT('',(129.369781575643,265.77962148452,-87.5));
#9842=CARTESIAN_POINT('Origin',(99.6197815756433,269.02962148452,-118.));
#9843=CARTESIAN_POINT('Origin',(127.119781575643,269.02962148452,-87.5));
#9844=CARTESIAN_POINT('Origin',(124.619781575643,265.77962148452,-32.5));
#9845=CARTESIAN_POINT('',(124.619781575643,265.77962148452,-63.));
#9846=CARTESIAN_POINT('',(124.619781575643,272.27962148452,-63.));
#9847=CARTESIAN_POINT('',(124.619781575643,265.77962148452,-32.5));
#9848=CARTESIAN_POINT('Origin',(129.369781575643,269.02962148452,-32.5));
#9849=CARTESIAN_POINT('',(129.369781575643,265.77962148452,-32.5));
#9850=CARTESIAN_POINT('',(129.369781575643,265.77962148452,-32.5));
#9851=CARTESIAN_POINT('',(129.369781575643,265.77962148452,-63.));
#9852=CARTESIAN_POINT('',(129.369781575643,265.77962148452,-32.5));
#9853=CARTESIAN_POINT('',(129.369781575643,265.77962148452,-63.));
#9854=CARTESIAN_POINT('Origin',(99.6197815756433,267.40462148452,-32.5));
#9855=CARTESIAN_POINT('Origin',(99.6197815756433,265.77962148452,-32.5));
#9856=CARTESIAN_POINT('Origin',(32.5438571565876,265.77962148452,-2.75));
#9857=CARTESIAN_POINT('',(124.619781575643,265.77962148452,-63.));
#9858=CARTESIAN_POINT('Origin',(127.119781575643,269.02962148452,-63.));
#9859=CARTESIAN_POINT('Origin',(135.619781575643,671.02962148452,-10.0677819536695));
#9860=CARTESIAN_POINT('',(135.619781575643,319.52962148452,-65.));
#9861=CARTESIAN_POINT('',(135.619781575643,345.27962148452,-65.));
#9862=CARTESIAN_POINT('',(135.619781575643,319.52962148452,-85.5));
#9863=CARTESIAN_POINT('',(135.619781575643,319.52962148452,-37.5338909768348));
#9864=CARTESIAN_POINT('',(135.619781575643,495.27962148452,-85.5));
#9865=CARTESIAN_POINT('',(135.619781575643,471.02962148452,-130.770329614269));
#9866=CARTESIAN_POINT('',(135.619781575643,182.19540340988,-130.770329614269));
#9867=CARTESIAN_POINT('',(135.619781575643,471.02962148452,-19.2296703857307));
#9868=CARTESIAN_POINT('',(135.619781575643,471.02962148452,-5.03389097683476));
#9869=CARTESIAN_POINT('',(135.619781575643,182.19540340988,-19.2296703857307));
#9870=CARTESIAN_POINT('Origin',(137.619781575643,319.52962148452,-85.5));
#9871=CARTESIAN_POINT('',(137.619781575643,319.52962148452,-85.5));
#9872=CARTESIAN_POINT('',(108.619781575643,276.52962148452,-85.5));
#9873=CARTESIAN_POINT('',(124.86978157564,276.52962148452,-85.5));
#9874=CARTESIAN_POINT('',(108.619781575643,-178.97037851548,-85.5));
#9875=CARTESIAN_POINT('Origin',(137.619781575643,319.52962148452,-65.));
#9876=CARTESIAN_POINT('',(137.619781575643,319.52962148452,-65.));
#9877=CARTESIAN_POINT('Origin',(137.619781575643,19.5296214845197,-65.));
#9878=CARTESIAN_POINT('',(108.619781575643,276.52962148452,-65.));
#9879=CARTESIAN_POINT('',(108.619781575643,-178.97037851548,-65.));
#9880=CARTESIAN_POINT('',(124.86978157564,276.52962148452,-65.));
#9881=CARTESIAN_POINT('Origin',(137.619781575643,19.5296214845197,-65.));
#9882=CARTESIAN_POINT('',(108.619781575643,463.52962148452,-65.));
#9883=CARTESIAN_POINT('',(124.86978157564,463.52962148452,-65.));
#9884=CARTESIAN_POINT('',(108.619781575643,471.02962148452,-65.));
#9885=CARTESIAN_POINT('',(108.619781575643,-178.97037851548,-65.));
#9886=CARTESIAN_POINT('',(68.8098907878217,471.02962148452,-65.));
#9887=CARTESIAN_POINT('Origin',(0.,471.02962148452,0.));
#9888=CARTESIAN_POINT('Origin',(99.6197815756433,471.02962148452,-117.5));
#9889=CARTESIAN_POINT('',(103.268857156588,471.02962148452,-87.5));
#9890=CARTESIAN_POINT('',(64.8098907878216,471.02962148452,-87.5));
#9891=CARTESIAN_POINT('',(103.268857156588,471.02962148452,-63.));
#9892=CARTESIAN_POINT('',(103.268857156588,471.02962148452,-43.75));
#9893=CARTESIAN_POINT('',(51.6344285782938,471.02962148452,-63.));
#9894=CARTESIAN_POINT('',(107.619781575643,471.02962148452,-1.77635683940025E-14));
#9895=CARTESIAN_POINT('',(-17.4185299077013,471.02962148452,-1.77635683940025E-14));
#9896=CARTESIAN_POINT('Origin',(107.619781575643,471.02962148452,-30.));
#9897=CARTESIAN_POINT('Origin',(107.619781575643,471.02962148452,-120.));
#9898=CARTESIAN_POINT('',(108.619781575643,471.02962148452,-85.5));
#9899=CARTESIAN_POINT('',(108.619781575643,471.02962148452,-32.5));
#9900=CARTESIAN_POINT('',(68.8098907878217,471.02962148452,-85.5));
#9901=CARTESIAN_POINT('Origin',(99.6197815756433,221.02962148452,-117.5));
#9902=CARTESIAN_POINT('Origin',(103.268857156588,-178.97037851548,-87.5));
#9903=CARTESIAN_POINT('',(103.268857156588,276.52962148452,-90.4965311610767));
#9904=CARTESIAN_POINT('Origin',(0.0626636244432066,143.361185335241,-1.77635683940025E-14));
#9905=CARTESIAN_POINT('',(107.619781575643,182.19540340988,-1.77635683940025E-14));
#9906=CARTESIAN_POINT('Origin',(107.619781575643,182.19540340988,-30.));
#9907=CARTESIAN_POINT('Origin',(108.619781575643,-178.97037851548,-65.));
#9908=CARTESIAN_POINT('',(108.619781575643,276.52962148452,-79.2465311610767));
#9909=CARTESIAN_POINT('Origin',(107.619781575643,182.19540340988,-120.));
#9910=CARTESIAN_POINT('Origin',(103.268857156588,-178.97037851548,-63.));
#9911=CARTESIAN_POINT('',(103.268857156588,463.52962148452,-63.));
#9912=CARTESIAN_POINT('',(103.268857156588,-178.97037851548,-63.));
#9913=CARTESIAN_POINT('',(107.694319366112,463.52962148452,-63.));
#9914=CARTESIAN_POINT('Origin',(112.119781575636,463.52962148452,-58.4355123663556));
#9915=CARTESIAN_POINT('',(103.268857156588,463.52962148452,-87.5));
#9916=CARTESIAN_POINT('',(120.86978157564,463.52962148452,-87.5));
#9917=CARTESIAN_POINT('',(108.619781575643,463.52962148452,-85.5));
#9918=CARTESIAN_POINT('',(124.86978157564,463.52962148452,-85.5));
#9919=CARTESIAN_POINT('',(108.619781575643,463.52962148452,-61.7177561831778));
#9920=CARTESIAN_POINT('',(103.268857156588,463.52962148452,-72.9677561831778));
#9921=CARTESIAN_POINT('Origin',(137.619781575643,319.52962148452,-85.5));
#9922=CARTESIAN_POINT('',(108.619781575643,-178.97037851548,-85.5));
#9923=CARTESIAN_POINT('Origin',(129.619781575643,-178.97037851548,-87.5));
#9924=CARTESIAN_POINT('',(103.268857156588,-178.97037851548,-87.5));
#9925=CARTESIAN_POINT('Origin',(112.119781575636,276.52962148452,-93.4930623221534));
#9926=CARTESIAN_POINT('Origin',(108.619781575643,-178.97037851548,-65.));
#9927=CARTESIAN_POINT('Origin',(103.268857156588,-178.97037851548,-87.5));
#9928=CARTESIAN_POINT('Origin',(99.6197815756433,221.02962148452,-32.5));
#9929=CARTESIAN_POINT('',(103.268857156588,-178.97037851548,-2.72275621544945));
#9930=CARTESIAN_POINT('',(103.268857156588,20.0296214845197,-2.72275621544945));
#9931=CARTESIAN_POINT('',(103.268857156588,221.02962148452,-2.72275621544945));
#9932=CARTESIAN_POINT('',(129.619781575643,20.0296214845197,-32.5));
#9933=CARTESIAN_POINT('Origin',(99.6197815756433,20.0296214845197,-32.5));
#9934=CARTESIAN_POINT('',(129.619781575643,-178.97037851548,-32.5));
#9935=CARTESIAN_POINT('',(129.619781575643,221.02962148452,-32.5));
#9936=CARTESIAN_POINT('Origin',(99.6197815756433,-178.97037851548,-32.5));
#9937=CARTESIAN_POINT('Origin',(0.,20.0296214845197,0.));
#9938=CARTESIAN_POINT('',(103.268857156588,20.0296214845197,-1.77635683940026E-14));
#9939=CARTESIAN_POINT('',(103.268857156588,20.0296214845197,-78.4487088043166));
#9940=CARTESIAN_POINT('',(107.619781575643,20.0296214845197,-1.77635683940026E-14));
#9941=CARTESIAN_POINT('',(0.0313318122216033,20.0296214845197,-1.77635683940026E-14));
#9942=CARTESIAN_POINT('',(135.619781575643,20.0296214845197,-19.2296703857307));
#9943=CARTESIAN_POINT('Origin',(107.619781575643,20.0296214845197,-30.));
#9944=CARTESIAN_POINT('',(135.619781575643,20.0296214845197,-65.));
#9945=CARTESIAN_POINT('',(135.619781575643,20.0296214845197,-5.03389097683476));
#9946=CARTESIAN_POINT('',(108.619781575643,20.0296214845197,-65.));
#9947=CARTESIAN_POINT('',(68.8098907878217,20.0296214845197,-65.));
#9948=CARTESIAN_POINT('',(108.619781575643,20.0296214845197,-85.5));
#9949=CARTESIAN_POINT('',(108.619781575643,20.0296214845197,-32.5));
#9950=CARTESIAN_POINT('',(135.619781575643,20.0296214845197,-85.5));
#9951=CARTESIAN_POINT('',(68.8098907878217,20.0296214845197,-85.5));
#9952=CARTESIAN_POINT('',(135.619781575643,20.0296214845197,-130.770329614269));
#9953=CARTESIAN_POINT('',(135.619781575643,20.0296214845197,-5.03389097683476));
#9954=CARTESIAN_POINT('',(107.619781575643,20.0296214845197,-150.));
#9955=CARTESIAN_POINT('Origin',(107.619781575643,20.0296214845197,-120.));
#9956=CARTESIAN_POINT('',(103.268857156588,20.0296214845197,-150.));
#9957=CARTESIAN_POINT('',(0.0313318122216033,20.0296214845197,-150.));
#9958=CARTESIAN_POINT('',(103.268857156588,20.0296214845197,-147.277243784551));
#9959=CARTESIAN_POINT('',(103.268857156588,20.0296214845197,-78.4487088043166));
#9960=CARTESIAN_POINT('',(129.619781575643,20.0296214845197,-117.5));
#9961=CARTESIAN_POINT('Origin',(99.6197815756433,20.0296214845197,-117.5));
#9962=CARTESIAN_POINT('',(129.619781575643,20.0296214845197,-87.5));
#9963=CARTESIAN_POINT('',(129.619781575643,20.0296214845197,-1.25000000000002));
#9964=CARTESIAN_POINT('',(103.268857156588,20.0296214845197,-87.5));
#9965=CARTESIAN_POINT('',(64.8098907878216,20.0296214845197,-87.5));
#9966=CARTESIAN_POINT('',(103.268857156588,20.0296214845197,-63.));
#9967=CARTESIAN_POINT('',(103.268857156588,20.0296214845197,-43.75));
#9968=CARTESIAN_POINT('',(129.619781575643,20.0296214845197,-63.));
#9969=CARTESIAN_POINT('',(51.6344285782938,20.0296214845197,-63.));
#9970=CARTESIAN_POINT('',(129.619781575643,20.0296214845197,-1.25000000000002));
#9971=CARTESIAN_POINT('Ctrl Pts',(126.986698053285,-178.267637788253,-137.71642591716));
#9972=CARTESIAN_POINT('Ctrl Pts',(119.20733603751,-186.425377952983,-131.144613282669));
#9973=CARTESIAN_POINT('Ctrl Pts',(111.322278100886,-194.549693079332,-124.646004810238));
#9974=CARTESIAN_POINT('Ctrl Pts',(103.268857155226,-202.684404837523,-118.342719267551));
#9975=CARTESIAN_POINT('Ctrl Pts',(119.110656669205,-178.533206204296,-137.78551559036));
#9976=CARTESIAN_POINT('Ctrl Pts',(112.22762196595,-186.727043838698,-131.595465859277));
#9977=CARTESIAN_POINT('Ctrl Pts',(105.251175667055,-194.889954965898,-125.459134093332));
#9978=CARTESIAN_POINT('Ctrl Pts',(98.1026193736704,-203.041252909494,-119.487078703138));
#9979=CARTESIAN_POINT('Ctrl Pts',(111.199396617971,-178.781989076073,-137.834993080516));
#9980=CARTESIAN_POINT('Ctrl Pts',(105.162026236302,-187.01863166683,-131.945424244626));
#9981=CARTESIAN_POINT('Ctrl Pts',(99.0466589109132,-195.229951138528,-126.092551375562));
#9982=CARTESIAN_POINT('Ctrl Pts',(92.7678128526644,-203.417729707326,-120.361323696339));
#9983=CARTESIAN_POINT('Ctrl Pts',(103.268857156583,-178.97037851548,-137.868845279407));
#9984=CARTESIAN_POINT('Ctrl Pts',(98.0495952900005,-187.24576878955,-132.189166304707));
#9985=CARTESIAN_POINT('Ctrl Pts',(92.768662160129,-195.501681287737,-126.534214683162));
#9986=CARTESIAN_POINT('Ctrl Pts',(87.349812006281,-203.73399899331,-120.963614370907));
#9987=CARTESIAN_POINT('',(103.268857156588,-178.97037851548,-137.868845279407));
#9988=CARTESIAN_POINT('',(103.268857156412,-202.6844048362,-118.342719268665));
#9989=CARTESIAN_POINT('Ctrl Pts',(103.268857156588,-178.97037851548,-137.868845279407));
#9990=CARTESIAN_POINT('Ctrl Pts',(103.268857156588,-189.239859297795,-130.685282225728));
#9991=CARTESIAN_POINT('Ctrl Pts',(103.268857156588,-196.899268356446,-124.516211725695));
#9992=CARTESIAN_POINT('Ctrl Pts',(103.268857156588,-202.684404836148,-118.342719268617));
#9993=CARTESIAN_POINT('',(121.308689672255,-182.314583282961,-134.581282355216));
#9994=CARTESIAN_POINT('Ctrl Pts',(103.268857156237,-202.6844048362,-118.342719268665));
#9995=CARTESIAN_POINT('Ctrl Pts',(104.771637537274,-200.996593727715,-119.700186320753));
#9996=CARTESIAN_POINT('Ctrl Pts',(106.211379730391,-199.375242160665,-120.999267247372));
#9997=CARTESIAN_POINT('Ctrl Pts',(111.696603460564,-193.190446015869,-125.944761691397));
#9998=CARTESIAN_POINT('Ctrl Pts',(116.21666422107,-188.073971208911,-130.010559313351));
#9999=CARTESIAN_POINT('Ctrl Pts',(121.308689672254,-182.314583282961,-134.581282355217));
#10000=CARTESIAN_POINT('',(117.320747752234,-178.970378517893,-137.489747146275));
#10001=CARTESIAN_POINT('Ctrl Pts',(121.308689672255,-182.314583282962,-134.581282355216));
#10002=CARTESIAN_POINT('Ctrl Pts',(120.981398286724,-181.978382606544,-134.888543512925));
#10003=CARTESIAN_POINT('Ctrl Pts',(120.64196092543,-181.647201244292,-135.186481352576));
#10004=CARTESIAN_POINT('Ctrl Pts',(119.392494250099,-180.493666515913,-136.209573111705));
#10005=CARTESIAN_POINT('Ctrl Pts',(118.40055784876,-179.69391356761,-136.890813317448));
#10006=CARTESIAN_POINT('Ctrl Pts',(117.320747752234,-178.970378520305,-137.489747146275));
#10007=CARTESIAN_POINT('Ctrl Pts',(103.268857156588,-178.97037851548,-137.868845279407));
#10008=CARTESIAN_POINT('Ctrl Pts',(107.950131671299,-178.97037851548,-137.771075433478));
#10009=CARTESIAN_POINT('Ctrl Pts',(112.644375154814,-178.97037851548,-137.645696191332));
#10010=CARTESIAN_POINT('Ctrl Pts',(117.320747752359,-178.97037851548,-137.489747150025));
#10011=CARTESIAN_POINT('Origin',(0.0626636244432066,143.361185335241,-1.77635683940025E-14));
#10012=CARTESIAN_POINT('',(103.268857156588,-178.97037851548,-1.77635683940025E-14));
#10013=CARTESIAN_POINT('',(103.268857156588,407.19540340988,-1.77635683940025E-14));
#10014=CARTESIAN_POINT('',(107.619781575643,-178.97037851548,-1.77635683940025E-14));
#10015=CARTESIAN_POINT('',(137.619781575643,-178.97037851548,-1.77635683940025E-14));
#10016=CARTESIAN_POINT('',(107.619781575643,182.19540340988,-1.77635683940025E-14));
#10017=CARTESIAN_POINT('Ctrl Pts',(103.268857156588,-178.97037851548,-1.77635683940025E-14));
#10018=CARTESIAN_POINT('Ctrl Pts',(96.4503128268625,-191.017432039415,-8.09547177466426));
#10019=CARTESIAN_POINT('Ctrl Pts',(89.6317684971373,-203.064485563349,-16.1909435493285));
#10020=CARTESIAN_POINT('Ctrl Pts',(82.8132241674121,-215.111539087283,-24.2864153239927));
#10021=CARTESIAN_POINT('Ctrl Pts',(114.719165296273,-178.97037851548,-1.77635683940025E-14));
#10022=CARTESIAN_POINT('Ctrl Pts',(106.470735735445,-191.017432039415,-8.49351479495576));
#10023=CARTESIAN_POINT('Ctrl Pts',(98.2212551817804,-203.064485563349,-16.9891518327346));
#10024=CARTESIAN_POINT('Ctrl Pts',(89.9728256209526,-215.111539087283,-25.4826666276904));
#10025=CARTESIAN_POINT('Ctrl Pts',(126.169473435958,-178.97037851548,-1.77635683940025E-14));
#10026=CARTESIAN_POINT('Ctrl Pts',(116.409582751177,-191.017432039415,-9.16103922962716));
#10027=CARTESIAN_POINT('Ctrl Pts',(106.648509386772,-203.064485563349,-18.3241302315245));
#10028=CARTESIAN_POINT('Ctrl Pts',(96.8886187019914,-215.111539087283,-27.4851694611517));
#10029=CARTESIAN_POINT('Ctrl Pts',(137.619781575643,-178.97037851548,-1.77635683940025E-14));
#10030=CARTESIAN_POINT('Ctrl Pts',(126.169473435958,-191.017432039415,-10.0459331437634));
#10031=CARTESIAN_POINT('Ctrl Pts',(114.719165296273,-203.064485563349,-20.0918662875269));
#10032=CARTESIAN_POINT('Ctrl Pts',(103.268857156588,-215.111539087283,-30.1377994312903));
#10033=CARTESIAN_POINT('',(103.268857156588,-215.111539087283,-30.1377994312903));
#10034=CARTESIAN_POINT('Ctrl Pts',(103.268857156588,-178.97037851548,-2.22044604925031E-14));
#10035=CARTESIAN_POINT('Ctrl Pts',(103.268857156588,-195.26643456302,-10.950749202625));
#10036=CARTESIAN_POINT('Ctrl Pts',(103.268857156588,-206.931036732175,-20.0835191457641));
#10037=CARTESIAN_POINT('Ctrl Pts',(103.268857156588,-215.111539087283,-30.1377994312903));
#10038=CARTESIAN_POINT('',(128.2506422923,-188.827800782436,-8.22001868481264));
#10039=CARTESIAN_POINT('',(137.619781575643,-178.97037851548,-1.77635683940025E-14));
#10040=CARTESIAN_POINT('Ctrl Pts',(107.619781575643,-178.97037851548,-1.77635683940025E-14));
#10041=CARTESIAN_POINT('Ctrl Pts',(107.690752946812,-178.97037851548,-1.7795086014147E-14));
#10042=CARTESIAN_POINT('Ctrl Pts',(107.761755739156,-178.970745843535,-0.000251845543550628));
#10043=CARTESIAN_POINT('Ctrl Pts',(109.312637473946,-178.986781672611,-0.0112637728481774));
#10044=CARTESIAN_POINT('Ctrl Pts',(110.772118600093,-179.161147998532,-0.130992715160035));
#10045=CARTESIAN_POINT('Ctrl Pts',(115.108770356718,-180.100079291099,-0.801312411111432));
#10046=CARTESIAN_POINT('Ctrl Pts',(117.802973377731,-181.266041299875,-1.65554372351494));
#10047=CARTESIAN_POINT('Ctrl Pts',(123.157072954839,-184.366844032251,-4.13393984747913));
#10048=CARTESIAN_POINT('Ctrl Pts',(125.872197428839,-186.520066617652,-5.96706153162609));
#10049=CARTESIAN_POINT('Ctrl Pts',(128.2506422923,-188.827800782436,-8.22001868481264));
#10050=CARTESIAN_POINT('Ctrl Pts',(135.317122616226,-181.393043075513,-2.02023890335487));
#10051=CARTESIAN_POINT('Ctrl Pts',(120.243584781976,-197.252154888835,-15.2450142959088));
#10052=CARTESIAN_POINT('Ctrl Pts',(105.170046947725,-213.111266702158,-28.4697896884626));
#10053=CARTESIAN_POINT('Ctrl Pts',(90.0965091134748,-228.97037851548,-41.6945650810165));
#10054=CARTESIAN_POINT('Ctrl Pts',(135.58528901052,-181.393043075513,-15.8356098496259));
#10055=CARTESIAN_POINT('Ctrl Pts',(122.268383073088,-197.252154888835,-25.9789746585103));
#10056=CARTESIAN_POINT('Ctrl Pts',(108.94794918984,-213.111266702158,-36.1297650992988));
#10057=CARTESIAN_POINT('Ctrl Pts',(95.6310432524084,-228.97037851548,-46.2731299081832));
#10058=CARTESIAN_POINT('Ctrl Pts',(136.00843576586,-181.393043075513,-43.6025713508634));
#10059=CARTESIAN_POINT('Ctrl Pts',(125.461045606507,-197.252154888835,-48.4826080286403));
#10060=CARTESIAN_POINT('Ctrl Pts',(114.911519335438,-213.111266702158,-53.3615821406299));
#10061=CARTESIAN_POINT('Ctrl Pts',(104.364129176085,-228.97037851548,-58.2416188184068));
#10062=CARTESIAN_POINT('Ctrl Pts',(136.150295262683,-181.393043075513,-85.4510158165098));
#10063=CARTESIAN_POINT('Ctrl Pts',(126.530436503653,-197.252154888835,-83.7262933920468));
#10064=CARTESIAN_POINT('Ctrl Pts',(116.911745643792,-213.111266702158,-82.0055300147189));
#10065=CARTESIAN_POINT('Ctrl Pts',(107.291886884762,-228.97037851548,-80.2808075902558));
#10066=CARTESIAN_POINT('Ctrl Pts',(135.828401560121,-181.393043075513,-120.272495057404));
#10067=CARTESIAN_POINT('Ctrl Pts',(124.102546659862,-197.252154888835,-112.705695914181));
#10068=CARTESIAN_POINT('Ctrl Pts',(112.374360198632,-213.111266702158,-105.135765939787));
#10069=CARTESIAN_POINT('Ctrl Pts',(100.648505298373,-228.97037851548,-97.5689667965632));
#10070=CARTESIAN_POINT('Ctrl Pts',(135.472772512491,-181.393043075513,-141.050686076778));
#10071=CARTESIAN_POINT('Ctrl Pts',(121.416255315877,-197.252154888835,-129.223714874479));
#10072=CARTESIAN_POINT('Ctrl Pts',(107.36539625251,-213.111266702158,-117.40167698237));
#10073=CARTESIAN_POINT('Ctrl Pts',(93.3088790558966,-228.97037851548,-105.574705780072));
#10074=CARTESIAN_POINT('Ctrl Pts',(135.340306469737,-181.393043075513,-147.960297839557));
#10075=CARTESIAN_POINT('Ctrl Pts',(120.418533486123,-197.252154888835,-134.608113157453));
#10076=CARTESIAN_POINT('Ctrl Pts',(105.496760502508,-213.111266702158,-121.255928475348));
#10077=CARTESIAN_POINT('Ctrl Pts',(90.5749875188936,-228.97037851548,-107.903743793244));
#10078=CARTESIAN_POINT('',(103.268857156588,-228.97037851548,-60.5129368055496));
#10079=CARTESIAN_POINT('Ctrl Pts',(103.268857156588,-215.111539087283,-30.1377994312903));
#10080=CARTESIAN_POINT('Ctrl Pts',(103.268857156588,-220.410523207072,-43.7082408867347));
#10081=CARTESIAN_POINT('Ctrl Pts',(103.268857156588,-225.594044544272,-53.0284329341903));
#10082=CARTESIAN_POINT('Ctrl Pts',(103.268857156588,-228.97037851548,-60.5129368055496));
#10083=CARTESIAN_POINT('',(103.268857156588,-228.97037851548,-89.4870631944504));
#10084=CARTESIAN_POINT('Origin',(62.5438571565877,-228.97037851548,-75.));
#10085=CARTESIAN_POINT('',(103.268857156588,-215.479119926505,-119.262373355506));
#10086=CARTESIAN_POINT('Ctrl Pts',(103.268857156588,-228.97037851548,-89.4870631944505));
#10087=CARTESIAN_POINT('Ctrl Pts',(103.268857156588,-225.672473689473,-96.879662997903));
#10088=CARTESIAN_POINT('Ctrl Pts',(103.268857156588,-220.649090434534,-106.069078591371));
#10089=CARTESIAN_POINT('Ctrl Pts',(103.268857156588,-215.479119926505,-119.262373355506));
#10090=CARTESIAN_POINT('',(128.339270692186,-188.8338618929,-141.695685533061));
#10091=CARTESIAN_POINT('',(137.619781575643,-178.97037851548,-150.));
#10092=CARTESIAN_POINT('',(135.619781572165,-181.415196317926,-130.770329632354));
#10093=CARTESIAN_POINT('Ctrl Pts',(135.619781568687,-181.415196317926,-130.770329632354));
#10094=CARTESIAN_POINT('Ctrl Pts',(134.705648215767,-182.475193940675,-133.146833857303));
#10095=CARTESIAN_POINT('Ctrl Pts',(133.533848061035,-183.772463458079,-135.321910695674));
#10096=CARTESIAN_POINT('Ctrl Pts',(132.080725611275,-185.249525553738,-137.368425860903));
#10097=CARTESIAN_POINT('Ctrl Pts',(130.985147745648,-186.3631526527,-138.91139061041));
#10098=CARTESIAN_POINT('Ctrl Pts',(129.735071569367,-187.57207196908,-140.36268865497));
#10099=CARTESIAN_POINT('Ctrl Pts',(128.339270692186,-188.8338618929,-141.695685533061));
#10100=CARTESIAN_POINT('',(135.61978157436,-181.393043078586,-19.2296703790567));
#10101=CARTESIAN_POINT('Ctrl Pts',(135.619781575643,-181.415196309523,-130.770329632196));
#10102=CARTESIAN_POINT('Ctrl Pts',(135.619781575643,-181.6007910523,-120.868133780842));
#10103=CARTESIAN_POINT('Ctrl Pts',(135.619781575634,-181.743372699963,-113.394261175828));
#10104=CARTESIAN_POINT('Ctrl Pts',(135.619781575634,-182.023990481356,-94.5197011432699));
#10105=CARTESIAN_POINT('Ctrl Pts',(135.619781575832,-182.115285270591,-84.9162981049604));
#10106=CARTESIAN_POINT('Ctrl Pts',(135.619781575832,-182.099933012724,-56.5000966208481));
#10107=CARTESIAN_POINT('Ctrl Pts',(135.619781575643,-181.799847548614,-40.9395301306597));
#10108=CARTESIAN_POINT('Ctrl Pts',(135.619781575643,-181.393043075513,-19.2296703791143));
#10109=CARTESIAN_POINT('Ctrl Pts',(128.2506422923,-188.827800782436,-8.22001868481262));
#10110=CARTESIAN_POINT('Ctrl Pts',(131.356750490905,-186.0479199739,-11.1622473620981));
#10111=CARTESIAN_POINT('Ctrl Pts',(133.931268182099,-183.332918282476,-14.839983470024));
#10112=CARTESIAN_POINT('Ctrl Pts',(135.619781573076,-181.393043078586,-19.2296703790568));
#10113=CARTESIAN_POINT('Origin',(77.5818193661155,-178.97037851548,-75.));
#10114=CARTESIAN_POINT('',(103.268857156588,-178.97037851548,-147.277243784551));
#10115=CARTESIAN_POINT('',(103.268857156588,-178.97037851548,-115.948708804317));
#10116=CARTESIAN_POINT('',(124.592971241297,-178.970378515496,-130.578791640529));
#10117=CARTESIAN_POINT('Origin',(107.619781575643,-178.97037851548,-120.));
#10118=CARTESIAN_POINT('',(125.619781575643,-178.970378515479,-95.5715333363693));
#10119=CARTESIAN_POINT('Ctrl Pts',(124.592971241325,-178.97037851548,-130.578791640531));
#10120=CARTESIAN_POINT('Ctrl Pts',(124.778148163585,-178.97037851548,-126.526400281968));
#10121=CARTESIAN_POINT('Ctrl Pts',(124.938074276827,-178.970378515506,-122.476199480137));
#10122=CARTESIAN_POINT('Ctrl Pts',(125.332423528701,-178.970378515506,-110.806165232163));
#10123=CARTESIAN_POINT('Ctrl Pts',(125.509516508789,-178.97037851548,-103.163211069494));
#10124=CARTESIAN_POINT('Ctrl Pts',(125.61978157565,-178.97037851548,-95.5715333357785));
#10125=CARTESIAN_POINT('',(125.619781575643,-178.97037851548,-95.5));
#10126=CARTESIAN_POINT('',(125.619781575643,-178.97037851548,-42.5338909768348));
#10127=CARTESIAN_POINT('',(108.941870314481,-178.97037851548,-95.5));
#10128=CARTESIAN_POINT('',(107.600800470879,-178.97037851548,-95.5));
#10129=CARTESIAN_POINT('',(103.268857156588,-178.97037851548,-105.240701050075));
#10130=CARTESIAN_POINT('Origin',(62.5438571565877,-178.97037851548,-75.));
#10131=CARTESIAN_POINT('',(103.268857156588,-178.97037851548,-87.5));
#10132=CARTESIAN_POINT('',(103.268857156588,-178.97037851548,-115.948708804317));
#10133=CARTESIAN_POINT('',(129.619781575643,-178.97037851548,-87.5));
#10134=CARTESIAN_POINT('',(103.600800470879,-178.97037851548,-87.5));
#10135=CARTESIAN_POINT('',(129.619781575643,-178.97037851548,-117.5));
#10136=CARTESIAN_POINT('',(129.619781575643,-178.97037851548,-2.50000000000002));
#10137=CARTESIAN_POINT('Origin',(99.6197815756433,-178.97037851548,-117.5));
#10138=CARTESIAN_POINT('Origin',(62.5438571565877,-228.97037851548,-75.));
#10139=CARTESIAN_POINT('',(103.268857156588,-228.97037851548,-115.948708804317));
#10140=CARTESIAN_POINT('Origin',(133.119781575643,258.029621486301,-62.4999999786337));
#10141=CARTESIAN_POINT('',(135.619781575643,-154.970378516849,-60.0000000157105));
#10142=CARTESIAN_POINT('',(130.619781575643,-154.9703785164,-65.0000000157105));
#10143=CARTESIAN_POINT('',(127.994781575643,-154.970378516165,-67.6250000157105));
#10144=CARTESIAN_POINT('',(130.619781575643,-104.9703785164,-65.0000000112218));
#10145=CARTESIAN_POINT('',(130.619781575643,258.029621486525,-64.9999999786337));
#10146=CARTESIAN_POINT('',(135.619781575643,-104.970378516849,-60.0000000112218));
#10147=CARTESIAN_POINT('',(133.119781575643,-104.970378516625,-62.5000000112218));
#10148=CARTESIAN_POINT('',(135.619781575643,258.029621486076,-59.9999999786337));
#10149=CARTESIAN_POINT('Origin',(135.619781575643,-154.9703785164,-65.0000000157105));
#10150=CARTESIAN_POINT('',(129.619781575643,-154.9703785164,-65.0000000157105));
#10151=CARTESIAN_POINT('',(135.619781575643,-154.9703785164,-65.0000000157105));
#10152=CARTESIAN_POINT('',(129.619781575643,-104.9703785164,-65.0000000112218));
#10153=CARTESIAN_POINT('',(129.619781575643,33.029621486865,-64.9999999988329));
#10154=CARTESIAN_POINT('',(135.619781575643,-104.9703785164,-65.0000000112218));
#10155=CARTESIAN_POINT('Origin',(133.119781575643,283.02962148859,-87.9999999763894));
#10156=CARTESIAN_POINT('',(135.619781575643,-104.970378514111,-90.5000000112218));
#10157=CARTESIAN_POINT('',(130.619781575643,-104.97037851456,-85.5000000112218));
#10158=CARTESIAN_POINT('',(127.994781575643,-104.970378514796,-82.8750000112218));
#10159=CARTESIAN_POINT('',(130.619781575643,-154.97037851456,-85.5000000157105));
#10160=CARTESIAN_POINT('',(130.619781575643,283.029621488366,-85.4999999763894));
#10161=CARTESIAN_POINT('',(135.619781575643,-154.970378514111,-90.5000000157105));
#10162=CARTESIAN_POINT('',(133.119781575643,-154.970378514336,-88.0000000157105));
#10163=CARTESIAN_POINT('',(135.619781575643,283.029621488815,-90.4999999763894));
#10164=CARTESIAN_POINT('Origin',(135.619781575643,-104.97037851456,-85.5000000112218));
#10165=CARTESIAN_POINT('',(129.619781575643,-104.97037851456,-85.5000000112218));
#10166=CARTESIAN_POINT('',(135.619781575643,-104.97037851456,-85.5000000112218));
#10167=CARTESIAN_POINT('',(129.619781575643,-154.97037851456,-85.5000000157105));
#10168=CARTESIAN_POINT('',(129.619781575643,58.0296214887054,-85.4999999965886));
#10169=CARTESIAN_POINT('',(135.619781575643,-154.97037851456,-85.5000000157105));
#10170=CARTESIAN_POINT('Origin',(135.619781575643,-104.9703785164,-65.0000000112218));
#10171=CARTESIAN_POINT('',(129.619781575643,-104.970378519206,-33.7500000202441));
#10172=CARTESIAN_POINT('',(135.619781575643,-104.970378518866,-37.5338910172781));
#10173=CARTESIAN_POINT('Origin',(135.619781575643,-154.97037851456,-85.5000000157105));
#10174=CARTESIAN_POINT('',(129.619781575643,-154.970378518286,-44.0000000247328));
#10175=CARTESIAN_POINT('',(135.619781575643,-154.970378517946,-47.7838910217666));
#10176=CARTESIAN_POINT('Ctrl Pts',(125.300413583032,-177.654830725169,-9.79810486169785));
#10177=CARTESIAN_POINT('Ctrl Pts',(116.652011405165,-187.186402714462,-17.8512473320008));
#10178=CARTESIAN_POINT('Ctrl Pts',(108.109256268892,-196.669225390488,-26.0941892090678));
#10179=CARTESIAN_POINT('Ctrl Pts',(99.9506778023106,-206.262072480727,-34.6512168383895));
#10180=CARTESIAN_POINT('Ctrl Pts',(125.440861496403,-178.078001673452,-22.0914768607711));
#10181=CARTESIAN_POINT('Ctrl Pts',(117.666943992438,-187.660447122542,-28.3832945392591));
#10182=CARTESIAN_POINT('Ctrl Pts',(109.952793281093,-197.204954116035,-34.8324008871456));
#10183=CARTESIAN_POINT('Ctrl Pts',(102.563333497542,-206.79376463608,-41.6261096083262));
#10184=CARTESIAN_POINT('Ctrl Pts',(125.572088811084,-178.72999870532,-40.6896370060102));
#10185=CARTESIAN_POINT('Ctrl Pts',(118.797414048267,-188.418578399981,-44.6143041145543));
#10186=CARTESIAN_POINT('Ctrl Pts',(112.039786109663,-198.091804968428,-48.6402259873403));
#10187=CARTESIAN_POINT('Ctrl Pts',(105.421592039575,-207.758875301546,-52.97867488772));
#10188=CARTESIAN_POINT('Ctrl Pts',(125.674502394236,-179.264019295885,-71.8633897133303));
#10189=CARTESIAN_POINT('Ctrl Pts',(119.608041033516,-189.050400343847,-72.1488377834618));
#10190=CARTESIAN_POINT('Ctrl Pts',(113.53628083381,-198.843262863354,-72.442687784131));
#10191=CARTESIAN_POINT('Ctrl Pts',(107.423466893939,-208.63970311836,-72.7837270102413));
#10192=CARTESIAN_POINT('Ctrl Pts',(125.636021258681,-179.04718321852,-96.8513531332513));
#10193=CARTESIAN_POINT('Ctrl Pts',(119.307720136937,-188.788754878867,-94.3106347056443));
#10194=CARTESIAN_POINT('Ctrl Pts',(112.980215572618,-198.523694292781,-91.7097073570133));
#10195=CARTESIAN_POINT('Ctrl Pts',(106.691585578522,-208.249777218414,-88.8862401349331));
#10196=CARTESIAN_POINT('Ctrl Pts',(125.493462767381,-178.324325064237,-121.703561911933));
#10197=CARTESIAN_POINT('Ctrl Pts',(118.115455832972,-187.938867486358,-116.101093305237));
#10198=CARTESIAN_POINT('Ctrl Pts',(110.784428591291,-197.52100223472,-110.360077184661));
#10199=CARTESIAN_POINT('Ctrl Pts',(103.710358075945,-207.12148049754,-104.294718913997));
#10200=CARTESIAN_POINT('Ctrl Pts',(125.385069022236,-177.90039847306,-134.054956032979));
#10201=CARTESIAN_POINT('Ctrl Pts',(117.252652214245,-187.45559230388,-126.792364497277));
#10202=CARTESIAN_POINT('Ctrl Pts',(109.203431105693,-196.962090495374,-119.357235794929));
#10203=CARTESIAN_POINT('Ctrl Pts',(101.498856952997,-206.54707709205,-111.60612102808));
#10204=CARTESIAN_POINT('Ctrl Pts',(125.316764421449,-177.688579958555,-140.204775140986));
#10205=CARTESIAN_POINT('Ctrl Pts',(116.753352171319,-187.21717899842,-132.066999111276));
#10206=CARTESIAN_POINT('Ctrl Pts',(108.295310231552,-196.6970299025,-123.743211458657));
#10207=CARTESIAN_POINT('Ctrl Pts',(100.21391589353,-206.279977105747,-115.113247416931));
#10208=CARTESIAN_POINT('',(103.268857156588,-206.913383994942,-44.7592989499252));
#10209=CARTESIAN_POINT('',(103.268857156407,-202.392346600717,-31.2093346177855));
#10210=CARTESIAN_POINT('Ctrl Pts',(103.268857156588,-206.913383994942,-44.7592989499251));
#10211=CARTESIAN_POINT('Ctrl Pts',(103.268857156588,-205.506960688474,-40.6721038342226));
#10212=CARTESIAN_POINT('Ctrl Pts',(103.268857156588,-203.975882547356,-36.1985768917607));
#10213=CARTESIAN_POINT('Ctrl Pts',(103.268857156588,-202.392346600443,-31.2093346178723));
#10214=CARTESIAN_POINT('',(121.227124318863,-182.306199652753,-15.3425710484906));
#10215=CARTESIAN_POINT('Ctrl Pts',(121.227124318862,-182.306199652753,-15.3425710484891));
#10216=CARTESIAN_POINT('Ctrl Pts',(116.129200099809,-188.015430382939,-19.8320987666232));
#10217=CARTESIAN_POINT('Ctrl Pts',(111.54494082033,-193.154768887627,-23.8791077537251));
#10218=CARTESIAN_POINT('Ctrl Pts',(106.069040468446,-199.271575723858,-28.7267243241138));
#10219=CARTESIAN_POINT('Ctrl Pts',(104.697375928561,-200.802099091981,-29.942067779915));
#10220=CARTESIAN_POINT('Ctrl Pts',(103.268857156226,-202.392346600717,-31.2093346177855));
#10221=CARTESIAN_POINT('',(124.539042867802,-178.970378517812,-19.3351700750717));
#10222=CARTESIAN_POINT('Ctrl Pts',(121.227124318863,-182.306199652752,-15.3425710484904));
#10223=CARTESIAN_POINT('Ctrl Pts',(121.679670663989,-181.871848487297,-15.7626961090107));
#10224=CARTESIAN_POINT('Ctrl Pts',(122.11557611615,-181.445224542564,-16.2063751230242));
#10225=CARTESIAN_POINT('Ctrl Pts',(123.25666218044,-180.308565096143,-17.4832935350048));
#10226=CARTESIAN_POINT('Ctrl Pts',(123.932063783137,-179.612575585516,-18.3722257239084));
#10227=CARTESIAN_POINT('Ctrl Pts',(124.539042867802,-178.970378520144,-19.3351700750716));
#10228=CARTESIAN_POINT('',(125.6119323544,-178.970378515233,-55.));
#10229=CARTESIAN_POINT('Ctrl Pts',(125.61193235407,-178.97037851548,-55.000000000005));
#10230=CARTESIAN_POINT('Ctrl Pts',(125.435864895286,-178.97037851548,-43.204102256689));
#10231=CARTESIAN_POINT('Ctrl Pts',(125.099434157767,-178.97037851548,-31.2973620269125));
#10232=CARTESIAN_POINT('Ctrl Pts',(124.539042871874,-178.97037851548,-19.3351700748809));
#10233=CARTESIAN_POINT('',(118.853262803863,-188.97037851548,-55.));
#10234=CARTESIAN_POINT('Ctrl Pts',(125.6119323544,-178.970378514986,-55.));
#10235=CARTESIAN_POINT('Ctrl Pts',(123.365319319763,-182.33348981669,-55.));
#10236=CARTESIAN_POINT('Ctrl Pts',(121.097500002668,-185.69575320373,-55.));
#10237=CARTESIAN_POINT('Ctrl Pts',(118.853262803863,-188.97037851548,-55.));
#10238=CARTESIAN_POINT('',(118.871977305438,-188.97037851548,-95.5));
#10239=CARTESIAN_POINT('Ctrl Pts',(118.853262803864,-188.97037851548,-55.));
#10240=CARTESIAN_POINT('Ctrl Pts',(119.508335342032,-188.97037851548,-67.2729660453677));
#10241=CARTESIAN_POINT('Ctrl Pts',(119.56468875334,-188.97037851548,-79.8367337755001));
#10242=CARTESIAN_POINT('Ctrl Pts',(118.9865627528,-188.97037851548,-93.2137047067026));
#10243=CARTESIAN_POINT('Ctrl Pts',(118.931952479158,-188.97037851548,-94.3565054987155));
#10244=CARTESIAN_POINT('Ctrl Pts',(118.871977305438,-188.97037851548,-95.5));
#10245=CARTESIAN_POINT('',(125.619781575643,-178.971934282306,-95.5));
#10246=CARTESIAN_POINT('Ctrl Pts',(118.871977305438,-188.97037851548,-95.5));
#10247=CARTESIAN_POINT('Ctrl Pts',(121.213769160981,-185.551543005857,-95.5));
#10248=CARTESIAN_POINT('Ctrl Pts',(123.508037809722,-182.140002300818,-95.5));
#10249=CARTESIAN_POINT('Ctrl Pts',(125.619781575643,-178.971934282306,-95.5));
#10250=CARTESIAN_POINT('Ctrl Pts',(125.619884426507,-178.971603038977,-95.5000082285014));
#10251=CARTESIAN_POINT('Ctrl Pts',(125.61988238677,-178.971095960317,-95.5238593426118));
#10252=CARTESIAN_POINT('Ctrl Pts',(125.619885012252,-178.970581192453,-95.5477045841222));
#10253=CARTESIAN_POINT('Ctrl Pts',(125.619885248955,-178.970069368764,-95.5715417381322));
#10254=CARTESIAN_POINT('Ctrl Pts',(124.592971241297,-178.970378515513,-130.578791640529));
#10255=CARTESIAN_POINT('Ctrl Pts',(124.382008012595,-179.196088414102,-130.917272538435));
#10256=CARTESIAN_POINT('Ctrl Pts',(124.162964548216,-179.428190612776,-131.24615252095));
#10257=CARTESIAN_POINT('Ctrl Pts',(123.170404286462,-180.468669697733,-132.646545655674));
#10258=CARTESIAN_POINT('Ctrl Pts',(122.291499726964,-181.361298134932,-133.658620260923));
#10259=CARTESIAN_POINT('Ctrl Pts',(121.308689672255,-182.314583282961,-134.581282355216));
#10260=CARTESIAN_POINT('',(103.268857156588,-207.043206322103,-105.240701050075));
#10261=CARTESIAN_POINT('Ctrl Pts',(103.268857156588,-202.684404835933,-118.342719268581));
#10262=CARTESIAN_POINT('Ctrl Pts',(103.268857156588,-204.212927459609,-113.535040047485));
#10263=CARTESIAN_POINT('Ctrl Pts',(103.268857156588,-205.687701373488,-109.206757902468));
#10264=CARTESIAN_POINT('Ctrl Pts',(103.268857156588,-207.043206322103,-105.240701050075));
#10265=CARTESIAN_POINT('Ctrl Pts',(103.268857156588,-207.043206322103,-105.240701050075));
#10266=CARTESIAN_POINT('Ctrl Pts',(103.317331805187,-207.015401015921,-105.175420484623));
#10267=CARTESIAN_POINT('Ctrl Pts',(103.365646302189,-206.987529383626,-105.110027660916));
#10268=CARTESIAN_POINT('Ctrl Pts',(105.73549701924,-205.612678762932,-101.886289775627));
#10269=CARTESIAN_POINT('Ctrl Pts',(107.657818200045,-204.120494633057,-98.5105040312193));
#10270=CARTESIAN_POINT('Ctrl Pts',(110.884810110868,-201.250028842983,-90.9672711995763));
#10271=CARTESIAN_POINT('Ctrl Pts',(112.268827776496,-199.733646006186,-86.3162845498327));
#10272=CARTESIAN_POINT('Ctrl Pts',(113.178934962203,-198.698366070466,-78.8035640971946));
#10273=CARTESIAN_POINT('Ctrl Pts',(113.300648623394,-198.551449827923,-76.4921774105438));
#10274=CARTESIAN_POINT('Ctrl Pts',(113.219792033609,-198.630657546034,-71.6254319191247));
#10275=CARTESIAN_POINT('Ctrl Pts',(112.990211037291,-198.888403792207,-69.1343678781726));
#10276=CARTESIAN_POINT('Ctrl Pts',(111.573283647366,-200.417744182574,-60.6176994340434));
#10277=CARTESIAN_POINT('Ctrl Pts',(109.531171123791,-202.552954778415,-55.1066870632152));
#10278=CARTESIAN_POINT('Ctrl Pts',(105.912523679367,-205.258790369714,-48.6220147372648));
#10279=CARTESIAN_POINT('Ctrl Pts',(104.741863510521,-206.069266632844,-46.742989197866));
#10280=CARTESIAN_POINT('Ctrl Pts',(103.268857156588,-206.913383994942,-44.7592989499252));
#10281=CARTESIAN_POINT('Ctrl Pts',(103.268857156586,-178.97037851548,-12.1086664228526));
#10282=CARTESIAN_POINT('Ctrl Pts',(98.0220041006214,-187.144891596459,-17.6868247960956));
#10283=CARTESIAN_POINT('Ctrl Pts',(92.7173437419008,-195.300508127465,-23.2415643020806));
#10284=CARTESIAN_POINT('Ctrl Pts',(87.2842616332055,-203.431629930162,-28.7186830742874));
#10285=CARTESIAN_POINT('Ctrl Pts',(111.163753378021,-178.788029221051,-12.139706002734));
#10286=CARTESIAN_POINT('Ctrl Pts',(105.115512054717,-186.923915760128,-17.9149691983332));
#10287=CARTESIAN_POINT('Ctrl Pts',(98.9936418729517,-195.035112048132,-23.6552657610892));
#10288=CARTESIAN_POINT('Ctrl Pts',(92.7180171722057,-203.120930836791,-29.2826137354228));
#10289=CARTESIAN_POINT('Ctrl Pts',(119.040398307926,-178.544258620566,-12.186040804462));
#10290=CARTESIAN_POINT('Ctrl Pts',(112.164915166252,-186.637329010287,-18.2474044543903));
#10291=CARTESIAN_POINT('Ctrl Pts',(105.200910987211,-194.7001906037,-24.257378100139));
#10292=CARTESIAN_POINT('Ctrl Pts',(98.0738580221793,-202.748198090333,-30.1133615396004));
#10293=CARTESIAN_POINT('Ctrl Pts',(126.883121852099,-178.281732308037,-12.251235295737));
#10294=CARTESIAN_POINT('Ctrl Pts',(119.132019809381,-186.338436129411,-18.6788808361346));
#10295=CARTESIAN_POINT('Ctrl Pts',(111.280495020145,-194.362483788339,-25.0362676448388));
#10296=CARTESIAN_POINT('Ctrl Pts',(103.26885715516,-202.392346602097,-31.2093346189343));
#10297=CARTESIAN_POINT('',(103.268857156588,-178.97037851548,-12.1086664228526));
#10298=CARTESIAN_POINT('Ctrl Pts',(103.268857156588,-202.392346600666,-31.2093346178342));
#10299=CARTESIAN_POINT('Ctrl Pts',(103.268857156588,-196.636111587587,-25.1590329467778));
#10300=CARTESIAN_POINT('Ctrl Pts',(103.268857156588,-189.059779393413,-19.1229616317472));
#10301=CARTESIAN_POINT('Ctrl Pts',(103.268857156588,-178.97037851548,-12.1086664228526));
#10302=CARTESIAN_POINT('',(117.251843067401,-178.970378515909,-12.4722108804617));
#10303=CARTESIAN_POINT('Ctrl Pts',(117.251843067422,-178.97037851548,-12.472210879801));
#10304=CARTESIAN_POINT('Ctrl Pts',(112.598489264868,-178.97037851548,-12.3219902005933));
#10305=CARTESIAN_POINT('Ctrl Pts',(107.927084907716,-178.97037851548,-12.2017799298819));
#10306=CARTESIAN_POINT('Ctrl Pts',(103.268857156588,-178.97037851548,-12.1086664228526));
#10307=CARTESIAN_POINT('Ctrl Pts',(117.251843067401,-178.970378516338,-12.4722108804617));
#10308=CARTESIAN_POINT('Ctrl Pts',(117.613524312153,-179.212975435794,-12.67096589549));
#10309=CARTESIAN_POINT('Ctrl Pts',(117.964553225042,-179.463703729182,-12.8784495792431));
#10310=CARTESIAN_POINT('Ctrl Pts',(119.340642673584,-180.502593159516,-13.7481201461977));
#10311=CARTESIAN_POINT('Ctrl Pts',(120.319668525951,-181.374296894329,-14.5001271219786));
#10312=CARTESIAN_POINT('Ctrl Pts',(121.227124318862,-182.306199652754,-15.3425710484901));
#10313=CARTESIAN_POINT('Origin',(62.5438571565877,-228.97037851548,-75.));
#10314=CARTESIAN_POINT('',(103.268857156588,-178.97037851548,-44.7592989499251));
#10315=CARTESIAN_POINT('',(103.268857156588,-228.97037851548,-44.7592989499251));
#10316=CARTESIAN_POINT('',(103.268857156588,-228.97037851548,-105.240701050075));
#10317=CARTESIAN_POINT('',(108.941870314481,-188.97037851548,-95.5));
#10318=CARTESIAN_POINT('',(108.941870314481,-228.97037851548,-95.5));
#10319=CARTESIAN_POINT('',(109.15958009424,-188.97037851548,-55.));
#10320=CARTESIAN_POINT('Origin',(62.5438571565877,-188.97037851548,-75.));
#10321=CARTESIAN_POINT('',(109.15958009424,-178.97037851548,-55.));
#10322=CARTESIAN_POINT('',(109.15958009424,-228.97037851548,-55.));
#10323=CARTESIAN_POINT('Origin',(62.5438571565877,-178.97037851548,-75.));
#10324=CARTESIAN_POINT('Origin',(125.619781575643,671.02962148452,-10.0677819536695));
#10325=CARTESIAN_POINT('',(125.619781575643,495.27962148452,-95.5));
#10326=CARTESIAN_POINT('Origin',(137.619781575643,19.5296214845197,-55.));
#10327=CARTESIAN_POINT('',(107.600800470879,-178.97037851548,-55.));
#10328=CARTESIAN_POINT('',(107.600800470879,-188.97037851548,-55.));
#10329=CARTESIAN_POINT('Origin',(77.5818193661155,-188.97037851548,-75.));
#10330=CARTESIAN_POINT('',(107.600800470879,-188.97037851548,-95.5));
#10331=CARTESIAN_POINT('Origin',(107.619781575643,182.19540340988,-120.));
#10332=CARTESIAN_POINT('Origin',(107.619781575643,182.19540340988,-30.));
#10333=CARTESIAN_POINT('Origin',(107.619781575643,-178.97037851548,-30.));
#10334=CARTESIAN_POINT('Origin',(137.619781575643,319.52962148452,-95.5));
#10335=CARTESIAN_POINT('Origin',(135.619781575643,671.02962148452,-10.0677819536695));
#10336=CARTESIAN_POINT('',(135.619781575643,19.5296214845197,-85.5));
#10337=CARTESIAN_POINT('',(135.619781575643,495.27962148452,-85.5));
#10338=CARTESIAN_POINT('',(135.619781575643,19.5296214845197,-65.));
#10339=CARTESIAN_POINT('',(135.619781575643,19.5296214845197,-47.7838909768348));
#10340=CARTESIAN_POINT('',(135.619781575643,345.27962148452,-65.));
#10341=CARTESIAN_POINT('',(135.619781575643,182.19540340988,-19.2296703857307));
#10342=CARTESIAN_POINT('',(135.619781575643,182.19540340988,-130.770329614269));
#10343=CARTESIAN_POINT('Origin',(137.619781575643,19.5296214845197,-65.));
#10344=CARTESIAN_POINT('',(129.619781575643,19.5296214845197,-65.));
#10345=CARTESIAN_POINT('',(137.619781575643,19.5296214845197,-65.));
#10346=CARTESIAN_POINT('',(129.619781575636,12.5296214845196,-65.));
#10347=CARTESIAN_POINT('',(129.619781575643,21.0296214845197,-65.));
#10348=CARTESIAN_POINT('',(108.619781575643,12.5296214845196,-65.));
#10349=CARTESIAN_POINT('',(124.86978157564,12.5296214845196,-65.));
#10350=CARTESIAN_POINT('',(108.619781575643,-178.97037851548,-65.));
#10351=CARTESIAN_POINT('Origin',(137.619781575643,19.5296214845197,-85.5));
#10352=CARTESIAN_POINT('',(129.619781575643,19.5296214845197,-85.5));
#10353=CARTESIAN_POINT('',(137.619781575643,19.5296214845197,-85.5));
#10354=CARTESIAN_POINT('',(129.619781575643,19.5296214845197,-44.));
#10355=CARTESIAN_POINT('Origin',(137.619781575643,319.52962148452,-85.5));
#10356=CARTESIAN_POINT('',(108.619781575643,12.5296214845196,-85.5));
#10357=CARTESIAN_POINT('',(108.619781575643,-178.97037851548,-85.5));
#10358=CARTESIAN_POINT('',(129.619781575636,12.5296214845196,-85.5));
#10359=CARTESIAN_POINT('',(124.86978157564,12.5296214845196,-85.5));
#10360=CARTESIAN_POINT('',(129.619781575643,21.0296214845197,-85.5));
#10361=CARTESIAN_POINT('Origin',(137.619781575643,19.5296214845197,-65.));
#10362=CARTESIAN_POINT('',(108.619781575643,-178.97037851548,-65.));
#10363=CARTESIAN_POINT('',(129.619781575643,-178.97037851548,-65.));
#10364=CARTESIAN_POINT('',(103.600800470879,-178.97037851548,-65.));
#10365=CARTESIAN_POINT('',(108.619781575643,-163.97037851548,-65.));
#10366=CARTESIAN_POINT('',(108.619781575643,-178.97037851548,-65.));
#10367=CARTESIAN_POINT('',(129.619781575636,-163.97037851548,-65.));
#10368=CARTESIAN_POINT('',(124.86978157564,-163.97037851548,-65.));
#10369=CARTESIAN_POINT('',(129.619781575643,21.0296214845197,-65.));
#10370=CARTESIAN_POINT('Origin',(77.5818193661155,-178.97037851548,-75.));
#10371=CARTESIAN_POINT('',(129.619781575643,-178.97037851548,-85.5));
#10372=CARTESIAN_POINT('',(108.619781575643,-178.97037851548,-85.5));
#10373=CARTESIAN_POINT('',(93.1008004708794,-178.97037851548,-85.5));
#10374=CARTESIAN_POINT('',(108.619781575643,-178.97037851548,-70.));
#10375=CARTESIAN_POINT('',(129.619781575643,-178.97037851548,-2.50000000000002));
#10376=CARTESIAN_POINT('Origin',(129.619781575643,221.02962148452,-2.50000000000002));
#10377=CARTESIAN_POINT('',(129.619781575636,-163.97037851548,-63.));
#10378=CARTESIAN_POINT('',(129.619781575636,-163.97037851548,-102.633739651855));
#10379=CARTESIAN_POINT('',(129.619781575643,-178.97037851548,-63.));
#10380=CARTESIAN_POINT('',(129.619781575643,21.0296214845197,-63.));
#10381=CARTESIAN_POINT('',(129.619781575643,-178.97037851548,-2.50000000000002));
#10382=CARTESIAN_POINT('',(129.619781575636,12.5296214845196,-63.));
#10383=CARTESIAN_POINT('',(129.619781575643,21.0296214845197,-63.));
#10384=CARTESIAN_POINT('',(129.619781575636,12.5296214845196,-58.4355123663554));
#10385=CARTESIAN_POINT('',(129.619781575636,12.5296214845196,-87.5));
#10386=CARTESIAN_POINT('',(129.619781575636,12.5296214845196,-58.4355123663554));
#10387=CARTESIAN_POINT('',(129.619781575643,21.0296214845197,-87.5));
#10388=CARTESIAN_POINT('',(129.619781575643,221.02962148452,-117.5));
#10389=CARTESIAN_POINT('',(129.619781575636,-163.97037851548,-87.5));
#10390=CARTESIAN_POINT('',(129.619781575643,21.0296214845197,-87.5));
#10391=CARTESIAN_POINT('',(129.619781575636,-163.97037851548,-85.5));
#10392=CARTESIAN_POINT('',(129.619781575636,-163.97037851548,-102.633739651855));
#10393=CARTESIAN_POINT('',(129.619781575643,21.0296214845197,-85.5));
#10394=CARTESIAN_POINT('Origin',(99.6197815756433,221.02962148452,-117.5));
#10395=CARTESIAN_POINT('',(103.268857156588,221.02962148452,-147.277243784551));
#10396=CARTESIAN_POINT('Origin',(129.619781575643,-178.97037851548,-87.5));
#10397=CARTESIAN_POINT('',(103.268857156588,12.5296214845196,-87.5));
#10398=CARTESIAN_POINT('',(120.86978157564,12.5296214845196,-87.5));
#10399=CARTESIAN_POINT('',(103.268857156588,-178.97037851548,-87.5));
#10400=CARTESIAN_POINT('Origin',(103.268857156588,-178.97037851548,-87.5));
#10401=CARTESIAN_POINT('',(103.268857156588,12.5296214845196,-63.));
#10402=CARTESIAN_POINT('',(103.268857156588,12.5296214845196,-72.9677561831777));
#10403=CARTESIAN_POINT('',(103.268857156588,-178.97037851548,-63.));
#10404=CARTESIAN_POINT('Origin',(103.268857156588,-178.97037851548,-63.));
#10405=CARTESIAN_POINT('',(107.694319366112,12.5296214845196,-63.));
#10406=CARTESIAN_POINT('Origin',(107.619781575643,182.19540340988,-120.));
#10407=CARTESIAN_POINT('',(107.619781575643,-178.97037851548,-150.));
#10408=CARTESIAN_POINT('Ctrl Pts',(128.339270692186,-188.8338618929,-141.695685533061));
#10409=CARTESIAN_POINT('Ctrl Pts',(126.388390087877,-186.945252109979,-143.558786350367));
#10410=CARTESIAN_POINT('Ctrl Pts',(124.208980369539,-185.161377195645,-145.137194145405));
#10411=CARTESIAN_POINT('Ctrl Pts',(121.86736725726,-183.643418899884,-146.400876921894));
#10412=CARTESIAN_POINT('Ctrl Pts',(120.023269744165,-182.447976705137,-147.396068763468));
#10413=CARTESIAN_POINT('Ctrl Pts',(118.074590083764,-181.407402751365,-148.205699255401));
#10414=CARTESIAN_POINT('Ctrl Pts',(115.955888844726,-180.593212325748,-148.81855852742));
#10415=CARTESIAN_POINT('Ctrl Pts',(113.354906381057,-179.593687248733,-149.570923320459));
#10416=CARTESIAN_POINT('Ctrl Pts',(110.509428065188,-178.97037851548,-150.));
#10417=CARTESIAN_POINT('Ctrl Pts',(107.619781575643,-178.97037851548,-150.));
#10418=CARTESIAN_POINT('',(107.619781575643,182.19540340988,-150.));
#10419=CARTESIAN_POINT('Origin',(0.0626636244432066,143.361185335241,-150.));
#10420=CARTESIAN_POINT('',(103.268857156588,-178.97037851548,-150.));
#10421=CARTESIAN_POINT('',(103.268857156588,407.19540340988,-150.));
#10422=CARTESIAN_POINT('',(17.5438571565877,-178.97037851548,-150.));
#10423=CARTESIAN_POINT('Origin',(107.619781575643,182.19540340988,-30.));
#10424=CARTESIAN_POINT('Origin',(108.619781575643,-178.97037851548,-65.));
#10425=CARTESIAN_POINT('',(108.619781575643,12.5296214845196,-61.7177561831777));
#10426=CARTESIAN_POINT('Origin',(129.619781575643,-178.97037851548,-87.5));
#10427=CARTESIAN_POINT('',(103.268857156588,-163.97037851548,-87.5));
#10428=CARTESIAN_POINT('',(120.86978157564,-163.97037851548,-87.5));
#10429=CARTESIAN_POINT('',(103.268857156588,-178.97037851548,-87.5));
#10430=CARTESIAN_POINT('Origin',(112.119781575636,-163.97037851548,-102.633739651855));
#10431=CARTESIAN_POINT('',(103.268857156588,-163.97037851548,-63.));
#10432=CARTESIAN_POINT('',(107.694319366112,-163.97037851548,-63.));
#10433=CARTESIAN_POINT('',(108.619781575643,-163.97037851548,-85.5));
#10434=CARTESIAN_POINT('',(108.619781575643,-163.97037851548,-83.8168698259277));
#10435=CARTESIAN_POINT('',(124.86978157564,-163.97037851548,-85.5));
#10436=CARTESIAN_POINT('',(103.268857156588,-163.97037851548,-95.0668698259277));
#10437=CARTESIAN_POINT('Origin',(137.619781575643,319.52962148452,-85.5));
#10438=CARTESIAN_POINT('',(108.619781575643,-178.97037851548,-85.5));
#10439=CARTESIAN_POINT('Origin',(103.268857156588,-178.97037851548,-63.));
#10440=CARTESIAN_POINT('',(103.268857156588,-178.97037851548,-63.));
#10441=CARTESIAN_POINT('',(103.268857156588,-178.97037851548,-63.));
#10442=CARTESIAN_POINT('',(90.4253382613516,-178.97037851548,-63.));
#10443=CARTESIAN_POINT('Origin',(77.5818193661155,-178.97037851548,-75.));
#10444=CARTESIAN_POINT('',(103.268857156588,-178.97037851548,-115.948708804317));
#10445=CARTESIAN_POINT('',(103.268857156588,-178.97037851548,-115.948708804317));
#10446=CARTESIAN_POINT('Origin',(112.119781575636,12.5296214845196,-58.4355123663554));
#10447=CARTESIAN_POINT('Ctrl Pts',(137.619781575643,-178.97037851548,-150.));
#10448=CARTESIAN_POINT('Ctrl Pts',(126.169473435958,-191.139958985822,-139.754124451835));
#10449=CARTESIAN_POINT('Ctrl Pts',(114.719165296273,-203.309539456163,-129.508248903671));
#10450=CARTESIAN_POINT('Ctrl Pts',(103.268857156588,-215.479119926505,-119.262373355506));
#10451=CARTESIAN_POINT('Ctrl Pts',(126.169473435958,-178.97037851548,-150.));
#10452=CARTESIAN_POINT('Ctrl Pts',(116.439807460311,-191.139958985822,-140.663523860142));
#10453=CARTESIAN_POINT('Ctrl Pts',(106.708916945727,-203.309539456163,-131.324992563398));
#10454=CARTESIAN_POINT('Ctrl Pts',(96.9792509700793,-215.479119926505,-121.98851642354));
#10455=CARTESIAN_POINT('Ctrl Pts',(114.719165296273,-178.97037851548,-150.));
#10456=CARTESIAN_POINT('Ctrl Pts',(106.526210378476,-191.139958985822,-141.355978646606));
#10457=CARTESIAN_POINT('Ctrl Pts',(98.332162905128,-203.309539456163,-132.709829033876));
#10458=CARTESIAN_POINT('Ctrl Pts',(90.1392079873308,-215.479119926505,-124.065807680482));
#10459=CARTESIAN_POINT('Ctrl Pts',(103.268857156588,-178.97037851548,-150.));
#10460=CARTESIAN_POINT('Ctrl Pts',(96.5262819584451,-191.139958985822,-141.777430627153));
#10461=CARTESIAN_POINT('Ctrl Pts',(89.7837067603024,-203.309539456163,-133.554861254306));
#10462=CARTESIAN_POINT('Ctrl Pts',(83.0411315621598,-215.479119926505,-125.332291881458));
#10463=CARTESIAN_POINT('Ctrl Pts',(103.268857156588,-215.479119926505,-119.262373355506));
#10464=CARTESIAN_POINT('Ctrl Pts',(103.268857156588,-207.293171182498,-129.49270933494));
#10465=CARTESIAN_POINT('Ctrl Pts',(103.268857156588,-195.524552127655,-138.814910976759));
#10466=CARTESIAN_POINT('Ctrl Pts',(103.268857156588,-178.97037851548,-150.));
#10467=CARTESIAN_POINT('Origin',(103.268857156588,-178.97037851548,-87.5));
#10468=CARTESIAN_POINT('Origin',(108.619781575643,-178.97037851548,-65.));
#10469=CARTESIAN_POINT('Origin',(103.268857156588,671.02962148452,-167.929316140859));
#10470=CARTESIAN_POINT('',(103.268857156588,269.02962148452,-2.72275621544945));
#10471=CARTESIAN_POINT('',(103.268857156588,269.02962148452,-1.77635683940024E-14));
#10472=CARTESIAN_POINT('',(103.268857156588,269.02962148452,-83.9646580704294));
#10473=CARTESIAN_POINT('',(103.268857156588,23.2796214845196,-2.72275621544945));
#10474=CARTESIAN_POINT('',(103.268857156588,221.02962148452,-2.72275621544945));
#10475=CARTESIAN_POINT('',(103.268857156588,23.2796214845196,-7.76774884074328));
#10476=CARTESIAN_POINT('',(103.268857156588,23.2796214845197,-87.7146580704294));
#10477=CARTESIAN_POINT('',(103.268857156588,16.7796214845195,-7.76774884074328));
#10478=CARTESIAN_POINT('',(103.268857156588,20.0296214845197,-7.76774884074328));
#10479=CARTESIAN_POINT('',(103.268857156588,16.7796214845195,-2.97464229844869));
#10480=CARTESIAN_POINT('',(103.268857156588,16.7796214845196,-85.3396580704294));
#10481=CARTESIAN_POINT('',(103.268857156588,20.0296214845197,-2.97464229844869));
#10482=CARTESIAN_POINT('',(103.268857156588,18.4046214845196,-2.97464229844869));
#10483=CARTESIAN_POINT('',(103.268857156588,20.0296214845197,-1.77635683940026E-14));
#10484=CARTESIAN_POINT('',(103.268857156588,20.0296214845197,-83.9646580704294));
#10485=CARTESIAN_POINT('',(103.268857156588,407.19540340988,-1.77635683940025E-14));
#10486=CARTESIAN_POINT('Origin',(103.268857156588,671.02962148452,-167.929316140859));
#10487=CARTESIAN_POINT('',(103.268857156588,269.02962148452,-150.));
#10488=CARTESIAN_POINT('',(103.268857156588,269.02962148452,-147.277243784551));
#10489=CARTESIAN_POINT('',(103.268857156588,269.02962148452,-83.9646580704294));
#10490=CARTESIAN_POINT('',(103.268857156588,20.0296214845197,-150.));
#10491=CARTESIAN_POINT('',(103.268857156588,407.19540340988,-150.));
#10492=CARTESIAN_POINT('',(103.268857156588,20.0296214845197,-147.525357701551));
#10493=CARTESIAN_POINT('',(103.268857156588,20.0296214845197,-83.9646580704294));
#10494=CARTESIAN_POINT('',(103.268857156588,16.7796214845195,-147.525357701551));
#10495=CARTESIAN_POINT('',(103.268857156588,18.4046214845196,-147.525357701551));
#10496=CARTESIAN_POINT('',(103.268857156588,16.7796214845195,-142.732251159257));
#10497=CARTESIAN_POINT('',(103.268857156588,16.7796214845196,-157.839658070429));
#10498=CARTESIAN_POINT('',(103.268857156588,23.2796214845196,-142.732251159257));
#10499=CARTESIAN_POINT('',(103.268857156588,20.0296214845197,-142.732251159257));
#10500=CARTESIAN_POINT('',(103.268857156588,23.2796214845196,-147.277243784551));
#10501=CARTESIAN_POINT('',(103.268857156588,23.2796214845197,-155.464658070429));
#10502=CARTESIAN_POINT('',(103.268857156588,221.02962148452,-147.277243784551));
#10503=CARTESIAN_POINT('Origin',(32.5438571565876,16.7796214845196,-147.75));
#10504=CARTESIAN_POINT('',(129.369781575643,16.7796214845196,-118.));
#10505=CARTESIAN_POINT('Origin',(99.6197815756433,16.7796214845196,-118.));
#10506=CARTESIAN_POINT('',(129.369781575643,16.7796214845196,-87.5));
#10507=CARTESIAN_POINT('',(129.369781575643,16.7796214845196,-118.));
#10508=CARTESIAN_POINT('',(124.619781575643,16.7796214845196,-87.5));
#10509=CARTESIAN_POINT('',(124.619781575643,16.7796214845196,-87.5));
#10510=CARTESIAN_POINT('',(124.619781575643,16.7796214845196,-118.));
#10511=CARTESIAN_POINT('',(124.619781575643,16.7796214845196,-118.));
#10512=CARTESIAN_POINT('Origin',(99.6197815756433,16.7796214845196,-118.));
#10513=CARTESIAN_POINT('Origin',(99.6197815756433,18.4046214845196,-118.));
#10514=CARTESIAN_POINT('',(129.369781575643,20.0296214845196,-118.));
#10515=CARTESIAN_POINT('Origin',(99.6197815756433,20.0296214845197,-118.));
#10516=CARTESIAN_POINT('',(129.369781575643,16.7796214845196,-118.));
#10517=CARTESIAN_POINT('Origin',(0.0626636244432066,143.361185335241,-150.));
#10518=CARTESIAN_POINT('',(107.619781575643,269.02962148452,-150.));
#10519=CARTESIAN_POINT('',(0.0313318122216033,269.02962148452,-150.));
#10520=CARTESIAN_POINT('',(107.619781575643,20.0296214845197,-150.));
#10521=CARTESIAN_POINT('',(107.619781575643,182.19540340988,-150.));
#10522=CARTESIAN_POINT('',(0.0313318122216033,20.0296214845197,-150.));
#10523=CARTESIAN_POINT('Origin',(32.5438571565876,16.7796214845196,-2.75));
#10524=CARTESIAN_POINT('',(124.619781575643,16.7796214845196,-32.5));
#10525=CARTESIAN_POINT('Origin',(99.6197815756433,16.7796214845196,-32.5));
#10526=CARTESIAN_POINT('',(124.619781575643,16.7796214845196,-63.));
#10527=CARTESIAN_POINT('',(124.619781575643,16.7796214845196,-32.5));
#10528=CARTESIAN_POINT('',(129.369781575643,16.7796214845196,-63.));
#10529=CARTESIAN_POINT('',(124.619781575643,16.7796214845196,-63.));
#10530=CARTESIAN_POINT('',(129.369781575643,16.7796214845196,-32.5));
#10531=CARTESIAN_POINT('',(129.369781575643,16.7796214845196,-32.5));
#10532=CARTESIAN_POINT('Origin',(99.6197815756433,16.7796214845196,-32.5));
#10533=CARTESIAN_POINT('Origin',(99.6197815756433,20.0296214845196,-32.5));
#10534=CARTESIAN_POINT('',(124.619781575643,23.2796214845197,-32.5));
#10535=CARTESIAN_POINT('Origin',(99.6197815756433,23.2796214845197,-32.5));
#10536=CARTESIAN_POINT('',(124.619781575643,23.2796214845197,-32.5));
#10537=CARTESIAN_POINT('Origin',(0.,20.0296214845197,0.));
#10538=CARTESIAN_POINT('',(135.619781575643,20.0296214845197,-130.770329614269));
#10539=CARTESIAN_POINT('Origin',(107.619781575643,20.0296214845197,-120.));
#10540=CARTESIAN_POINT('',(135.619781575643,20.0296214845197,-85.5));
#10541=CARTESIAN_POINT('',(135.619781575643,20.0296214845197,-5.03389097683476));
#10542=CARTESIAN_POINT('',(108.619781575643,20.0296214845197,-85.5));
#10543=CARTESIAN_POINT('',(68.8098907878217,20.0296214845197,-85.5));
#10544=CARTESIAN_POINT('',(108.619781575643,20.0296214845197,-65.));
#10545=CARTESIAN_POINT('',(108.619781575643,20.0296214845197,-32.5));
#10546=CARTESIAN_POINT('',(135.619781575643,20.0296214845197,-65.));
#10547=CARTESIAN_POINT('',(68.8098907878217,20.0296214845197,-65.));
#10548=CARTESIAN_POINT('',(135.619781575643,20.0296214845197,-19.2296703857307));
#10549=CARTESIAN_POINT('',(135.619781575643,20.0296214845197,-5.03389097683476));
#10550=CARTESIAN_POINT('',(107.619781575643,20.0296214845197,-1.77635683940026E-14));
#10551=CARTESIAN_POINT('Origin',(107.619781575643,20.0296214845197,-30.));
#10552=CARTESIAN_POINT('',(0.0313318122216033,20.0296214845197,-1.77635683940026E-14));
#10553=CARTESIAN_POINT('',(129.369781575643,20.0296214845196,-32.5));
#10554=CARTESIAN_POINT('Origin',(99.6197815756433,20.0296214845196,-32.5));
#10555=CARTESIAN_POINT('',(129.369781575643,20.0296214845196,-63.));
#10556=CARTESIAN_POINT('',(129.369781575643,20.0296214845196,-32.5));
#10557=CARTESIAN_POINT('',(124.619781575643,20.0296214845197,-63.));
#10558=CARTESIAN_POINT('',(51.6344285782938,20.0296214845197,-63.));
#10559=CARTESIAN_POINT('',(103.268857156588,20.0296214845197,-63.));
#10560=CARTESIAN_POINT('',(51.6344285782938,20.0296214845197,-63.));
#10561=CARTESIAN_POINT('',(103.268857156588,20.0296214845197,-87.5));
#10562=CARTESIAN_POINT('',(103.268857156588,20.0296214845197,-43.75));
#10563=CARTESIAN_POINT('',(124.619781575643,20.0296214845197,-87.5));
#10564=CARTESIAN_POINT('',(64.8098907878216,20.0296214845197,-87.5));
#10565=CARTESIAN_POINT('',(129.369781575643,20.0296214845196,-87.5));
#10566=CARTESIAN_POINT('',(64.8098907878216,20.0296214845197,-87.5));
#10567=CARTESIAN_POINT('',(129.369781575643,20.0296214845196,-118.));
#10568=CARTESIAN_POINT('Origin',(32.5438571565876,23.2796214845197,-7.5));
#10569=CARTESIAN_POINT('',(129.619781575643,23.2796214845197,-32.5));
#10570=CARTESIAN_POINT('Origin',(99.6197815756433,23.2796214845197,-32.5));
#10571=CARTESIAN_POINT('',(129.619781575643,23.2796214845197,-63.));
#10572=CARTESIAN_POINT('',(129.619781575643,23.2796214845197,-5.00000000000002));
#10573=CARTESIAN_POINT('',(124.619781575643,23.2796214845197,-63.));
#10574=CARTESIAN_POINT('',(67.9063571565877,23.2796214845197,-63.));
#10575=CARTESIAN_POINT('',(124.619781575643,23.2796214845197,-32.5));
#10576=CARTESIAN_POINT('Origin',(99.6197815756433,221.02962148452,-32.5));
#10577=CARTESIAN_POINT('',(129.619781575643,269.02962148452,-32.5));
#10578=CARTESIAN_POINT('Origin',(99.6197815756433,269.02962148452,-32.5));
#10579=CARTESIAN_POINT('',(129.619781575643,221.02962148452,-32.5));
#10580=CARTESIAN_POINT('Origin',(32.5438571565876,23.2796214845197,-143.));
#10581=CARTESIAN_POINT('',(124.619781575643,23.2796214845197,-118.));
#10582=CARTESIAN_POINT('Origin',(99.6197815756433,23.2796214845197,-118.));
#10583=CARTESIAN_POINT('',(124.619781575643,23.2796214845197,-87.5));
#10584=CARTESIAN_POINT('',(124.619781575643,23.2796214845197,-118.));
#10585=CARTESIAN_POINT('',(129.619781575643,23.2796214845197,-87.5));
#10586=CARTESIAN_POINT('',(81.0818193661155,23.2796214845197,-87.5));
#10587=CARTESIAN_POINT('',(129.619781575643,23.2796214845197,-117.5));
#10588=CARTESIAN_POINT('',(129.619781575643,23.2796214845197,-72.75));
#10589=CARTESIAN_POINT('Origin',(99.6197815756433,23.2796214845197,-117.5));
#10590=CARTESIAN_POINT('Origin',(124.619781575643,16.7796214845196,-118.));
#10591=CARTESIAN_POINT('',(124.619781575643,23.2796214845197,-118.));
#10592=CARTESIAN_POINT('',(124.619781575643,23.2796214845197,-87.5));
#10593=CARTESIAN_POINT('',(124.619781575643,-81.0953785154803,-87.5));
#10594=CARTESIAN_POINT('Origin',(129.369781575643,20.0296214845196,-118.));
#10595=CARTESIAN_POINT('',(129.369781575643,16.7796214845196,-87.5));
#10596=CARTESIAN_POINT('Origin',(99.6197815756433,20.0296214845196,-118.));
#10597=CARTESIAN_POINT('Origin',(127.119781575643,20.0296214845196,-87.5));
#10598=CARTESIAN_POINT('Origin',(124.619781575643,16.7796214845196,-32.5));
#10599=CARTESIAN_POINT('',(124.619781575643,-81.0953785154803,-63.));
#10600=CARTESIAN_POINT('',(124.619781575643,23.2796214845197,-63.));
#10601=CARTESIAN_POINT('Origin',(129.369781575643,20.0296214845196,-32.5));
#10602=CARTESIAN_POINT('',(129.369781575643,16.7796214845196,-32.5));
#10603=CARTESIAN_POINT('',(129.369781575643,16.7796214845196,-63.));
#10604=CARTESIAN_POINT('Origin',(99.6197815756433,18.4046214845196,-32.5));
#10605=CARTESIAN_POINT('Origin',(127.119781575643,20.0296214845196,-63.));
#10606=CARTESIAN_POINT('Origin',(135.619781575643,671.02962148452,-10.0677819536695));
#10607=CARTESIAN_POINT('',(135.619781575643,269.02962148452,-65.));
#10608=CARTESIAN_POINT('',(135.619781575643,345.27962148452,-65.));
#10609=CARTESIAN_POINT('',(135.619781575643,269.02962148452,-19.2296703857307));
#10610=CARTESIAN_POINT('',(135.619781575643,269.02962148452,-5.03389097683476));
#10611=CARTESIAN_POINT('',(135.619781575643,182.19540340988,-19.2296703857307));
#10612=CARTESIAN_POINT('Origin',(135.619781575643,671.02962148452,-10.0677819536695));
#10613=CARTESIAN_POINT('',(135.619781575643,269.02962148452,-85.5));
#10614=CARTESIAN_POINT('',(135.619781575643,495.27962148452,-85.5));
#10615=CARTESIAN_POINT('',(135.619781575643,269.02962148452,-130.770329614269));
#10616=CARTESIAN_POINT('',(135.619781575643,182.19540340988,-130.770329614269));
#10617=CARTESIAN_POINT('',(135.619781575643,269.02962148452,-5.03389097683476));
#10618=CARTESIAN_POINT('Origin',(107.619781575643,182.19540340988,-120.));
#10619=CARTESIAN_POINT('Origin',(107.619781575643,269.02962148452,-120.));
#10620=CARTESIAN_POINT('Origin',(137.619781575643,19.5296214845197,-65.));
#10621=CARTESIAN_POINT('',(108.619781575643,27.5296214845197,-65.));
#10622=CARTESIAN_POINT('',(108.619781575643,-178.97037851548,-65.));
#10623=CARTESIAN_POINT('',(129.619781575636,27.5296214845197,-65.));
#10624=CARTESIAN_POINT('',(124.86978157564,27.5296214845197,-65.));
#10625=CARTESIAN_POINT('',(129.619781575636,261.52962148452,-65.));
#10626=CARTESIAN_POINT('',(129.619781575636,82.0296214845197,-65.));
#10627=CARTESIAN_POINT('',(108.619781575643,261.52962148452,-65.));
#10628=CARTESIAN_POINT('',(124.86978157564,261.52962148452,-65.));
#10629=CARTESIAN_POINT('',(108.619781575643,269.02962148452,-65.));
#10630=CARTESIAN_POINT('',(108.619781575643,-178.97037851548,-65.));
#10631=CARTESIAN_POINT('',(68.8098907878217,269.02962148452,-65.));
#10632=CARTESIAN_POINT('Origin',(137.619781575643,319.52962148452,-85.5));
#10633=CARTESIAN_POINT('',(108.619781575643,269.02962148452,-85.5));
#10634=CARTESIAN_POINT('',(68.8098907878217,269.02962148452,-85.5));
#10635=CARTESIAN_POINT('',(108.619781575643,261.52962148452,-85.5));
#10636=CARTESIAN_POINT('',(108.619781575643,-178.97037851548,-85.5));
#10637=CARTESIAN_POINT('',(129.619781575636,261.52962148452,-85.5));
#10638=CARTESIAN_POINT('',(124.86978157564,261.52962148452,-85.5));
#10639=CARTESIAN_POINT('',(129.619781575636,27.5296214845197,-85.5));
#10640=CARTESIAN_POINT('',(129.619781575636,232.02962148452,-85.5));
#10641=CARTESIAN_POINT('',(108.619781575643,27.5296214845196,-85.5));
#10642=CARTESIAN_POINT('',(124.86978157564,27.5296214845196,-85.5));
#10643=CARTESIAN_POINT('',(108.619781575643,-178.97037851548,-85.5));
#10644=CARTESIAN_POINT('Origin',(0.,269.02962148452,0.));
#10645=CARTESIAN_POINT('',(129.619781575643,269.02962148452,-117.5));
#10646=CARTESIAN_POINT('Origin',(99.6197815756433,269.02962148452,-117.5));
#10647=CARTESIAN_POINT('',(129.619781575643,269.02962148452,-87.5));
#10648=CARTESIAN_POINT('',(129.619781575643,269.02962148452,-1.25000000000002));
#10649=CARTESIAN_POINT('',(103.268857156588,269.02962148452,-87.5));
#10650=CARTESIAN_POINT('',(64.8098907878216,269.02962148452,-87.5));
#10651=CARTESIAN_POINT('',(103.268857156588,269.02962148452,-63.));
#10652=CARTESIAN_POINT('',(103.268857156588,269.02962148452,-43.75));
#10653=CARTESIAN_POINT('',(129.619781575643,269.02962148452,-63.));
#10654=CARTESIAN_POINT('',(51.6344285782938,269.02962148452,-63.));
#10655=CARTESIAN_POINT('',(129.619781575643,269.02962148452,-1.25000000000002));
#10656=CARTESIAN_POINT('',(107.619781575643,269.02962148452,-1.77635683940024E-14));
#10657=CARTESIAN_POINT('',(0.0313318122216033,269.02962148452,-1.77635683940024E-14));
#10658=CARTESIAN_POINT('Origin',(107.619781575643,269.02962148452,-30.));
#10659=CARTESIAN_POINT('',(108.619781575643,269.02962148452,-32.5));
#10660=CARTESIAN_POINT('Origin',(129.619781575643,221.02962148452,-2.50000000000002));
#10661=CARTESIAN_POINT('',(129.619781575636,261.52962148452,-63.));
#10662=CARTESIAN_POINT('',(129.619781575643,21.0296214845197,-63.));
#10663=CARTESIAN_POINT('',(129.619781575636,261.52962148452,-58.4355123663554));
#10664=CARTESIAN_POINT('',(129.619781575636,27.5296214845197,-63.));
#10665=CARTESIAN_POINT('',(129.619781575636,27.5296214845196,-102.633739651855));
#10666=CARTESIAN_POINT('',(129.619781575643,21.0296214845197,-63.));
#10667=CARTESIAN_POINT('Origin',(99.6197815756433,221.02962148452,-117.5));
#10668=CARTESIAN_POINT('',(129.619781575643,221.02962148452,-117.5));
#10669=CARTESIAN_POINT('Origin',(129.619781575643,221.02962148452,-2.50000000000002));
#10670=CARTESIAN_POINT('',(129.619781575636,27.5296214845197,-87.5));
#10671=CARTESIAN_POINT('',(129.619781575643,21.0296214845197,-87.5));
#10672=CARTESIAN_POINT('',(129.619781575636,27.5296214845196,-102.633739651855));
#10673=CARTESIAN_POINT('',(129.619781575636,261.52962148452,-87.5));
#10674=CARTESIAN_POINT('',(129.619781575636,261.52962148452,-58.4355123663554));
#10675=CARTESIAN_POINT('',(129.619781575643,21.0296214845197,-87.5));
#10676=CARTESIAN_POINT('Origin',(129.619781575643,-178.97037851548,-87.5));
#10677=CARTESIAN_POINT('',(103.268857156588,27.5296214845196,-87.5));
#10678=CARTESIAN_POINT('',(103.268857156588,-178.97037851548,-87.5));
#10679=CARTESIAN_POINT('',(120.86978157564,27.5296214845196,-87.5));
#10680=CARTESIAN_POINT('Origin',(103.268857156588,-178.97037851548,-87.5));
#10681=CARTESIAN_POINT('',(103.268857156588,27.5296214845197,-63.));
#10682=CARTESIAN_POINT('',(103.268857156588,-178.97037851548,-63.));
#10683=CARTESIAN_POINT('',(103.268857156588,27.5296214845196,-95.0668698259278));
#10684=CARTESIAN_POINT('Origin',(103.268857156588,-178.97037851548,-63.));
#10685=CARTESIAN_POINT('',(107.694319366112,27.5296214845197,-63.));
#10686=CARTESIAN_POINT('Origin',(0.0626636244432066,143.361185335241,-1.77635683940025E-14));
#10687=CARTESIAN_POINT('',(107.619781575643,182.19540340988,-1.77635683940025E-14));
#10688=CARTESIAN_POINT('Origin',(107.619781575643,182.19540340988,-30.));
#10689=CARTESIAN_POINT('Origin',(108.619781575643,-178.97037851548,-65.));
#10690=CARTESIAN_POINT('',(108.619781575643,27.5296214845197,-83.8168698259278));
#10691=CARTESIAN_POINT('Origin',(103.268857156588,-178.97037851548,-63.));
#10692=CARTESIAN_POINT('',(103.268857156588,261.52962148452,-63.));
#10693=CARTESIAN_POINT('',(103.268857156588,-178.97037851548,-63.));
#10694=CARTESIAN_POINT('',(107.694319366112,261.52962148452,-63.));
#10695=CARTESIAN_POINT('Origin',(112.119781575636,261.52962148452,-58.4355123663554));
#10696=CARTESIAN_POINT('',(103.268857156588,261.52962148452,-87.5));
#10697=CARTESIAN_POINT('',(120.86978157564,261.52962148452,-87.5));
#10698=CARTESIAN_POINT('',(108.619781575643,261.52962148452,-61.7177561831777));
#10699=CARTESIAN_POINT('',(103.268857156588,261.52962148452,-72.9677561831777));
#10700=CARTESIAN_POINT('Origin',(112.119781575636,27.5296214845196,-102.633739651855));
#10701=CARTESIAN_POINT('Origin',(129.619781575643,-178.97037851548,-87.5));
#10702=CARTESIAN_POINT('',(103.268857156588,-178.97037851548,-87.5));
#10703=CARTESIAN_POINT('Origin',(108.619781575643,-178.97037851548,-65.));
#10704=CARTESIAN_POINT('Origin',(103.268857156588,-178.97037851548,-87.5));
#10705=CARTESIAN_POINT('',(2.08000433993822E-30,5.91645678915759E-29,-75.));
#10706=CARTESIAN_POINT('',(129.619781575643,0.,-3.5527136788005E-14));
#10707=CARTESIAN_POINT('',(0.,471.02962148452,0.));
#10708=CARTESIAN_POINT('polyline point',(49.3128382613514,571.02962148452,
-131.25));
#10709=CARTESIAN_POINT('polyline point',(49.3128382613514,571.02962148452,
-129.375));
#10710=CARTESIAN_POINT('polyline point',(49.3128382613514,571.02962148452,
-129.375));
#10711=CARTESIAN_POINT('polyline point',(107.119781575643,571.02962148452,
-129.375));
#10712=CARTESIAN_POINT('Origin',(107.119781575643,571.02962148452,-106.875));
#10713=CARTESIAN_POINT('',(129.619781575643,571.02962148452,-106.875));
#10714=CARTESIAN_POINT('',(107.119781575643,571.02962148452,-129.375));
#10715=CARTESIAN_POINT('polyline point',(129.619781575643,571.02962148452,
-106.875));
#10716=CARTESIAN_POINT('polyline point',(129.619781575643,571.02962148452,
-43.1250000000001));
#10717=CARTESIAN_POINT('Origin',(107.119781575643,571.02962148452,-43.125));
#10718=CARTESIAN_POINT('',(107.119781575643,571.02962148452,-20.625));
#10719=CARTESIAN_POINT('',(129.619781575643,571.02962148452,-43.1250000000001));
#10720=CARTESIAN_POINT('polyline point',(107.119781575643,571.02962148452,
-20.625));
#10721=CARTESIAN_POINT('polyline point',(49.3128382613514,571.02962148452,
-20.625));
#10722=CARTESIAN_POINT('polyline point',(49.3128382613514,571.02962148452,
-20.625));
#10723=CARTESIAN_POINT('polyline point',(49.3128382613514,571.02962148452,
-18.75));
#10724=CARTESIAN_POINT('polyline point',(49.3128382613514,571.02962148452,
-18.75));
#10725=CARTESIAN_POINT('polyline point',(113.119781575643,571.02962148452,
-18.75));
#10726=CARTESIAN_POINT('Origin',(113.119781575643,571.02962148452,-41.25));
#10727=CARTESIAN_POINT('',(113.119781575643,571.02962148452,-18.75));
#10728=CARTESIAN_POINT('',(135.619781575643,571.02962148452,-41.2500000000921));
#10729=CARTESIAN_POINT('polyline point',(135.619781575643,571.02962148452,
-41.2500000000921));
#10730=CARTESIAN_POINT('polyline point',(135.619781575643,571.02962148452,
-108.75));
#10731=CARTESIAN_POINT('Origin',(113.119781575643,571.02962148452,-108.75));
#10732=CARTESIAN_POINT('',(135.619781575643,571.02962148452,-108.75));
#10733=CARTESIAN_POINT('',(113.119781575643,571.02962148452,-131.25));
#10734=CARTESIAN_POINT('polyline point',(113.119781575643,571.02962148452,
-131.25));
#10735=CARTESIAN_POINT('polyline point',(49.3128382613514,571.02962148452,
-131.25));
#10736=CARTESIAN_POINT('polyline point',(49.3128382613514,571.02962148452,
-18.75));
#10737=CARTESIAN_POINT('polyline point',(49.3128382613514,571.02962148452,
-131.25));
#10738=CARTESIAN_POINT('',(0.,571.02962148452,0.));
#10739=UNCERTAINTY_MEASURE_WITH_UNIT(LENGTH_MEASURE(0.01),#10743,
'DISTANCE_ACCURACY_VALUE',
'Maximum model space distance between geometric entities at asserted c
onnectivities');
#10740=UNCERTAINTY_MEASURE_WITH_UNIT(LENGTH_MEASURE(0.01),#10743,
'DISTANCE_ACCURACY_VALUE',
'Maximum model space distance between geometric entities at asserted c
onnectivities');
#10741=(
GEOMETRIC_REPRESENTATION_CONTEXT(3)
GLOBAL_UNCERTAINTY_ASSIGNED_CONTEXT((#10739))
GLOBAL_UNIT_ASSIGNED_CONTEXT((#10743,#10745,#10746))
REPRESENTATION_CONTEXT('','3D')
);
#10742=(
GEOMETRIC_REPRESENTATION_CONTEXT(3)
GLOBAL_UNCERTAINTY_ASSIGNED_CONTEXT((#10740))
GLOBAL_UNIT_ASSIGNED_CONTEXT((#10743,#10745,#10746))
REPRESENTATION_CONTEXT('','3D')
);
#10743=(
LENGTH_UNIT()
NAMED_UNIT(*)
SI_UNIT(.MILLI.,.METRE.)
);
#10744=(
LENGTH_UNIT()
NAMED_UNIT(*)
SI_UNIT(.CENTI.,.METRE.)
);
#10745=(
NAMED_UNIT(*)
PLANE_ANGLE_UNIT()
SI_UNIT($,.RADIAN.)
);
#10746=(
NAMED_UNIT(*)
SI_UNIT($,.STERADIAN.)
SOLID_ANGLE_UNIT()
);
#10747=SHAPE_DEFINITION_REPRESENTATION(#10748,#10749);
#10748=PRODUCT_DEFINITION_SHAPE('',$,#10751);
#10749=SHAPE_REPRESENTATION('',(#5518),#10741);
#10750=PRODUCT_DEFINITION_CONTEXT('part definition',#10755,'design');
#10751=PRODUCT_DEFINITION('Fueselage_bot','Fueselage_bot',#10752,#10750);
#10752=PRODUCT_DEFINITION_FORMATION('',$,#10757);
#10753=PRODUCT_RELATED_PRODUCT_CATEGORY('Fueselage_bot','Fueselage_bot',
(#10757));
#10754=APPLICATION_PROTOCOL_DEFINITION('international standard',
'automotive_design',2009,#10755);
#10755=APPLICATION_CONTEXT(
'Core Data for Automotive Mechanical Design Process');
#10756=PRODUCT_CONTEXT('part definition',#10755,'mechanical');
#10757=PRODUCT('Fueselage_bot','Fueselage_bot',$,(#10756));
#10758=PRESENTATION_STYLE_ASSIGNMENT((#10761));
#10759=PRESENTATION_STYLE_ASSIGNMENT((#10762));
#10760=PRESENTATION_STYLE_ASSIGNMENT((#10763));
#10761=SURFACE_STYLE_USAGE(.BOTH.,#10766);
#10762=SURFACE_STYLE_USAGE(.BOTH.,#10767);
#10763=SURFACE_STYLE_USAGE(.BOTH.,#10768);
#10764=SURFACE_STYLE_RENDERING_WITH_PROPERTIES($,#10778,(#10765));
#10765=SURFACE_STYLE_TRANSPARENT(0.);
#10766=SURFACE_SIDE_STYLE('',(#10769,#10764));
#10767=SURFACE_SIDE_STYLE('',(#10770));
#10768=SURFACE_SIDE_STYLE('',(#10771));
#10769=SURFACE_STYLE_FILL_AREA(#10772);
#10770=SURFACE_STYLE_FILL_AREA(#10773);
#10771=SURFACE_STYLE_FILL_AREA(#10774);
#10772=FILL_AREA_STYLE('',(#10775));
#10773=FILL_AREA_STYLE('',(#10776));
#10774=FILL_AREA_STYLE('',(#10777));
#10775=FILL_AREA_STYLE_COLOUR('',#10778);
#10776=FILL_AREA_STYLE_COLOUR('',#10779);
#10777=FILL_AREA_STYLE_COLOUR('',#10780);
#10778=COLOUR_RGB('',0.749019607843137,0.749019607843137,0.749019607843137);
#10779=COLOUR_RGB('',0.913725490196078,0.913725490196078,0.);
#10780=COLOUR_RGB('',1.,1.,1.);
ENDSEC;
END-ISO-10303-21;
