ISO-10303-21;
HEADER;
/* Generated by software containing ST-Developer
 * from STEP Tools, Inc. (www.steptools.com) 
 */

FILE_DESCRIPTION(
/* description */ (''),
/* implementation_level */ '2;1');

FILE_NAME(
/* name */ 'WingLeft_Junct.stp',
/* time_stamp */ '2026-03-26T20:08:46-04:00',
/* author */ ('samue'),
/* organization */ (''),
/* preprocessor_version */ 'ST-DEVELOPER v20.1',
/* originating_system */ 'Autodesk Inventor 2026',
/* authorisation */ '');

FILE_SCHEMA (('AUTOMOTIVE_DESIGN { 1 0 10303 214 3 1 1 }'));
ENDSEC;

DATA;
#10=MECHANICAL_DESIGN_GEOMETRIC_PRESENTATION_REPRESENTATION('',(#13,#14),
#11293);
#11=SHAPE_REPRESENTATION_RELATIONSHIP('SRR','None',#11300,#12);
#12=ADVANCED_BREP_SHAPE_REPRESENTATION('',(#3318),#11292);
#13=STYLED_ITEM('',(#11310),#3256);
#14=STYLED_ITEM('',(#11309),#3318);
#15=FACE_BOUND('',#434,.T.);
#16=FACE_BOUND('',#437,.T.);
#17=FACE_BOUND('',#536,.T.);
#18=ORIENTED_CLOSED_SHELL('',*,#3308,.F.);
#19=ORIENTED_CLOSED_SHELL('',*,#3310,.F.);
#20=ORIENTED_CLOSED_SHELL('',*,#3311,.F.);
#21=ORIENTED_CLOSED_SHELL('',*,#3312,.F.);
#22=ORIENTED_CLOSED_SHELL('',*,#3313,.F.);
#23=ORIENTED_CLOSED_SHELL('',*,#3314,.F.);
#24=ORIENTED_CLOSED_SHELL('',*,#3315,.F.);
#25=ORIENTED_CLOSED_SHELL('',*,#3316,.F.);
#26=ORIENTED_CLOSED_SHELL('',*,#3317,.F.);
#27=B_SPLINE_SURFACE_WITH_KNOTS('',4,1,((#4161,#4162),(#4163,#4164),(#4165,
#4166),(#4167,#4168),(#4169,#4170),(#4171,#4172),(#4173,#4174),(#4175,#4176),
(#4177,#4178),(#4179,#4180),(#4181,#4182),(#4183,#4184),(#4185,#4186),(#4187,
#4188),(#4189,#4190),(#4191,#4192),(#4193,#4194),(#4195,#4196),(#4197,#4198),
(#4199,#4200),(#4201,#4202),(#4203,#4204),(#4205,#4206),(#4207,#4208),(#4209,
#4210),(#4211,#4212),(#4213,#4214),(#4215,#4216),(#4217,#4218),(#4219,#4220),
(#4221,#4222),(#4223,#4224),(#4225,#4226),(#4227,#4228),(#4229,#4230)),
 .UNSPECIFIED.,.F.,.F.,.F.,(5,1,1,1,1,1,1,1,1,1,1,1,1,1,1,1,1,1,1,1,1,1,
1,1,1,1,1,1,1,1,1,5),(2,2),(0.,0.0797229401887652,0.116613497423017,0.156227586886352,
0.195816929721629,0.235335182258484,0.271923309372106,0.305622933472748,
0.33648318091617,0.364571077300232,0.390739405525747,0.415037382351123,
0.437557974821179,0.45689918944684,0.476342486286007,0.494956007040782,
0.511946571571844,0.530016512731228,0.547866107380509,0.566351287230462,
0.588179817032837,0.611994787621445,0.637843079050883,0.665734130886822,
0.696517603261104,0.730190888389267,0.766751340578755,0.806198036653006,
0.845641187685074,0.885081110159908,0.921630105003384,1.),(0.,122.5),
 .UNSPECIFIED.);
#28=B_SPLINE_SURFACE_WITH_KNOTS('',4,1,((#4488,#4489),(#4490,#4491),(#4492,
#4493),(#4494,#4495),(#4496,#4497),(#4498,#4499),(#4500,#4501),(#4502,#4503),
(#4504,#4505),(#4506,#4507),(#4508,#4509),(#4510,#4511),(#4512,#4513),(#4514,
#4515),(#4516,#4517),(#4518,#4519),(#4520,#4521),(#4522,#4523),(#4524,#4525),
(#4526,#4527),(#4528,#4529),(#4530,#4531),(#4532,#4533),(#4534,#4535),(#4536,
#4537),(#4538,#4539),(#4540,#4541),(#4542,#4543),(#4544,#4545),(#4546,#4547),
(#4548,#4549),(#4550,#4551),(#4552,#4553),(#4554,#4555),(#4556,#4557)),
 .UNSPECIFIED.,.F.,.F.,.F.,(5,1,1,1,1,1,1,1,1,1,1,1,1,1,1,1,1,1,1,1,1,1,
1,1,1,1,1,1,1,1,1,5),(2,2),(0.,0.0797229401887652,0.116613497423017,0.156227586886352,
0.195816929721629,0.235335182258484,0.271923309372106,0.305622933472748,
0.33648318091617,0.364571077300232,0.390739405525747,0.415037382351123,
0.437557974821179,0.45689918944684,0.476342486286007,0.494956007040782,
0.511946571571844,0.530016512731228,0.547866107380509,0.566351287230462,
0.588179817032837,0.611994787621445,0.637843079050883,0.665734130886822,
0.696517603261104,0.730190888389267,0.766751340578755,0.806198036653006,
0.845641187685074,0.885081110159908,0.921630105003384,1.),(0.,122.5),
 .UNSPECIFIED.);
#29=B_SPLINE_SURFACE_WITH_KNOTS('',4,1,((#4780,#4781),(#4782,#4783),(#4784,
#4785),(#4786,#4787),(#4788,#4789),(#4790,#4791),(#4792,#4793),(#4794,#4795),
(#4796,#4797),(#4798,#4799),(#4800,#4801),(#4802,#4803),(#4804,#4805),(#4806,
#4807),(#4808,#4809),(#4810,#4811),(#4812,#4813),(#4814,#4815),(#4816,#4817),
(#4818,#4819),(#4820,#4821),(#4822,#4823),(#4824,#4825),(#4826,#4827),(#4828,
#4829),(#4830,#4831),(#4832,#4833),(#4834,#4835),(#4836,#4837),(#4838,#4839),
(#4840,#4841),(#4842,#4843),(#4844,#4845),(#4846,#4847),(#4848,#4849)),
 .UNSPECIFIED.,.F.,.F.,.F.,(5,1,1,1,1,1,1,1,1,1,1,1,1,1,1,1,1,1,1,1,1,1,
1,1,1,1,1,1,1,1,1,5),(2,2),(0.,0.0797229401887652,0.116613497423017,0.156227586886352,
0.195816929721629,0.235335182258484,0.271923309372106,0.305622933472748,
0.33648318091617,0.364571077300232,0.390739405525747,0.415037382351123,
0.437557974821179,0.45689918944684,0.476342486286007,0.494956007040782,
0.511946571571844,0.530016512731228,0.547866107380509,0.566351287230462,
0.588179817032837,0.611994787621445,0.637843079050883,0.665734130886822,
0.696517603261104,0.730190888389267,0.766751340578755,0.806198036653006,
0.845641187685074,0.885081110159908,0.921630105003384,1.),(0.,122.5),
 .UNSPECIFIED.);
#30=B_SPLINE_SURFACE_WITH_KNOTS('',4,1,((#6448,#6449),(#6450,#6451),(#6452,
#6453),(#6454,#6455),(#6456,#6457),(#6458,#6459),(#6460,#6461),(#6462,#6463),
(#6464,#6465),(#6466,#6467),(#6468,#6469),(#6470,#6471),(#6472,#6473),(#6474,
#6475),(#6476,#6477),(#6478,#6479),(#6480,#6481),(#6482,#6483),(#6484,#6485),
(#6486,#6487),(#6488,#6489),(#6490,#6491),(#6492,#6493),(#6494,#6495),(#6496,
#6497),(#6498,#6499),(#6500,#6501),(#6502,#6503),(#6504,#6505),(#6506,#6507),
(#6508,#6509),(#6510,#6511),(#6512,#6513),(#6514,#6515),(#6516,#6517)),
 .UNSPECIFIED.,.F.,.F.,.F.,(5,1,1,1,1,1,1,1,1,1,1,1,1,1,1,1,1,1,1,1,1,1,
1,1,1,1,1,1,1,1,1,5),(2,2),(0.,0.0797229401887652,0.116613497423017,0.156227586886352,
0.195816929721629,0.235335182258484,0.271923309372106,0.305622933472748,
0.33648318091617,0.364571077300232,0.390739405525747,0.415037382351123,
0.437557974821179,0.45689918944684,0.476342486286007,0.494956007040782,
0.511946571571844,0.530016512731228,0.547866107380509,0.566351287230462,
0.588179817032837,0.611994787621445,0.637843079050883,0.665734130886822,
0.696517603261104,0.730190888389267,0.766751340578755,0.806198036653006,
0.845641187685074,0.885081110159908,0.921630105003384,1.),(0.,122.5),
 .UNSPECIFIED.);
#31=B_SPLINE_SURFACE_WITH_KNOTS('',4,1,((#6527,#6528),(#6529,#6530),(#6531,
#6532),(#6533,#6534),(#6535,#6536),(#6537,#6538),(#6539,#6540),(#6541,#6542),
(#6543,#6544),(#6545,#6546),(#6547,#6548),(#6549,#6550),(#6551,#6552),(#6553,
#6554),(#6555,#6556),(#6557,#6558),(#6559,#6560),(#6561,#6562),(#6563,#6564),
(#6565,#6566),(#6567,#6568),(#6569,#6570),(#6571,#6572),(#6573,#6574),(#6575,
#6576),(#6577,#6578),(#6579,#6580),(#6581,#6582),(#6583,#6584),(#6585,#6586),
(#6587,#6588),(#6589,#6590),(#6591,#6592),(#6593,#6594),(#6595,#6596)),
 .UNSPECIFIED.,.F.,.F.,.F.,(5,1,1,1,1,1,1,1,1,1,1,1,1,1,1,1,1,1,1,1,1,1,
1,1,1,1,1,1,1,1,1,5),(2,2),(0.,0.0797229401887652,0.116613497423017,0.156227586886352,
0.195816929721629,0.235335182258484,0.271923309372106,0.305622933472748,
0.33648318091617,0.364571077300232,0.390739405525747,0.415037382351123,
0.437557974821179,0.45689918944684,0.476342486286007,0.494956007040782,
0.511946571571844,0.530016512731228,0.547866107380509,0.566351287230462,
0.588179817032837,0.611994787621445,0.637843079050883,0.665734130886822,
0.696517603261104,0.730190888389267,0.766751340578755,0.806198036653006,
0.845641187685074,0.885081110159908,0.921630105003384,1.),(0.,122.5),
 .UNSPECIFIED.);
#32=B_SPLINE_SURFACE_WITH_KNOTS('',4,1,((#6739,#6740),(#6741,#6742),(#6743,
#6744),(#6745,#6746),(#6747,#6748),(#6749,#6750),(#6751,#6752),(#6753,#6754),
(#6755,#6756),(#6757,#6758),(#6759,#6760),(#6761,#6762),(#6763,#6764),(#6765,
#6766),(#6767,#6768),(#6769,#6770),(#6771,#6772),(#6773,#6774),(#6775,#6776),
(#6777,#6778),(#6779,#6780),(#6781,#6782),(#6783,#6784),(#6785,#6786),(#6787,
#6788),(#6789,#6790),(#6791,#6792),(#6793,#6794),(#6795,#6796),(#6797,#6798),
(#6799,#6800),(#6801,#6802),(#6803,#6804),(#6805,#6806),(#6807,#6808)),
 .UNSPECIFIED.,.F.,.F.,.F.,(5,1,1,1,1,1,1,1,1,1,1,1,1,1,1,1,1,1,1,1,1,1,
1,1,1,1,1,1,1,1,1,5),(2,2),(0.,0.0797229401887652,0.116613497423017,0.156227586886352,
0.195816929721629,0.235335182258484,0.271923309372106,0.305622933472748,
0.33648318091617,0.364571077300232,0.390739405525747,0.415037382351123,
0.437557974821179,0.45689918944684,0.476342486286007,0.494956007040782,
0.511946571571844,0.530016512731228,0.547866107380509,0.566351287230462,
0.588179817032837,0.611994787621445,0.637843079050883,0.665734130886822,
0.696517603261104,0.730190888389267,0.766751340578755,0.806198036653006,
0.845641187685074,0.885081110159908,0.921630105003384,1.),(0.,122.5),
 .UNSPECIFIED.);
#33=B_SPLINE_SURFACE_WITH_KNOTS('',4,1,((#6827,#6828),(#6829,#6830),(#6831,
#6832),(#6833,#6834),(#6835,#6836),(#6837,#6838),(#6839,#6840),(#6841,#6842),
(#6843,#6844),(#6845,#6846),(#6847,#6848),(#6849,#6850),(#6851,#6852),(#6853,
#6854),(#6855,#6856),(#6857,#6858),(#6859,#6860),(#6861,#6862),(#6863,#6864),
(#6865,#6866),(#6867,#6868),(#6869,#6870),(#6871,#6872),(#6873,#6874),(#6875,
#6876),(#6877,#6878),(#6879,#6880),(#6881,#6882),(#6883,#6884),(#6885,#6886),
(#6887,#6888),(#6889,#6890),(#6891,#6892),(#6893,#6894),(#6895,#6896)),
 .UNSPECIFIED.,.F.,.F.,.F.,(5,1,1,1,1,1,1,1,1,1,1,1,1,1,1,1,1,1,1,1,1,1,
1,1,1,1,1,1,1,1,1,5),(2,2),(0.,0.0797229401887652,0.116613497423017,0.156227586886352,
0.195816929721629,0.235335182258484,0.271923309372106,0.305622933472748,
0.33648318091617,0.364571077300232,0.390739405525747,0.415037382351123,
0.437557974821179,0.45689918944684,0.476342486286007,0.494956007040782,
0.511946571571844,0.530016512731228,0.547866107380509,0.566351287230462,
0.588179817032837,0.611994787621445,0.637843079050883,0.665734130886822,
0.696517603261104,0.730190888389267,0.766751340578755,0.806198036653006,
0.845641187685074,0.885081110159908,0.921630105003384,1.),(0.,122.5),
 .UNSPECIFIED.);
#34=B_SPLINE_SURFACE_WITH_KNOTS('',4,1,((#7168,#7169),(#7170,#7171),(#7172,
#7173),(#7174,#7175),(#7176,#7177),(#7178,#7179),(#7180,#7181),(#7182,#7183),
(#7184,#7185),(#7186,#7187),(#7188,#7189),(#7190,#7191),(#7192,#7193),(#7194,
#7195),(#7196,#7197),(#7198,#7199),(#7200,#7201),(#7202,#7203),(#7204,#7205),
(#7206,#7207),(#7208,#7209),(#7210,#7211),(#7212,#7213),(#7214,#7215),(#7216,
#7217),(#7218,#7219),(#7220,#7221),(#7222,#7223),(#7224,#7225),(#7226,#7227),
(#7228,#7229),(#7230,#7231),(#7232,#7233),(#7234,#7235),(#7236,#7237)),
 .UNSPECIFIED.,.F.,.F.,.F.,(5,1,1,1,1,1,1,1,1,1,1,1,1,1,1,1,1,1,1,1,1,1,
1,1,1,1,1,1,1,1,1,5),(2,2),(0.,0.0797229401887652,0.116613497423017,0.156227586886352,
0.195816929721629,0.235335182258484,0.271923309372106,0.305622933472748,
0.33648318091617,0.364571077300232,0.390739405525747,0.415037382351123,
0.437557974821179,0.45689918944684,0.476342486286007,0.494956007040782,
0.511946571571844,0.530016512731228,0.547866107380509,0.566351287230462,
0.588179817032837,0.611994787621445,0.637843079050883,0.665734130886822,
0.696517603261104,0.730190888389267,0.766751340578755,0.806198036653006,
0.845641187685074,0.885081110159908,0.921630105003384,1.),(0.,122.5),
 .UNSPECIFIED.);
#35=B_SPLINE_SURFACE_WITH_KNOTS('',4,1,((#7313,#7314),(#7315,#7316),(#7317,
#7318),(#7319,#7320),(#7321,#7322),(#7323,#7324),(#7325,#7326),(#7327,#7328),
(#7329,#7330),(#7331,#7332),(#7333,#7334),(#7335,#7336),(#7337,#7338),(#7339,
#7340),(#7341,#7342),(#7343,#7344),(#7345,#7346),(#7347,#7348),(#7349,#7350),
(#7351,#7352),(#7353,#7354),(#7355,#7356),(#7357,#7358),(#7359,#7360),(#7361,
#7362),(#7363,#7364),(#7365,#7366),(#7367,#7368),(#7369,#7370),(#7371,#7372),
(#7373,#7374),(#7375,#7376),(#7377,#7378),(#7379,#7380),(#7381,#7382)),
 .UNSPECIFIED.,.F.,.F.,.F.,(5,1,1,1,1,1,1,1,1,1,1,1,1,1,1,1,1,1,1,1,1,1,
1,1,1,1,1,1,1,1,1,5),(2,2),(0.,0.0797229401887652,0.116613497423017,0.156227586886352,
0.195816929721629,0.235335182258484,0.271923309372106,0.305622933472748,
0.33648318091617,0.364571077300232,0.390739405525747,0.415037382351123,
0.437557974821179,0.45689918944684,0.476342486286007,0.494956007040782,
0.511946571571844,0.530016512731228,0.547866107380509,0.566351287230462,
0.588179817032837,0.611994787621445,0.637843079050883,0.665734130886822,
0.696517603261104,0.730190888389267,0.766751340578755,0.806198036653006,
0.845641187685074,0.885081110159908,0.921630105003384,1.),(0.,122.5),
 .UNSPECIFIED.);
#36=B_SPLINE_SURFACE_WITH_KNOTS('',4,1,((#7417,#7418),(#7419,#7420),(#7421,
#7422),(#7423,#7424),(#7425,#7426),(#7427,#7428),(#7429,#7430),(#7431,#7432),
(#7433,#7434),(#7435,#7436),(#7437,#7438),(#7439,#7440),(#7441,#7442),(#7443,
#7444),(#7445,#7446),(#7447,#7448),(#7449,#7450),(#7451,#7452),(#7453,#7454),
(#7455,#7456),(#7457,#7458),(#7459,#7460),(#7461,#7462),(#7463,#7464),(#7465,
#7466),(#7467,#7468),(#7469,#7470),(#7471,#7472),(#7473,#7474),(#7475,#7476),
(#7477,#7478),(#7479,#7480),(#7481,#7482),(#7483,#7484),(#7485,#7486)),
 .UNSPECIFIED.,.F.,.F.,.F.,(5,1,1,1,1,1,1,1,1,1,1,1,1,1,1,1,1,1,1,1,1,1,
1,1,1,1,1,1,1,1,1,5),(2,2),(0.,0.0797229401887652,0.116613497423017,0.156227586886352,
0.195816929721629,0.235335182258484,0.271923309372106,0.305622933472748,
0.33648318091617,0.364571077300232,0.390739405525747,0.415037382351123,
0.437557974821179,0.45689918944684,0.476342486286007,0.494956007040782,
0.511946571571844,0.530016512731228,0.547866107380509,0.566351287230462,
0.588179817032837,0.611994787621445,0.637843079050883,0.665734130886822,
0.696517603261104,0.730190888389267,0.766751340578755,0.806198036653006,
0.845641187685074,0.885081110159908,0.921630105003384,1.),(0.,122.5),
 .UNSPECIFIED.);
#37=B_SPLINE_SURFACE_WITH_KNOTS('',4,1,((#7518,#7519),(#7520,#7521),(#7522,
#7523),(#7524,#7525),(#7526,#7527),(#7528,#7529),(#7530,#7531),(#7532,#7533),
(#7534,#7535),(#7536,#7537),(#7538,#7539),(#7540,#7541),(#7542,#7543),(#7544,
#7545),(#7546,#7547),(#7548,#7549),(#7550,#7551),(#7552,#7553),(#7554,#7555),
(#7556,#7557),(#7558,#7559),(#7560,#7561),(#7562,#7563),(#7564,#7565),(#7566,
#7567),(#7568,#7569),(#7570,#7571),(#7572,#7573),(#7574,#7575),(#7576,#7577),
(#7578,#7579),(#7580,#7581),(#7582,#7583),(#7584,#7585),(#7586,#7587)),
 .UNSPECIFIED.,.F.,.F.,.F.,(5,1,1,1,1,1,1,1,1,1,1,1,1,1,1,1,1,1,1,1,1,1,
1,1,1,1,1,1,1,1,1,5),(2,2),(0.,0.0797229401887652,0.116613497423017,0.156227586886352,
0.195816929721629,0.235335182258484,0.271923309372106,0.305622933472748,
0.33648318091617,0.364571077300232,0.390739405525747,0.415037382351123,
0.437557974821179,0.45689918944684,0.476342486286007,0.494956007040782,
0.511946571571844,0.530016512731228,0.547866107380509,0.566351287230462,
0.588179817032837,0.611994787621445,0.637843079050883,0.665734130886822,
0.696517603261104,0.730190888389267,0.766751340578755,0.806198036653006,
0.845641187685074,0.885081110159908,0.921630105003384,1.),(0.,122.5),
 .UNSPECIFIED.);
#38=B_SPLINE_SURFACE_WITH_KNOTS('',4,1,((#7631,#7632),(#7633,#7634),(#7635,
#7636),(#7637,#7638),(#7639,#7640),(#7641,#7642),(#7643,#7644),(#7645,#7646),
(#7647,#7648),(#7649,#7650),(#7651,#7652),(#7653,#7654),(#7655,#7656),(#7657,
#7658),(#7659,#7660),(#7661,#7662),(#7663,#7664),(#7665,#7666),(#7667,#7668),
(#7669,#7670),(#7671,#7672),(#7673,#7674),(#7675,#7676),(#7677,#7678),(#7679,
#7680),(#7681,#7682),(#7683,#7684),(#7685,#7686),(#7687,#7688),(#7689,#7690),
(#7691,#7692),(#7693,#7694),(#7695,#7696),(#7697,#7698),(#7699,#7700)),
 .UNSPECIFIED.,.F.,.F.,.F.,(5,1,1,1,1,1,1,1,1,1,1,1,1,1,1,1,1,1,1,1,1,1,
1,1,1,1,1,1,1,1,1,5),(2,2),(0.,0.0797229401887652,0.116613497423017,0.156227586886352,
0.195816929721629,0.235335182258484,0.271923309372106,0.305622933472748,
0.33648318091617,0.364571077300232,0.390739405525747,0.415037382351123,
0.437557974821179,0.45689918944684,0.476342486286007,0.494956007040782,
0.511946571571844,0.530016512731228,0.547866107380509,0.566351287230462,
0.588179817032837,0.611994787621445,0.637843079050883,0.665734130886822,
0.696517603261104,0.730190888389267,0.766751340578755,0.806198036653006,
0.845641187685074,0.885081110159908,0.921630105003384,1.),(0.,122.5),
 .UNSPECIFIED.);
#39=B_SPLINE_SURFACE_WITH_KNOTS('',4,1,((#7756,#7757),(#7758,#7759),(#7760,
#7761),(#7762,#7763),(#7764,#7765),(#7766,#7767),(#7768,#7769),(#7770,#7771),
(#7772,#7773),(#7774,#7775),(#7776,#7777),(#7778,#7779),(#7780,#7781),(#7782,
#7783),(#7784,#7785),(#7786,#7787),(#7788,#7789),(#7790,#7791),(#7792,#7793),
(#7794,#7795),(#7796,#7797),(#7798,#7799),(#7800,#7801),(#7802,#7803),(#7804,
#7805),(#7806,#7807),(#7808,#7809),(#7810,#7811),(#7812,#7813),(#7814,#7815),
(#7816,#7817),(#7818,#7819),(#7820,#7821),(#7822,#7823),(#7824,#7825)),
 .UNSPECIFIED.,.F.,.F.,.F.,(5,1,1,1,1,1,1,1,1,1,1,1,1,1,1,1,1,1,1,1,1,1,
1,1,1,1,1,1,1,1,1,5),(2,2),(0.,0.0797229401887652,0.116613497423017,0.156227586886352,
0.195816929721629,0.235335182258484,0.271923309372106,0.305622933472748,
0.33648318091617,0.364571077300232,0.390739405525747,0.415037382351123,
0.437557974821179,0.45689918944684,0.476342486286007,0.494956007040782,
0.511946571571844,0.530016512731228,0.547866107380509,0.566351287230462,
0.588179817032837,0.611994787621445,0.637843079050883,0.665734130886822,
0.696517603261104,0.730190888389267,0.766751340578755,0.806198036653006,
0.845641187685074,0.885081110159908,0.921630105003384,1.),(0.,122.5),
 .UNSPECIFIED.);
#40=B_SPLINE_SURFACE_WITH_KNOTS('',4,1,((#7920,#7921),(#7922,#7923),(#7924,
#7925),(#7926,#7927),(#7928,#7929),(#7930,#7931),(#7932,#7933),(#7934,#7935),
(#7936,#7937),(#7938,#7939),(#7940,#7941),(#7942,#7943),(#7944,#7945),(#7946,
#7947),(#7948,#7949),(#7950,#7951),(#7952,#7953),(#7954,#7955),(#7956,#7957),
(#7958,#7959),(#7960,#7961),(#7962,#7963),(#7964,#7965),(#7966,#7967),(#7968,
#7969),(#7970,#7971),(#7972,#7973),(#7974,#7975),(#7976,#7977),(#7978,#7979),
(#7980,#7981),(#7982,#7983),(#7984,#7985),(#7986,#7987),(#7988,#7989)),
 .UNSPECIFIED.,.F.,.F.,.F.,(5,1,1,1,1,1,1,1,1,1,1,1,1,1,1,1,1,1,1,1,1,1,
1,1,1,1,1,1,1,1,1,5),(2,2),(0.,0.0797229401887652,0.116613497423017,0.156227586886352,
0.195816929721629,0.235335182258484,0.271923309372106,0.305622933472748,
0.33648318091617,0.364571077300232,0.390739405525747,0.415037382351123,
0.437557974821179,0.45689918944684,0.476342486286007,0.494956007040782,
0.511946571571844,0.530016512731228,0.547866107380509,0.566351287230462,
0.588179817032837,0.611994787621445,0.637843079050883,0.665734130886822,
0.696517603261104,0.730190888389267,0.766751340578755,0.806198036653006,
0.845641187685074,0.885081110159908,0.921630105003384,1.),(0.,122.5),
 .UNSPECIFIED.);
#41=B_SPLINE_SURFACE_WITH_KNOTS('',4,1,((#8033,#8034),(#8035,#8036),(#8037,
#8038),(#8039,#8040),(#8041,#8042),(#8043,#8044),(#8045,#8046),(#8047,#8048),
(#8049,#8050),(#8051,#8052),(#8053,#8054),(#8055,#8056),(#8057,#8058),(#8059,
#8060),(#8061,#8062),(#8063,#8064),(#8065,#8066),(#8067,#8068),(#8069,#8070),
(#8071,#8072),(#8073,#8074),(#8075,#8076),(#8077,#8078),(#8079,#8080),(#8081,
#8082),(#8083,#8084),(#8085,#8086),(#8087,#8088),(#8089,#8090),(#8091,#8092),
(#8093,#8094),(#8095,#8096),(#8097,#8098),(#8099,#8100),(#8101,#8102)),
 .UNSPECIFIED.,.F.,.F.,.F.,(5,1,1,1,1,1,1,1,1,1,1,1,1,1,1,1,1,1,1,1,1,1,
1,1,1,1,1,1,1,1,1,5),(2,2),(0.,0.0797229401887652,0.116613497423017,0.156227586886352,
0.195816929721629,0.235335182258484,0.271923309372106,0.305622933472748,
0.33648318091617,0.364571077300232,0.390739405525747,0.415037382351123,
0.437557974821179,0.45689918944684,0.476342486286007,0.494956007040782,
0.511946571571844,0.530016512731228,0.547866107380509,0.566351287230462,
0.588179817032837,0.611994787621445,0.637843079050883,0.665734130886822,
0.696517603261104,0.730190888389267,0.766751340578755,0.806198036653006,
0.845641187685074,0.885081110159908,0.921630105003384,1.),(0.,122.5),
 .UNSPECIFIED.);
#42=B_SPLINE_SURFACE_WITH_KNOTS('',4,1,((#8123,#8124),(#8125,#8126),(#8127,
#8128),(#8129,#8130),(#8131,#8132),(#8133,#8134),(#8135,#8136),(#8137,#8138),
(#8139,#8140),(#8141,#8142),(#8143,#8144),(#8145,#8146),(#8147,#8148),(#8149,
#8150),(#8151,#8152),(#8153,#8154),(#8155,#8156),(#8157,#8158),(#8159,#8160),
(#8161,#8162),(#8163,#8164),(#8165,#8166),(#8167,#8168),(#8169,#8170),(#8171,
#8172),(#8173,#8174),(#8175,#8176),(#8177,#8178),(#8179,#8180),(#8181,#8182),
(#8183,#8184),(#8185,#8186),(#8187,#8188),(#8189,#8190),(#8191,#8192)),
 .UNSPECIFIED.,.F.,.F.,.F.,(5,1,1,1,1,1,1,1,1,1,1,1,1,1,1,1,1,1,1,1,1,1,
1,1,1,1,1,1,1,1,1,5),(2,2),(0.,0.0797229401887652,0.116613497423017,0.156227586886352,
0.195816929721629,0.235335182258484,0.271923309372106,0.305622933472748,
0.33648318091617,0.364571077300232,0.390739405525747,0.415037382351123,
0.437557974821179,0.45689918944684,0.476342486286007,0.494956007040782,
0.511946571571844,0.530016512731228,0.547866107380509,0.566351287230462,
0.588179817032837,0.611994787621445,0.637843079050883,0.665734130886822,
0.696517603261104,0.730190888389267,0.766751340578755,0.806198036653006,
0.845641187685074,0.885081110159908,0.921630105003384,1.),(0.,122.5),
 .UNSPECIFIED.);
#43=B_SPLINE_SURFACE_WITH_KNOTS('',4,1,((#8600,#8601),(#8602,#8603),(#8604,
#8605),(#8606,#8607),(#8608,#8609),(#8610,#8611),(#8612,#8613),(#8614,#8615),
(#8616,#8617),(#8618,#8619),(#8620,#8621),(#8622,#8623),(#8624,#8625),(#8626,
#8627),(#8628,#8629),(#8630,#8631),(#8632,#8633),(#8634,#8635),(#8636,#8637),
(#8638,#8639),(#8640,#8641),(#8642,#8643),(#8644,#8645),(#8646,#8647),(#8648,
#8649),(#8650,#8651),(#8652,#8653),(#8654,#8655),(#8656,#8657),(#8658,#8659),
(#8660,#8661),(#8662,#8663),(#8664,#8665),(#8666,#8667),(#8668,#8669)),
 .UNSPECIFIED.,.F.,.F.,.F.,(5,1,1,1,1,1,1,1,1,1,1,1,1,1,1,1,1,1,1,1,1,1,
1,1,1,1,1,1,1,1,1,5),(2,2),(0.,0.0797229401887652,0.116613497423017,0.156227586886352,
0.195816929721629,0.235335182258484,0.271923309372106,0.305622933472748,
0.33648318091617,0.364571077300232,0.390739405525747,0.415037382351123,
0.437557974821179,0.45689918944684,0.476342486286007,0.494956007040782,
0.511946571571844,0.530016512731228,0.547866107380509,0.566351287230462,
0.588179817032837,0.611994787621445,0.637843079050883,0.665734130886822,
0.696517603261104,0.730190888389267,0.766751340578755,0.806198036653006,
0.845641187685074,0.885081110159908,0.921630105003384,1.),(0.,122.5),
 .UNSPECIFIED.);
#44=B_SPLINE_SURFACE_WITH_KNOTS('',3,1,((#8678,#8679),(#8680,#8681),(#8682,
#8683),(#8684,#8685),(#8686,#8687),(#8688,#8689),(#8690,#8691),(#8692,#8693),
(#8694,#8695),(#8696,#8697),(#8698,#8699),(#8700,#8701),(#8702,#8703),(#8704,
#8705),(#8706,#8707),(#8708,#8709),(#8710,#8711),(#8712,#8713),(#8714,#8715),
(#8716,#8717),(#8718,#8719),(#8720,#8721),(#8722,#8723),(#8724,#8725),(#8726,
#8727),(#8728,#8729),(#8730,#8731),(#8732,#8733),(#8734,#8735),(#8736,#8737),
(#8738,#8739),(#8740,#8741),(#8742,#8743),(#8744,#8745),(#8746,#8747),(#8748,
#8749),(#8750,#8751),(#8752,#8753),(#8754,#8755),(#8756,#8757),(#8758,#8759),
(#8760,#8761),(#8762,#8763),(#8764,#8765),(#8766,#8767),(#8768,#8769),(#8770,
#8771),(#8772,#8773),(#8774,#8775),(#8776,#8777),(#8778,#8779),(#8780,#8781),
(#8782,#8783),(#8784,#8785),(#8786,#8787),(#8788,#8789),(#8790,#8791),(#8792,
#8793),(#8794,#8795),(#8796,#8797),(#8798,#8799),(#8800,#8801),(#8802,#8803),
(#8804,#8805),(#8806,#8807),(#8808,#8809),(#8810,#8811),(#8812,#8813),(#8814,
#8815),(#8816,#8817),(#8818,#8819),(#8820,#8821),(#8822,#8823),(#8824,#8825),
(#8826,#8827),(#8828,#8829),(#8830,#8831),(#8832,#8833),(#8834,#8835),(#8836,
#8837),(#8838,#8839),(#8840,#8841),(#8842,#8843),(#8844,#8845),(#8846,#8847),
(#8848,#8849),(#8850,#8851),(#8852,#8853),(#8854,#8855),(#8856,#8857),(#8858,
#8859),(#8860,#8861),(#8862,#8863),(#8864,#8865),(#8866,#8867),(#8868,#8869),
(#8870,#8871),(#8872,#8873),(#8874,#8875),(#8876,#8877),(#8878,#8879),(#8880,
#8881),(#8882,#8883),(#8884,#8885),(#8886,#8887),(#8888,#8889),(#8890,#8891),
(#8892,#8893),(#8894,#8895),(#8896,#8897),(#8898,#8899),(#8900,#8901),(#8902,
#8903),(#8904,#8905),(#8906,#8907),(#8908,#8909),(#8910,#8911),(#8912,#8913),
(#8914,#8915),(#8916,#8917),(#8918,#8919),(#8920,#8921),(#8922,#8923),(#8924,
#8925),(#8926,#8927),(#8928,#8929),(#8930,#8931),(#8932,#8933),(#8934,#8935),
(#8936,#8937),(#8938,#8939),(#8940,#8941),(#8942,#8943),(#8944,#8945),(#8946,
#8947),(#8948,#8949),(#8950,#8951),(#8952,#8953),(#8954,#8955),(#8956,#8957),
(#8958,#8959),(#8960,#8961),(#8962,#8963),(#8964,#8965),(#8966,#8967),(#8968,
#8969),(#8970,#8971),(#8972,#8973),(#8974,#8975),(#8976,#8977),(#8978,#8979),
(#8980,#8981),(#8982,#8983),(#8984,#8985),(#8986,#8987),(#8988,#8989),(#8990,
#8991),(#8992,#8993),(#8994,#8995),(#8996,#8997),(#8998,#8999),(#9000,#9001),
(#9002,#9003)),.UNSPECIFIED.,.F.,.F.,.F.,(4,3,3,3,3,3,3,3,3,3,3,3,3,3,3,
3,3,3,3,3,3,3,3,3,3,3,3,3,3,3,3,3,3,3,3,3,3,3,3,3,3,3,3,3,3,3,3,3,3,3,3,
3,3,3,4),(2,2),(0.,0.0198778064216218,0.0400523875690356,0.0601668116478474,
0.0810654347260716,0.101867342205634,0.126053361473514,0.15414445286356,
0.190620297225567,0.216393440856321,0.240881145829561,0.259517581818794,
0.282657657386957,0.299993822624439,0.319756263024153,0.337365768483051,
0.355950877694556,0.37399034430413,0.390608062451605,0.405488030711758,
0.422078809337783,0.440138846545977,0.453491317765109,0.464536717065792,
0.476862197418088,0.486717933521345,0.496656547156389,0.50474970752146,
0.512449124874594,0.522314768155022,0.537242431650178,0.54831584842715,
0.561699293809723,0.578165630421773,0.594700961696183,0.609388161610075,
0.625420591255292,0.642540087936987,0.661290910614105,0.679765298219367,
0.697743679715483,0.714343667159641,0.731189541082073,0.749787115904992,
0.768936092620811,0.793506510576486,0.839941189465737,0.867406083863629,
0.895095799300738,0.915258686469628,0.936444014852221,0.955936085355742,
0.97541933738372,0.99493096163931,1.),(0.,122.5),.UNSPECIFIED.);
#45=B_SPLINE_SURFACE_WITH_KNOTS('',4,1,((#9015,#9016),(#9017,#9018),(#9019,
#9020),(#9021,#9022),(#9023,#9024),(#9025,#9026),(#9027,#9028),(#9029,#9030),
(#9031,#9032),(#9033,#9034),(#9035,#9036),(#9037,#9038),(#9039,#9040),(#9041,
#9042),(#9043,#9044),(#9045,#9046),(#9047,#9048),(#9049,#9050),(#9051,#9052),
(#9053,#9054),(#9055,#9056),(#9057,#9058),(#9059,#9060),(#9061,#9062),(#9063,
#9064),(#9065,#9066),(#9067,#9068),(#9069,#9070),(#9071,#9072),(#9073,#9074),
(#9075,#9076),(#9077,#9078),(#9079,#9080),(#9081,#9082),(#9083,#9084)),
 .UNSPECIFIED.,.F.,.F.,.F.,(5,1,1,1,1,1,1,1,1,1,1,1,1,1,1,1,1,1,1,1,1,1,
1,1,1,1,1,1,1,1,1,5),(2,2),(0.,0.0797229401887652,0.116613497423017,0.156227586886352,
0.195816929721629,0.235335182258484,0.271923309372106,0.305622933472748,
0.33648318091617,0.364571077300232,0.390739405525747,0.415037382351123,
0.437557974821179,0.45689918944684,0.476342486286007,0.494956007040782,
0.511946571571844,0.530016512731228,0.547866107380509,0.566351287230462,
0.588179817032837,0.611994787621445,0.637843079050883,0.665734130886822,
0.696517603261104,0.730190888389267,0.766751340578755,0.806198036653006,
0.845641187685074,0.885081110159908,0.921630105003384,1.),(0.,122.5),
 .UNSPECIFIED.);
#46=B_SPLINE_SURFACE_WITH_KNOTS('',4,1,((#9137,#9138),(#9139,#9140),(#9141,
#9142),(#9143,#9144),(#9145,#9146),(#9147,#9148),(#9149,#9150),(#9151,#9152),
(#9153,#9154),(#9155,#9156),(#9157,#9158),(#9159,#9160),(#9161,#9162),(#9163,
#9164),(#9165,#9166),(#9167,#9168),(#9169,#9170),(#9171,#9172),(#9173,#9174),
(#9175,#9176),(#9177,#9178),(#9179,#9180),(#9181,#9182),(#9183,#9184),(#9185,
#9186),(#9187,#9188),(#9189,#9190),(#9191,#9192),(#9193,#9194),(#9195,#9196),
(#9197,#9198),(#9199,#9200),(#9201,#9202),(#9203,#9204),(#9205,#9206)),
 .UNSPECIFIED.,.F.,.F.,.F.,(5,1,1,1,1,1,1,1,1,1,1,1,1,1,1,1,1,1,1,1,1,1,
1,1,1,1,1,1,1,1,1,5),(2,2),(0.,0.0797229401887652,0.116613497423017,0.156227586886352,
0.195816929721629,0.235335182258484,0.271923309372106,0.305622933472748,
0.33648318091617,0.364571077300232,0.390739405525747,0.415037382351123,
0.437557974821179,0.45689918944684,0.476342486286007,0.494956007040782,
0.511946571571844,0.530016512731228,0.547866107380509,0.566351287230462,
0.588179817032837,0.611994787621445,0.637843079050883,0.665734130886822,
0.696517603261104,0.730190888389267,0.766751340578755,0.806198036653006,
0.845641187685074,0.885081110159908,0.921630105003384,1.),(0.,122.5),
 .UNSPECIFIED.);
#47=B_SPLINE_SURFACE_WITH_KNOTS('',4,1,((#9222,#9223),(#9224,#9225),(#9226,
#9227),(#9228,#9229),(#9230,#9231),(#9232,#9233),(#9234,#9235),(#9236,#9237),
(#9238,#9239),(#9240,#9241),(#9242,#9243),(#9244,#9245),(#9246,#9247),(#9248,
#9249),(#9250,#9251),(#9252,#9253),(#9254,#9255),(#9256,#9257),(#9258,#9259),
(#9260,#9261),(#9262,#9263),(#9264,#9265),(#9266,#9267),(#9268,#9269),(#9270,
#9271),(#9272,#9273),(#9274,#9275),(#9276,#9277),(#9278,#9279),(#9280,#9281),
(#9282,#9283),(#9284,#9285),(#9286,#9287),(#9288,#9289),(#9290,#9291)),
 .UNSPECIFIED.,.F.,.F.,.F.,(5,1,1,1,1,1,1,1,1,1,1,1,1,1,1,1,1,1,1,1,1,1,
1,1,1,1,1,1,1,1,1,5),(2,2),(0.,0.0797229401887652,0.116613497423017,0.156227586886352,
0.195816929721629,0.235335182258484,0.271923309372106,0.305622933472748,
0.33648318091617,0.364571077300232,0.390739405525747,0.415037382351123,
0.437557974821179,0.45689918944684,0.476342486286007,0.494956007040782,
0.511946571571844,0.530016512731228,0.547866107380509,0.566351287230462,
0.588179817032837,0.611994787621445,0.637843079050883,0.665734130886822,
0.696517603261104,0.730190888389267,0.766751340578755,0.806198036653006,
0.845641187685074,0.885081110159908,0.921630105003384,1.),(0.,122.5),
 .UNSPECIFIED.);
#48=B_SPLINE_SURFACE_WITH_KNOTS('',4,1,((#9308,#9309),(#9310,#9311),(#9312,
#9313),(#9314,#9315),(#9316,#9317),(#9318,#9319),(#9320,#9321),(#9322,#9323),
(#9324,#9325),(#9326,#9327),(#9328,#9329),(#9330,#9331),(#9332,#9333),(#9334,
#9335),(#9336,#9337),(#9338,#9339),(#9340,#9341),(#9342,#9343),(#9344,#9345),
(#9346,#9347),(#9348,#9349),(#9350,#9351),(#9352,#9353),(#9354,#9355),(#9356,
#9357),(#9358,#9359),(#9360,#9361),(#9362,#9363),(#9364,#9365),(#9366,#9367),
(#9368,#9369),(#9370,#9371),(#9372,#9373),(#9374,#9375),(#9376,#9377)),
 .UNSPECIFIED.,.F.,.F.,.F.,(5,1,1,1,1,1,1,1,1,1,1,1,1,1,1,1,1,1,1,1,1,1,
1,1,1,1,1,1,1,1,1,5),(2,2),(0.,0.0797229401887652,0.116613497423017,0.156227586886352,
0.195816929721629,0.235335182258484,0.271923309372106,0.305622933472748,
0.33648318091617,0.364571077300232,0.390739405525747,0.415037382351123,
0.437557974821179,0.45689918944684,0.476342486286007,0.494956007040782,
0.511946571571844,0.530016512731228,0.547866107380509,0.566351287230462,
0.588179817032837,0.611994787621445,0.637843079050883,0.665734130886822,
0.696517603261104,0.730190888389267,0.766751340578755,0.806198036653006,
0.845641187685074,0.885081110159908,0.921630105003384,1.),(0.,122.5),
 .UNSPECIFIED.);
#49=B_SPLINE_SURFACE_WITH_KNOTS('',4,1,((#9467,#9468),(#9469,#9470),(#9471,
#9472),(#9473,#9474),(#9475,#9476),(#9477,#9478),(#9479,#9480),(#9481,#9482),
(#9483,#9484),(#9485,#9486),(#9487,#9488),(#9489,#9490),(#9491,#9492),(#9493,
#9494),(#9495,#9496),(#9497,#9498),(#9499,#9500),(#9501,#9502),(#9503,#9504),
(#9505,#9506),(#9507,#9508),(#9509,#9510),(#9511,#9512),(#9513,#9514),(#9515,
#9516),(#9517,#9518),(#9519,#9520),(#9521,#9522),(#9523,#9524),(#9525,#9526),
(#9527,#9528),(#9529,#9530),(#9531,#9532),(#9533,#9534),(#9535,#9536)),
 .UNSPECIFIED.,.F.,.F.,.F.,(5,1,1,1,1,1,1,1,1,1,1,1,1,1,1,1,1,1,1,1,1,1,
1,1,1,1,1,1,1,1,1,5),(2,2),(0.,0.0797229401887652,0.116613497423017,0.156227586886352,
0.195816929721629,0.235335182258484,0.271923309372106,0.305622933472748,
0.33648318091617,0.364571077300232,0.390739405525747,0.415037382351123,
0.437557974821179,0.45689918944684,0.476342486286007,0.494956007040782,
0.511946571571844,0.530016512731228,0.547866107380509,0.566351287230462,
0.588179817032837,0.611994787621445,0.637843079050883,0.665734130886822,
0.696517603261104,0.730190888389267,0.766751340578755,0.806198036653006,
0.845641187685074,0.885081110159908,0.921630105003384,1.),(0.,122.5),
 .UNSPECIFIED.);
#50=B_SPLINE_SURFACE_WITH_KNOTS('',4,1,((#9537,#9538),(#9539,#9540),(#9541,
#9542),(#9543,#9544),(#9545,#9546),(#9547,#9548),(#9549,#9550),(#9551,#9552),
(#9553,#9554),(#9555,#9556),(#9557,#9558),(#9559,#9560),(#9561,#9562),(#9563,
#9564),(#9565,#9566),(#9567,#9568),(#9569,#9570),(#9571,#9572),(#9573,#9574),
(#9575,#9576),(#9577,#9578),(#9579,#9580),(#9581,#9582),(#9583,#9584),(#9585,
#9586),(#9587,#9588),(#9589,#9590),(#9591,#9592),(#9593,#9594),(#9595,#9596),
(#9597,#9598),(#9599,#9600),(#9601,#9602),(#9603,#9604),(#9605,#9606)),
 .UNSPECIFIED.,.F.,.F.,.F.,(5,1,1,1,1,1,1,1,1,1,1,1,1,1,1,1,1,1,1,1,1,1,
1,1,1,1,1,1,1,1,1,5),(2,2),(0.,0.0797229401887652,0.116613497423017,0.156227586886352,
0.195816929721629,0.235335182258484,0.271923309372106,0.305622933472748,
0.33648318091617,0.364571077300232,0.390739405525747,0.415037382351123,
0.437557974821179,0.45689918944684,0.476342486286007,0.494956007040782,
0.511946571571844,0.530016512731228,0.547866107380509,0.566351287230462,
0.588179817032837,0.611994787621445,0.637843079050883,0.665734130886822,
0.696517603261104,0.730190888389267,0.766751340578755,0.806198036653006,
0.845641187685074,0.885081110159908,0.921630105003384,1.),(0.,122.5),
 .UNSPECIFIED.);
#51=B_SPLINE_SURFACE_WITH_KNOTS('',4,1,((#9607,#9608),(#9609,#9610),(#9611,
#9612),(#9613,#9614),(#9615,#9616),(#9617,#9618),(#9619,#9620),(#9621,#9622),
(#9623,#9624),(#9625,#9626),(#9627,#9628),(#9629,#9630),(#9631,#9632),(#9633,
#9634),(#9635,#9636),(#9637,#9638),(#9639,#9640),(#9641,#9642),(#9643,#9644),
(#9645,#9646),(#9647,#9648),(#9649,#9650),(#9651,#9652),(#9653,#9654),(#9655,
#9656),(#9657,#9658),(#9659,#9660),(#9661,#9662),(#9663,#9664),(#9665,#9666),
(#9667,#9668),(#9669,#9670),(#9671,#9672),(#9673,#9674),(#9675,#9676)),
 .UNSPECIFIED.,.F.,.F.,.F.,(5,1,1,1,1,1,1,1,1,1,1,1,1,1,1,1,1,1,1,1,1,1,
1,1,1,1,1,1,1,1,1,5),(2,2),(0.,0.0797229401887652,0.116613497423017,0.156227586886352,
0.195816929721629,0.235335182258484,0.271923309372106,0.305622933472748,
0.33648318091617,0.364571077300232,0.390739405525747,0.415037382351123,
0.437557974821179,0.45689918944684,0.476342486286007,0.494956007040782,
0.511946571571844,0.530016512731228,0.547866107380509,0.566351287230462,
0.588179817032837,0.611994787621445,0.637843079050883,0.665734130886822,
0.696517603261104,0.730190888389267,0.766751340578755,0.806198036653006,
0.845641187685074,0.885081110159908,0.921630105003384,1.),(0.,122.5),
 .UNSPECIFIED.);
#52=B_SPLINE_SURFACE_WITH_KNOTS('',4,1,((#10127,#10128),(#10129,#10130),
(#10131,#10132),(#10133,#10134),(#10135,#10136),(#10137,#10138),(#10139,
#10140),(#10141,#10142),(#10143,#10144),(#10145,#10146),(#10147,#10148),
(#10149,#10150),(#10151,#10152),(#10153,#10154),(#10155,#10156),(#10157,
#10158),(#10159,#10160),(#10161,#10162),(#10163,#10164),(#10165,#10166),
(#10167,#10168),(#10169,#10170),(#10171,#10172),(#10173,#10174),(#10175,
#10176),(#10177,#10178),(#10179,#10180),(#10181,#10182),(#10183,#10184),
(#10185,#10186),(#10187,#10188),(#10189,#10190),(#10191,#10192),(#10193,
#10194),(#10195,#10196)),.UNSPECIFIED.,.F.,.F.,.F.,(5,1,1,1,1,1,1,1,1,1,
1,1,1,1,1,1,1,1,1,1,1,1,1,1,1,1,1,1,1,1,1,5),(2,2),(0.,0.0797229401887652,
0.116613497423017,0.156227586886352,0.195816929721629,0.235335182258484,
0.271923309372106,0.305622933472748,0.33648318091617,0.364571077300232,
0.390739405525747,0.415037382351123,0.437557974821179,0.45689918944684,
0.476342486286007,0.494956007040782,0.511946571571844,0.530016512731228,
0.547866107380509,0.566351287230462,0.588179817032837,0.611994787621445,
0.637843079050883,0.665734130886822,0.696517603261104,0.730190888389267,
0.766751340578755,0.806198036653006,0.845641187685074,0.885081110159908,
0.921630105003384,1.),(0.,122.5),.UNSPECIFIED.);
#53=B_SPLINE_SURFACE_WITH_KNOTS('',4,1,((#10197,#10198),(#10199,#10200),
(#10201,#10202),(#10203,#10204),(#10205,#10206),(#10207,#10208),(#10209,
#10210),(#10211,#10212),(#10213,#10214),(#10215,#10216),(#10217,#10218),
(#10219,#10220),(#10221,#10222),(#10223,#10224),(#10225,#10226),(#10227,
#10228),(#10229,#10230),(#10231,#10232),(#10233,#10234),(#10235,#10236),
(#10237,#10238),(#10239,#10240),(#10241,#10242),(#10243,#10244),(#10245,
#10246),(#10247,#10248),(#10249,#10250),(#10251,#10252),(#10253,#10254),
(#10255,#10256),(#10257,#10258),(#10259,#10260),(#10261,#10262),(#10263,
#10264),(#10265,#10266)),.UNSPECIFIED.,.F.,.F.,.F.,(5,1,1,1,1,1,1,1,1,1,
1,1,1,1,1,1,1,1,1,1,1,1,1,1,1,1,1,1,1,1,1,5),(2,2),(0.,0.0797229401887652,
0.116613497423017,0.156227586886352,0.195816929721629,0.235335182258484,
0.271923309372106,0.305622933472748,0.33648318091617,0.364571077300232,
0.390739405525747,0.415037382351123,0.437557974821179,0.45689918944684,
0.476342486286007,0.494956007040782,0.511946571571844,0.530016512731228,
0.547866107380509,0.566351287230462,0.588179817032837,0.611994787621445,
0.637843079050883,0.665734130886822,0.696517603261104,0.730190888389267,
0.766751340578755,0.806198036653006,0.845641187685074,0.885081110159908,
0.921630105003384,1.),(0.,122.5),.UNSPECIFIED.);
#54=B_SPLINE_SURFACE_WITH_KNOTS('',4,1,((#10347,#10348),(#10349,#10350),
(#10351,#10352),(#10353,#10354),(#10355,#10356),(#10357,#10358),(#10359,
#10360),(#10361,#10362),(#10363,#10364),(#10365,#10366),(#10367,#10368),
(#10369,#10370),(#10371,#10372),(#10373,#10374),(#10375,#10376),(#10377,
#10378),(#10379,#10380),(#10381,#10382),(#10383,#10384),(#10385,#10386),
(#10387,#10388),(#10389,#10390),(#10391,#10392),(#10393,#10394),(#10395,
#10396),(#10397,#10398),(#10399,#10400),(#10401,#10402),(#10403,#10404),
(#10405,#10406),(#10407,#10408),(#10409,#10410),(#10411,#10412),(#10413,
#10414),(#10415,#10416)),.UNSPECIFIED.,.F.,.F.,.F.,(5,1,1,1,1,1,1,1,1,1,
1,1,1,1,1,1,1,1,1,1,1,1,1,1,1,1,1,1,1,1,1,5),(2,2),(0.,0.0797229401887652,
0.116613497423017,0.156227586886352,0.195816929721629,0.235335182258484,
0.271923309372106,0.305622933472748,0.33648318091617,0.364571077300232,
0.390739405525747,0.415037382351123,0.437557974821179,0.45689918944684,
0.476342486286007,0.494956007040782,0.511946571571844,0.530016512731228,
0.547866107380509,0.566351287230462,0.588179817032837,0.611994787621445,
0.637843079050883,0.665734130886822,0.696517603261104,0.730190888389267,
0.766751340578755,0.806198036653006,0.845641187685074,0.885081110159908,
0.921630105003384,1.),(0.,122.5),.UNSPECIFIED.);
#55=B_SPLINE_SURFACE_WITH_KNOTS('',4,1,((#10653,#10654),(#10655,#10656),
(#10657,#10658),(#10659,#10660),(#10661,#10662),(#10663,#10664),(#10665,
#10666),(#10667,#10668),(#10669,#10670),(#10671,#10672),(#10673,#10674),
(#10675,#10676),(#10677,#10678),(#10679,#10680),(#10681,#10682),(#10683,
#10684),(#10685,#10686),(#10687,#10688),(#10689,#10690),(#10691,#10692),
(#10693,#10694),(#10695,#10696),(#10697,#10698),(#10699,#10700),(#10701,
#10702),(#10703,#10704),(#10705,#10706),(#10707,#10708),(#10709,#10710),
(#10711,#10712),(#10713,#10714),(#10715,#10716),(#10717,#10718),(#10719,
#10720),(#10721,#10722)),.UNSPECIFIED.,.F.,.F.,.F.,(5,1,1,1,1,1,1,1,1,1,
1,1,1,1,1,1,1,1,1,1,1,1,1,1,1,1,1,1,1,1,1,5),(2,2),(0.,0.0797229401887652,
0.116613497423017,0.156227586886352,0.195816929721629,0.235335182258484,
0.271923309372106,0.305622933472748,0.33648318091617,0.364571077300232,
0.390739405525747,0.415037382351123,0.437557974821179,0.45689918944684,
0.476342486286007,0.494956007040782,0.511946571571844,0.530016512731228,
0.547866107380509,0.566351287230462,0.588179817032837,0.611994787621445,
0.637843079050883,0.665734130886822,0.696517603261104,0.730190888389267,
0.766751340578755,0.806198036653006,0.845641187685074,0.885081110159908,
0.921630105003384,1.),(0.,122.5),.UNSPECIFIED.);
#56=B_SPLINE_SURFACE_WITH_KNOTS('',4,1,((#10891,#10892),(#10893,#10894),
(#10895,#10896),(#10897,#10898),(#10899,#10900),(#10901,#10902),(#10903,
#10904),(#10905,#10906),(#10907,#10908),(#10909,#10910),(#10911,#10912),
(#10913,#10914),(#10915,#10916),(#10917,#10918),(#10919,#10920),(#10921,
#10922),(#10923,#10924),(#10925,#10926),(#10927,#10928),(#10929,#10930),
(#10931,#10932),(#10933,#10934),(#10935,#10936),(#10937,#10938),(#10939,
#10940),(#10941,#10942),(#10943,#10944),(#10945,#10946),(#10947,#10948),
(#10949,#10950),(#10951,#10952),(#10953,#10954),(#10955,#10956),(#10957,
#10958),(#10959,#10960)),.UNSPECIFIED.,.F.,.F.,.F.,(5,1,1,1,1,1,1,1,1,1,
1,1,1,1,1,1,1,1,1,1,1,1,1,1,1,1,1,1,1,1,1,5),(2,2),(0.,0.0797229401887652,
0.116613497423017,0.156227586886352,0.195816929721629,0.235335182258484,
0.271923309372106,0.305622933472748,0.33648318091617,0.364571077300232,
0.390739405525747,0.415037382351123,0.437557974821179,0.45689918944684,
0.476342486286007,0.494956007040782,0.511946571571844,0.530016512731228,
0.547866107380509,0.566351287230462,0.588179817032837,0.611994787621445,
0.637843079050883,0.665734130886822,0.696517603261104,0.730190888389267,
0.766751340578755,0.806198036653006,0.845641187685074,0.885081110159908,
0.921630105003384,1.),(0.,122.5),.UNSPECIFIED.);
#57=B_SPLINE_SURFACE_WITH_KNOTS('',4,1,((#10980,#10981),(#10982,#10983),
(#10984,#10985),(#10986,#10987),(#10988,#10989),(#10990,#10991),(#10992,
#10993),(#10994,#10995),(#10996,#10997),(#10998,#10999),(#11000,#11001),
(#11002,#11003),(#11004,#11005),(#11006,#11007),(#11008,#11009),(#11010,
#11011),(#11012,#11013),(#11014,#11015),(#11016,#11017),(#11018,#11019),
(#11020,#11021),(#11022,#11023),(#11024,#11025),(#11026,#11027),(#11028,
#11029),(#11030,#11031),(#11032,#11033),(#11034,#11035),(#11036,#11037),
(#11038,#11039),(#11040,#11041),(#11042,#11043),(#11044,#11045),(#11046,
#11047),(#11048,#11049)),.UNSPECIFIED.,.F.,.F.,.F.,(5,1,1,1,1,1,1,1,1,1,
1,1,1,1,1,1,1,1,1,1,1,1,1,1,1,1,1,1,1,1,1,5),(2,2),(0.,0.0797229401887652,
0.116613497423017,0.156227586886352,0.195816929721629,0.235335182258484,
0.271923309372106,0.305622933472748,0.33648318091617,0.364571077300232,
0.390739405525747,0.415037382351123,0.437557974821179,0.45689918944684,
0.476342486286007,0.494956007040782,0.511946571571844,0.530016512731228,
0.547866107380509,0.566351287230462,0.588179817032837,0.611994787621445,
0.637843079050883,0.665734130886822,0.696517603261104,0.730190888389267,
0.766751340578755,0.806198036653006,0.845641187685074,0.885081110159908,
0.921630105003384,1.),(0.,122.5),.UNSPECIFIED.);
#58=B_SPLINE_SURFACE_WITH_KNOTS('',4,1,((#11072,#11073),(#11074,#11075),
(#11076,#11077),(#11078,#11079),(#11080,#11081),(#11082,#11083),(#11084,
#11085),(#11086,#11087),(#11088,#11089),(#11090,#11091),(#11092,#11093),
(#11094,#11095),(#11096,#11097),(#11098,#11099),(#11100,#11101),(#11102,
#11103),(#11104,#11105),(#11106,#11107),(#11108,#11109),(#11110,#11111),
(#11112,#11113),(#11114,#11115),(#11116,#11117),(#11118,#11119),(#11120,
#11121),(#11122,#11123),(#11124,#11125),(#11126,#11127),(#11128,#11129),
(#11130,#11131),(#11132,#11133),(#11134,#11135),(#11136,#11137),(#11138,
#11139),(#11140,#11141)),.UNSPECIFIED.,.F.,.F.,.F.,(5,1,1,1,1,1,1,1,1,1,
1,1,1,1,1,1,1,1,1,1,1,1,1,1,1,1,1,1,1,1,1,5),(2,2),(0.,0.0797229401887652,
0.116613497423017,0.156227586886352,0.195816929721629,0.235335182258484,
0.271923309372106,0.305622933472748,0.33648318091617,0.364571077300232,
0.390739405525747,0.415037382351123,0.437557974821179,0.45689918944684,
0.476342486286007,0.494956007040782,0.511946571571844,0.530016512731228,
0.547866107380509,0.566351287230462,0.588179817032837,0.611994787621445,
0.637843079050883,0.665734130886822,0.696517603261104,0.730190888389267,
0.766751340578755,0.806198036653006,0.845641187685074,0.885081110159908,
0.921630105003384,1.),(0.,122.5),.UNSPECIFIED.);
#59=B_SPLINE_CURVE_WITH_KNOTS('',3,(#4137,#4138,#4139,#4140,#4141,#4142,
#4143,#4144,#4145,#4146),.UNSPECIFIED.,.F.,.F.,(4,3,3,4),(3.51142146509045,
6.89448773956853,8.66679950729534,10.2775540140466),.UNSPECIFIED.);
#60=B_SPLINE_CURVE_WITH_KNOTS('',3,(#4154,#4155,#4156,#4157,#4158,#4159),
 .UNSPECIFIED.,.F.,.F.,(4,2,4),(8.90430581794669,11.6389171026369,18.5405012678928),
 .UNSPECIFIED.);
#61=B_SPLINE_CURVE_WITH_KNOTS('',3,(#4232,#4233,#4234,#4235,#4236,#4237,
#4238,#4239,#4240,#4241,#4242,#4243,#4244,#4245,#4246,#4247,#4248,#4249,
#4250,#4251,#4252,#4253,#4254,#4255,#4256,#4257,#4258,#4259,#4260,#4261,
#4262,#4263,#4264,#4265,#4266,#4267,#4268,#4269,#4270,#4271,#4272,#4273,
#4274,#4275,#4276,#4277,#4278,#4279,#4280,#4281,#4282,#4283,#4284,#4285,
#4286,#4287,#4288,#4289,#4290,#4291,#4292,#4293,#4294,#4295,#4296,#4297,
#4298,#4299,#4300,#4301,#4302,#4303,#4304,#4305,#4306,#4307,#4308,#4309,
#4310,#4311,#4312,#4313,#4314,#4315,#4316,#4317,#4318,#4319,#4320,#4321,
#4322,#4323,#4324,#4325,#4326,#4327,#4328,#4329,#4330,#4331,#4332,#4333,
#4334,#4335,#4336,#4337,#4338,#4339,#4340,#4341,#4342,#4343,#4344,#4345,
#4346,#4347,#4348,#4349,#4350,#4351,#4352,#4353,#4354,#4355,#4356,#4357,
#4358,#4359,#4360,#4361,#4362,#4363,#4364,#4365,#4366,#4367,#4368,#4369,
#4370,#4371,#4372,#4373,#4374,#4375,#4376,#4377,#4378,#4379,#4380,#4381,
#4382,#4383,#4384,#4385,#4386,#4387,#4388,#4389,#4390,#4391,#4392,#4393,
#4394,#4395,#4396,#4397,#4398,#4399,#4400,#4401,#4402,#4403,#4404,#4405,
#4406,#4407,#4408,#4409,#4410,#4411,#4412,#4413,#4414,#4415,#4416,#4417,
#4418,#4419,#4420,#4421,#4422,#4423,#4424,#4425,#4426,#4427,#4428,#4429,
#4430,#4431,#4432,#4433,#4434,#4435,#4436,#4437,#4438,#4439,#4440,#4441,
#4442,#4443,#4444,#4445,#4446,#4447,#4448,#4449,#4450,#4451,#4452,#4453,
#4454,#4455,#4456,#4457),.UNSPECIFIED.,.F.,.F.,(4,3,3,3,3,3,3,3,3,3,3,3,
3,3,3,3,3,3,3,3,3,3,3,3,3,3,3,3,3,3,3,3,3,3,3,3,3,3,3,3,3,3,3,3,3,3,3,3,
3,3,3,3,3,3,3,3,3,3,3,3,3,3,3,3,3,3,3,3,3,3,3,3,3,3,3,4),(0.0500746423088497,
0.342583989550973,0.635093336787289,0.927602684025924,1.22011203127104,
1.51262137851046,1.80513072574732,2.09764007298991,2.39014942022734,2.68265876746662,
2.97516811470539,3.26767746194408,3.56018680918587,3.85269615642643,4.14520550366684,
4.43771485090708,4.73022419814763,5.02273354538921,5.3152428926307,5.62264489265953,
5.92524373643791,6.22311447328226,6.51633097986341,6.808840327104,7.10134967434436,
7.39385902158475,7.68636836882532,7.9788777160655,8.27138706330595,8.56389641054616,
8.85640575778633,9.14891510502694,9.44142445226742,9.73393379950786,10.0264431467484,
10.3189524939889,10.6114618412297,10.9039711884705,11.2033214903342,11.5058805203425,
11.8084395503526,12.1109985803589,12.4135576103682,12.7161166403805,13.0186756703911,
13.3212347004007,13.6237937304096,13.9263527604174,14.2289117904276,14.5314708204399,
14.8340298504489,15.1513717580747,15.4587967310873,15.7613557610979,16.0639147911079,
16.3664738211186,16.6692893183558,17.0767129575202,17.4837939443934,17.8908749312618,
18.2979559181308,18.7161443541524,19.1232253410267,19.5303063279023,19.9373873147796,
20.3444683016551,20.7515492885262,21.1586302754054,21.5657112622764,21.9936187163013,
22.4108406569948,22.9554765391302,23.5966216046048,24.2377666700815,24.878911735554,
24.988970894476),.UNSPECIFIED.);
#62=B_SPLINE_CURVE_WITH_KNOTS('',3,(#4459,#4460,#4461,#4462),
 .UNSPECIFIED.,.F.,.F.,(4,4),(0.0500394658563058,2.92547409543904),
 .UNSPECIFIED.);
#63=B_SPLINE_CURVE_WITH_KNOTS('',3,(#4463,#4464,#4465,#4466,#4467,#4468),
 .UNSPECIFIED.,.F.,.F.,(4,2,4),(2.13332093879776,5.57300132363256,11.281449249162),
 .UNSPECIFIED.);
#64=B_SPLINE_CURVE_WITH_KNOTS('',3,(#4479,#4480,#4481,#4482,#4483,#4484,
#4485,#4486),.UNSPECIFIED.,.F.,.F.,(4,2,2,4),(0.494459243249059,3.79360250904929,
8.07445982487501,8.91532690583329),.UNSPECIFIED.);
#65=B_SPLINE_CURVE_WITH_KNOTS('',3,(#4558,#4559,#4560,#4561,#4562,#4563,
#4564,#4565,#4566,#4567,#4568,#4569,#4570,#4571,#4572,#4573,#4574,#4575,
#4576,#4577,#4578,#4579,#4580,#4581,#4582,#4583,#4584,#4585,#4586,#4587,
#4588,#4589,#4590,#4591,#4592,#4593,#4594,#4595,#4596,#4597,#4598,#4599,
#4600,#4601,#4602,#4603,#4604,#4605,#4606,#4607,#4608,#4609,#4610,#4611,
#4612,#4613,#4614,#4615,#4616,#4617,#4618,#4619,#4620,#4621,#4622,#4623,
#4624,#4625,#4626,#4627,#4628,#4629,#4630,#4631,#4632,#4633),
 .UNSPECIFIED.,.F.,.F.,(4,3,3,3,3,3,3,3,3,3,3,3,3,3,3,3,3,3,3,3,3,3,3,3,
3,4),(-7.13193519658645,-6.98113449983315,-6.83033380307964,-6.67953310632615,
-6.5287324095729,-6.31844902703643,-6.16229127706489,-6.00613352709336,
-5.84997577712153,-5.69381802715113,-5.53571679351602,-5.37955904354457,
-5.22340129357292,-5.06724354360107,-4.91108579363012,-4.75492804365839,
-4.59877029368657,-4.44261254371502,-4.28281076187431,-4.12665301190275,
-3.9704952619313,-3.81433751195909,-3.65417686817377,-3.44314274416918,
-3.23210862016556,-3.16419828898937),.UNSPECIFIED.);
#66=B_SPLINE_CURVE_WITH_KNOTS('',3,(#4635,#4636,#4637,#4638,#4639,#4640,
#4641,#4642,#4643,#4644,#4645,#4646,#4647,#4648,#4649,#4650,#4651,#4652,
#4653,#4654,#4655,#4656,#4657,#4658,#4659,#4660,#4661,#4662,#4663,#4664,
#4665),.UNSPECIFIED.,.F.,.F.,(4,3,3,3,3,3,3,3,3,3,4),(0.0502694208960988,
0.337013621839274,0.615394363182876,0.893775104526737,1.1721558458677,1.40421872654659,
1.61896192862726,1.83370513070989,2.04844833279239,2.26319153487423,2.3442230284415),
 .UNSPECIFIED.);
#67=B_SPLINE_CURVE_WITH_KNOTS('',3,(#4667,#4668,#4669,#4670,#4671,#4672,
#4673),.UNSPECIFIED.,.F.,.F.,(4,3,4),(2.3442230284415,2.54292270862218,
2.68201506352542),.UNSPECIFIED.);
#68=B_SPLINE_CURVE_WITH_KNOTS('',3,(#4674,#4675,#4676,#4677,#4678,#4679,
#4680,#4681),.UNSPECIFIED.,.F.,.F.,(4,2,2,4),(2.68201506352542,6.44889348666317,
9.95482694738807,13.5269071195402),.UNSPECIFIED.);
#69=B_SPLINE_CURVE_WITH_KNOTS('',3,(#4704,#4705,#4706,#4707,#4708,#4709),
 .UNSPECIFIED.,.F.,.F.,(4,2,4),(-24.5,-12.25,-7.50625000000001),
 .UNSPECIFIED.);
#70=B_SPLINE_CURVE_WITH_KNOTS('',3,(#4717,#4718,#4719,#4720),
 .UNSPECIFIED.,.F.,.F.,(4,4),(-5.00625000000002,0.),.UNSPECIFIED.);
#71=B_SPLINE_CURVE_WITH_KNOTS('',3,(#4749,#4750,#4751,#4752,#4753,#4754,
#4755,#4756,#4757,#4758,#4759,#4760,#4761,#4762,#4763,#4764,#4765,#4766,
#4767,#4768,#4769,#4770),.UNSPECIFIED.,.F.,.F.,(4,3,3,3,3,3,3,4),(-10.8134183822794,
-9.86380676366732,-7.97123631570378,-6.34347463565853,-4.708144902274,-3.13417920879914,
-1.55550618878942,-0.0313790442467567),.UNSPECIFIED.);
#72=B_SPLINE_CURVE_WITH_KNOTS('',3,(#4852,#4853,#4854,#4855,#4856,#4857,
#4858,#4859,#4860,#4861,#4862,#4863,#4864),.UNSPECIFIED.,.F.,.F.,(4,3,3,
3,4),(-0.176474726131425,-0.140370840020741,-0.104266953909633,-0.0681630678000768,
-0.0508882710514983),.UNSPECIFIED.);
#73=B_SPLINE_CURVE_WITH_KNOTS('',3,(#4866,#4867,#4868,#4869,#4870,#4871,
#4872,#4873,#4874,#4875,#4876,#4877,#4878,#4879,#4880,#4881,#4882,#4883,
#4884,#4885,#4886,#4887,#4888,#4889,#4890,#4891,#4892,#4893,#4894,#4895,
#4896,#4897,#4898,#4899,#4900,#4901,#4902,#4903,#4904,#4905,#4906,#4907,
#4908,#4909,#4910,#4911,#4912,#4913,#4914,#4915,#4916,#4917,#4918,#4919,
#4920),.UNSPECIFIED.,.F.,.F.,(4,3,3,3,3,3,3,3,3,3,3,3,3,3,3,3,3,3,4),(8.1513971719095,
8.32116657857786,8.49540691849912,8.69223528397108,8.96450734531071,9.14705398880221,
9.38916675464208,9.44969494610204,9.48215595622971,9.55671773835583,9.57535818388736,
9.58004263690905,9.58373015471133,9.5977088878492,9.60610154600739,9.61326850086644,
9.61806436424272,9.62044216821592,9.63127952048194),.UNSPECIFIED.);
#74=B_SPLINE_CURVE_WITH_KNOTS('',3,(#4922,#4923,#4924,#4925),
 .UNSPECIFIED.,.F.,.F.,(4,4),(0.0500000000000006,2.11173928440758),
 .UNSPECIFIED.);
#75=B_SPLINE_CURVE_WITH_KNOTS('',3,(#4927,#4928,#4929,#4930,#4931,#4932,
#4933,#4934),.UNSPECIFIED.,.F.,.F.,(4,2,2,4),(8.0759166441649,9.22625984935528,
10.67347887124,12.7968314079406),.UNSPECIFIED.);
#76=B_SPLINE_CURVE_WITH_KNOTS('',3,(#4936,#4937,#4938,#4939),
 .UNSPECIFIED.,.F.,.F.,(4,4),(0.0497813816620341,1.85230589226108),
 .UNSPECIFIED.);
#77=B_SPLINE_CURVE_WITH_KNOTS('',3,(#4941,#4942,#4943,#4944,#4945,#4946,
#4947,#4948,#4949,#4950,#4951,#4952,#4953,#4954,#4955,#4956,#4957,#4958,
#4959,#4960,#4961,#4962,#4963,#4964,#4965,#4966,#4967,#4968,#4969,#4970,
#4971,#4972,#4973,#4974,#4975,#4976,#4977,#4978,#4979,#4980),
 .UNSPECIFIED.,.F.,.F.,(4,2,2,2,2,2,2,2,2,2,2,2,2,2,2,2,2,2,2,4),(2.18567705010381,
3.25277991494852,5.15733970600586,6.89999757859887,7.49970172530605,8.35081808283099,
9.68791896363812,10.3517969629236,10.6220681085378,10.7144773567962,10.7943764841221,
10.8695932183664,11.0180700730587,11.2134100893588,11.5934679083954,12.128666488056,
13.2020171620261,14.069515356869,14.6609672985847,14.8035355789547),
 .UNSPECIFIED.);
#78=B_SPLINE_CURVE_WITH_KNOTS('',3,(#4982,#4983,#4984,#4985),
 .UNSPECIFIED.,.F.,.F.,(4,4),(0.048678845383803,1.57794968414198),
 .UNSPECIFIED.);
#79=B_SPLINE_CURVE_WITH_KNOTS('',3,(#4987,#4988,#4989,#4990,#4991,#4992,
#4993,#4994,#4995,#4996,#4997,#4998),.UNSPECIFIED.,.F.,.F.,(4,2,2,2,2,4),
(2.31469730398779,3.74558718320631,5.01958499159666,6.11255990450811,7.01814389469535,
7.02903495453934),.UNSPECIFIED.);
#80=B_SPLINE_CURVE_WITH_KNOTS('',3,(#5000,#5001,#5002,#5003),
 .UNSPECIFIED.,.F.,.F.,(4,4),(0.0500000000000006,2.11173928440758),
 .UNSPECIFIED.);
#81=B_SPLINE_CURVE_WITH_KNOTS('',3,(#5004,#5005,#5006,#5007,#5008,#5009,
#5010,#5011,#5012,#5013,#5014,#5015,#5016,#5017,#5018,#5019,#5020,#5021,
#5022,#5023,#5024,#5025,#5026,#5027,#5028,#5029,#5030,#5031,#5032,#5033,
#5034,#5035,#5036,#5037,#5038,#5039,#5040,#5041,#5042,#5043,#5044,#5045,
#5046,#5047,#5048,#5049,#5050,#5051,#5052,#5053,#5054,#5055,#5056,#5057,
#5058,#5059,#5060,#5061,#5062,#5063,#5064,#5065,#5066,#5067,#5068,#5069,
#5070,#5071,#5072,#5073,#5074,#5075,#5076,#5077,#5078,#5079,#5080,#5081,
#5082,#5083,#5084,#5085,#5086,#5087,#5088,#5089,#5090,#5091,#5092,#5093,
#5094,#5095,#5096,#5097,#5098,#5099,#5100,#5101,#5102,#5103,#5104,#5105,
#5106,#5107,#5108,#5109,#5110,#5111,#5112,#5113,#5114,#5115,#5116,#5117,
#5118,#5119,#5120,#5121,#5122,#5123,#5124,#5125,#5126,#5127,#5128,#5129,
#5130,#5131,#5132,#5133,#5134,#5135,#5136,#5137,#5138,#5139,#5140,#5141,
#5142,#5143,#5144,#5145,#5146,#5147,#5148,#5149,#5150,#5151,#5152,#5153,
#5154,#5155,#5156,#5157,#5158,#5159,#5160,#5161,#5162,#5163,#5164,#5165,
#5166,#5167,#5168,#5169,#5170,#5171,#5172,#5173,#5174,#5175,#5176,#5177,
#5178,#5179,#5180,#5181,#5182,#5183,#5184,#5185,#5186,#5187,#5188,#5189,
#5190,#5191,#5192,#5193,#5194,#5195,#5196,#5197,#5198,#5199,#5200,#5201,
#5202,#5203,#5204,#5205,#5206,#5207,#5208,#5209,#5210,#5211,#5212,#5213,
#5214,#5215,#5216,#5217,#5218,#5219,#5220,#5221,#5222,#5223,#5224,#5225,
#5226,#5227,#5228,#5229,#5230,#5231,#5232,#5233,#5234,#5235,#5236,#5237,
#5238,#5239,#5240,#5241,#5242,#5243,#5244,#5245,#5246,#5247,#5248,#5249,
#5250,#5251,#5252,#5253,#5254,#5255,#5256,#5257,#5258,#5259,#5260,#5261,
#5262,#5263,#5264,#5265,#5266,#5267,#5268,#5269,#5270,#5271,#5272,#5273,
#5274,#5275,#5276,#5277,#5278,#5279,#5280,#5281,#5282,#5283,#5284,#5285,
#5286,#5287,#5288,#5289,#5290,#5291,#5292,#5293,#5294,#5295,#5296,#5297,
#5298,#5299,#5300,#5301,#5302,#5303,#5304,#5305,#5306,#5307,#5308,#5309,
#5310,#5311,#5312,#5313,#5314,#5315,#5316,#5317,#5318,#5319,#5320,#5321,
#5322,#5323,#5324,#5325,#5326,#5327,#5328,#5329,#5330,#5331,#5332,#5333,
#5334,#5335,#5336,#5337,#5338,#5339,#5340,#5341,#5342,#5343,#5344,#5345,
#5346,#5347,#5348,#5349,#5350,#5351,#5352,#5353,#5354,#5355,#5356,#5357,
#5358,#5359,#5360,#5361,#5362,#5363,#5364,#5365,#5366,#5367,#5368,#5369,
#5370,#5371,#5372,#5373,#5374,#5375,#5376,#5377,#5378,#5379,#5380,#5381,
#5382,#5383,#5384,#5385,#5386,#5387,#5388,#5389,#5390,#5391,#5392,#5393,
#5394,#5395,#5396,#5397,#5398,#5399,#5400,#5401,#5402,#5403,#5404,#5405,
#5406,#5407,#5408,#5409,#5410,#5411,#5412,#5413,#5414,#5415,#5416,#5417,
#5418,#5419,#5420,#5421,#5422,#5423,#5424,#5425,#5426,#5427),
 .UNSPECIFIED.,.F.,.F.,(4,3,3,3,3,3,3,3,3,3,3,3,3,3,3,3,3,3,3,3,3,3,3,3,
3,3,3,3,3,3,3,3,3,3,3,3,3,3,3,3,3,3,3,3,3,3,3,3,3,3,3,3,3,3,3,3,3,3,3,3,
3,3,3,3,3,3,3,3,3,3,3,3,3,3,3,3,3,3,3,3,3,3,3,3,3,3,3,3,3,3,3,3,3,3,3,3,
3,3,3,3,3,3,3,3,3,3,3,3,3,3,3,3,3,3,3,3,3,3,3,3,3,3,3,3,3,3,3,3,3,3,3,3,
3,3,3,3,3,3,3,3,3,4),(0.0500550510554836,0.115373457714346,0.180691864373314,
0.246010271032092,0.311328677690833,0.376647084349581,0.441965491008302,
0.509399053780612,0.588330749168216,0.657015358945961,0.72569996872366,
0.794384578501464,0.863069188279133,0.931753798056995,1.00043840783472,
1.06912301761255,1.13780762739031,1.20649223716811,1.27517684694587,1.3438614567236,
1.41254606650139,1.48123067627914,1.54991528605698,1.61859989583478,1.68728450561262,
1.75964128867142,1.83195691190187,1.90427253513262,1.9765881583635,2.04890378159428,
2.12121940482525,2.19353502805601,2.26585065128634,2.33816627451681,2.41048189774788,
2.48279752097849,2.55511314420895,2.62742876743987,2.69974439067041,2.77206001390101,
2.84515280368399,2.90713610582647,2.96896547847858,3.03079485113079,3.09262422378297,
3.15445359643514,3.21628296908727,3.27811234173947,3.33994171439168,3.40177108704377,
3.46360045969596,3.52542983234828,3.58725920500057,3.64908857765282,3.71091795030491,
3.77274732295769,3.83457669560959,3.90083807717673,3.95839887578902,4.01595967440114,
4.07352047301284,4.13108127162533,4.18864207023772,4.24620286884994,4.30603259146021,
4.36492747465468,4.42290212529925,4.48046292391166,4.53802372252409,4.59558452113653,
4.65314531974889,4.71070611836136,4.76931846605309,4.85851473733923,4.93112721112089,
5.00373968490256,5.07635215868424,5.14896463246596,5.22157710624766,5.29418958002919,
5.36680205381071,5.43941452759224,5.51202700137385,5.58463947515553,5.65717850476469,
5.7092793307698,5.76135433238082,5.81342933399189,5.86550433560272,5.91757933721369,
5.96965433882481,6.02172934043601,6.07380434204707,6.12587934365801,6.17795434526922,
6.23002934688017,6.28210434849132,6.33417935010241,6.38764145900397,6.43104853691637,
6.47445561482881,6.51786269274119,6.56126977065367,6.60467684856606,6.6480839264782,
6.69268458864784,6.73609166656026,6.77949874447269,6.82290582238511,6.86631290029754,
6.90971997820993,6.95312705612228,6.99653413403469,7.03994121194709,7.08353405750569,
7.12247972663,7.16123338719854,7.19998704776706,7.23874070833557,7.27749436890408,
7.3162480294727,7.35500169004125,7.3937553506099,7.43250901117834,7.47268376772387,
7.5114374282924,7.55019108886094,7.58894474942946,7.62769840999798,7.66645207056651,
7.70520573113509,7.74395939170349,7.78271305227214,7.81986002781748,7.85520574096663,
7.89055145411599,7.9258971672654,7.96124288041456,7.99658859356398,8.03193430671257,
8.06728001986209,8.07530511590675),.UNSPECIFIED.);
#82=B_SPLINE_CURVE_WITH_KNOTS('',3,(#5431,#5432,#5433,#5434,#5435,#5436,
#5437,#5438,#5439,#5440,#5441,#5442,#5443,#5444,#5445,#5446,#5447,#5448,
#5449,#5450,#5451,#5452,#5453,#5454,#5455,#5456,#5457,#5458,#5459,#5460,
#5461,#5462,#5463,#5464,#5465,#5466,#5467,#5468,#5469,#5470,#5471,#5472,
#5473,#5474,#5475,#5476,#5477,#5478,#5479,#5480,#5481,#5482),
 .UNSPECIFIED.,.F.,.F.,(4,3,3,3,3,3,3,3,3,3,3,3,3,3,3,3,3,4),(0.0493091398226683,
1.16534631562923,1.69884752960779,2.40250010796807,2.54124546633324,2.62758489766436,
3.0990531340105,3.19068506018048,3.85207145161469,3.97717907985766,4.0770425863969,
4.2952502147229,4.33574853070738,4.42460318687814,4.44500101675241,4.46464002295555,
4.50897235848148,4.51345784304891),.UNSPECIFIED.);
#83=B_SPLINE_CURVE_WITH_KNOTS('',3,(#5494,#5495,#5496,#5497,#5498,#5499,
#5500,#5501,#5502,#5503,#5504,#5505,#5506,#5507,#5508,#5509,#5510,#5511,
#5512,#5513,#5514,#5515,#5516,#5517,#5518,#5519,#5520,#5521,#5522,#5523,
#5524,#5525,#5526,#5527,#5528,#5529,#5530,#5531,#5532,#5533,#5534,#5535,
#5536,#5537,#5538,#5539,#5540,#5541,#5542,#5543,#5544,#5545,#5546,#5547,
#5548,#5549,#5550,#5551,#5552,#5553,#5554,#5555,#5556,#5557,#5558,#5559,
#5560,#5561,#5562,#5563,#5564,#5565,#5566,#5567,#5568,#5569,#5570,#5571,
#5572,#5573,#5574,#5575,#5576,#5577,#5578,#5579,#5580,#5581,#5582,#5583,
#5584,#5585,#5586,#5587,#5588,#5589,#5590,#5591,#5592,#5593,#5594,#5595,
#5596,#5597,#5598,#5599,#5600,#5601,#5602,#5603,#5604,#5605,#5606,#5607,
#5608,#5609,#5610,#5611,#5612,#5613,#5614,#5615,#5616,#5617,#5618,#5619,
#5620,#5621,#5622,#5623,#5624,#5625,#5626,#5627,#5628,#5629,#5630,#5631,
#5632,#5633,#5634,#5635,#5636,#5637,#5638,#5639,#5640,#5641,#5642,#5643,
#5644,#5645,#5646,#5647,#5648,#5649,#5650,#5651,#5652,#5653,#5654,#5655,
#5656,#5657,#5658,#5659,#5660,#5661,#5662,#5663,#5664,#5665,#5666,#5667,
#5668,#5669,#5670,#5671,#5672,#5673,#5674,#5675,#5676,#5677,#5678,#5679,
#5680,#5681,#5682,#5683,#5684,#5685,#5686,#5687,#5688,#5689,#5690,#5691,
#5692,#5693,#5694,#5695,#5696,#5697,#5698,#5699,#5700,#5701,#5702,#5703,
#5704,#5705,#5706,#5707,#5708,#5709,#5710,#5711,#5712,#5713,#5714,#5715,
#5716,#5717,#5718,#5719,#5720,#5721,#5722,#5723,#5724,#5725,#5726,#5727,
#5728,#5729,#5730,#5731,#5732,#5733,#5734,#5735,#5736,#5737,#5738,#5739,
#5740,#5741,#5742,#5743,#5744,#5745,#5746,#5747,#5748,#5749,#5750,#5751,
#5752,#5753,#5754,#5755,#5756,#5757,#5758,#5759,#5760,#5761,#5762,#5763,
#5764,#5765,#5766,#5767,#5768,#5769,#5770,#5771,#5772,#5773,#5774,#5775,
#5776,#5777,#5778,#5779,#5780,#5781,#5782,#5783,#5784,#5785,#5786,#5787,
#5788,#5789,#5790,#5791,#5792,#5793,#5794,#5795,#5796,#5797,#5798,#5799,
#5800,#5801,#5802,#5803,#5804,#5805,#5806,#5807,#5808,#5809,#5810,#5811,
#5812,#5813,#5814,#5815,#5816,#5817,#5818,#5819,#5820,#5821,#5822,#5823,
#5824,#5825,#5826,#5827,#5828,#5829,#5830,#5831,#5832,#5833,#5834,#5835,
#5836,#5837,#5838,#5839,#5840,#5841,#5842,#5843,#5844,#5845,#5846,#5847,
#5848,#5849,#5850,#5851,#5852,#5853,#5854,#5855,#5856,#5857,#5858,#5859,
#5860,#5861,#5862,#5863,#5864,#5865,#5866,#5867,#5868,#5869,#5870,#5871,
#5872,#5873,#5874,#5875,#5876,#5877,#5878,#5879,#5880,#5881,#5882,#5883,
#5884,#5885,#5886,#5887,#5888,#5889,#5890,#5891,#5892,#5893,#5894,#5895,
#5896,#5897,#5898,#5899,#5900,#5901,#5902,#5903,#5904,#5905,#5906,#5907,
#5908,#5909,#5910,#5911,#5912,#5913,#5914,#5915,#5916,#5917),
 .UNSPECIFIED.,.F.,.F.,(4,3,3,3,3,3,3,3,3,3,3,3,3,3,3,3,3,3,3,3,3,3,3,3,
3,3,3,3,3,3,3,3,3,3,3,3,3,3,3,3,3,3,3,3,3,3,3,3,3,3,3,3,3,3,3,3,3,3,3,3,
3,3,3,3,3,3,3,3,3,3,3,3,3,3,3,3,3,3,3,3,3,3,3,3,3,3,3,3,3,3,3,3,3,3,3,3,
3,3,3,3,3,3,3,3,3,3,3,3,3,3,3,3,3,3,3,3,3,3,3,3,3,3,3,3,3,3,3,3,3,3,3,3,
3,3,3,3,3,3,3,3,3,4),(4.52596494255073,4.52734342871981,4.52872191488888,
4.53010040105794,4.53147888722701,4.53285737339607,4.53423585956514,4.53561434573422,
4.53709845745665,4.53860985389867,4.5401212503407,4.54163264678272,4.54314404322474,
4.54465543966677,4.54616683610879,4.54767823255081,4.54918962899284,4.55070102543486,
4.55221242187688,4.55372381831891,4.55523521476093,4.55674661120296,4.55825800764498,
4.559769404087,4.56128080052902,4.56279219697105,4.56430523303949,4.56602061668037,
4.56771349684066,4.56940637700097,4.57109925716126,4.57279213732157,4.57448501748186,
4.57617789764217,4.57787077780246,4.57956365796276,4.58125653812306,4.58294941828337,
4.58464229844366,4.58633517860397,4.58802805876427,4.58972093892457,4.59141478293041,
4.59350491714535,4.59553584715296,4.59756677716057,4.59959770716817,4.60162863717578,
4.60365956718339,4.605690497191,4.60772142719861,4.60975235720622,4.61178328721383,
4.61381421722144,4.61584514722905,4.61787607723666,4.61990700724426,4.62272662848825,
4.62555852186065,4.62839041523305,4.63122230860545,4.63405420197785,4.63688609535024,
4.63971798872263,4.64254988209503,4.64538177546742,4.64821366883981,4.65119393115665,
4.65412762687478,4.65637250348636,4.65861738009792,4.6608622567095,4.66310713332106,
4.66535200993263,4.66759688654419,4.66984176315575,4.67208663976733,4.6743315163789,
4.67657639299048,4.67882126960205,4.68106614621362,4.68331102282521,4.6855558994368,
4.68780077604833,4.6900982865761,4.69251048083914,4.69492183224357,4.69733318364801,
4.69974453505245,4.70215588645688,4.70456723786132,4.70697858926575,4.70938994067019,
4.71180129207463,4.71421264347907,4.71662399488351,4.71903534628794,4.72144669769238,
4.72385804909682,4.72626940050126,4.72868075190569,4.73212668019355,4.73494699636629,
4.73776731253902,4.74058762871173,4.74340794488445,4.74622826105715,4.74912582968403,
4.75194614585675,4.75476646202948,4.75758677820219,4.76040709437492,4.76322741054764,
4.76604772672036,4.76886804289309,4.77180698437175,4.77459704301631,4.77727574931959,
4.77995445562286,4.78263316192614,4.78531186822942,4.7879905745327,4.79066928083598,
4.79334798713926,4.79602669344254,4.79870942867221,4.80138813497549,4.80406684127876,
4.80674554758204,4.80942425388531,4.81210296018859,4.81478166649187,4.81746037279512,
4.82034412239455,4.82289154645655,4.82543897051855,4.82798639458055,4.83053381864254,
4.83308124270455,4.83562866676652,4.83817609082851,4.83895045711731),
 .UNSPECIFIED.);
#84=B_SPLINE_CURVE_WITH_KNOTS('',3,(#5918,#5919,#5920,#5921,#5922,#5923,
#5924,#5925,#5926,#5927,#5928,#5929,#5930),.UNSPECIFIED.,.F.,.F.,(4,3,3,
3,4),(-0.176983755300366,-0.140865492358333,-0.104747229414984,-0.0686289664729476,
-0.0513472907761014),.UNSPECIFIED.);
#85=B_SPLINE_CURVE_WITH_KNOTS('',3,(#5939,#5940,#5941,#5942),
 .UNSPECIFIED.,.F.,.F.,(4,4),(-0.243749999999981,-0.0500000000000012),
 .UNSPECIFIED.);
#86=B_SPLINE_CURVE_WITH_KNOTS('',3,(#5946,#5947,#5948,#5949),
 .UNSPECIFIED.,.F.,.F.,(4,4),(-6.1,-0.0500000000000282),.UNSPECIFIED.);
#87=B_SPLINE_CURVE_WITH_KNOTS('',3,(#5953,#5954,#5955,#5956),
 .UNSPECIFIED.,.F.,.F.,(4,4),(-2.9812499998927,-2.77499999989268),
 .UNSPECIFIED.);
#88=B_SPLINE_CURVE_WITH_KNOTS('',3,(#5965,#5966,#5967,#5968,#5969,#5970),
 .UNSPECIFIED.,.F.,.F.,(4,2,4),(0.0501216769749069,3.99184159553072,6.85888526457316),
 .UNSPECIFIED.);
#89=B_SPLINE_CURVE_WITH_KNOTS('',3,(#5973,#5974,#5975,#5976,#5977,#5978),
 .UNSPECIFIED.,.F.,.F.,(4,2,4),(0.0504152082858396,3.51778601451982,5.06662482571875),
 .UNSPECIFIED.);
#90=B_SPLINE_CURVE_WITH_KNOTS('',3,(#5990,#5991,#5992,#5993,#5994,#5995,
#5996,#5997,#5998,#5999,#6000,#6001,#6002,#6003,#6004,#6005),
 .UNSPECIFIED.,.F.,.F.,(4,3,3,3,3,4),(0.0499455844592735,0.191999216549378,
0.337596263459003,0.479649895543497,0.627018649865687,0.774387404187876),
 .UNSPECIFIED.);
#91=B_SPLINE_CURVE_WITH_KNOTS('',3,(#6016,#6017,#6018,#6019,#6020,#6021,
#6022,#6023,#6024,#6025,#6026,#6027,#6028,#6029,#6030,#6031),
 .UNSPECIFIED.,.F.,.F.,(4,3,3,3,3,4),(0.0499093714388623,0.202290348893873,
0.345132957478535,0.486815357503151,0.630238070367836,0.773660783232522),
 .UNSPECIFIED.);
#92=B_SPLINE_CURVE_WITH_KNOTS('',3,(#6037,#6038,#6039,#6040,#6041,#6042,
#6043,#6044,#6045,#6046,#6047,#6048,#6049,#6050,#6051,#6052,#6053,#6054,
#6055,#6056,#6057,#6058,#6059,#6060,#6061,#6062,#6063,#6064,#6065,#6066,
#6067,#6068,#6069,#6070,#6071,#6072,#6073,#6074,#6075,#6076,#6077,#6078,
#6079,#6080,#6081,#6082,#6083,#6084,#6085,#6086,#6087,#6088,#6089,#6090,
#6091,#6092,#6093,#6094,#6095,#6096,#6097,#6098,#6099,#6100,#6101,#6102,
#6103,#6104,#6105,#6106,#6107,#6108,#6109,#6110,#6111,#6112,#6113,#6114,
#6115,#6116,#6117,#6118,#6119,#6120,#6121,#6122,#6123,#6124,#6125,#6126,
#6127,#6128,#6129,#6130,#6131,#6132,#6133,#6134,#6135,#6136,#6137,#6138,
#6139,#6140,#6141,#6142,#6143,#6144,#6145,#6146,#6147,#6148,#6149,#6150,
#6151,#6152,#6153,#6154,#6155,#6156,#6157,#6158,#6159,#6160,#6161,#6162,
#6163,#6164,#6165,#6166,#6167,#6168,#6169,#6170,#6171,#6172,#6173,#6174,
#6175,#6176,#6177,#6178,#6179,#6180,#6181,#6182,#6183,#6184,#6185,#6186,
#6187,#6188,#6189,#6190,#6191,#6192,#6193,#6194,#6195,#6196,#6197,#6198,
#6199,#6200,#6201,#6202),.UNSPECIFIED.,.F.,.F.,(4,3,3,3,3,3,3,3,3,3,3,3,
3,3,3,3,3,3,3,3,3,3,3,3,3,3,3,3,3,3,3,3,3,3,3,3,3,3,3,3,3,3,3,3,3,3,3,3,
3,3,3,3,3,3,3,4),(-19.4621998443184,-19.3103964966817,-19.2295745502814,
-19.1325336540025,-18.9833058234776,-18.9300036432141,-18.6347125135828,
-18.5649083711416,-18.5205727531357,-18.4799438774855,-18.262167942803,
-18.1909538935999,-18.1512618781128,-18.1276094097799,-18.1064855547507,
-17.9652737250012,-17.9148659379118,-17.8818935580418,-17.6029791484914,
-17.49374961025,-17.0924564170936,-16.9934294539338,-16.8568125393949,-16.7666392256911,
-16.6890351015869,-16.5223335516452,-16.376985761966,-16.1535280874585,
-15.874898100233,-15.7153466818384,-15.5435222061764,-15.0587674918214,
-14.920633598753,-14.8416679808023,-14.6102570958962,-14.3824620060668,
-14.3251626689976,-14.0710729924283,-13.9057867981763,-13.4722113153212,
-13.1931769438865,-13.0834288711445,-12.267675275874,-12.020952247976,-11.2716034416535,
-11.0201989186324,-10.3333971953938,-10.1011309816352,-9.95872473160771,
-8.71780555850861,-7.99361280888437,-7.37346072760886,-5.4762652138999,
-4.11504174712867,-3.50958803748065,-0.0313713468149644),.UNSPECIFIED.);
#93=B_SPLINE_CURVE_WITH_KNOTS('',3,(#6223,#6224,#6225,#6226,#6227,#6228,
#6229,#6230,#6231,#6232,#6233,#6234,#6235,#6236,#6237,#6238,#6239,#6240,
#6241,#6242,#6243,#6244,#6245,#6246,#6247,#6248,#6249,#6250,#6251,#6252,
#6253,#6254,#6255,#6256,#6257,#6258,#6259,#6260,#6261,#6262),
 .UNSPECIFIED.,.F.,.F.,(4,3,3,3,3,3,3,3,3,3,3,3,3,4),(-11.8229797733351,
-11.4319447344676,-11.1770976368484,-10.9835079117375,-10.2989993764298,
-10.0561150443305,-9.86931842630766,-8.63957504137107,-7.86868548693849,
-7.17230231576933,-4.9619342153055,-4.1760683968254,-3.54311903388826,-0.0313713468149644),
 .UNSPECIFIED.);
#94=B_SPLINE_CURVE_WITH_KNOTS('',3,(#6264,#6265,#6266,#6267),
 .UNSPECIFIED.,.F.,.F.,(4,4),(-11.8368501927408,-11.8229797733351),
 .UNSPECIFIED.);
#95=B_SPLINE_CURVE_WITH_KNOTS('',3,(#6269,#6270,#6271,#6272,#6273,#6274,
#6275,#6276,#6277,#6278,#6279,#6280,#6281,#6282,#6283,#6284,#6285,#6286,
#6287,#6288,#6289,#6290,#6291,#6292,#6293,#6294,#6295,#6296,#6297,#6298,
#6299,#6300,#6301,#6302,#6303,#6304,#6305,#6306,#6307,#6308,#6309,#6310,
#6311,#6312,#6313,#6314),.UNSPECIFIED.,.F.,.F.,(4,3,3,3,3,3,3,3,3,3,3,3,
3,3,3,4),(-16.0069602527214,-15.8384536582508,-15.6552385512759,-15.4261116572922,
-15.2207810768817,-14.9725627381233,-14.6368321935549,-14.3284147147469,
-14.0518006751659,-13.7428823989286,-13.4075342554703,-13.0620427836359,
-12.7346874859063,-12.3673097888999,-12.0450358019301,-11.8368501927408),
 .UNSPECIFIED.);
#96=B_SPLINE_CURVE_WITH_KNOTS('',3,(#6316,#6317,#6318,#6319,#6320,#6321,
#6322,#6323,#6324,#6325),.UNSPECIFIED.,.F.,.F.,(4,3,3,4),(-16.4485800376582,
-16.2754433766983,-16.0331310311581,-16.0069602527214),.UNSPECIFIED.);
#97=B_SPLINE_CURVE_WITH_KNOTS('',3,(#6327,#6328,#6329,#6330,#6331,#6332,
#6333,#6334,#6335,#6336,#6337,#6338,#6339,#6340,#6341,#6342,#6343,#6344,
#6345,#6346,#6347,#6348,#6349,#6350,#6351,#6352,#6353,#6354),
 .UNSPECIFIED.,.F.,.F.,(4,3,3,3,3,3,3,3,3,4),(-17.7763755545782,-17.7541926668445,
-17.5602151244874,-17.3418288465397,-17.1243537984464,-16.9475952700135,
-16.801345870231,-16.6041924648917,-16.4738944333725,-16.4485800376582),
 .UNSPECIFIED.);
#98=B_SPLINE_CURVE_WITH_KNOTS('',3,(#6356,#6357,#6358,#6359),
 .UNSPECIFIED.,.F.,.F.,(4,4),(-17.7871014031688,-17.7763755545782),
 .UNSPECIFIED.);
#99=B_SPLINE_CURVE_WITH_KNOTS('',3,(#6361,#6362,#6363,#6364,#6365,#6366,
#6367,#6368,#6369,#6370,#6371,#6372,#6373,#6374,#6375,#6376,#6377,#6378,
#6379,#6380,#6381,#6382,#6383,#6384,#6385,#6386,#6387,#6388,#6389,#6390,
#6391,#6392,#6393,#6394,#6395,#6396,#6397,#6398,#6399,#6400,#6401,#6402,
#6403,#6404,#6405,#6406,#6407,#6408,#6409,#6410,#6411,#6412,#6413,#6414,
#6415,#6416,#6417,#6418),.UNSPECIFIED.,.F.,.F.,(4,3,3,3,3,3,3,3,3,3,3,3,
3,3,3,3,3,3,3,4),(-19.4621998443184,-19.440274012058,-19.355877609799,-19.2716039299696,
-19.1872921063342,-19.0956561936728,-19.0084427913481,-18.8886725286649,
-18.7698747163842,-18.5690241984072,-18.4627462765747,-18.3799184852752,
-18.2994757509729,-18.2266098976058,-18.1548076119795,-18.0770431626011,
-17.9971332674843,-17.9160276684518,-17.8419782756645,-17.7871014031688),
 .UNSPECIFIED.);
#100=B_SPLINE_CURVE_WITH_KNOTS('',3,(#6519,#6520,#6521,#6522),
 .UNSPECIFIED.,.F.,.F.,(4,4),(0.0499999999999974,0.919985691813417),
 .UNSPECIFIED.);
#101=B_SPLINE_CURVE_WITH_KNOTS('',3,(#6523,#6524,#6525,#6526),
 .UNSPECIFIED.,.F.,.F.,(4,4),(7.98953368016269,8.79800403215867),
 .UNSPECIFIED.);
#102=B_SPLINE_CURVE_WITH_KNOTS('',3,(#6598,#6599,#6600,#6601),
 .UNSPECIFIED.,.F.,.F.,(4,4),(5.84395070245332,6.76950400648913),
 .UNSPECIFIED.);
#103=B_SPLINE_CURVE_WITH_KNOTS('',3,(#6602,#6603,#6604,#6605),
 .UNSPECIFIED.,.F.,.F.,(4,4),(0.0499999999999974,0.919985691813417),
 .UNSPECIFIED.);
#104=B_SPLINE_CURVE_WITH_KNOTS('',3,(#6611,#6612,#6613,#6614),
 .UNSPECIFIED.,.F.,.F.,(4,4),(-3.0312499998927,-0.050000000000046),
 .UNSPECIFIED.);
#105=B_SPLINE_CURVE_WITH_KNOTS('',3,(#6621,#6622,#6623,#6624,#6625,#6626),
 .UNSPECIFIED.,.F.,.F.,(4,2,4),(0.050009523945565,9.34043998096246,17.3075272306097),
 .UNSPECIFIED.);
#106=B_SPLINE_CURVE_WITH_KNOTS('',3,(#6632,#6633,#6634,#6635),
 .UNSPECIFIED.,.F.,.F.,(4,4),(0.0500053893997863,1.95224657459122),
 .UNSPECIFIED.);
#107=B_SPLINE_CURVE_WITH_KNOTS('',3,(#6638,#6639,#6640,#6641),
 .UNSPECIFIED.,.F.,.F.,(4,4),(15.7412794393883,16.2791087614982),
 .UNSPECIFIED.);
#108=B_SPLINE_CURVE_WITH_KNOTS('',3,(#6645,#6646,#6647,#6648,#6649,#6650),
 .UNSPECIFIED.,.F.,.F.,(4,2,4),(5.96076185379445,10.2353833726617,12.6717727766773),
 .UNSPECIFIED.);
#109=B_SPLINE_CURVE_WITH_KNOTS('',3,(#6652,#6653,#6654,#6655,#6656,#6657),
 .UNSPECIFIED.,.F.,.F.,(4,2,4),(2.61439964238527,8.55675416324845,11.4147822575338),
 .UNSPECIFIED.);
#110=B_SPLINE_CURVE_WITH_KNOTS('',3,(#6662,#6663,#6664,#6665,#6666,#6667),
 .UNSPECIFIED.,.F.,.F.,(4,2,4),(5.68882002926764,6.25497296691302,7.10512226347217),
 .UNSPECIFIED.);
#111=B_SPLINE_CURVE_WITH_KNOTS('',3,(#6672,#6673,#6674,#6675),
 .UNSPECIFIED.,.F.,.F.,(4,4),(-2.9687500001073,0.),.UNSPECIFIED.);
#112=B_SPLINE_CURVE_WITH_KNOTS('',3,(#6689,#6690,#6691,#6692,#6693,#6694,
#6695,#6696,#6697,#6698,#6699,#6700,#6701,#6702,#6703,#6704,#6705,#6706,
#6707),.UNSPECIFIED.,.F.,.F.,(4,3,3,3,3,3,4),(-3.0851274220361,-2.84988282437129,
-2.61463822670536,-2.3785325459972,-2.14328794832859,-1.90675172610065,
-1.67021550387271),.UNSPECIFIED.);
#113=B_SPLINE_CURVE_WITH_KNOTS('',3,(#6714,#6715,#6716,#6717,#6718,#6719,
#6720,#6721,#6722,#6723,#6724,#6725,#6726,#6727,#6728,#6729),
 .UNSPECIFIED.,.F.,.F.,(4,2,2,2,2,2,2,4),(-2.56563448213284,-2.3615014574659,
-1.7146930331212,-1.51000087929223,-1.46314226419061,-1.44124891755962,
-1.42728035115071,-1.41990738864814),.UNSPECIFIED.);
#114=B_SPLINE_CURVE_WITH_KNOTS('',3,(#6735,#6736,#6737,#6738),
 .UNSPECIFIED.,.F.,.F.,(4,4),(-0.793750000000007,0.),.UNSPECIFIED.);
#115=B_SPLINE_CURVE_WITH_KNOTS('',3,(#6810,#6811,#6812,#6813,#6814,#6815,
#6816,#6817),.UNSPECIFIED.,.F.,.F.,(4,2,2,4),(4.49738108410943,10.4508451716033,
16.4962211002242,23.1248690464602),.UNSPECIFIED.);
#116=B_SPLINE_CURVE_WITH_KNOTS('',3,(#6819,#6820,#6821,#6822),
 .UNSPECIFIED.,.F.,.F.,(4,4),(0.0500000000000043,4.46051096878548),
 .UNSPECIFIED.);
#117=B_SPLINE_CURVE_WITH_KNOTS('',3,(#6823,#6824,#6825,#6826),
 .UNSPECIFIED.,.F.,.F.,(4,4),(9.3616549241433,11.2741558503308),
 .UNSPECIFIED.);
#118=B_SPLINE_CURVE_WITH_KNOTS('',3,(#6899,#6900,#6901,#6902,#6903,#6904,
#6905,#6906,#6907,#6908,#6909,#6910,#6911,#6912,#6913,#6914,#6915,#6916,
#6917,#6918,#6919,#6920,#6921,#6922,#6923,#6924,#6925,#6926,#6927,#6928,
#6929,#6930,#6931,#6932,#6933,#6934,#6935,#6936,#6937,#6938,#6939,#6940,
#6941,#6942,#6943,#6944,#6945,#6946,#6947,#6948,#6949,#6950,#6951,#6952,
#6953,#6954,#6955,#6956,#6957,#6958,#6959,#6960,#6961,#6962,#6963,#6964,
#6965,#6966,#6967,#6968,#6969,#6970,#6971,#6972,#6973,#6974,#6975,#6976,
#6977),.UNSPECIFIED.,.F.,.F.,(4,3,3,3,3,3,3,3,3,3,3,3,3,3,3,3,3,3,3,3,3,
3,3,3,3,3,4),(0.0497932171006663,0.119264337717953,0.188735458335651,0.258206578952582,
0.327677699570241,0.39714882018751,0.466619940805079,0.536091061422782,
0.624622940431636,0.697848566666285,0.771074192900894,0.844919626192366,
0.918145252426718,0.991370878660959,1.06459650489529,1.13782213112896,1.21104775736302,
1.28427338359735,1.35749900983112,1.43188677429778,1.50511240053207,1.57833802676643,
1.65156365300067,1.72682302114162,1.80004864737627,1.87579268945892,1.95260112556444),
 .UNSPECIFIED.);
#119=B_SPLINE_CURVE_WITH_KNOTS('',3,(#6979,#6980,#6981,#6982,#6983,#6984),
 .UNSPECIFIED.,.F.,.F.,(4,2,4),(2.64066390216117,3.41630619994574,7.56855549185149),
 .UNSPECIFIED.);
#120=B_SPLINE_CURVE_WITH_KNOTS('',3,(#6985,#6986,#6987,#6988),
 .UNSPECIFIED.,.F.,.F.,(4,4),(0.0500000000000008,3.26875737619128),
 .UNSPECIFIED.);
#121=B_SPLINE_CURVE_WITH_KNOTS('',3,(#6996,#6997,#6998,#6999,#7000,#7001,
#7002,#7003,#7004,#7005,#7006,#7007,#7008,#7009,#7010,#7011,#7012,#7013,
#7014,#7015,#7016,#7017,#7018,#7019,#7020,#7021,#7022,#7023,#7024,#7025,
#7026,#7027,#7028,#7029,#7030,#7031,#7032,#7033,#7034,#7035,#7036,#7037,
#7038,#7039,#7040,#7041,#7042,#7043,#7044,#7045,#7046,#7047),
 .UNSPECIFIED.,.F.,.F.,(4,3,3,3,3,3,3,3,3,3,3,3,3,3,3,3,3,4),(-3.45779716454499,
-3.25234579217693,-3.04689441980925,-2.84144304744175,-2.63599167507429,
-2.43054030270745,-2.22508893033738,-2.01963755796936,-1.81351379358903,
-1.60806242122069,-1.39934140674312,-1.23371214937055,-1.0816854371544,
-0.92965872493937,-0.777632012723712,-0.625605300507565,-0.473578588291799,
-0.37064744292668),.UNSPECIFIED.);
#122=B_SPLINE_CURVE_WITH_KNOTS('',3,(#7057,#7058,#7059,#7060),
 .UNSPECIFIED.,.F.,.F.,(4,4),(-1.05625,-0.25),.UNSPECIFIED.);
#123=B_SPLINE_CURVE_WITH_KNOTS('',3,(#7066,#7067,#7068,#7069,#7070,#7071,
#7072,#7073,#7074,#7075,#7076,#7077,#7078,#7079,#7080,#7081,#7082,#7083,
#7084,#7085,#7086,#7087,#7088,#7089,#7090,#7091,#7092,#7093,#7094,#7095,
#7096,#7097,#7098,#7099,#7100,#7101,#7102,#7103,#7104,#7105,#7106,#7107,
#7108),.UNSPECIFIED.,.F.,.F.,(4,3,3,3,3,3,3,3,3,3,3,3,3,3,4),(-1.89674628201042,
-1.89386360533808,-1.85553307723305,-1.79093529235585,-1.66456930545406,
-1.58319335253619,-1.36879996074421,-1.13622710823017,-0.915474561307363,
-0.705159221309841,-0.515715298001836,-0.438508550688054,-0.269237102962723,
-0.0985218198674633,0.),.UNSPECIFIED.);
#124=B_SPLINE_CURVE_WITH_KNOTS('',3,(#7143,#7144,#7145,#7146,#7147,#7148),
 .UNSPECIFIED.,.F.,.F.,(4,2,4),(6.88156765100073,7.29836308969553,9.27801642088533),
 .UNSPECIFIED.);
#125=B_SPLINE_CURVE_WITH_KNOTS('',3,(#7240,#7241,#7242,#7243),
 .UNSPECIFIED.,.F.,.F.,(4,4),(0.0500000000000043,6.67198167967314),
 .UNSPECIFIED.);
#126=B_SPLINE_CURVE_WITH_KNOTS('',3,(#7245,#7246,#7247,#7248,#7249,#7250,
#7251,#7252,#7253,#7254),.UNSPECIFIED.,.F.,.F.,(4,2,2,2,4),(10.3593689623135,
11.5739059388552,19.1525941080984,23.3109198796061,27.2971795283092),
 .UNSPECIFIED.);
#127=B_SPLINE_CURVE_WITH_KNOTS('',3,(#7256,#7257,#7258,#7259,#7260,#7261),
 .UNSPECIFIED.,.F.,.F.,(4,2,4),(0.0503882961256237,1.76055547219276,1.9856662949183),
 .UNSPECIFIED.);
#128=B_SPLINE_CURVE_WITH_KNOTS('',3,(#7262,#7263,#7264,#7265,#7266,#7267),
 .UNSPECIFIED.,.F.,.F.,(4,2,4),(0.0501893781780305,1.51012498623717,3.15692466198112),
 .UNSPECIFIED.);
#129=B_SPLINE_CURVE_WITH_KNOTS('',3,(#7272,#7273,#7274,#7275,#7276,#7277),
 .UNSPECIFIED.,.F.,.F.,(4,2,4),(13.9475988200939,14.0653404341754,14.9815460244929),
 .UNSPECIFIED.);
#130=B_SPLINE_CURVE_WITH_KNOTS('',3,(#7281,#7282,#7283,#7284,#7285,#7286,
#7287,#7288,#7289,#7290,#7291,#7292,#7293,#7294,#7295,#7296,#7297,#7298,
#7299,#7300,#7301,#7302),.UNSPECIFIED.,.F.,.F.,(4,3,3,3,3,3,3,4),(0.0502987607145185,
4.19292307009452,7.29989130212952,10.027433193235,12.0507621443391,13.901257025209,
15.1087447093782,16.6207959982345),.UNSPECIFIED.);
#131=B_SPLINE_CURVE_WITH_KNOTS('',3,(#7304,#7305,#7306,#7307,#7308,#7309,
#7310,#7311),.UNSPECIFIED.,.F.,.F.,(4,2,2,4),(0.0502800710298306,2.19056157608902,
9.31957320662135,15.0097016133154),.UNSPECIFIED.);
#132=B_SPLINE_CURVE_WITH_KNOTS('',3,(#7384,#7385,#7386,#7387,#7388,#7389),
 .UNSPECIFIED.,.F.,.F.,(4,2,4),(0.0500448699707369,2.16538989470547,8.06801578214402),
 .UNSPECIFIED.);
#133=B_SPLINE_CURVE_WITH_KNOTS('',3,(#7391,#7392,#7393,#7394),
 .UNSPECIFIED.,.F.,.F.,(4,4),(0.0500000000000043,7.86373527226729),
 .UNSPECIFIED.);
#134=B_SPLINE_CURVE_WITH_KNOTS('',3,(#7395,#7396,#7397,#7398,#7399,#7400,
#7401,#7402,#7403,#7404,#7405,#7406,#7407,#7408,#7409,#7410,#7411,#7412,
#7413,#7414,#7415,#7416),.UNSPECIFIED.,.F.,.F.,(4,3,3,3,3,3,3,4),(0.0500062860242608,
2.60915933637832,3.47420288671479,4.21836103998547,7.25248976371298,8.97827817190209,
9.60880758736813,10.2866184874405),.UNSPECIFIED.);
#135=B_SPLINE_CURVE_WITH_KNOTS('',3,(#7489,#7490,#7491,#7492),
 .UNSPECIFIED.,.F.,.F.,(4,4),(0.0499999999999972,9.51676138833161),
 .UNSPECIFIED.);
#136=B_SPLINE_CURVE_WITH_KNOTS('',3,(#7494,#7495,#7496,#7497),
 .UNSPECIFIED.,.F.,.F.,(4,4),(0.0497586914761293,1.36925096922061),
 .UNSPECIFIED.);
#137=B_SPLINE_CURVE_WITH_KNOTS('',3,(#7499,#7500,#7501,#7502),
 .UNSPECIFIED.,.F.,.F.,(4,4),(9.61803370370363,12.4306070278163),
 .UNSPECIFIED.);
#138=B_SPLINE_CURVE_WITH_KNOTS('',3,(#7503,#7504,#7505,#7506),
 .UNSPECIFIED.,.F.,.F.,(4,4),(0.0501317414567874,9.02325156416978),
 .UNSPECIFIED.);
#139=B_SPLINE_CURVE_WITH_KNOTS('',3,(#7510,#7511,#7512,#7513,#7514,#7515),
 .UNSPECIFIED.,.F.,.F.,(4,2,4),(0.0501015388220917,3.13473980134675,4.92920256335555),
 .UNSPECIFIED.);
#140=B_SPLINE_CURVE_WITH_KNOTS('',3,(#7590,#7591,#7592,#7593),
 .UNSPECIFIED.,.F.,.F.,(4,4),(0.0499999999999972,9.51676138833161),
 .UNSPECIFIED.);
#141=B_SPLINE_CURVE_WITH_KNOTS('',3,(#7594,#7595,#7596,#7597,#7598,#7599),
 .UNSPECIFIED.,.F.,.F.,(4,2,4),(8.84291539940316,11.6402303903485,16.2844977188059),
 .UNSPECIFIED.);
#142=B_SPLINE_CURVE_WITH_KNOTS('',3,(#7600,#7601,#7602,#7603,#7604,#7605,
#7606,#7607,#7608,#7609,#7610,#7611,#7612,#7613,#7614,#7615,#7616,#7617,
#7618,#7619,#7620,#7621,#7622,#7623,#7624,#7625,#7626,#7627,#7628,#7629,
#7630),.UNSPECIFIED.,.F.,.F.,(4,3,3,3,3,3,3,3,3,3,4),(0.0499662231335538,
0.213396138596328,0.37682605406126,0.540255969524861,0.703689231986315,
0.877697310855333,1.03073455729555,1.17673089377573,1.3227272302608,1.46872356673983,
1.48984629661618),.UNSPECIFIED.);
#143=B_SPLINE_CURVE_WITH_KNOTS('',3,(#7703,#7704,#7705,#7706,#7707,#7708,
#7709,#7710,#7711,#7712,#7713,#7714,#7715,#7716,#7717,#7718,#7719,#7720,
#7721,#7722,#7723,#7724),.UNSPECIFIED.,.F.,.F.,(4,3,3,3,3,3,3,4),(-0.680394154085856,
-0.58341323669901,-0.486432319314027,-0.389451401934979,-0.292470484550363,
-0.195489567166646,-0.0985086497811551,-0.0517953413101551),
 .UNSPECIFIED.);
#144=B_SPLINE_CURVE_WITH_KNOTS('',3,(#7726,#7727,#7728,#7729),
 .UNSPECIFIED.,.F.,.F.,(4,4),(-2.77499999989269,0.),.UNSPECIFIED.);
#145=B_SPLINE_CURVE_WITH_KNOTS('',3,(#7730,#7731,#7732,#7733,#7734,#7735),
 .UNSPECIFIED.,.F.,.F.,(4,2,4),(0.737802353990963,1.62810234774772,3.43922382905897),
 .UNSPECIFIED.);
#146=B_SPLINE_CURVE_WITH_KNOTS('',3,(#7737,#7738,#7739,#7740,#7741,#7742),
 .UNSPECIFIED.,.F.,.F.,(4,2,4),(0.0500921024864593,2.2986528343027,5.0210269933182),
 .UNSPECIFIED.);
#147=B_SPLINE_CURVE_WITH_KNOTS('',3,(#7743,#7744,#7745,#7746),
 .UNSPECIFIED.,.F.,.F.,(4,4),(0.0499999999999972,3.89698167978044),
 .UNSPECIFIED.);
#148=B_SPLINE_CURVE_WITH_KNOTS('',3,(#7828,#7829,#7830,#7831),
 .UNSPECIFIED.,.F.,.F.,(4,4),(-2.82500000010733,-0.42496519148801),
 .UNSPECIFIED.);
#149=B_SPLINE_CURVE_WITH_KNOTS('',3,(#7833,#7834,#7835,#7836,#7837,#7838),
 .UNSPECIFIED.,.F.,.F.,(4,2,4),(11.4780024267632,13.1242268227473,13.621990266714),
 .UNSPECIFIED.);
#150=B_SPLINE_CURVE_WITH_KNOTS('',3,(#7839,#7840,#7841,#7842,#7843,#7844,
#7845,#7846,#7847,#7848,#7849,#7850,#7851,#7852,#7853,#7854,#7855,#7856,
#7857,#7858,#7859,#7860,#7861,#7862,#7863,#7864,#7865,#7866,#7867,#7868,
#7869,#7870,#7871,#7872,#7873,#7874,#7875,#7876,#7877,#7878,#7879,#7880,
#7881,#7882,#7883,#7884,#7885,#7886,#7887,#7888,#7889,#7890,#7891,#7892,
#7893,#7894,#7895,#7896,#7897,#7898,#7899),.UNSPECIFIED.,.F.,.F.,(4,3,3,
3,3,3,3,3,3,3,3,3,3,3,3,3,3,3,3,3,4),(0.0500654956259763,0.144606196942761,
0.237549084169117,0.327202336612596,0.421246423074619,0.510899675516502,
0.60055292795754,0.690206180399439,0.779859432841807,0.869512685282501,
0.959165937726319,1.04881919016691,1.13847244261013,1.22812569505213,1.31777894749386,
1.40743219993537,1.49708545237756,1.58673870481947,1.67639195726269,1.79081929535394,
1.83190772000496),.UNSPECIFIED.);
#151=B_SPLINE_CURVE_WITH_KNOTS('',3,(#7913,#7914,#7915,#7916),
 .UNSPECIFIED.,.F.,.F.,(4,4),(10.699615686528,11.1215101403635),
 .UNSPECIFIED.);
#152=B_SPLINE_CURVE_WITH_KNOTS('',3,(#7991,#7992,#7993,#7994,#7995,#7996,
#7997,#7998,#7999,#8000,#8001,#8002,#8003),.UNSPECIFIED.,.F.,.F.,(4,3,3,
3,4),(-0.486667409085482,-0.343273603781273,-0.1998797984663,-0.0564859931605431,
0.),.UNSPECIFIED.);
#153=B_SPLINE_CURVE_WITH_KNOTS('',3,(#8004,#8005,#8006,#8007),
 .UNSPECIFIED.,.F.,.F.,(4,4),(2.82500000010735,3.26875737619128),
 .UNSPECIFIED.);
#154=B_SPLINE_CURVE_WITH_KNOTS('',3,(#8016,#8017,#8018,#8019),
 .UNSPECIFIED.,.F.,.F.,(4,4),(0.0499999999999972,1.68551096867814),
 .UNSPECIFIED.);
#155=B_SPLINE_CURVE_WITH_KNOTS('',3,(#8028,#8029,#8030,#8031),
 .UNSPECIFIED.,.F.,.F.,(4,4),(-0.251056890220533,-0.050104609865694),
 .UNSPECIFIED.);
#156=B_SPLINE_CURVE_WITH_KNOTS('',3,(#8104,#8105,#8106,#8107),
 .UNSPECIFIED.,.F.,.F.,(4,4),(-7.59908560210071,0.),.UNSPECIFIED.);
#157=B_SPLINE_CURVE_WITH_KNOTS('',3,(#8109,#8110,#8111,#8112),
 .UNSPECIFIED.,.F.,.F.,(4,4),(2.82499999989267,7.86373527226728),
 .UNSPECIFIED.);
#158=B_SPLINE_CURVE_WITH_KNOTS('',3,(#8113,#8114,#8115,#8116,#8117,#8118,
#8119,#8120,#8121,#8122),.UNSPECIFIED.,.F.,.F.,(4,2,2,2,4),(5.44672981284314,
5.45999630104999,6.45573939553534,6.93656297543454,7.36169461225174),
 .UNSPECIFIED.);
#159=B_SPLINE_CURVE_WITH_KNOTS('',3,(#8193,#8194,#8195,#8196),
 .UNSPECIFIED.,.F.,.F.,(4,4),(-7.649400792545,-0.0503268755664363),
 .UNSPECIFIED.);
#160=B_SPLINE_CURVE_WITH_KNOTS('',3,(#8197,#8198,#8199,#8200),
 .UNSPECIFIED.,.F.,.F.,(4,4),(-0.250928606835835,-0.050100050956425),
 .UNSPECIFIED.);
#161=B_SPLINE_CURVE_WITH_KNOTS('',3,(#8271,#8272,#8273,#8274,#8275,#8276,
#8277,#8278,#8279,#8280,#8281,#8282,#8283,#8284,#8285,#8286,#8287,#8288,
#8289,#8290,#8291,#8292,#8293,#8294,#8295,#8296,#8297,#8298,#8299,#8300,
#8301,#8302,#8303,#8304,#8305,#8306,#8307,#8308,#8309,#8310,#8311,#8312,
#8313,#8314,#8315,#8316,#8317,#8318,#8319,#8320,#8321,#8322,#8323,#8324,
#8325,#8326,#8327,#8328,#8329,#8330,#8331,#8332,#8333,#8334,#8335,#8336,
#8337,#8338,#8339,#8340,#8341,#8342,#8343,#8344,#8345,#8346,#8347,#8348,
#8349),.UNSPECIFIED.,.F.,.F.,(4,3,3,3,3,3,3,3,3,3,3,3,3,3,3,3,3,3,3,3,3,
3,3,3,3,3,4),(0.0494426577730321,1.53067102817333,2.3706456576638,2.67201407181971,
2.87506185295131,3.43907483845282,3.84505162584594,4.16725138776076,4.75830458490627,
5.3829331697612,6.19747522616297,6.48198626069241,6.82407234746768,7.02285651690244,
7.25743057287639,7.48233565834771,7.9254477971022,8.25266771663054,8.70849295467364,
8.92631530977328,9.05061854352328,9.52440098459775,9.7006814097866,10.2503284625838,
10.5269846995867,10.6677890339358,11.8992696209754),.UNSPECIFIED.);
#162=B_SPLINE_CURVE_WITH_KNOTS('',3,(#8380,#8381,#8382,#8383),
 .UNSPECIFIED.,.F.,.F.,(4,4),(0.0499999999999971,10.7085149809257),
 .UNSPECIFIED.);
#163=B_SPLINE_CURVE_WITH_KNOTS('',3,(#8390,#8391,#8392,#8393),
 .UNSPECIFIED.,.F.,.F.,(4,4),(0.0499999999999971,10.7085149809257),
 .UNSPECIFIED.);
#164=B_SPLINE_CURVE_WITH_KNOTS('',3,(#8397,#8398,#8399,#8400,#8401,#8402,
#8403,#8404,#8405,#8406),.UNSPECIFIED.,.F.,.F.,(4,2,2,2,4),(0.0504809733439129,
1.788607241562,4.74411262155878,7.27076739894484,7.27871231392969),
 .UNSPECIFIED.);
#165=B_SPLINE_CURVE_WITH_KNOTS('',3,(#8407,#8408,#8409,#8410,#8411,#8412,
#8413,#8414,#8415,#8416,#8417,#8418,#8419,#8420,#8421,#8422,#8423,#8424,
#8425),.UNSPECIFIED.,.F.,.F.,(4,3,3,3,3,3,4),(10.7063658364203,11.5949344786424,
13.2807911044438,14.1237013613816,14.8104215654728,16.2571837889886,17.7039460125044),
 .UNSPECIFIED.);
#166=B_SPLINE_CURVE_WITH_KNOTS('',3,(#8479,#8480,#8481,#8482,#8483,#8484,
#8485,#8486,#8487,#8488,#8489,#8490,#8491,#8492,#8493,#8494),
 .UNSPECIFIED.,.F.,.F.,(4,3,3,3,3,4),(-6.85054910102339,-5.58183597672573,
-4.2581700682276,-2.79686411953107,-1.29223172241913,-0.0502151551868444),
 .UNSPECIFIED.);
#167=B_SPLINE_CURVE_WITH_KNOTS('',3,(#8499,#8500,#8501,#8502),
 .UNSPECIFIED.,.F.,.F.,(4,4),(-6.1,-0.0499999999999972),.UNSPECIFIED.);
#168=B_SPLINE_CURVE_WITH_KNOTS('',3,(#8505,#8506,#8507,#8508,#8509,#8510,
#8511,#8512,#8513,#8514,#8515,#8516,#8517,#8518,#8519,#8520),
 .UNSPECIFIED.,.F.,.F.,(4,3,3,3,3,4),(-1.57319520580136,-1.29234724286021,
-0.952115916763,-0.621681677999382,-0.322370957173205,-0.0354863004655126),
 .UNSPECIFIED.);
#169=B_SPLINE_CURVE_WITH_KNOTS('',3,(#8532,#8533,#8534,#8535,#8536,#8537,
#8538,#8539,#8540,#8541,#8542,#8543,#8544,#8545,#8546,#8547,#8548,#8549,
#8550,#8551,#8552,#8553),.UNSPECIFIED.,.F.,.F.,(4,3,3,3,3,3,3,4),(-11.3906017286113,
-10.001886617643,-8.56347179369871,-7.12934607090651,-5.63930823487464,
-4.15616606372945,-2.43174222598446,-1.56649944810201),.UNSPECIFIED.);
#170=B_SPLINE_CURVE_WITH_KNOTS('',3,(#8559,#8560,#8561,#8562,#8563,#8564,
#8565,#8566,#8567,#8568,#8569,#8570,#8571,#8572),.UNSPECIFIED.,.F.,.F.,
(4,2,2,2,2,2,4),(-0.890718137237296,-0.284470091990087,-0.111862347064444,
-0.0560177436370874,-0.0218434770646841,-0.00861041458507801,0.),
 .UNSPECIFIED.);
#171=B_SPLINE_CURVE_WITH_KNOTS('',3,(#8577,#8578,#8579,#8580),
 .UNSPECIFIED.,.F.,.F.,(4,4),(-2.35,-0.25000000000006),.UNSPECIFIED.);
#172=B_SPLINE_CURVE_WITH_KNOTS('',3,(#8584,#8585,#8586,#8587,#8588,#8589,
#8590,#8591,#8592,#8593,#8594,#8595,#8596,#8597,#8598,#8599),
 .UNSPECIFIED.,.F.,.F.,(4,2,2,2,2,2,2,4),(-3.30938914974759,-3.30745744741707,
-3.29928504797951,-3.28366094914994,-3.24411356264056,-3.12812228418458,
-2.57996832571722,-2.47512867994154),.UNSPECIFIED.);
#173=B_SPLINE_CURVE_WITH_KNOTS('',1,(#9004,#9005),.UNSPECIFIED.,.F.,.F.,
(2,2),(24.5,49.),.UNSPECIFIED.);
#174=B_SPLINE_CURVE_WITH_KNOTS('',3,(#9087,#9088,#9089,#9090,#9091,#9092),
 .UNSPECIFIED.,.F.,.F.,(4,2,4),(0.0499723514709161,3.22168116015998,4.72858669553978),
 .UNSPECIFIED.);
#175=B_SPLINE_CURVE_WITH_KNOTS('',3,(#9094,#9095,#9096,#9097,#9098,#9099),
 .UNSPECIFIED.,.F.,.F.,(4,2,4),(0.0502483646454744,3.03188060957455,6.53811523906219),
 .UNSPECIFIED.);
#176=B_SPLINE_CURVE_WITH_KNOTS('',3,(#9100,#9101,#9102,#9103,#9104,#9105,
#9106,#9107),.UNSPECIFIED.,.F.,.F.,(4,2,2,4),(12.399927814878,13.1436600184158,
15.2880500722526,17.2972048724661),.UNSPECIFIED.);
#177=B_SPLINE_CURVE_WITH_KNOTS('',3,(#9112,#9113,#9114,#9115,#9116,#9117,
#9118,#9119),.UNSPECIFIED.,.F.,.F.,(4,2,2,4),(12.8175591507166,13.6919122460356,
15.7921506296127,17.7891975527693),.UNSPECIFIED.);
#178=B_SPLINE_CURVE_WITH_KNOTS('',3,(#9123,#9124,#9125,#9126,#9127,#9128),
 .UNSPECIFIED.,.F.,.F.,(4,2,4),(0.0501278650266111,3.50859820086638,9.90910690396664),
 .UNSPECIFIED.);
#179=B_SPLINE_CURVE_WITH_KNOTS('',3,(#9131,#9132,#9133,#9134,#9135,#9136),
 .UNSPECIFIED.,.F.,.F.,(4,2,4),(0.0502286548575847,2.45396087449334,5.52279065353193),
 .UNSPECIFIED.);
#180=B_SPLINE_CURVE_WITH_KNOTS('',3,(#9210,#9211,#9212,#9213),
 .UNSPECIFIED.,.F.,.F.,(4,4),(0.0503126486430909,1.55102092645513),
 .UNSPECIFIED.);
#181=B_SPLINE_CURVE_WITH_KNOTS('',3,(#9217,#9218,#9219,#9220),
 .UNSPECIFIED.,.F.,.F.,(4,4),(14.9306444294474,15.24139606118),
 .UNSPECIFIED.);
#182=B_SPLINE_CURVE_WITH_KNOTS('',3,(#9293,#9294,#9295,#9296),
 .UNSPECIFIED.,.F.,.F.,(4,4),(0.051740105632386,2.36114660326947),
 .UNSPECIFIED.);
#183=B_SPLINE_CURVE_WITH_KNOTS('',3,(#9297,#9298,#9299,#9300),
 .UNSPECIFIED.,.F.,.F.,(4,4),(13.4502041671618,14.957586656915),
 .UNSPECIFIED.);
#184=B_SPLINE_CURVE_WITH_KNOTS('',3,(#9304,#9305,#9306,#9307),
 .UNSPECIFIED.,.F.,.F.,(4,4),(0.0501152808404255,1.65084739747981),
 .UNSPECIFIED.);
#185=B_SPLINE_CURVE_WITH_KNOTS('',3,(#9378,#9379,#9380,#9381),
 .UNSPECIFIED.,.F.,.F.,(4,4),(0.05023007517157,2.28131163710108),
 .UNSPECIFIED.);
#186=B_SPLINE_CURVE_WITH_KNOTS('',3,(#9396,#9397,#9398,#9399),
 .UNSPECIFIED.,.F.,.F.,(4,4),(0.0503239374924314,0.277256924976788),
 .UNSPECIFIED.);
#187=B_SPLINE_CURVE_WITH_KNOTS('',3,(#9403,#9404,#9405,#9406),
 .UNSPECIFIED.,.F.,.F.,(4,4),(19.2574038325411,20.9270731941991),
 .UNSPECIFIED.);
#188=B_SPLINE_CURVE_WITH_KNOTS('',3,(#9410,#9411,#9412,#9413,#9414,#9415,
#9416,#9417,#9418,#9419,#9420,#9421,#9422,#9423,#9424,#9425,#9426,#9427,
#9428,#9429,#9430,#9431,#9432,#9433,#9434,#9435,#9436,#9437,#9438,#9439,
#9440,#9441,#9442,#9443,#9444,#9445,#9446),.UNSPECIFIED.,.F.,.F.,(4,3,3,
3,3,3,3,3,3,3,3,3,4),(0.0500094373269447,0.226484335550679,0.402959233780695,
0.579434131999929,0.759954087344668,0.936428985575449,1.11290388379658,
1.28937878202876,1.47293253021103,1.64940742842763,1.82588232665247,2.00235722488147,
2.02359377475784),.UNSPECIFIED.);
#189=B_SPLINE_CURVE_WITH_KNOTS('',3,(#9451,#9452,#9453,#9454),
 .UNSPECIFIED.,.F.,.F.,(4,4),(0.0499146157754547,1.52567593942455),
 .UNSPECIFIED.);
#190=B_SPLINE_CURVE_WITH_KNOTS('',3,(#9455,#9456,#9457,#9458),
 .UNSPECIFIED.,.F.,.F.,(4,4),(13.5602868195658,13.8897592850261),
 .UNSPECIFIED.);
#191=B_SPLINE_CURVE_WITH_KNOTS('',3,(#9460,#9461,#9462,#9463,#9464,#9465,
#9466),.UNSPECIFIED.,.F.,.F.,(4,3,4),(-0.492577362758304,-0.309061233441299,
-0.197290599999684),.UNSPECIFIED.);
#192=B_SPLINE_CURVE_WITH_KNOTS('',3,(#9679,#9680,#9681,#9682,#9683,#9684,
#9685,#9686,#9687,#9688,#9689,#9690,#9691),.UNSPECIFIED.,.F.,.F.,(4,3,3,
3,4),(-0.176474726131394,-0.140370840020711,-0.104266953909442,-0.0681630677997259,
-0.050888271051503),.UNSPECIFIED.);
#193=B_SPLINE_CURVE_WITH_KNOTS('',3,(#9693,#9694,#9695,#9696,#9697,#9698,
#9699,#9700,#9701,#9702,#9703,#9704,#9705,#9706,#9707,#9708,#9709,#9710,
#9711,#9712,#9713,#9714,#9715,#9716,#9717,#9718,#9719,#9720,#9721,#9722,
#9723,#9724,#9725,#9726,#9727,#9728,#9729),.UNSPECIFIED.,.F.,.F.,(4,3,3,
3,3,3,3,3,3,3,3,3,4),(4.0886863658656,4.56906497884689,4.81511184340482,
5.7304674770212,6.11862178859548,6.46037563146147,9.71048221891283,11.2628576696846,
12.3040186584767,14.4443917455018,15.6024410720783,16.6966149844082,19.4608019812669),
 .UNSPECIFIED.);
#194=B_SPLINE_CURVE_WITH_KNOTS('',3,(#9731,#9732,#9733,#9734),
 .UNSPECIFIED.,.F.,.F.,(4,4),(11.8207181390378,12.2153261940417),
 .UNSPECIFIED.);
#195=B_SPLINE_CURVE_WITH_KNOTS('',3,(#9736,#9737,#9738,#9739,#9740,#9741,
#9742,#9743,#9744,#9745,#9746,#9747,#9748,#9749,#9750,#9751,#9752,#9753,
#9754,#9755,#9756,#9757,#9758,#9759,#9760,#9761,#9762,#9763,#9764,#9765,
#9766,#9767,#9768,#9769,#9770,#9771,#9772,#9773),.UNSPECIFIED.,.F.,.F.,
(4,2,2,2,2,2,2,2,2,2,2,2,2,2,2,2,2,2,4),(0.0495272359370245,2.34237567645484,
2.89209033735096,3.59660947981077,4.1039609244101,5.24757585245226,6.09611983991603,
6.57777310096169,6.8722719938947,6.9299521492967,7.15629685109552,7.40863793445501,
7.7179649672164,8.23388296380351,9.18554699030123,9.70845599196767,9.98553888510559,
10.485817507384,11.0417286098328),.UNSPECIFIED.);
#196=B_SPLINE_CURVE_WITH_KNOTS('',3,(#9775,#9776,#9777,#9778),
 .UNSPECIFIED.,.F.,.F.,(4,4),(0.0498518128869842,1.87216114302777),
 .UNSPECIFIED.);
#197=B_SPLINE_CURVE_WITH_KNOTS('',3,(#9779,#9780,#9781,#9782,#9783,#9784,
#9785,#9786,#9787,#9788,#9789,#9790,#9791,#9792,#9793,#9794,#9795,#9796,
#9797,#9798,#9799,#9800,#9801,#9802,#9803,#9804,#9805,#9806,#9807,#9808,
#9809,#9810,#9811,#9812,#9813,#9814,#9815),.UNSPECIFIED.,.F.,.F.,(4,3,3,
3,3,3,3,3,3,3,3,3,4),(0.0506619489520867,1.02922681175518,1.30349172799507,
1.49817340175042,2.11486040135393,2.57737565105657,2.68281424833756,3.00334103629429,
3.20256870493294,3.37848072847375,3.51985869511231,3.88250011616747,3.96492140016448),
 .UNSPECIFIED.);
#198=B_SPLINE_CURVE_WITH_KNOTS('',3,(#9824,#9825,#9826,#9827,#9828,#9829,
#9830,#9831,#9832,#9833,#9834,#9835,#9836,#9837,#9838,#9839,#9840,#9841,
#9842,#9843,#9844,#9845,#9846,#9847,#9848,#9849,#9850,#9851,#9852,#9853,
#9854,#9855,#9856,#9857,#9858,#9859,#9860,#9861),.UNSPECIFIED.,.F.,.F.,
(4,2,2,2,2,2,2,2,2,2,2,2,2,2,2,2,2,2,4),(2.58192573316001,3.77733926832289,
4.17641482776392,5.00342382061259,5.58551392768154,6.75098053102641,7.32195773720164,
7.52232959092152,7.66605814743547,7.69826353934751,7.73092679284925,7.87375284601395,
8.09214172855684,8.58676007475854,9.32841018424736,10.36365549905,11.0702128414136,
11.6243993520849,11.6820214819942),.UNSPECIFIED.);
#199=B_SPLINE_CURVE_WITH_KNOTS('',3,(#9865,#9866,#9867,#9868,#9869,#9870,
#9871,#9872,#9873,#9874,#9875,#9876,#9877,#9878,#9879,#9880,#9881,#9882,
#9883,#9884,#9885,#9886,#9887,#9888,#9889,#9890,#9891,#9892,#9893,#9894,
#9895,#9896,#9897,#9898,#9899,#9900,#9901,#9902,#9903,#9904,#9905,#9906,
#9907,#9908,#9909,#9910,#9911,#9912,#9913,#9914,#9915,#9916,#9917,#9918,
#9919,#9920,#9921,#9922,#9923,#9924,#9925,#9926,#9927,#9928,#9929,#9930,
#9931,#9932,#9933,#9934,#9935,#9936,#9937,#9938,#9939,#9940,#9941,#9942,
#9943,#9944,#9945,#9946,#9947,#9948,#9949,#9950,#9951,#9952,#9953,#9954,
#9955,#9956,#9957,#9958,#9959,#9960,#9961,#9962,#9963,#9964,#9965,#9966,
#9967,#9968,#9969,#9970,#9971,#9972,#9973,#9974,#9975,#9976,#9977,#9978,
#9979,#9980,#9981,#9982,#9983,#9984,#9985,#9986,#9987,#9988,#9989,#9990,
#9991,#9992,#9993,#9994,#9995,#9996,#9997,#9998,#9999,#10000,#10001,#10002,
#10003,#10004,#10005,#10006,#10007,#10008,#10009,#10010,#10011,#10012,#10013,
#10014,#10015,#10016,#10017,#10018,#10019,#10020,#10021,#10022,#10023,#10024,
#10025,#10026,#10027,#10028,#10029,#10030,#10031,#10032,#10033,#10034,#10035,
#10036,#10037,#10038,#10039,#10040,#10041,#10042,#10043,#10044,#10045,#10046,
#10047,#10048,#10049,#10050,#10051,#10052,#10053,#10054,#10055,#10056,#10057,
#10058,#10059,#10060,#10061,#10062,#10063,#10064,#10065,#10066,#10067,#10068,
#10069,#10070,#10071,#10072,#10073,#10074,#10075,#10076,#10077,#10078,#10079,
#10080,#10081,#10082,#10083,#10084,#10085,#10086,#10087,#10088,#10089,#10090,
#10091,#10092,#10093,#10094,#10095,#10096),.UNSPECIFIED.,.F.,.F.,(4,3,3,
3,3,3,3,3,3,3,3,3,3,3,3,3,3,3,3,3,3,3,3,3,3,3,3,3,3,3,3,3,3,3,3,3,3,3,3,
3,3,3,3,3,3,3,3,3,3,3,3,3,3,3,3,3,3,3,3,3,3,3,3,3,3,3,3,3,3,3,3,3,3,3,3,
3,3,4),(3.65277499041686,3.72376555089131,3.79475611136613,3.86574667184047,
3.9367372323153,4.00772779278962,4.0787183532644,4.14970891373919,4.22292182993644,
4.30075712703717,4.378592424138,4.45642772123862,4.53426301833925,4.61209831543989,
4.68993361254059,4.76776890964118,4.84560420674189,4.92343950384276,5.00127480094364,
5.07911009804413,5.15694539514489,5.23478069224575,5.31261598934624,5.39045128644699,
5.46828658354748,5.54612188064821,5.62775015886144,5.7157298163189,5.80291133042664,
5.89009284453439,5.97727435864209,6.06445587274989,6.15163738685762,6.23881890096527,
6.326000415073,6.41318192918076,6.50036344328842,6.58754495739615,6.67472647150394,
6.76190798561171,6.84908949971948,6.93627101382722,7.02345252793489,7.13525953049949,
7.23985024947832,7.34444096845656,7.44903168743532,7.55362240641511,7.65821312539411,
7.7628038443723,7.872042731615,7.97786790363137,8.08245862260993,8.18704934158855,
8.29164006056711,8.39623077954571,8.50094702670726,8.64673165313989,8.79257112706508,
8.93841060098949,9.08425007491526,9.2300895488409,9.37592902276669,9.52176849669226,
9.6676079706176,9.8134474445434,9.95928691846835,10.1051263923941,10.2492916228622,
10.3649003626728,10.4805091024828,10.5961178422925,10.7117265821028,10.8273353219127,
10.942944061723,11.0585528015315,11.1741615413411,11.2584482361387),
 .UNSPECIFIED.);
#200=B_SPLINE_CURVE_WITH_KNOTS('',3,(#10098,#10099,#10100,#10101,#10102,
#10103,#10104,#10105,#10106,#10107,#10108,#10109,#10110),.UNSPECIFIED.,
 .F.,.F.,(4,3,3,3,4),(-0.176983755300361,-0.14086549235833,-0.1047472294178,
-0.0686289664757728,-0.0513472907760955),.UNSPECIFIED.);
#201=B_SPLINE_CURVE_WITH_KNOTS('',3,(#10111,#10112,#10113,#10114,#10115,
#10116,#10117,#10118,#10119,#10120,#10121,#10122,#10123,#10124,#10125,#10126),
 .UNSPECIFIED.,.F.,.F.,(4,2,2,2,2,2,2,4),(0.0486824919275135,0.622532191735322,
1.03075539989014,1.45742696741425,2.17054115951149,2.70188765693105,3.1915310245823,
3.38166693746097),.UNSPECIFIED.);
#202=B_SPLINE_CURVE_WITH_KNOTS('',3,(#10269,#10270,#10271,#10272,#10273,
#10274),.UNSPECIFIED.,.F.,.F.,(4,2,4),(-8.36705149212668,-8.05056808927925,
0.),.UNSPECIFIED.);
#203=B_SPLINE_CURVE_WITH_KNOTS('',3,(#10276,#10277,#10278,#10279,#10280,
#10281,#10282,#10283),.UNSPECIFIED.,.F.,.F.,(4,2,2,4),(0.106262945094569,
3.28952594491401,8.07669684282576,17.7512231257155),.UNSPECIFIED.);
#204=B_SPLINE_CURVE_WITH_KNOTS('',3,(#10285,#10286,#10287,#10288,#10289,
#10290,#10291),.UNSPECIFIED.,.F.,.F.,(4,3,4),(11.5782707002499,13.4576982838425,
17.1646883504912),.UNSPECIFIED.);
#205=B_SPLINE_CURVE_WITH_KNOTS('',3,(#10293,#10294,#10295,#10296,#10297,
#10298,#10299,#10300,#10301,#10302),.UNSPECIFIED.,.F.,.F.,(4,3,3,4),(0.0499761501240276,
5.95385414711437,7.28094697671102,11.8577321441047),.UNSPECIFIED.);
#206=B_SPLINE_CURVE_WITH_KNOTS('',3,(#10303,#10304,#10305,#10306,#10307,
#10308),.UNSPECIFIED.,.F.,.F.,(4,2,4),(0.0501743116529213,5.11692086390425,
10.8625552937752),.UNSPECIFIED.);
#207=B_SPLINE_CURVE_WITH_KNOTS('',3,(#10313,#10314,#10315,#10316),
 .UNSPECIFIED.,.F.,.F.,(4,4),(0.0501606306829652,7.03130942264122),
 .UNSPECIFIED.);
#208=B_SPLINE_CURVE_WITH_KNOTS('',3,(#10320,#10321,#10322,#10323,#10324,
#10325),.UNSPECIFIED.,.F.,.F.,(4,2,4),(0.0500123638789882,8.67371745234059,
19.4355535985987),.UNSPECIFIED.);
#209=B_SPLINE_CURVE_WITH_KNOTS('',3,(#10330,#10331,#10332,#10333,#10334,
#10335,#10336,#10337),.UNSPECIFIED.,.F.,.F.,(4,2,2,4),(0.149461831243791,
1.25775808385402,2.90365196911757,8.20271441851753),.UNSPECIFIED.);
#210=B_SPLINE_CURVE_WITH_KNOTS('',3,(#10340,#10341,#10342,#10343,#10344,
#10345),.UNSPECIFIED.,.F.,.F.,(4,2,4),(-16.1011361785585,-8.05056808927926,
-7.73408468611187),.UNSPECIFIED.);
#211=B_SPLINE_CURVE_WITH_KNOTS('',3,(#10417,#10418,#10419,#10420,#10421,
#10422,#10423,#10424,#10425,#10426,#10427,#10428,#10429,#10430,#10431,#10432,
#10433,#10434,#10435,#10436,#10437,#10438,#10439,#10440,#10441,#10442,#10443,
#10444,#10445,#10446,#10447,#10448,#10449,#10450,#10451,#10452,#10453,#10454,
#10455,#10456,#10457,#10458,#10459,#10460,#10461,#10462,#10463,#10464,#10465,
#10466,#10467,#10468,#10469,#10470,#10471,#10472,#10473,#10474,#10475,#10476,
#10477,#10478,#10479,#10480,#10481,#10482,#10483,#10484,#10485,#10486,#10487,
#10488,#10489,#10490,#10491,#10492,#10493,#10494,#10495,#10496,#10497,#10498,
#10499,#10500,#10501,#10502,#10503,#10504,#10505,#10506,#10507,#10508,#10509,
#10510,#10511,#10512,#10513,#10514,#10515,#10516,#10517,#10518,#10519,#10520,
#10521,#10522,#10523,#10524,#10525,#10526,#10527,#10528,#10529,#10530,#10531,
#10532,#10533,#10534,#10535,#10536,#10537,#10538,#10539,#10540,#10541,#10542,
#10543,#10544,#10545,#10546,#10547,#10548,#10549,#10550,#10551,#10552,#10553,
#10554,#10555,#10556,#10557,#10558,#10559,#10560,#10561,#10562,#10563,#10564,
#10565,#10566,#10567,#10568,#10569,#10570,#10571,#10572,#10573,#10574,#10575,
#10576,#10577,#10578,#10579,#10580,#10581,#10582,#10583,#10584,#10585,#10586,
#10587,#10588,#10589,#10590,#10591,#10592,#10593,#10594,#10595,#10596,#10597,
#10598,#10599,#10600,#10601,#10602,#10603,#10604,#10605,#10606,#10607,#10608,
#10609,#10610,#10611,#10612,#10613,#10614,#10615,#10616,#10617,#10618,#10619,
#10620,#10621,#10622,#10623,#10624,#10625,#10626,#10627,#10628,#10629,#10630,
#10631,#10632,#10633,#10634,#10635,#10636,#10637,#10638,#10639,#10640,#10641,
#10642,#10643,#10644,#10645,#10646,#10647,#10648,#10649,#10650,#10651),
 .UNSPECIFIED.,.F.,.F.,(4,3,3,3,3,3,3,3,3,3,3,3,3,3,3,3,3,3,3,3,3,3,3,3,
3,3,3,3,3,3,3,3,3,3,3,3,3,3,3,3,3,3,3,3,3,3,3,3,3,3,3,3,3,3,3,3,3,3,3,3,
3,3,3,3,3,3,3,3,3,3,3,3,3,3,3,3,3,3,4),(0.0500500149905052,0.370113269662823,
0.690176524335929,1.01023977900973,1.33030303368357,1.65036628835748,1.9016945934801,
2.10491173198992,2.30812887050046,2.51134600901003,2.71456314752037,2.91778028602857,
3.12099742453816,3.32421456304812,3.52743170155921,3.7306488400685,3.93386597857748,
4.13708311708669,4.34030025559715,4.543517394108,4.74673453261799,4.91077834386557,
5.06181752842932,5.2128567129927,5.36389589755642,5.51493508212007,5.66597426668351,
5.81701345124702,5.96805263581076,6.11909182037516,6.27013100493818,6.42117018950196,
6.57220937406693,6.72324855862995,6.87428774319515,7.02532692775999,7.17636611232432,
7.32740529688694,7.47844448144948,7.66118859485486,7.80721092075624,7.95323324665716,
8.09925557255816,8.245277898459,8.39130022435955,8.53732255026035,8.68697672401539,
8.8329990499164,8.97902137581751,9.12504370171833,9.27106602761965,9.41708835352045,
9.5631106794217,9.70913300532268,9.85515533122331,10.0011776571239,10.1471999830248,
10.2932223089253,10.4392446348264,10.5852669607271,10.7312892866278,10.877311612529,
11.0303706436473,11.1763929695483,11.3224152954492,11.46843762135,11.6144599472511,
11.7604822731525,11.906504599054,12.0525269249546,12.1985492508573,12.3445715767577,
12.4905939026587,12.6366162285611,12.7826385544641,12.9286608803648,13.0746832062657,
13.2207055321669,13.3262561104219),.UNSPECIFIED.);
#212=B_SPLINE_CURVE_WITH_KNOTS('',3,(#10725,#10726,#10727,#10728,#10729,
#10730),.UNSPECIFIED.,.F.,.F.,(4,2,4),(-4.51647086499038,-2.30671285734507,
0.),.UNSPECIFIED.);
#213=B_SPLINE_CURVE_WITH_KNOTS('',3,(#10732,#10733,#10734,#10735,#10736,
#10737),.UNSPECIFIED.,.F.,.F.,(4,2,4),(-4.45912892591361,-2.31731902770983,
-0.187650614893499),.UNSPECIFIED.);
#214=B_SPLINE_CURVE_WITH_KNOTS('',3,(#10738,#10739,#10740,#10741,#10742,
#10743),.UNSPECIFIED.,.F.,.F.,(4,2,4),(3.40696575085024,4.84106132121041,
10.1546520461328),.UNSPECIFIED.);
#215=B_SPLINE_CURVE_WITH_KNOTS('',3,(#10757,#10758,#10759,#10760,#10761,
#10762,#10763,#10764),.UNSPECIFIED.,.F.,.F.,(4,2,2,4),(0.149461831243784,
1.25775808385403,2.83888543321298,6.05309472227468),.UNSPECIFIED.);
#216=B_SPLINE_CURVE_WITH_KNOTS('',3,(#10767,#10768,#10769,#10770,#10771,
#10772),.UNSPECIFIED.,.F.,.F.,(4,2,4),(-5.6290900058581,-2.81454500292905,
-0.118869141187679),.UNSPECIFIED.);
#217=B_SPLINE_CURVE_WITH_KNOTS('',3,(#10779,#10780,#10781,#10782,#10783,
#10784,#10785,#10786,#10787,#10788,#10789,#10790,#10791,#10792,#10793,#10794,
#10795,#10796,#10797,#10798,#10799,#10800,#10801,#10802,#10803,#10804,#10805,
#10806,#10807,#10808,#10809,#10810,#10811,#10812,#10813,#10814,#10815,#10816,
#10817,#10818,#10819,#10820,#10821,#10822,#10823,#10824,#10825,#10826,#10827,
#10828,#10829,#10830,#10831,#10832,#10833,#10834,#10835,#10836,#10837,#10838,
#10839,#10840,#10841,#10842,#10843,#10844,#10845,#10846,#10847,#10848,#10849,
#10850,#10851,#10852,#10853,#10854,#10855,#10856,#10857,#10858,#10859,#10860,
#10861,#10862,#10863,#10864,#10865,#10866,#10867,#10868,#10869,#10870,#10871,
#10872,#10873,#10874,#10875,#10876,#10877,#10878,#10879,#10880,#10881,#10882,
#10883,#10884,#10885,#10886,#10887,#10888,#10889,#10890),.UNSPECIFIED.,
 .F.,.F.,(4,3,3,3,3,3,3,3,3,3,3,3,3,3,3,3,3,3,3,3,3,3,3,3,3,3,3,3,3,3,3,
3,3,3,3,3,3,4),(0.0501881267868348,0.19418078262689,0.338173438463494,0.482166094296355,
0.626158750135521,0.775506879435983,0.920187879695805,1.06418053553605,
1.20817319137602,1.35216584721584,1.49615850305795,1.64015115889818,1.78414381473798,
1.92813647057815,2.0721291264188,2.21612178225653,2.36011443809631,2.50410709393365,
2.64809974977342,2.79209240561149,2.93608506145319,3.08007771729317,3.22540404044674,
3.36939669628762,3.51338935212826,3.65738200796849,3.80137466380805,3.94536731964837,
4.08935997549031,4.23335263133123,4.37984591338362,4.52383856922315,4.66783122506262,
4.81182388089643,4.9601926326099,5.10418528845264,5.25474208810146,5.40529888775029),
 .UNSPECIFIED.);
#218=B_SPLINE_CURVE_WITH_KNOTS('',3,(#10968,#10969,#10970,#10971),
 .UNSPECIFIED.,.F.,.F.,(4,4),(0.0501511400152793,0.608627469714605),
 .UNSPECIFIED.);
#219=B_SPLINE_CURVE_WITH_KNOTS('',3,(#10975,#10976,#10977,#10978),
 .UNSPECIFIED.,.F.,.F.,(4,4),(6.52757612241055,7.95722510281241),
 .UNSPECIFIED.);
#220=B_SPLINE_CURVE_WITH_KNOTS('',3,(#11052,#11053,#11054,#11055,#11056,
#11057),.UNSPECIFIED.,.F.,.F.,(4,2,4),(-8.00415001817193,-4.00207500908597,
-0.0969548496997135),.UNSPECIFIED.);
#221=B_SPLINE_CURVE_WITH_KNOTS('',3,(#11058,#11059,#11060,#11061,#11062,
#11063,#11064,#11065),.UNSPECIFIED.,.F.,.F.,(4,2,2,4),(0.161682468822186,
3.79360250904927,7.87541523177701,13.3120167969508),.UNSPECIFIED.);
#222=B_SPLINE_CURVE_WITH_KNOTS('',3,(#11066,#11067,#11068,#11069,#11070,
#11071),.UNSPECIFIED.,.F.,.F.,(4,2,4),(-6.37537195203757,-3.33378372746321,
-0.106161748322741),.UNSPECIFIED.);
#223=B_SPLINE_CURVE_WITH_KNOTS('',3,(#11144,#11145,#11146,#11147,#11148,
#11149),.UNSPECIFIED.,.F.,.F.,(4,2,4),(-8.91344516856011,-4.51615715466996,
0.),.UNSPECIFIED.);
#224=B_SPLINE_CURVE_WITH_KNOTS('',3,(#11150,#11151,#11152,#11153,#11154,
#11155,#11156,#11157,#11158,#11159,#11160,#11161,#11162,#11163,#11164,#11165,
#11166,#11167,#11168,#11169,#11170,#11171,#11172,#11173,#11174,#11175,#11176,
#11177,#11178,#11179,#11180,#11181,#11182,#11183,#11184,#11185,#11186,#11187,
#11188,#11189,#11190,#11191,#11192,#11193,#11194,#11195,#11196,#11197,#11198,
#11199,#11200,#11201,#11202,#11203,#11204,#11205,#11206,#11207,#11208,#11209,
#11210,#11211,#11212,#11213,#11214,#11215,#11216,#11217,#11218,#11219,#11220,
#11221,#11222,#11223,#11224,#11225,#11226,#11227,#11228,#11229,#11230,#11231,
#11232,#11233,#11234,#11235,#11236,#11237,#11238,#11239,#11240,#11241,#11242,
#11243,#11244,#11245,#11246,#11247,#11248,#11249,#11250,#11251,#11252,#11253,
#11254,#11255,#11256,#11257,#11258,#11259,#11260,#11261,#11262,#11263,#11264,
#11265,#11266,#11267,#11268,#11269,#11270),.UNSPECIFIED.,.F.,.F.,(4,3,3,
3,3,3,3,3,3,3,3,3,3,3,3,3,3,3,3,3,3,3,3,3,3,3,3,3,3,3,3,3,3,3,3,3,3,3,3,
3,4),(0.100546339329156,0.253824769236377,0.407103199137932,0.560381629047337,
0.713660058950056,0.866938488850766,1.02021691875458,1.18151320742626,1.33776898707694,
1.49104741698369,1.64432584689049,1.79760427679711,1.95088270670402,2.10416113661069,
2.25743956651723,2.41071799642418,2.56399642633042,2.71727485623793,2.8705532861445,
3.02383171605105,3.1771101459574,3.33038857586853,3.48366700578144,3.63694543568683,
3.79599248072192,3.94927091062731,4.10254934053339,4.25582777043935,4.40910620034648,
4.56238463025367,4.71566306016091,4.86894149006557,5.02221991997196,5.17549834987913,
5.3287767797862,5.48205520969243,5.63533363960027,5.78861206950644,5.94189049941428,
6.09830813280452,6.18169815624829),.UNSPECIFIED.);
#225=B_SPLINE_CURVE_WITH_KNOTS('',3,(#11271,#11272,#11273,#11274,#11275,
#11276),.UNSPECIFIED.,.F.,.F.,(4,2,4),(0.0499081432860088,5.3390348078647,
11.0846590645417),.UNSPECIFIED.);
#226=ELLIPSE('',#3345,3.30591313207838,2.125);
#227=ELLIPSE('',#3346,3.30591313207838,2.125);
#228=ELLIPSE('',#3393,3.30591313207838,2.125);
#229=CYLINDRICAL_SURFACE('',#3343,2.125);
#230=CYLINDRICAL_SURFACE('',#3379,2.);
#231=CYLINDRICAL_SURFACE('',#3385,2.);
#232=CYLINDRICAL_SURFACE('',#3418,13.25);
#233=CYLINDRICAL_SURFACE('',#3431,13.25);
#234=CYLINDRICAL_SURFACE('',#3452,2.);
#235=CYLINDRICAL_SURFACE('',#3455,2.);
#236=CYLINDRICAL_SURFACE('',#3466,2.125);
#237=FACE_OUTER_BOUND('',#411,.T.);
#238=FACE_OUTER_BOUND('',#412,.T.);
#239=FACE_OUTER_BOUND('',#413,.T.);
#240=FACE_OUTER_BOUND('',#414,.T.);
#241=FACE_OUTER_BOUND('',#415,.T.);
#242=FACE_OUTER_BOUND('',#416,.T.);
#243=FACE_OUTER_BOUND('',#417,.T.);
#244=FACE_OUTER_BOUND('',#418,.T.);
#245=FACE_OUTER_BOUND('',#419,.T.);
#246=FACE_OUTER_BOUND('',#420,.T.);
#247=FACE_OUTER_BOUND('',#421,.T.);
#248=FACE_OUTER_BOUND('',#422,.T.);
#249=FACE_OUTER_BOUND('',#423,.T.);
#250=FACE_OUTER_BOUND('',#424,.T.);
#251=FACE_OUTER_BOUND('',#425,.T.);
#252=FACE_OUTER_BOUND('',#426,.T.);
#253=FACE_OUTER_BOUND('',#427,.T.);
#254=FACE_OUTER_BOUND('',#428,.T.);
#255=FACE_OUTER_BOUND('',#429,.T.);
#256=FACE_OUTER_BOUND('',#430,.T.);
#257=FACE_OUTER_BOUND('',#431,.T.);
#258=FACE_OUTER_BOUND('',#432,.T.);
#259=FACE_OUTER_BOUND('',#433,.T.);
#260=FACE_OUTER_BOUND('',#435,.T.);
#261=FACE_OUTER_BOUND('',#436,.T.);
#262=FACE_OUTER_BOUND('',#438,.T.);
#263=FACE_OUTER_BOUND('',#439,.T.);
#264=FACE_OUTER_BOUND('',#440,.T.);
#265=FACE_OUTER_BOUND('',#441,.T.);
#266=FACE_OUTER_BOUND('',#442,.T.);
#267=FACE_OUTER_BOUND('',#443,.T.);
#268=FACE_OUTER_BOUND('',#444,.T.);
#269=FACE_OUTER_BOUND('',#445,.T.);
#270=FACE_OUTER_BOUND('',#446,.T.);
#271=FACE_OUTER_BOUND('',#447,.T.);
#272=FACE_OUTER_BOUND('',#448,.T.);
#273=FACE_OUTER_BOUND('',#449,.T.);
#274=FACE_OUTER_BOUND('',#450,.T.);
#275=FACE_OUTER_BOUND('',#451,.T.);
#276=FACE_OUTER_BOUND('',#452,.T.);
#277=FACE_OUTER_BOUND('',#453,.T.);
#278=FACE_OUTER_BOUND('',#454,.T.);
#279=FACE_OUTER_BOUND('',#455,.T.);
#280=FACE_OUTER_BOUND('',#456,.T.);
#281=FACE_OUTER_BOUND('',#457,.T.);
#282=FACE_OUTER_BOUND('',#458,.T.);
#283=FACE_OUTER_BOUND('',#459,.T.);
#284=FACE_OUTER_BOUND('',#460,.T.);
#285=FACE_OUTER_BOUND('',#461,.T.);
#286=FACE_OUTER_BOUND('',#462,.T.);
#287=FACE_OUTER_BOUND('',#463,.T.);
#288=FACE_OUTER_BOUND('',#464,.T.);
#289=FACE_OUTER_BOUND('',#465,.T.);
#290=FACE_OUTER_BOUND('',#466,.T.);
#291=FACE_OUTER_BOUND('',#467,.T.);
#292=FACE_OUTER_BOUND('',#468,.T.);
#293=FACE_OUTER_BOUND('',#469,.T.);
#294=FACE_OUTER_BOUND('',#470,.T.);
#295=FACE_OUTER_BOUND('',#471,.T.);
#296=FACE_OUTER_BOUND('',#472,.T.);
#297=FACE_OUTER_BOUND('',#473,.T.);
#298=FACE_OUTER_BOUND('',#474,.T.);
#299=FACE_OUTER_BOUND('',#475,.T.);
#300=FACE_OUTER_BOUND('',#476,.T.);
#301=FACE_OUTER_BOUND('',#477,.T.);
#302=FACE_OUTER_BOUND('',#478,.T.);
#303=FACE_OUTER_BOUND('',#479,.T.);
#304=FACE_OUTER_BOUND('',#480,.T.);
#305=FACE_OUTER_BOUND('',#481,.T.);
#306=FACE_OUTER_BOUND('',#482,.T.);
#307=FACE_OUTER_BOUND('',#483,.T.);
#308=FACE_OUTER_BOUND('',#484,.T.);
#309=FACE_OUTER_BOUND('',#485,.T.);
#310=FACE_OUTER_BOUND('',#486,.T.);
#311=FACE_OUTER_BOUND('',#487,.T.);
#312=FACE_OUTER_BOUND('',#488,.T.);
#313=FACE_OUTER_BOUND('',#489,.T.);
#314=FACE_OUTER_BOUND('',#490,.T.);
#315=FACE_OUTER_BOUND('',#491,.T.);
#316=FACE_OUTER_BOUND('',#492,.T.);
#317=FACE_OUTER_BOUND('',#493,.T.);
#318=FACE_OUTER_BOUND('',#494,.T.);
#319=FACE_OUTER_BOUND('',#495,.T.);
#320=FACE_OUTER_BOUND('',#496,.T.);
#321=FACE_OUTER_BOUND('',#497,.T.);
#322=FACE_OUTER_BOUND('',#498,.T.);
#323=FACE_OUTER_BOUND('',#499,.T.);
#324=FACE_OUTER_BOUND('',#500,.T.);
#325=FACE_OUTER_BOUND('',#501,.T.);
#326=FACE_OUTER_BOUND('',#502,.T.);
#327=FACE_OUTER_BOUND('',#503,.T.);
#328=FACE_OUTER_BOUND('',#504,.T.);
#329=FACE_OUTER_BOUND('',#505,.T.);
#330=FACE_OUTER_BOUND('',#506,.T.);
#331=FACE_OUTER_BOUND('',#507,.T.);
#332=FACE_OUTER_BOUND('',#508,.T.);
#333=FACE_OUTER_BOUND('',#509,.T.);
#334=FACE_OUTER_BOUND('',#510,.T.);
#335=FACE_OUTER_BOUND('',#511,.T.);
#336=FACE_OUTER_BOUND('',#512,.T.);
#337=FACE_OUTER_BOUND('',#513,.T.);
#338=FACE_OUTER_BOUND('',#514,.T.);
#339=FACE_OUTER_BOUND('',#515,.T.);
#340=FACE_OUTER_BOUND('',#516,.T.);
#341=FACE_OUTER_BOUND('',#517,.T.);
#342=FACE_OUTER_BOUND('',#518,.T.);
#343=FACE_OUTER_BOUND('',#519,.T.);
#344=FACE_OUTER_BOUND('',#520,.T.);
#345=FACE_OUTER_BOUND('',#521,.T.);
#346=FACE_OUTER_BOUND('',#522,.T.);
#347=FACE_OUTER_BOUND('',#523,.T.);
#348=FACE_OUTER_BOUND('',#524,.T.);
#349=FACE_OUTER_BOUND('',#525,.T.);
#350=FACE_OUTER_BOUND('',#526,.T.);
#351=FACE_OUTER_BOUND('',#527,.T.);
#352=FACE_OUTER_BOUND('',#528,.T.);
#353=FACE_OUTER_BOUND('',#529,.T.);
#354=FACE_OUTER_BOUND('',#530,.T.);
#355=FACE_OUTER_BOUND('',#531,.T.);
#356=FACE_OUTER_BOUND('',#532,.T.);
#357=FACE_OUTER_BOUND('',#533,.T.);
#358=FACE_OUTER_BOUND('',#534,.T.);
#359=FACE_OUTER_BOUND('',#535,.T.);
#360=FACE_OUTER_BOUND('',#537,.T.);
#361=FACE_OUTER_BOUND('',#538,.T.);
#362=FACE_OUTER_BOUND('',#539,.T.);
#363=FACE_OUTER_BOUND('',#540,.T.);
#364=FACE_OUTER_BOUND('',#541,.T.);
#365=FACE_OUTER_BOUND('',#542,.T.);
#366=FACE_OUTER_BOUND('',#543,.T.);
#367=FACE_OUTER_BOUND('',#544,.T.);
#368=FACE_OUTER_BOUND('',#545,.T.);
#369=FACE_OUTER_BOUND('',#546,.T.);
#370=FACE_OUTER_BOUND('',#547,.T.);
#371=FACE_OUTER_BOUND('',#548,.T.);
#372=FACE_OUTER_BOUND('',#549,.T.);
#373=FACE_OUTER_BOUND('',#550,.T.);
#374=FACE_OUTER_BOUND('',#551,.T.);
#375=FACE_OUTER_BOUND('',#552,.T.);
#376=FACE_OUTER_BOUND('',#553,.T.);
#377=FACE_OUTER_BOUND('',#554,.T.);
#378=FACE_OUTER_BOUND('',#555,.T.);
#379=FACE_OUTER_BOUND('',#556,.T.);
#380=FACE_OUTER_BOUND('',#557,.T.);
#381=FACE_OUTER_BOUND('',#558,.T.);
#382=FACE_OUTER_BOUND('',#559,.T.);
#383=FACE_OUTER_BOUND('',#560,.T.);
#384=FACE_OUTER_BOUND('',#561,.T.);
#385=FACE_OUTER_BOUND('',#562,.T.);
#386=FACE_OUTER_BOUND('',#563,.T.);
#387=FACE_OUTER_BOUND('',#564,.T.);
#388=FACE_OUTER_BOUND('',#565,.T.);
#389=FACE_OUTER_BOUND('',#566,.T.);
#390=FACE_OUTER_BOUND('',#567,.T.);
#391=FACE_OUTER_BOUND('',#568,.T.);
#392=FACE_OUTER_BOUND('',#569,.T.);
#393=FACE_OUTER_BOUND('',#570,.T.);
#394=FACE_OUTER_BOUND('',#571,.T.);
#395=FACE_OUTER_BOUND('',#572,.T.);
#396=FACE_OUTER_BOUND('',#573,.T.);
#397=FACE_OUTER_BOUND('',#574,.T.);
#398=FACE_OUTER_BOUND('',#575,.T.);
#399=FACE_OUTER_BOUND('',#576,.T.);
#400=FACE_OUTER_BOUND('',#577,.T.);
#401=FACE_OUTER_BOUND('',#578,.T.);
#402=FACE_OUTER_BOUND('',#579,.T.);
#403=FACE_OUTER_BOUND('',#580,.T.);
#404=FACE_OUTER_BOUND('',#581,.T.);
#405=FACE_OUTER_BOUND('',#582,.T.);
#406=FACE_OUTER_BOUND('',#583,.T.);
#407=FACE_OUTER_BOUND('',#584,.T.);
#408=FACE_OUTER_BOUND('',#585,.T.);
#409=FACE_OUTER_BOUND('',#586,.T.);
#410=FACE_OUTER_BOUND('',#587,.T.);
#411=EDGE_LOOP('',(#2026,#2027));
#412=EDGE_LOOP('',(#2028,#2029,#2030,#2031));
#413=EDGE_LOOP('',(#2032,#2033,#2034,#2035,#2036,#2037,#2038,#2039,#2040,
#2041));
#414=EDGE_LOOP('',(#2042,#2043,#2044,#2045));
#415=EDGE_LOOP('',(#2046,#2047,#2048,#2049));
#416=EDGE_LOOP('',(#2050,#2051,#2052,#2053,#2054,#2055));
#417=EDGE_LOOP('',(#2056,#2057,#2058,#2059,#2060,#2061));
#418=EDGE_LOOP('',(#2062,#2063,#2064,#2065));
#419=EDGE_LOOP('',(#2066,#2067,#2068,#2069));
#420=EDGE_LOOP('',(#2070,#2071,#2072,#2073,#2074,#2075,#2076,#2077));
#421=EDGE_LOOP('',(#2078,#2079,#2080,#2081));
#422=EDGE_LOOP('',(#2082,#2083,#2084,#2085,#2086,#2087,#2088,#2089,#2090,
#2091,#2092,#2093));
#423=EDGE_LOOP('',(#2094,#2095,#2096,#2097));
#424=EDGE_LOOP('',(#2098,#2099,#2100,#2101));
#425=EDGE_LOOP('',(#2102,#2103,#2104,#2105,#2106,#2107,#2108,#2109));
#426=EDGE_LOOP('',(#2110,#2111,#2112,#2113,#2114));
#427=EDGE_LOOP('',(#2115,#2116,#2117,#2118));
#428=EDGE_LOOP('',(#2119,#2120,#2121,#2122,#2123,#2124,#2125,#2126,#2127,
#2128));
#429=EDGE_LOOP('',(#2129,#2130,#2131,#2132,#2133,#2134,#2135,#2136));
#430=EDGE_LOOP('',(#2137,#2138,#2139,#2140,#2141,#2142,#2143,#2144,#2145,
#2146,#2147,#2148));
#431=EDGE_LOOP('',(#2149,#2150,#2151,#2152));
#432=EDGE_LOOP('',(#2153,#2154,#2155,#2156,#2157,#2158,#2159,#2160,#2161,
#2162,#2163));
#433=EDGE_LOOP('',(#2164,#2165,#2166,#2167,#2168));
#434=EDGE_LOOP('',(#2169,#2170,#2171,#2172));
#435=EDGE_LOOP('',(#2173,#2174,#2175,#2176,#2177,#2178,#2179,#2180));
#436=EDGE_LOOP('',(#2181,#2182,#2183,#2184,#2185,#2186,#2187,#2188,#2189,
#2190,#2191));
#437=EDGE_LOOP('',(#2192,#2193,#2194,#2195));
#438=EDGE_LOOP('',(#2196,#2197,#2198,#2199));
#439=EDGE_LOOP('',(#2200,#2201,#2202,#2203));
#440=EDGE_LOOP('',(#2204,#2205,#2206));
#441=EDGE_LOOP('',(#2207,#2208,#2209));
#442=EDGE_LOOP('',(#2210,#2211,#2212,#2213,#2214,#2215));
#443=EDGE_LOOP('',(#2216,#2217,#2218,#2219));
#444=EDGE_LOOP('',(#2220,#2221,#2222,#2223,#2224,#2225));
#445=EDGE_LOOP('',(#2226,#2227,#2228,#2229,#2230,#2231));
#446=EDGE_LOOP('',(#2232,#2233,#2234,#2235));
#447=EDGE_LOOP('',(#2236,#2237,#2238,#2239,#2240,#2241));
#448=EDGE_LOOP('',(#2242,#2243,#2244,#2245));
#449=EDGE_LOOP('',(#2246,#2247,#2248,#2249,#2250,#2251,#2252));
#450=EDGE_LOOP('',(#2253,#2254,#2255,#2256));
#451=EDGE_LOOP('',(#2257,#2258,#2259,#2260));
#452=EDGE_LOOP('',(#2261,#2262,#2263,#2264,#2265,#2266,#2267,#2268));
#453=EDGE_LOOP('',(#2269,#2270,#2271));
#454=EDGE_LOOP('',(#2272,#2273,#2274,#2275,#2276,#2277,#2278));
#455=EDGE_LOOP('',(#2279,#2280,#2281,#2282));
#456=EDGE_LOOP('',(#2283,#2284,#2285,#2286));
#457=EDGE_LOOP('',(#2287,#2288,#2289,#2290));
#458=EDGE_LOOP('',(#2291,#2292));
#459=EDGE_LOOP('',(#2293,#2294,#2295,#2296));
#460=EDGE_LOOP('',(#2297,#2298,#2299,#2300));
#461=EDGE_LOOP('',(#2301,#2302,#2303,#2304));
#462=EDGE_LOOP('',(#2305,#2306,#2307,#2308));
#463=EDGE_LOOP('',(#2309,#2310,#2311,#2312,#2313,#2314,#2315,#2316,#2317,
#2318));
#464=EDGE_LOOP('',(#2319,#2320,#2321,#2322));
#465=EDGE_LOOP('',(#2323,#2324,#2325,#2326,#2327,#2328,#2329,#2330));
#466=EDGE_LOOP('',(#2331,#2332,#2333,#2334));
#467=EDGE_LOOP('',(#2335,#2336,#2337,#2338,#2339,#2340,#2341,#2342));
#468=EDGE_LOOP('',(#2343,#2344,#2345,#2346));
#469=EDGE_LOOP('',(#2347,#2348,#2349,#2350));
#470=EDGE_LOOP('',(#2351,#2352,#2353,#2354));
#471=EDGE_LOOP('',(#2355,#2356,#2357,#2358));
#472=EDGE_LOOP('',(#2359,#2360,#2361,#2362,#2363,#2364,#2365,#2366));
#473=EDGE_LOOP('',(#2367,#2368,#2369,#2370));
#474=EDGE_LOOP('',(#2371,#2372,#2373,#2374));
#475=EDGE_LOOP('',(#2375,#2376,#2377,#2378));
#476=EDGE_LOOP('',(#2379,#2380,#2381,#2382,#2383,#2384));
#477=EDGE_LOOP('',(#2385,#2386,#2387,#2388));
#478=EDGE_LOOP('',(#2389,#2390,#2391));
#479=EDGE_LOOP('',(#2392,#2393,#2394,#2395,#2396,#2397,#2398,#2399));
#480=EDGE_LOOP('',(#2400,#2401,#2402,#2403));
#481=EDGE_LOOP('',(#2404,#2405,#2406));
#482=EDGE_LOOP('',(#2407,#2408,#2409,#2410));
#483=EDGE_LOOP('',(#2411,#2412,#2413,#2414));
#484=EDGE_LOOP('',(#2415,#2416,#2417,#2418));
#485=EDGE_LOOP('',(#2419,#2420,#2421,#2422,#2423,#2424));
#486=EDGE_LOOP('',(#2425,#2426,#2427,#2428,#2429,#2430,#2431,#2432,#2433));
#487=EDGE_LOOP('',(#2434,#2435,#2436,#2437,#2438,#2439,#2440,#2441,#2442));
#488=EDGE_LOOP('',(#2443,#2444,#2445,#2446,#2447,#2448));
#489=EDGE_LOOP('',(#2449,#2450,#2451,#2452));
#490=EDGE_LOOP('',(#2453,#2454,#2455,#2456));
#491=EDGE_LOOP('',(#2457,#2458,#2459,#2460,#2461,#2462,#2463,#2464));
#492=EDGE_LOOP('',(#2465,#2466,#2467,#2468,#2469));
#493=EDGE_LOOP('',(#2470,#2471,#2472,#2473,#2474,#2475,#2476,#2477,#2478));
#494=EDGE_LOOP('',(#2479,#2480,#2481,#2482,#2483));
#495=EDGE_LOOP('',(#2484,#2485,#2486,#2487,#2488,#2489));
#496=EDGE_LOOP('',(#2490,#2491,#2492,#2493));
#497=EDGE_LOOP('',(#2494,#2495,#2496,#2497,#2498,#2499));
#498=EDGE_LOOP('',(#2500,#2501,#2502,#2503,#2504,#2505,#2506,#2507));
#499=EDGE_LOOP('',(#2508,#2509,#2510,#2511,#2512,#2513,#2514,#2515,#2516));
#500=EDGE_LOOP('',(#2517,#2518,#2519,#2520));
#501=EDGE_LOOP('',(#2521,#2522,#2523,#2524,#2525,#2526,#2527,#2528,#2529,
#2530,#2531,#2532,#2533,#2534,#2535,#2536));
#502=EDGE_LOOP('',(#2537,#2538,#2539,#2540));
#503=EDGE_LOOP('',(#2541,#2542,#2543,#2544,#2545,#2546,#2547,#2548,#2549,
#2550,#2551,#2552,#2553,#2554,#2555,#2556,#2557,#2558,#2559));
#504=EDGE_LOOP('',(#2560,#2561));
#505=EDGE_LOOP('',(#2562,#2563,#2564,#2565));
#506=EDGE_LOOP('',(#2566,#2567,#2568,#2569,#2570,#2571));
#507=EDGE_LOOP('',(#2572,#2573,#2574,#2575));
#508=EDGE_LOOP('',(#2576,#2577,#2578,#2579,#2580,#2581));
#509=EDGE_LOOP('',(#2582,#2583,#2584,#2585));
#510=EDGE_LOOP('',(#2586,#2587,#2588,#2589));
#511=EDGE_LOOP('',(#2590,#2591,#2592,#2593,#2594,#2595,#2596,#2597));
#512=EDGE_LOOP('',(#2598,#2599,#2600,#2601));
#513=EDGE_LOOP('',(#2602,#2603,#2604,#2605,#2606,#2607,#2608,#2609));
#514=EDGE_LOOP('',(#2610,#2611,#2612,#2613));
#515=EDGE_LOOP('',(#2614,#2615,#2616,#2617));
#516=EDGE_LOOP('',(#2618,#2619,#2620,#2621,#2622,#2623,#2624,#2625));
#517=EDGE_LOOP('',(#2626,#2627,#2628,#2629));
#518=EDGE_LOOP('',(#2630,#2631,#2632,#2633,#2634,#2635,#2636,#2637));
#519=EDGE_LOOP('',(#2638,#2639,#2640,#2641));
#520=EDGE_LOOP('',(#2642,#2643,#2644,#2645,#2646,#2647,#2648,#2649));
#521=EDGE_LOOP('',(#2650,#2651,#2652,#2653,#2654,#2655,#2656,#2657));
#522=EDGE_LOOP('',(#2658,#2659,#2660,#2661,#2662,#2663,#2664,#2665,#2666,
#2667));
#523=EDGE_LOOP('',(#2668,#2669,#2670,#2671,#2672,#2673,#2674,#2675,#2676,
#2677));
#524=EDGE_LOOP('',(#2678,#2679,#2680,#2681,#2682,#2683,#2684,#2685,#2686,
#2687,#2688,#2689,#2690,#2691,#2692,#2693));
#525=EDGE_LOOP('',(#2694,#2695,#2696,#2697,#2698,#2699,#2700,#2701));
#526=EDGE_LOOP('',(#2702,#2703,#2704,#2705,#2706));
#527=EDGE_LOOP('',(#2707,#2708,#2709,#2710));
#528=EDGE_LOOP('',(#2711,#2712,#2713,#2714));
#529=EDGE_LOOP('',(#2715,#2716,#2717,#2718));
#530=EDGE_LOOP('',(#2719,#2720,#2721,#2722,#2723,#2724,#2725,#2726));
#531=EDGE_LOOP('',(#2727,#2728,#2729,#2730));
#532=EDGE_LOOP('',(#2731,#2732,#2733,#2734,#2735,#2736,#2737,#2738,#2739,
#2740,#2741,#2742,#2743,#2744,#2745,#2746));
#533=EDGE_LOOP('',(#2747,#2748,#2749,#2750));
#534=EDGE_LOOP('',(#2751,#2752,#2753,#2754,#2755,#2756,#2757,#2758,#2759,
#2760,#2761,#2762,#2763,#2764,#2765,#2766));
#535=EDGE_LOOP('',(#2767,#2768,#2769,#2770,#2771,#2772,#2773,#2774,#2775,
#2776,#2777,#2778,#2779,#2780,#2781,#2782));
#536=EDGE_LOOP('',(#2783,#2784,#2785,#2786));
#537=EDGE_LOOP('',(#2787,#2788,#2789,#2790));
#538=EDGE_LOOP('',(#2791,#2792,#2793,#2794));
#539=EDGE_LOOP('',(#2795,#2796,#2797,#2798,#2799,#2800,#2801,#2802,#2803,
#2804));
#540=EDGE_LOOP('',(#2805));
#541=EDGE_LOOP('',(#2806,#2807,#2808,#2809,#2810,#2811));
#542=EDGE_LOOP('',(#2812,#2813,#2814));
#543=EDGE_LOOP('',(#2815,#2816,#2817,#2818));
#544=EDGE_LOOP('',(#2819,#2820,#2821,#2822));
#545=EDGE_LOOP('',(#2823,#2824,#2825,#2826));
#546=EDGE_LOOP('',(#2827,#2828,#2829));
#547=EDGE_LOOP('',(#2830,#2831,#2832,#2833));
#548=EDGE_LOOP('',(#2834,#2835,#2836));
#549=EDGE_LOOP('',(#2837,#2838,#2839,#2840));
#550=EDGE_LOOP('',(#2841,#2842,#2843));
#551=EDGE_LOOP('',(#2844,#2845,#2846,#2847));
#552=EDGE_LOOP('',(#2848,#2849,#2850,#2851));
#553=EDGE_LOOP('',(#2852,#2853,#2854,#2855,#2856,#2857));
#554=EDGE_LOOP('',(#2858,#2859,#2860,#2861));
#555=EDGE_LOOP('',(#2862,#2863,#2864,#2865,#2866,#2867));
#556=EDGE_LOOP('',(#2868,#2869,#2870,#2871));
#557=EDGE_LOOP('',(#2872,#2873,#2874));
#558=EDGE_LOOP('',(#2875,#2876,#2877));
#559=EDGE_LOOP('',(#2878,#2879,#2880,#2881,#2882,#2883));
#560=EDGE_LOOP('',(#2884,#2885,#2886,#2887));
#561=EDGE_LOOP('',(#2888,#2889,#2890,#2891));
#562=EDGE_LOOP('',(#2892,#2893));
#563=EDGE_LOOP('',(#2894,#2895));
#564=EDGE_LOOP('',(#2896,#2897,#2898,#2899));
#565=EDGE_LOOP('',(#2900,#2901,#2902,#2903));
#566=EDGE_LOOP('',(#2904,#2905,#2906,#2907,#2908));
#567=EDGE_LOOP('',(#2909,#2910,#2911,#2912));
#568=EDGE_LOOP('',(#2913,#2914,#2915,#2916));
#569=EDGE_LOOP('',(#2917,#2918,#2919,#2920));
#570=EDGE_LOOP('',(#2921,#2922,#2923,#2924));
#571=EDGE_LOOP('',(#2925,#2926,#2927,#2928,#2929));
#572=EDGE_LOOP('',(#2930,#2931,#2932,#2933));
#573=EDGE_LOOP('',(#2934,#2935,#2936));
#574=EDGE_LOOP('',(#2937,#2938,#2939,#2940));
#575=EDGE_LOOP('',(#2941,#2942,#2943,#2944,#2945,#2946));
#576=EDGE_LOOP('',(#2947,#2948,#2949,#2950,#2951,#2952));
#577=EDGE_LOOP('',(#2953,#2954,#2955,#2956));
#578=EDGE_LOOP('',(#2957,#2958,#2959,#2960));
#579=EDGE_LOOP('',(#2961,#2962,#2963));
#580=EDGE_LOOP('',(#2964,#2965,#2966,#2967,#2968,#2969));
#581=EDGE_LOOP('',(#2970,#2971,#2972,#2973));
#582=EDGE_LOOP('',(#2974,#2975,#2976,#2977));
#583=EDGE_LOOP('',(#2978,#2979,#2980,#2981));
#584=EDGE_LOOP('',(#2982,#2983,#2984,#2985));
#585=EDGE_LOOP('',(#2986,#2987,#2988,#2989));
#586=EDGE_LOOP('',(#2990,#2991,#2992,#2993,#2994,#2995));
#587=EDGE_LOOP('',(#2996,#2997,#2998,#2999));
#588=CIRCLE('',#3342,2.125);
#589=CIRCLE('',#3344,2.125);
#590=CIRCLE('',#3364,2.125);
#591=CIRCLE('',#3365,2.125);
#592=CIRCLE('',#3380,2.);
#593=CIRCLE('',#3386,2.);
#594=CIRCLE('',#3417,13.25);
#595=CIRCLE('',#3419,13.25);
#596=CIRCLE('',#3430,13.25);
#597=CIRCLE('',#3432,13.25);
#598=CIRCLE('',#3453,2.);
#599=CIRCLE('',#3456,2.);
#600=CIRCLE('',#3465,2.125);
#601=LINE('',#4125,#905);
#602=LINE('',#4135,#906);
#603=LINE('',#4148,#907);
#604=LINE('',#4150,#908);
#605=LINE('',#4152,#909);
#606=LINE('',#4160,#910);
#607=LINE('',#4471,#911);
#608=LINE('',#4472,#912);
#609=LINE('',#4475,#913);
#610=LINE('',#4477,#914);
#611=LINE('',#4487,#915);
#612=LINE('',#4683,#916);
#613=LINE('',#4689,#917);
#614=LINE('',#4691,#918);
#615=LINE('',#4693,#919);
#616=LINE('',#4694,#920);
#617=LINE('',#4698,#921);
#618=LINE('',#4700,#922);
#619=LINE('',#4702,#923);
#620=LINE('',#4711,#924);
#621=LINE('',#4713,#925);
#622=LINE('',#4715,#926);
#623=LINE('',#4721,#927);
#624=LINE('',#4723,#928);
#625=LINE('',#4724,#929);
#626=LINE('',#4727,#930);
#627=LINE('',#4729,#931);
#628=LINE('',#4730,#932);
#629=LINE('',#4733,#933);
#630=LINE('',#4735,#934);
#631=LINE('',#4736,#935);
#632=LINE('',#4739,#936);
#633=LINE('',#4741,#937);
#634=LINE('',#4743,#938);
#635=LINE('',#4745,#939);
#636=LINE('',#4746,#940);
#637=LINE('',#4772,#941);
#638=LINE('',#4773,#942);
#639=LINE('',#4776,#943);
#640=LINE('',#4778,#944);
#641=LINE('',#4779,#945);
#642=LINE('',#5484,#946);
#643=LINE('',#5486,#947);
#644=LINE('',#5488,#948);
#645=LINE('',#5490,#949);
#646=LINE('',#5492,#950);
#647=LINE('',#5933,#951);
#648=LINE('',#5935,#952);
#649=LINE('',#5937,#953);
#650=LINE('',#5944,#954);
#651=LINE('',#5951,#955);
#652=LINE('',#5958,#956);
#653=LINE('',#5959,#957);
#654=LINE('',#5963,#958);
#655=LINE('',#5972,#959);
#656=LINE('',#5982,#960);
#657=LINE('',#5988,#961);
#658=LINE('',#6007,#962);
#659=LINE('',#6009,#963);
#660=LINE('',#6011,#964);
#661=LINE('',#6013,#965);
#662=LINE('',#6015,#966);
#663=LINE('',#6034,#967);
#664=LINE('',#6036,#968);
#665=LINE('',#6205,#969);
#666=LINE('',#6207,#970);
#667=LINE('',#6209,#971);
#668=LINE('',#6210,#972);
#669=LINE('',#6213,#973);
#670=LINE('',#6215,#974);
#671=LINE('',#6217,#975);
#672=LINE('',#6219,#976);
#673=LINE('',#6220,#977);
#674=LINE('',#6420,#978);
#675=LINE('',#6421,#979);
#676=LINE('',#6424,#980);
#677=LINE('',#6426,#981);
#678=LINE('',#6428,#982);
#679=LINE('',#6429,#983);
#680=LINE('',#6433,#984);
#681=LINE('',#6435,#985);
#682=LINE('',#6437,#986);
#683=LINE('',#6438,#987);
#684=LINE('',#6442,#988);
#685=LINE('',#6444,#989);
#686=LINE('',#6446,#990);
#687=LINE('',#6447,#991);
#688=LINE('',#6609,#992);
#689=LINE('',#6615,#993);
#690=LINE('',#6617,#994);
#691=LINE('',#6618,#995);
#692=LINE('',#6627,#996);
#693=LINE('',#6630,#997);
#694=LINE('',#6637,#998);
#695=LINE('',#6644,#999);
#696=LINE('',#6658,#1000);
#697=LINE('',#6661,#1001);
#698=LINE('',#6670,#1002);
#699=LINE('',#6677,#1003);
#700=LINE('',#6678,#1004);
#701=LINE('',#6681,#1005);
#702=LINE('',#6683,#1006);
#703=LINE('',#6684,#1007);
#704=LINE('',#6688,#1008);
#705=LINE('',#6708,#1009);
#706=LINE('',#6713,#1010);
#707=LINE('',#6732,#1011);
#708=LINE('',#6734,#1012);
#709=LINE('',#6992,#1013);
#710=LINE('',#6994,#1014);
#711=LINE('',#6995,#1015);
#712=LINE('',#7050,#1016);
#713=LINE('',#7051,#1017);
#714=LINE('',#7055,#1018);
#715=LINE('',#7062,#1019);
#716=LINE('',#7063,#1020);
#717=LINE('',#7110,#1021);
#718=LINE('',#7112,#1022);
#719=LINE('',#7115,#1023);
#720=LINE('',#7116,#1024);
#721=LINE('',#7119,#1025);
#722=LINE('',#7120,#1026);
#723=LINE('',#7123,#1027);
#724=LINE('',#7124,#1028);
#725=LINE('',#7128,#1029);
#726=LINE('',#7130,#1030);
#727=LINE('',#7131,#1031);
#728=LINE('',#7135,#1032);
#729=LINE('',#7136,#1033);
#730=LINE('',#7137,#1034);
#731=LINE('',#7140,#1035);
#732=LINE('',#7142,#1036);
#733=LINE('',#7150,#1037);
#734=LINE('',#7151,#1038);
#735=LINE('',#7155,#1039);
#736=LINE('',#7157,#1040);
#737=LINE('',#7159,#1041);
#738=LINE('',#7160,#1042);
#739=LINE('',#7162,#1043);
#740=LINE('',#7164,#1044);
#741=LINE('',#7165,#1045);
#742=LINE('',#7167,#1046);
#743=LINE('',#7270,#1047);
#744=LINE('',#7278,#1048);
#745=LINE('',#7312,#1049);
#746=LINE('',#7516,#1050);
#747=LINE('',#7517,#1051);
#748=LINE('',#7750,#1052);
#749=LINE('',#7752,#1053);
#750=LINE('',#7754,#1054);
#751=LINE('',#7755,#1055);
#752=LINE('',#7902,#1056);
#753=LINE('',#7903,#1057);
#754=LINE('',#7905,#1058);
#755=LINE('',#7906,#1059);
#756=LINE('',#7907,#1060);
#757=LINE('',#7911,#1061);
#758=LINE('',#7918,#1062);
#759=LINE('',#7919,#1063);
#760=LINE('',#8010,#1064);
#761=LINE('',#8011,#1065);
#762=LINE('',#8015,#1066);
#763=LINE('',#8020,#1067);
#764=LINE('',#8023,#1068);
#765=LINE('',#8025,#1069);
#766=LINE('',#8026,#1070);
#767=LINE('',#8032,#1071);
#768=LINE('',#8203,#1072);
#769=LINE('',#8204,#1073);
#770=LINE('',#8206,#1074);
#771=LINE('',#8209,#1075);
#772=LINE('',#8211,#1076);
#773=LINE('',#8212,#1077);
#774=LINE('',#8215,#1078);
#775=LINE('',#8216,#1079);
#776=LINE('',#8217,#1080);
#777=LINE('',#8221,#1081);
#778=LINE('',#8222,#1082);
#779=LINE('',#8223,#1083);
#780=LINE('',#8226,#1084);
#781=LINE('',#8227,#1085);
#782=LINE('',#8230,#1086);
#783=LINE('',#8231,#1087);
#784=LINE('',#8236,#1088);
#785=LINE('',#8237,#1089);
#786=LINE('',#8242,#1090);
#787=LINE('',#8243,#1091);
#788=LINE('',#8246,#1092);
#789=LINE('',#8247,#1093);
#790=LINE('',#8248,#1094);
#791=LINE('',#8250,#1095);
#792=LINE('',#8251,#1096);
#793=LINE('',#8254,#1097);
#794=LINE('',#8255,#1098);
#795=LINE('',#8257,#1099);
#796=LINE('',#8258,#1100);
#797=LINE('',#8260,#1101);
#798=LINE('',#8262,#1102);
#799=LINE('',#8265,#1103);
#800=LINE('',#8266,#1104);
#801=LINE('',#8267,#1105);
#802=LINE('',#8350,#1106);
#803=LINE('',#8354,#1107);
#804=LINE('',#8355,#1108);
#805=LINE('',#8356,#1109);
#806=LINE('',#8361,#1110);
#807=LINE('',#8363,#1111);
#808=LINE('',#8364,#1112);
#809=LINE('',#8367,#1113);
#810=LINE('',#8370,#1114);
#811=LINE('',#8373,#1115);
#812=LINE('',#8374,#1116);
#813=LINE('',#8375,#1117);
#814=LINE('',#8378,#1118);
#815=LINE('',#8384,#1119);
#816=LINE('',#8387,#1120);
#817=LINE('',#8389,#1121);
#818=LINE('',#8396,#1122);
#819=LINE('',#8427,#1123);
#820=LINE('',#8428,#1124);
#821=LINE('',#8431,#1125);
#822=LINE('',#8433,#1126);
#823=LINE('',#8434,#1127);
#824=LINE('',#8436,#1128);
#825=LINE('',#8438,#1129);
#826=LINE('',#8439,#1130);
#827=LINE('',#8442,#1131);
#828=LINE('',#8443,#1132);
#829=LINE('',#8446,#1133);
#830=LINE('',#8448,#1134);
#831=LINE('',#8449,#1135);
#832=LINE('',#8452,#1136);
#833=LINE('',#8454,#1137);
#834=LINE('',#8455,#1138);
#835=LINE('',#8459,#1139);
#836=LINE('',#8460,#1140);
#837=LINE('',#8461,#1141);
#838=LINE('',#8464,#1142);
#839=LINE('',#8465,#1143);
#840=LINE('',#8466,#1144);
#841=LINE('',#8469,#1145);
#842=LINE('',#8470,#1146);
#843=LINE('',#8473,#1147);
#844=LINE('',#8475,#1148);
#845=LINE('',#8476,#1149);
#846=LINE('',#8495,#1150);
#847=LINE('',#8496,#1151);
#848=LINE('',#8503,#1152);
#849=LINE('',#8523,#1153);
#850=LINE('',#8524,#1154);
#851=LINE('',#8526,#1155);
#852=LINE('',#8529,#1156);
#853=LINE('',#8531,#1157);
#854=LINE('',#8558,#1158);
#855=LINE('',#8576,#1159);
#856=LINE('',#8581,#1160);
#857=LINE('',#8671,#1161);
#858=LINE('',#8672,#1162);
#859=LINE('',#8674,#1163);
#860=LINE('',#8676,#1164);
#861=LINE('',#9007,#1165);
#862=LINE('',#9014,#1166);
#863=LINE('',#9110,#1167);
#864=LINE('',#9120,#1168);
#865=LINE('',#9129,#1169);
#866=LINE('',#9215,#1170);
#867=LINE('',#9221,#1171);
#868=LINE('',#9303,#1172);
#869=LINE('',#9386,#1173);
#870=LINE('',#9388,#1174);
#871=LINE('',#9390,#1175);
#872=LINE('',#9391,#1176);
#873=LINE('',#9394,#1177);
#874=LINE('',#9401,#1178);
#875=LINE('',#9407,#1179);
#876=LINE('',#9447,#1180);
#877=LINE('',#9450,#1181);
#878=LINE('',#9817,#1182);
#879=LINE('',#9819,#1183);
#880=LINE('',#9862,#1184);
#881=LINE('',#10311,#1185);
#882=LINE('',#10317,#1186);
#883=LINE('',#10326,#1187);
#884=LINE('',#10329,#1188);
#885=LINE('',#10346,#1189);
#886=LINE('',#10746,#1190);
#887=LINE('',#10748,#1191);
#888=LINE('',#10749,#1192);
#889=LINE('',#10752,#1193);
#890=LINE('',#10754,#1194);
#891=LINE('',#10756,#1195);
#892=LINE('',#10774,#1196);
#893=LINE('',#10775,#1197);
#894=LINE('',#10777,#1198);
#895=LINE('',#10964,#1199);
#896=LINE('',#10966,#1200);
#897=LINE('',#10973,#1201);
#898=LINE('',#10979,#1202);
#899=LINE('',#11279,#1203);
#900=LINE('',#11280,#1204);
#901=LINE('',#11283,#1205);
#902=LINE('',#11284,#1206);
#903=LINE('',#11286,#1207);
#904=LINE('',#11288,#1208);
#905=VECTOR('',#3503,10.);
#906=VECTOR('',#3516,10.);
#907=VECTOR('',#3517,10.);
#908=VECTOR('',#3518,10.);
#909=VECTOR('',#3519,10.);
#910=VECTOR('',#3520,10.);
#911=VECTOR('',#3523,10.);
#912=VECTOR('',#3524,10.);
#913=VECTOR('',#3527,10.);
#914=VECTOR('',#3528,10.);
#915=VECTOR('',#3529,10.);
#916=VECTOR('',#3532,10.);
#917=VECTOR('',#3539,10.);
#918=VECTOR('',#3540,10.);
#919=VECTOR('',#3541,10.);
#920=VECTOR('',#3542,10.);
#921=VECTOR('',#3545,10.);
#922=VECTOR('',#3546,10.);
#923=VECTOR('',#3547,10.);
#924=VECTOR('',#3548,10.);
#925=VECTOR('',#3549,10.);
#926=VECTOR('',#3550,10.);
#927=VECTOR('',#3551,10.);
#928=VECTOR('',#3552,10.);
#929=VECTOR('',#3553,10.);
#930=VECTOR('',#3556,10.);
#931=VECTOR('',#3557,10.);
#932=VECTOR('',#3558,10.);
#933=VECTOR('',#3561,10.);
#934=VECTOR('',#3562,10.);
#935=VECTOR('',#3563,10.);
#936=VECTOR('',#3566,10.);
#937=VECTOR('',#3567,10.);
#938=VECTOR('',#3568,10.);
#939=VECTOR('',#3569,10.);
#940=VECTOR('',#3570,10.);
#941=VECTOR('',#3573,10.);
#942=VECTOR('',#3574,10.);
#943=VECTOR('',#3577,10.);
#944=VECTOR('',#3578,10.);
#945=VECTOR('',#3579,10.);
#946=VECTOR('',#3582,10.);
#947=VECTOR('',#3583,10.);
#948=VECTOR('',#3584,10.);
#949=VECTOR('',#3585,10.);
#950=VECTOR('',#3586,10.);
#951=VECTOR('',#3589,10.);
#952=VECTOR('',#3590,10.);
#953=VECTOR('',#3591,10.);
#954=VECTOR('',#3592,10.);
#955=VECTOR('',#3593,10.);
#956=VECTOR('',#3594,10.);
#957=VECTOR('',#3595,10.);
#958=VECTOR('',#3598,10.);
#959=VECTOR('',#3599,10.);
#960=VECTOR('',#3602,10.);
#961=VECTOR('',#3607,10.);
#962=VECTOR('',#3608,10.);
#963=VECTOR('',#3609,10.);
#964=VECTOR('',#3610,10.);
#965=VECTOR('',#3611,10.);
#966=VECTOR('',#3612,10.);
#967=VECTOR('',#3615,10.);
#968=VECTOR('',#3616,10.);
#969=VECTOR('',#3617,10.);
#970=VECTOR('',#3618,10.);
#971=VECTOR('',#3619,10.);
#972=VECTOR('',#3620,10.);
#973=VECTOR('',#3623,10.);
#974=VECTOR('',#3624,10.);
#975=VECTOR('',#3625,10.);
#976=VECTOR('',#3626,10.);
#977=VECTOR('',#3627,10.);
#978=VECTOR('',#3630,10.);
#979=VECTOR('',#3631,10.);
#980=VECTOR('',#3632,10.);
#981=VECTOR('',#3633,10.);
#982=VECTOR('',#3634,10.);
#983=VECTOR('',#3635,10.);
#984=VECTOR('',#3638,10.);
#985=VECTOR('',#3639,10.);
#986=VECTOR('',#3640,10.);
#987=VECTOR('',#3641,10.);
#988=VECTOR('',#3644,10.);
#989=VECTOR('',#3645,10.);
#990=VECTOR('',#3646,10.);
#991=VECTOR('',#3647,10.);
#992=VECTOR('',#3650,10.);
#993=VECTOR('',#3651,10.);
#994=VECTOR('',#3652,10.);
#995=VECTOR('',#3653,10.);
#996=VECTOR('',#3656,10.);
#997=VECTOR('',#3659,10.);
#998=VECTOR('',#3660,10.);
#999=VECTOR('',#3663,10.);
#1000=VECTOR('',#3664,10.);
#1001=VECTOR('',#3667,10.);
#1002=VECTOR('',#3670,10.);
#1003=VECTOR('',#3671,10.);
#1004=VECTOR('',#3672,10.);
#1005=VECTOR('',#3675,10.);
#1006=VECTOR('',#3676,10.);
#1007=VECTOR('',#3677,10.);
#1008=VECTOR('',#3680,10.);
#1009=VECTOR('',#3681,10.);
#1010=VECTOR('',#3686,10.);
#1011=VECTOR('',#3689,10.);
#1012=VECTOR('',#3690,10.);
#1013=VECTOR('',#3693,10.);
#1014=VECTOR('',#3694,10.);
#1015=VECTOR('',#3695,10.);
#1016=VECTOR('',#3698,10.);
#1017=VECTOR('',#3699,10.);
#1018=VECTOR('',#3702,10.);
#1019=VECTOR('',#3703,10.);
#1020=VECTOR('',#3704,10.);
#1021=VECTOR('',#3711,10.);
#1022=VECTOR('',#3714,10.);
#1023=VECTOR('',#3717,10.);
#1024=VECTOR('',#3718,10.);
#1025=VECTOR('',#3721,10.);
#1026=VECTOR('',#3722,10.);
#1027=VECTOR('',#3725,10.);
#1028=VECTOR('',#3726,10.);
#1029=VECTOR('',#3731,10.);
#1030=VECTOR('',#3732,10.);
#1031=VECTOR('',#3733,10.);
#1032=VECTOR('',#3736,10.);
#1033=VECTOR('',#3737,10.);
#1034=VECTOR('',#3738,10.);
#1035=VECTOR('',#3741,10.);
#1036=VECTOR('',#3742,10.);
#1037=VECTOR('',#3743,10.);
#1038=VECTOR('',#3744,10.);
#1039=VECTOR('',#3747,10.);
#1040=VECTOR('',#3748,10.);
#1041=VECTOR('',#3749,10.);
#1042=VECTOR('',#3750,10.);
#1043=VECTOR('',#3753,10.);
#1044=VECTOR('',#3754,10.);
#1045=VECTOR('',#3755,10.);
#1046=VECTOR('',#3758,10.);
#1047=VECTOR('',#3761,10.);
#1048=VECTOR('',#3762,10.);
#1049=VECTOR('',#3765,10.);
#1050=VECTOR('',#3768,10.);
#1051=VECTOR('',#3769,10.);
#1052=VECTOR('',#3772,10.);
#1053=VECTOR('',#3773,10.);
#1054=VECTOR('',#3774,10.);
#1055=VECTOR('',#3775,10.);
#1056=VECTOR('',#3778,10.);
#1057=VECTOR('',#3779,10.);
#1058=VECTOR('',#3780,10.);
#1059=VECTOR('',#3781,10.);
#1060=VECTOR('',#3782,10.);
#1061=VECTOR('',#3785,10.);
#1062=VECTOR('',#3786,10.);
#1063=VECTOR('',#3787,10.);
#1064=VECTOR('',#3790,10.);
#1065=VECTOR('',#3791,10.);
#1066=VECTOR('',#3794,10.);
#1067=VECTOR('',#3795,10.);
#1068=VECTOR('',#3798,10.);
#1069=VECTOR('',#3799,10.);
#1070=VECTOR('',#3800,10.);
#1071=VECTOR('',#3803,10.);
#1072=VECTOR('',#3806,10.);
#1073=VECTOR('',#3807,10.);
#1074=VECTOR('',#3810,10.);
#1075=VECTOR('',#3813,10.);
#1076=VECTOR('',#3814,10.);
#1077=VECTOR('',#3815,10.);
#1078=VECTOR('',#3818,10.);
#1079=VECTOR('',#3819,10.);
#1080=VECTOR('',#3820,10.);
#1081=VECTOR('',#3823,10.);
#1082=VECTOR('',#3824,10.);
#1083=VECTOR('',#3825,10.);
#1084=VECTOR('',#3828,10.);
#1085=VECTOR('',#3829,10.);
#1086=VECTOR('',#3832,10.);
#1087=VECTOR('',#3833,10.);
#1088=VECTOR('',#3838,10.);
#1089=VECTOR('',#3839,10.);
#1090=VECTOR('',#3844,13.25);
#1091=VECTOR('',#3845,10.);
#1092=VECTOR('',#3848,10.);
#1093=VECTOR('',#3849,10.);
#1094=VECTOR('',#3850,10.);
#1095=VECTOR('',#3853,10.);
#1096=VECTOR('',#3854,10.);
#1097=VECTOR('',#3857,10.);
#1098=VECTOR('',#3858,10.);
#1099=VECTOR('',#3861,10.);
#1100=VECTOR('',#3862,10.);
#1101=VECTOR('',#3865,10.);
#1102=VECTOR('',#3868,10.);
#1103=VECTOR('',#3871,10.);
#1104=VECTOR('',#3872,10.);
#1105=VECTOR('',#3873,10.);
#1106=VECTOR('',#3876,10.);
#1107=VECTOR('',#3879,10.);
#1108=VECTOR('',#3880,10.);
#1109=VECTOR('',#3881,10.);
#1110=VECTOR('',#3886,10.);
#1111=VECTOR('',#3887,10.);
#1112=VECTOR('',#3888,10.);
#1113=VECTOR('',#3891,13.25);
#1114=VECTOR('',#3894,10.);
#1115=VECTOR('',#3897,10.);
#1116=VECTOR('',#3898,10.);
#1117=VECTOR('',#3899,10.);
#1118=VECTOR('',#3902,10.);
#1119=VECTOR('',#3903,10.);
#1120=VECTOR('',#3906,10.);
#1121=VECTOR('',#3907,10.);
#1122=VECTOR('',#3910,10.);
#1123=VECTOR('',#3911,10.);
#1124=VECTOR('',#3912,10.);
#1125=VECTOR('',#3915,10.);
#1126=VECTOR('',#3916,10.);
#1127=VECTOR('',#3917,10.);
#1128=VECTOR('',#3920,10.);
#1129=VECTOR('',#3921,10.);
#1130=VECTOR('',#3922,10.);
#1131=VECTOR('',#3925,10.);
#1132=VECTOR('',#3926,10.);
#1133=VECTOR('',#3929,10.);
#1134=VECTOR('',#3930,10.);
#1135=VECTOR('',#3931,10.);
#1136=VECTOR('',#3934,10.);
#1137=VECTOR('',#3935,10.);
#1138=VECTOR('',#3936,10.);
#1139=VECTOR('',#3939,10.);
#1140=VECTOR('',#3940,10.);
#1141=VECTOR('',#3941,10.);
#1142=VECTOR('',#3944,10.);
#1143=VECTOR('',#3945,10.);
#1144=VECTOR('',#3946,10.);
#1145=VECTOR('',#3949,10.);
#1146=VECTOR('',#3950,10.);
#1147=VECTOR('',#3953,10.);
#1148=VECTOR('',#3954,10.);
#1149=VECTOR('',#3955,10.);
#1150=VECTOR('',#3958,10.);
#1151=VECTOR('',#3959,10.);
#1152=VECTOR('',#3962,10.);
#1153=VECTOR('',#3967,10.);
#1154=VECTOR('',#3968,10.);
#1155=VECTOR('',#3971,10.);
#1156=VECTOR('',#3974,10.);
#1157=VECTOR('',#3975,10.);
#1158=VECTOR('',#3980,10.);
#1159=VECTOR('',#3983,10.);
#1160=VECTOR('',#3984,10.);
#1161=VECTOR('',#3991,10.);
#1162=VECTOR('',#3992,10.);
#1163=VECTOR('',#3995,10.);
#1164=VECTOR('',#3998,10.);
#1165=VECTOR('',#4003,10.);
#1166=VECTOR('',#4014,2.125);
#1167=VECTOR('',#4017,10.);
#1168=VECTOR('',#4018,10.);
#1169=VECTOR('',#4021,10.);
#1170=VECTOR('',#4026,10.);
#1171=VECTOR('',#4027,10.);
#1172=VECTOR('',#4030,10.);
#1173=VECTOR('',#4035,10.);
#1174=VECTOR('',#4036,10.);
#1175=VECTOR('',#4037,10.);
#1176=VECTOR('',#4038,10.);
#1177=VECTOR('',#4041,10.);
#1178=VECTOR('',#4042,10.);
#1179=VECTOR('',#4043,10.);
#1180=VECTOR('',#4046,10.);
#1181=VECTOR('',#4049,10.);
#1182=VECTOR('',#4054,10.);
#1183=VECTOR('',#4057,10.);
#1184=VECTOR('',#4062,10.);
#1185=VECTOR('',#4067,10.);
#1186=VECTOR('',#4068,10.);
#1187=VECTOR('',#4071,10.);
#1188=VECTOR('',#4074,10.);
#1189=VECTOR('',#4077,10.);
#1190=VECTOR('',#4082,10.);
#1191=VECTOR('',#4083,10.);
#1192=VECTOR('',#4084,10.);
#1193=VECTOR('',#4087,10.);
#1194=VECTOR('',#4088,10.);
#1195=VECTOR('',#4089,10.);
#1196=VECTOR('',#4092,10.);
#1197=VECTOR('',#4093,10.);
#1198=VECTOR('',#4096,10.);
#1199=VECTOR('',#4101,10.);
#1200=VECTOR('',#4102,10.);
#1201=VECTOR('',#4103,10.);
#1202=VECTOR('',#4104,10.);
#1203=VECTOR('',#4107,10.);
#1204=VECTOR('',#4108,10.);
#1205=VECTOR('',#4111,10.);
#1206=VECTOR('',#4112,10.);
#1207=VECTOR('',#4115,10.);
#1208=VECTOR('',#4118,10.);
#1209=VERTEX_POINT('',#4123);
#1210=VERTEX_POINT('',#4124);
#1211=VERTEX_POINT('',#4128);
#1212=VERTEX_POINT('',#4129);
#1213=VERTEX_POINT('',#4134);
#1214=VERTEX_POINT('',#4136);
#1215=VERTEX_POINT('',#4147);
#1216=VERTEX_POINT('',#4149);
#1217=VERTEX_POINT('',#4151);
#1218=VERTEX_POINT('',#4153);
#1219=VERTEX_POINT('',#4231);
#1220=VERTEX_POINT('',#4458);
#1221=VERTEX_POINT('',#4470);
#1222=VERTEX_POINT('',#4474);
#1223=VERTEX_POINT('',#4476);
#1224=VERTEX_POINT('',#4478);
#1225=VERTEX_POINT('',#4634);
#1226=VERTEX_POINT('',#4666);
#1227=VERTEX_POINT('',#4687);
#1228=VERTEX_POINT('',#4688);
#1229=VERTEX_POINT('',#4690);
#1230=VERTEX_POINT('',#4692);
#1231=VERTEX_POINT('',#4696);
#1232=VERTEX_POINT('',#4697);
#1233=VERTEX_POINT('',#4699);
#1234=VERTEX_POINT('',#4701);
#1235=VERTEX_POINT('',#4703);
#1236=VERTEX_POINT('',#4710);
#1237=VERTEX_POINT('',#4712);
#1238=VERTEX_POINT('',#4714);
#1239=VERTEX_POINT('',#4716);
#1240=VERTEX_POINT('',#4722);
#1241=VERTEX_POINT('',#4726);
#1242=VERTEX_POINT('',#4728);
#1243=VERTEX_POINT('',#4732);
#1244=VERTEX_POINT('',#4734);
#1245=VERTEX_POINT('',#4738);
#1246=VERTEX_POINT('',#4740);
#1247=VERTEX_POINT('',#4742);
#1248=VERTEX_POINT('',#4744);
#1249=VERTEX_POINT('',#4748);
#1250=VERTEX_POINT('',#4771);
#1251=VERTEX_POINT('',#4775);
#1252=VERTEX_POINT('',#4777);
#1253=VERTEX_POINT('',#4850);
#1254=VERTEX_POINT('',#4851);
#1255=VERTEX_POINT('',#4865);
#1256=VERTEX_POINT('',#4921);
#1257=VERTEX_POINT('',#4926);
#1258=VERTEX_POINT('',#4935);
#1259=VERTEX_POINT('',#4940);
#1260=VERTEX_POINT('',#4981);
#1261=VERTEX_POINT('',#4986);
#1262=VERTEX_POINT('',#4999);
#1263=VERTEX_POINT('',#5429);
#1264=VERTEX_POINT('',#5430);
#1265=VERTEX_POINT('',#5483);
#1266=VERTEX_POINT('',#5485);
#1267=VERTEX_POINT('',#5487);
#1268=VERTEX_POINT('',#5489);
#1269=VERTEX_POINT('',#5491);
#1270=VERTEX_POINT('',#5493);
#1271=VERTEX_POINT('',#5932);
#1272=VERTEX_POINT('',#5934);
#1273=VERTEX_POINT('',#5936);
#1274=VERTEX_POINT('',#5938);
#1275=VERTEX_POINT('',#5943);
#1276=VERTEX_POINT('',#5945);
#1277=VERTEX_POINT('',#5950);
#1278=VERTEX_POINT('',#5952);
#1279=VERTEX_POINT('',#5957);
#1280=VERTEX_POINT('',#5961);
#1281=VERTEX_POINT('',#5962);
#1282=VERTEX_POINT('',#5964);
#1283=VERTEX_POINT('',#5971);
#1284=VERTEX_POINT('',#5980);
#1285=VERTEX_POINT('',#5981);
#1286=VERTEX_POINT('',#5983);
#1287=VERTEX_POINT('',#5985);
#1288=VERTEX_POINT('',#5987);
#1289=VERTEX_POINT('',#5989);
#1290=VERTEX_POINT('',#6006);
#1291=VERTEX_POINT('',#6008);
#1292=VERTEX_POINT('',#6010);
#1293=VERTEX_POINT('',#6012);
#1294=VERTEX_POINT('',#6014);
#1295=VERTEX_POINT('',#6033);
#1296=VERTEX_POINT('',#6035);
#1297=VERTEX_POINT('',#6203);
#1298=VERTEX_POINT('',#6204);
#1299=VERTEX_POINT('',#6206);
#1300=VERTEX_POINT('',#6208);
#1301=VERTEX_POINT('',#6212);
#1302=VERTEX_POINT('',#6214);
#1303=VERTEX_POINT('',#6216);
#1304=VERTEX_POINT('',#6218);
#1305=VERTEX_POINT('',#6222);
#1306=VERTEX_POINT('',#6263);
#1307=VERTEX_POINT('',#6268);
#1308=VERTEX_POINT('',#6315);
#1309=VERTEX_POINT('',#6326);
#1310=VERTEX_POINT('',#6355);
#1311=VERTEX_POINT('',#6360);
#1312=VERTEX_POINT('',#6419);
#1313=VERTEX_POINT('',#6422);
#1314=VERTEX_POINT('',#6423);
#1315=VERTEX_POINT('',#6425);
#1316=VERTEX_POINT('',#6427);
#1317=VERTEX_POINT('',#6431);
#1318=VERTEX_POINT('',#6432);
#1319=VERTEX_POINT('',#6434);
#1320=VERTEX_POINT('',#6436);
#1321=VERTEX_POINT('',#6440);
#1322=VERTEX_POINT('',#6441);
#1323=VERTEX_POINT('',#6443);
#1324=VERTEX_POINT('',#6445);
#1325=VERTEX_POINT('',#6518);
#1326=VERTEX_POINT('',#6597);
#1327=VERTEX_POINT('',#6607);
#1328=VERTEX_POINT('',#6608);
#1329=VERTEX_POINT('',#6610);
#1330=VERTEX_POINT('',#6616);
#1331=VERTEX_POINT('',#6620);
#1332=VERTEX_POINT('',#6629);
#1333=VERTEX_POINT('',#6631);
#1334=VERTEX_POINT('',#6636);
#1335=VERTEX_POINT('',#6643);
#1336=VERTEX_POINT('',#6651);
#1337=VERTEX_POINT('',#6660);
#1338=VERTEX_POINT('',#6669);
#1339=VERTEX_POINT('',#6671);
#1340=VERTEX_POINT('',#6676);
#1341=VERTEX_POINT('',#6680);
#1342=VERTEX_POINT('',#6682);
#1343=VERTEX_POINT('',#6686);
#1344=VERTEX_POINT('',#6687);
#1345=VERTEX_POINT('',#6710);
#1346=VERTEX_POINT('',#6712);
#1347=VERTEX_POINT('',#6731);
#1348=VERTEX_POINT('',#6733);
#1349=VERTEX_POINT('',#6809);
#1350=VERTEX_POINT('',#6818);
#1351=VERTEX_POINT('',#6897);
#1352=VERTEX_POINT('',#6898);
#1353=VERTEX_POINT('',#6978);
#1354=VERTEX_POINT('',#6990);
#1355=VERTEX_POINT('',#6991);
#1356=VERTEX_POINT('',#6993);
#1357=VERTEX_POINT('',#7049);
#1358=VERTEX_POINT('',#7053);
#1359=VERTEX_POINT('',#7054);
#1360=VERTEX_POINT('',#7056);
#1361=VERTEX_POINT('',#7061);
#1362=VERTEX_POINT('',#7114);
#1363=VERTEX_POINT('',#7118);
#1364=VERTEX_POINT('',#7122);
#1365=VERTEX_POINT('',#7127);
#1366=VERTEX_POINT('',#7129);
#1367=VERTEX_POINT('',#7133);
#1368=VERTEX_POINT('',#7134);
#1369=VERTEX_POINT('',#7139);
#1370=VERTEX_POINT('',#7141);
#1371=VERTEX_POINT('',#7149);
#1372=VERTEX_POINT('',#7153);
#1373=VERTEX_POINT('',#7154);
#1374=VERTEX_POINT('',#7156);
#1375=VERTEX_POINT('',#7158);
#1376=VERTEX_POINT('',#7163);
#1377=VERTEX_POINT('',#7238);
#1378=VERTEX_POINT('',#7239);
#1379=VERTEX_POINT('',#7244);
#1380=VERTEX_POINT('',#7255);
#1381=VERTEX_POINT('',#7269);
#1382=VERTEX_POINT('',#7271);
#1383=VERTEX_POINT('',#7280);
#1384=VERTEX_POINT('',#7303);
#1385=VERTEX_POINT('',#7383);
#1386=VERTEX_POINT('',#7390);
#1387=VERTEX_POINT('',#7487);
#1388=VERTEX_POINT('',#7488);
#1389=VERTEX_POINT('',#7493);
#1390=VERTEX_POINT('',#7498);
#1391=VERTEX_POINT('',#7508);
#1392=VERTEX_POINT('',#7509);
#1393=VERTEX_POINT('',#7588);
#1394=VERTEX_POINT('',#7589);
#1395=VERTEX_POINT('',#7701);
#1396=VERTEX_POINT('',#7702);
#1397=VERTEX_POINT('',#7725);
#1398=VERTEX_POINT('',#7736);
#1399=VERTEX_POINT('',#7748);
#1400=VERTEX_POINT('',#7749);
#1401=VERTEX_POINT('',#7751);
#1402=VERTEX_POINT('',#7753);
#1403=VERTEX_POINT('',#7826);
#1404=VERTEX_POINT('',#7827);
#1405=VERTEX_POINT('',#7832);
#1406=VERTEX_POINT('',#7901);
#1407=VERTEX_POINT('',#7904);
#1408=VERTEX_POINT('',#7909);
#1409=VERTEX_POINT('',#7910);
#1410=VERTEX_POINT('',#7912);
#1411=VERTEX_POINT('',#7917);
#1412=VERTEX_POINT('',#7990);
#1413=VERTEX_POINT('',#8009);
#1414=VERTEX_POINT('',#8013);
#1415=VERTEX_POINT('',#8014);
#1416=VERTEX_POINT('',#8022);
#1417=VERTEX_POINT('',#8024);
#1418=VERTEX_POINT('',#8103);
#1419=VERTEX_POINT('',#8108);
#1420=VERTEX_POINT('',#8202);
#1421=VERTEX_POINT('',#8208);
#1422=VERTEX_POINT('',#8210);
#1423=VERTEX_POINT('',#8214);
#1424=VERTEX_POINT('',#8219);
#1425=VERTEX_POINT('',#8220);
#1426=VERTEX_POINT('',#8225);
#1427=VERTEX_POINT('',#8229);
#1428=VERTEX_POINT('',#8233);
#1429=VERTEX_POINT('',#8234);
#1430=VERTEX_POINT('',#8239);
#1431=VERTEX_POINT('',#8240);
#1432=VERTEX_POINT('',#8245);
#1433=VERTEX_POINT('',#8253);
#1434=VERTEX_POINT('',#8264);
#1435=VERTEX_POINT('',#8269);
#1436=VERTEX_POINT('',#8270);
#1437=VERTEX_POINT('',#8352);
#1438=VERTEX_POINT('',#8353);
#1439=VERTEX_POINT('',#8358);
#1440=VERTEX_POINT('',#8359);
#1441=VERTEX_POINT('',#8362);
#1442=VERTEX_POINT('',#8366);
#1443=VERTEX_POINT('',#8368);
#1444=VERTEX_POINT('',#8372);
#1445=VERTEX_POINT('',#8377);
#1446=VERTEX_POINT('',#8379);
#1447=VERTEX_POINT('',#8386);
#1448=VERTEX_POINT('',#8388);
#1449=VERTEX_POINT('',#8395);
#1450=VERTEX_POINT('',#8426);
#1451=VERTEX_POINT('',#8430);
#1452=VERTEX_POINT('',#8432);
#1453=VERTEX_POINT('',#8437);
#1454=VERTEX_POINT('',#8441);
#1455=VERTEX_POINT('',#8445);
#1456=VERTEX_POINT('',#8447);
#1457=VERTEX_POINT('',#8451);
#1458=VERTEX_POINT('',#8453);
#1459=VERTEX_POINT('',#8457);
#1460=VERTEX_POINT('',#8458);
#1461=VERTEX_POINT('',#8463);
#1462=VERTEX_POINT('',#8468);
#1463=VERTEX_POINT('',#8472);
#1464=VERTEX_POINT('',#8474);
#1465=VERTEX_POINT('',#8478);
#1466=VERTEX_POINT('',#8498);
#1467=VERTEX_POINT('',#8522);
#1468=VERTEX_POINT('',#8528);
#1469=VERTEX_POINT('',#8530);
#1470=VERTEX_POINT('',#8555);
#1471=VERTEX_POINT('',#8557);
#1472=VERTEX_POINT('',#8574);
#1473=VERTEX_POINT('',#8575);
#1474=VERTEX_POINT('',#9011);
#1475=VERTEX_POINT('',#9085);
#1476=VERTEX_POINT('',#9086);
#1477=VERTEX_POINT('',#9093);
#1478=VERTEX_POINT('',#9109);
#1479=VERTEX_POINT('',#9111);
#1480=VERTEX_POINT('',#9122);
#1481=VERTEX_POINT('',#9208);
#1482=VERTEX_POINT('',#9209);
#1483=VERTEX_POINT('',#9214);
#1484=VERTEX_POINT('',#9216);
#1485=VERTEX_POINT('',#9292);
#1486=VERTEX_POINT('',#9302);
#1487=VERTEX_POINT('',#9384);
#1488=VERTEX_POINT('',#9385);
#1489=VERTEX_POINT('',#9387);
#1490=VERTEX_POINT('',#9389);
#1491=VERTEX_POINT('',#9393);
#1492=VERTEX_POINT('',#9395);
#1493=VERTEX_POINT('',#9400);
#1494=VERTEX_POINT('',#9402);
#1495=VERTEX_POINT('',#9409);
#1496=VERTEX_POINT('',#9449);
#1497=VERTEX_POINT('',#9677);
#1498=VERTEX_POINT('',#9678);
#1499=VERTEX_POINT('',#9692);
#1500=VERTEX_POINT('',#9730);
#1501=VERTEX_POINT('',#9735);
#1502=VERTEX_POINT('',#9774);
#1503=VERTEX_POINT('',#9822);
#1504=VERTEX_POINT('',#9823);
#1505=VERTEX_POINT('',#9864);
#1506=VERTEX_POINT('',#10097);
#1507=VERTEX_POINT('',#10267);
#1508=VERTEX_POINT('',#10268);
#1509=VERTEX_POINT('',#10275);
#1510=VERTEX_POINT('',#10284);
#1511=VERTEX_POINT('',#10292);
#1512=VERTEX_POINT('',#10310);
#1513=VERTEX_POINT('',#10312);
#1514=VERTEX_POINT('',#10319);
#1515=VERTEX_POINT('',#10328);
#1516=VERTEX_POINT('',#10339);
#1517=VERTEX_POINT('',#10723);
#1518=VERTEX_POINT('',#10724);
#1519=VERTEX_POINT('',#10731);
#1520=VERTEX_POINT('',#10745);
#1521=VERTEX_POINT('',#10747);
#1522=VERTEX_POINT('',#10751);
#1523=VERTEX_POINT('',#10753);
#1524=VERTEX_POINT('',#10755);
#1525=VERTEX_POINT('',#10766);
#1526=VERTEX_POINT('',#10773);
#1527=VERTEX_POINT('',#10962);
#1528=VERTEX_POINT('',#10963);
#1529=VERTEX_POINT('',#10965);
#1530=VERTEX_POINT('',#10967);
#1531=VERTEX_POINT('',#10972);
#1532=VERTEX_POINT('',#10974);
#1533=VERTEX_POINT('',#11050);
#1534=VERTEX_POINT('',#11051);
#1535=VERTEX_POINT('',#11142);
#1536=VERTEX_POINT('',#11143);
#1537=VERTEX_POINT('',#11278);
#1538=VERTEX_POINT('',#11282);
#1539=EDGE_CURVE('',#1209,#1210,#601,.T.);
#1540=EDGE_CURVE('',#1210,#1209,#588,.T.);
#1541=EDGE_CURVE('',#1211,#1212,#589,.T.);
#1542=EDGE_CURVE('',#1210,#1212,#226,.T.);
#1543=EDGE_CURVE('',#1211,#1209,#227,.T.);
#1544=EDGE_CURVE('',#1212,#1213,#602,.T.);
#1545=EDGE_CURVE('',#1214,#1213,#59,.T.);
#1546=EDGE_CURVE('',#1214,#1215,#603,.T.);
#1547=EDGE_CURVE('',#1215,#1216,#604,.T.);
#1548=EDGE_CURVE('',#1216,#1217,#605,.T.);
#1549=EDGE_CURVE('',#1218,#1217,#60,.T.);
#1550=EDGE_CURVE('',#1218,#1211,#606,.T.);
#1551=EDGE_CURVE('',#1219,#1218,#61,.T.);
#1552=EDGE_CURVE('',#1217,#1220,#62,.T.);
#1553=EDGE_CURVE('',#1220,#1219,#63,.T.);
#1554=EDGE_CURVE('',#1216,#1221,#607,.T.);
#1555=EDGE_CURVE('',#1220,#1221,#608,.T.);
#1556=EDGE_CURVE('',#1221,#1222,#609,.T.);
#1557=EDGE_CURVE('',#1222,#1223,#610,.T.);
#1558=EDGE_CURVE('',#1224,#1223,#64,.T.);
#1559=EDGE_CURVE('',#1224,#1219,#611,.T.);
#1560=EDGE_CURVE('',#1223,#1214,#65,.T.);
#1561=EDGE_CURVE('',#1213,#1225,#66,.T.);
#1562=EDGE_CURVE('',#1225,#1226,#67,.T.);
#1563=EDGE_CURVE('',#1226,#1224,#68,.T.);
#1564=EDGE_CURVE('',#1222,#1215,#612,.T.);
#1565=EDGE_CURVE('',#1227,#1228,#613,.T.);
#1566=EDGE_CURVE('',#1227,#1229,#614,.T.);
#1567=EDGE_CURVE('',#1230,#1229,#615,.T.);
#1568=EDGE_CURVE('',#1228,#1230,#616,.T.);
#1569=EDGE_CURVE('',#1231,#1232,#617,.T.);
#1570=EDGE_CURVE('',#1233,#1231,#618,.T.);
#1571=EDGE_CURVE('',#1234,#1233,#619,.T.);
#1572=EDGE_CURVE('',#1235,#1234,#69,.T.);
#1573=EDGE_CURVE('',#1236,#1235,#620,.T.);
#1574=EDGE_CURVE('',#1237,#1236,#621,.T.);
#1575=EDGE_CURVE('',#1238,#1237,#622,.T.);
#1576=EDGE_CURVE('',#1239,#1238,#70,.T.);
#1577=EDGE_CURVE('',#1229,#1239,#623,.T.);
#1578=EDGE_CURVE('',#1240,#1227,#624,.T.);
#1579=EDGE_CURVE('',#1232,#1240,#625,.T.);
#1580=EDGE_CURVE('',#1241,#1231,#626,.T.);
#1581=EDGE_CURVE('',#1242,#1241,#627,.T.);
#1582=EDGE_CURVE('',#1233,#1242,#628,.T.);
#1583=EDGE_CURVE('',#1240,#1243,#629,.T.);
#1584=EDGE_CURVE('',#1244,#1243,#630,.T.);
#1585=EDGE_CURVE('',#1232,#1244,#631,.T.);
#1586=EDGE_CURVE('',#1245,#1228,#632,.T.);
#1587=EDGE_CURVE('',#1245,#1246,#633,.T.);
#1588=EDGE_CURVE('',#1246,#1247,#634,.T.);
#1589=EDGE_CURVE('',#1247,#1248,#635,.T.);
#1590=EDGE_CURVE('',#1243,#1248,#636,.T.);
#1591=EDGE_CURVE('',#1249,#1239,#71,.T.);
#1592=EDGE_CURVE('',#1250,#1249,#637,.T.);
#1593=EDGE_CURVE('',#1250,#1230,#638,.T.);
#1594=EDGE_CURVE('',#1236,#1251,#639,.T.);
#1595=EDGE_CURVE('',#1252,#1251,#640,.T.);
#1596=EDGE_CURVE('',#1237,#1252,#641,.T.);
#1597=EDGE_CURVE('',#1253,#1254,#72,.T.);
#1598=EDGE_CURVE('',#1254,#1255,#73,.T.);
#1599=EDGE_CURVE('',#1255,#1256,#74,.T.);
#1600=EDGE_CURVE('',#1256,#1257,#75,.T.);
#1601=EDGE_CURVE('',#1257,#1258,#76,.T.);
#1602=EDGE_CURVE('',#1258,#1259,#77,.T.);
#1603=EDGE_CURVE('',#1259,#1260,#78,.T.);
#1604=EDGE_CURVE('',#1260,#1261,#79,.T.);
#1605=EDGE_CURVE('',#1261,#1262,#80,.T.);
#1606=EDGE_CURVE('',#1262,#1253,#81,.T.);
#1607=EDGE_CURVE('',#1263,#1264,#82,.T.);
#1608=EDGE_CURVE('',#1263,#1265,#642,.T.);
#1609=EDGE_CURVE('',#1265,#1266,#643,.T.);
#1610=EDGE_CURVE('',#1266,#1267,#644,.T.);
#1611=EDGE_CURVE('',#1267,#1268,#645,.T.);
#1612=EDGE_CURVE('',#1268,#1269,#646,.T.);
#1613=EDGE_CURVE('',#1270,#1269,#83,.T.);
#1614=EDGE_CURVE('',#1264,#1270,#84,.T.);
#1615=EDGE_CURVE('',#1271,#1244,#647,.T.);
#1616=EDGE_CURVE('',#1272,#1248,#648,.T.);
#1617=EDGE_CURVE('',#1272,#1273,#649,.T.);
#1618=EDGE_CURVE('',#1274,#1273,#85,.T.);
#1619=EDGE_CURVE('',#1275,#1274,#650,.T.);
#1620=EDGE_CURVE('',#1276,#1275,#86,.T.);
#1621=EDGE_CURVE('',#1276,#1277,#651,.T.);
#1622=EDGE_CURVE('',#1278,#1277,#87,.T.);
#1623=EDGE_CURVE('',#1279,#1278,#652,.T.);
#1624=EDGE_CURVE('',#1271,#1279,#653,.T.);
#1625=EDGE_CURVE('',#1280,#1281,#654,.T.);
#1626=EDGE_CURVE('',#1282,#1280,#88,.T.);
#1627=EDGE_CURVE('',#1283,#1282,#655,.T.);
#1628=EDGE_CURVE('',#1281,#1283,#89,.T.);
#1629=EDGE_CURVE('',#1284,#1285,#656,.T.);
#1630=EDGE_CURVE('',#1286,#1284,#590,.T.);
#1631=EDGE_CURVE('',#1287,#1286,#591,.T.);
#1632=EDGE_CURVE('',#1288,#1287,#657,.T.);
#1633=EDGE_CURVE('',#1289,#1288,#90,.T.);
#1634=EDGE_CURVE('',#1289,#1290,#658,.T.);
#1635=EDGE_CURVE('',#1290,#1291,#659,.T.);
#1636=EDGE_CURVE('',#1291,#1292,#660,.T.);
#1637=EDGE_CURVE('',#1292,#1293,#661,.T.);
#1638=EDGE_CURVE('',#1293,#1294,#662,.T.);
#1639=EDGE_CURVE('',#1285,#1294,#91,.T.);
#1640=EDGE_CURVE('',#1252,#1295,#663,.T.);
#1641=EDGE_CURVE('',#1295,#1296,#664,.T.);
#1642=EDGE_CURVE('',#1296,#1238,#92,.T.);
#1643=EDGE_CURVE('',#1297,#1298,#665,.T.);
#1644=EDGE_CURVE('',#1298,#1299,#666,.T.);
#1645=EDGE_CURVE('',#1299,#1300,#667,.T.);
#1646=EDGE_CURVE('',#1300,#1297,#668,.T.);
#1647=EDGE_CURVE('',#1262,#1301,#669,.T.);
#1648=EDGE_CURVE('',#1301,#1302,#670,.T.);
#1649=EDGE_CURVE('',#1302,#1303,#671,.T.);
#1650=EDGE_CURVE('',#1303,#1304,#672,.T.);
#1651=EDGE_CURVE('',#1304,#1255,#673,.T.);
#1652=EDGE_CURVE('',#1305,#1235,#93,.T.);
#1653=EDGE_CURVE('',#1306,#1305,#94,.T.);
#1654=EDGE_CURVE('',#1307,#1306,#95,.T.);
#1655=EDGE_CURVE('',#1308,#1307,#96,.T.);
#1656=EDGE_CURVE('',#1309,#1308,#97,.T.);
#1657=EDGE_CURVE('',#1310,#1309,#98,.T.);
#1658=EDGE_CURVE('',#1311,#1310,#99,.T.);
#1659=EDGE_CURVE('',#1312,#1311,#674,.T.);
#1660=EDGE_CURVE('',#1251,#1312,#675,.T.);
#1661=EDGE_CURVE('',#1313,#1314,#676,.T.);
#1662=EDGE_CURVE('',#1315,#1313,#677,.T.);
#1663=EDGE_CURVE('',#1316,#1315,#678,.T.);
#1664=EDGE_CURVE('',#1314,#1316,#679,.T.);
#1665=EDGE_CURVE('',#1317,#1318,#680,.T.);
#1666=EDGE_CURVE('',#1319,#1318,#681,.T.);
#1667=EDGE_CURVE('',#1320,#1319,#682,.T.);
#1668=EDGE_CURVE('',#1317,#1320,#683,.T.);
#1669=EDGE_CURVE('',#1321,#1322,#684,.T.);
#1670=EDGE_CURVE('',#1323,#1322,#685,.T.);
#1671=EDGE_CURVE('',#1324,#1323,#686,.T.);
#1672=EDGE_CURVE('',#1324,#1321,#687,.T.);
#1673=EDGE_CURVE('',#1294,#1325,#100,.T.);
#1674=EDGE_CURVE('',#1325,#1285,#101,.T.);
#1675=EDGE_CURVE('',#1288,#1326,#102,.T.);
#1676=EDGE_CURVE('',#1326,#1289,#103,.T.);
#1677=EDGE_CURVE('',#1327,#1328,#688,.T.);
#1678=EDGE_CURVE('',#1329,#1327,#104,.T.);
#1679=EDGE_CURVE('',#1322,#1329,#689,.T.);
#1680=EDGE_CURVE('',#1330,#1321,#690,.T.);
#1681=EDGE_CURVE('',#1328,#1330,#691,.T.);
#1682=EDGE_CURVE('',#1331,#1329,#105,.T.);
#1683=EDGE_CURVE('',#1323,#1331,#692,.T.);
#1684=EDGE_CURVE('',#1332,#1324,#693,.T.);
#1685=EDGE_CURVE('',#1333,#1331,#106,.T.);
#1686=EDGE_CURVE('',#1333,#1334,#694,.T.);
#1687=EDGE_CURVE('',#1332,#1334,#107,.T.);
#1688=EDGE_CURVE('',#1319,#1335,#695,.T.);
#1689=EDGE_CURVE('',#1280,#1335,#108,.T.);
#1690=EDGE_CURVE('',#1336,#1281,#109,.T.);
#1691=EDGE_CURVE('',#1336,#1320,#696,.T.);
#1692=EDGE_CURVE('',#1337,#1317,#697,.T.);
#1693=EDGE_CURVE('',#1337,#1336,#110,.T.);
#1694=EDGE_CURVE('',#1318,#1338,#698,.T.);
#1695=EDGE_CURVE('',#1339,#1337,#111,.T.);
#1696=EDGE_CURVE('',#1339,#1340,#699,.T.);
#1697=EDGE_CURVE('',#1338,#1340,#700,.T.);
#1698=EDGE_CURVE('',#1338,#1341,#701,.T.);
#1699=EDGE_CURVE('',#1340,#1342,#702,.T.);
#1700=EDGE_CURVE('',#1342,#1341,#703,.T.);
#1701=EDGE_CURVE('',#1343,#1344,#704,.T.);
#1702=EDGE_CURVE('',#1335,#1343,#112,.T.);
#1703=EDGE_CURVE('',#1344,#1341,#705,.T.);
#1704=EDGE_CURVE('',#1344,#1345,#592,.T.);
#1705=EDGE_CURVE('',#1345,#1346,#706,.T.);
#1706=EDGE_CURVE('',#1346,#1343,#113,.F.);
#1707=EDGE_CURVE('',#1347,#1345,#707,.T.);
#1708=EDGE_CURVE('',#1348,#1347,#708,.T.);
#1709=EDGE_CURVE('',#1346,#1348,#114,.T.);
#1710=EDGE_CURVE('',#1348,#1349,#115,.T.);
#1711=EDGE_CURVE('',#1349,#1350,#116,.T.);
#1712=EDGE_CURVE('',#1350,#1282,#117,.T.);
#1713=EDGE_CURVE('',#1351,#1352,#118,.T.);
#1714=EDGE_CURVE('',#1352,#1353,#119,.T.);
#1715=EDGE_CURVE('',#1353,#1351,#120,.T.);
#1716=EDGE_CURVE('',#1354,#1355,#709,.T.);
#1717=EDGE_CURVE('',#1356,#1354,#710,.T.);
#1718=EDGE_CURVE('',#1356,#1330,#711,.T.);
#1719=EDGE_CURVE('',#1355,#1332,#121,.T.);
#1720=EDGE_CURVE('',#1357,#1328,#712,.T.);
#1721=EDGE_CURVE('',#1356,#1357,#713,.T.);
#1722=EDGE_CURVE('',#1358,#1359,#714,.T.);
#1723=EDGE_CURVE('',#1360,#1358,#122,.T.);
#1724=EDGE_CURVE('',#1361,#1360,#715,.T.);
#1725=EDGE_CURVE('',#1359,#1361,#716,.T.);
#1726=EDGE_CURVE('',#1359,#1354,#593,.T.);
#1727=EDGE_CURVE('',#1355,#1358,#123,.F.);
#1728=EDGE_CURVE('',#1258,#1259,#717,.T.);
#1729=EDGE_CURVE('',#1260,#1257,#718,.T.);
#1730=EDGE_CURVE('',#1304,#1362,#719,.T.);
#1731=EDGE_CURVE('',#1256,#1362,#720,.T.);
#1732=EDGE_CURVE('',#1363,#1290,#721,.T.);
#1733=EDGE_CURVE('',#1363,#1326,#722,.T.);
#1734=EDGE_CURVE('',#1293,#1364,#723,.T.);
#1735=EDGE_CURVE('',#1325,#1364,#724,.T.);
#1736=EDGE_CURVE('',#1287,#1284,#228,.T.);
#1737=EDGE_CURVE('',#1364,#1365,#725,.T.);
#1738=EDGE_CURVE('',#1365,#1366,#726,.T.);
#1739=EDGE_CURVE('',#1366,#1363,#727,.T.);
#1740=EDGE_CURVE('',#1367,#1368,#728,.T.);
#1741=EDGE_CURVE('',#1366,#1367,#729,.T.);
#1742=EDGE_CURVE('',#1365,#1368,#730,.T.);
#1743=EDGE_CURVE('',#1368,#1369,#731,.T.);
#1744=EDGE_CURVE('',#1369,#1370,#732,.T.);
#1745=EDGE_CURVE('',#1283,#1370,#124,.T.);
#1746=EDGE_CURVE('',#1350,#1371,#733,.T.);
#1747=EDGE_CURVE('',#1371,#1367,#734,.T.);
#1748=EDGE_CURVE('',#1372,#1373,#735,.T.);
#1749=EDGE_CURVE('',#1374,#1372,#736,.T.);
#1750=EDGE_CURVE('',#1375,#1374,#737,.T.);
#1751=EDGE_CURVE('',#1375,#1373,#738,.T.);
#1752=EDGE_CURVE('',#1362,#1375,#739,.T.);
#1753=EDGE_CURVE('',#1374,#1376,#740,.T.);
#1754=EDGE_CURVE('',#1376,#1261,#741,.T.);
#1755=EDGE_CURVE('',#1376,#1301,#742,.T.);
#1756=EDGE_CURVE('',#1377,#1378,#125,.T.);
#1757=EDGE_CURVE('',#1378,#1379,#126,.T.);
#1758=EDGE_CURVE('',#1379,#1380,#127,.T.);
#1759=EDGE_CURVE('',#1380,#1377,#128,.T.);
#1760=EDGE_CURVE('',#1381,#1379,#743,.T.);
#1761=EDGE_CURVE('',#1382,#1381,#129,.T.);
#1762=EDGE_CURVE('',#1382,#1380,#744,.T.);
#1763=EDGE_CURVE('',#1334,#1383,#130,.T.);
#1764=EDGE_CURVE('',#1384,#1333,#131,.T.);
#1765=EDGE_CURVE('',#1383,#1384,#745,.T.);
#1766=EDGE_CURVE('',#1383,#1385,#132,.T.);
#1767=EDGE_CURVE('',#1385,#1386,#133,.T.);
#1768=EDGE_CURVE('',#1386,#1360,#134,.T.);
#1769=EDGE_CURVE('',#1387,#1388,#135,.T.);
#1770=EDGE_CURVE('',#1388,#1389,#136,.T.);
#1771=EDGE_CURVE('',#1389,#1390,#137,.T.);
#1772=EDGE_CURVE('',#1390,#1387,#138,.T.);
#1773=EDGE_CURVE('',#1391,#1392,#139,.T.);
#1774=EDGE_CURVE('',#1391,#1390,#746,.T.);
#1775=EDGE_CURVE('',#1389,#1392,#747,.T.);
#1776=EDGE_CURVE('',#1393,#1394,#140,.T.);
#1777=EDGE_CURVE('',#1394,#1391,#141,.T.);
#1778=EDGE_CURVE('',#1392,#1393,#142,.T.);
#1779=EDGE_CURVE('',#1395,#1396,#143,.T.);
#1780=EDGE_CURVE('',#1396,#1397,#144,.T.);
#1781=EDGE_CURVE('',#1397,#1382,#145,.T.);
#1782=EDGE_CURVE('',#1381,#1398,#146,.T.);
#1783=EDGE_CURVE('',#1398,#1395,#147,.T.);
#1784=EDGE_CURVE('',#1399,#1400,#748,.T.);
#1785=EDGE_CURVE('',#1401,#1400,#749,.T.);
#1786=EDGE_CURVE('',#1401,#1402,#750,.T.);
#1787=EDGE_CURVE('',#1399,#1402,#751,.T.);
#1788=EDGE_CURVE('',#1403,#1404,#148,.T.);
#1789=EDGE_CURVE('',#1404,#1405,#149,.T.);
#1790=EDGE_CURVE('',#1405,#1403,#150,.T.);
#1791=EDGE_CURVE('',#1404,#1406,#752,.T.);
#1792=EDGE_CURVE('',#1406,#1372,#753,.T.);
#1793=EDGE_CURVE('',#1373,#1407,#754,.T.);
#1794=EDGE_CURVE('',#1407,#1353,#755,.T.);
#1795=EDGE_CURVE('',#1352,#1405,#756,.T.);
#1796=EDGE_CURVE('',#1408,#1409,#757,.T.);
#1797=EDGE_CURVE('',#1410,#1409,#151,.T.);
#1798=EDGE_CURVE('',#1410,#1411,#758,.T.);
#1799=EDGE_CURVE('',#1411,#1408,#759,.T.);
#1800=EDGE_CURVE('',#1409,#1412,#152,.T.);
#1801=EDGE_CURVE('',#1412,#1410,#153,.T.);
#1802=EDGE_CURVE('',#1412,#1413,#760,.T.);
#1803=EDGE_CURVE('',#1413,#1411,#761,.T.);
#1804=EDGE_CURVE('',#1414,#1415,#762,.T.);
#1805=EDGE_CURVE('',#1370,#1415,#154,.T.);
#1806=EDGE_CURVE('',#1369,#1414,#763,.T.);
#1807=EDGE_CURVE('',#1279,#1416,#764,.T.);
#1808=EDGE_CURVE('',#1416,#1417,#765,.T.);
#1809=EDGE_CURVE('',#1271,#1417,#766,.T.);
#1810=EDGE_CURVE('',#1327,#1278,#155,.T.);
#1811=EDGE_CURVE('',#1416,#1357,#767,.T.);
#1812=EDGE_CURVE('',#1277,#1418,#156,.T.);
#1813=EDGE_CURVE('',#1418,#1419,#157,.T.);
#1814=EDGE_CURVE('',#1419,#1384,#158,.T.);
#1815=EDGE_CURVE('',#1415,#1274,#159,.T.);
#1816=EDGE_CURVE('',#1273,#1339,#160,.T.);
#1817=EDGE_CURVE('',#1420,#1272,#768,.T.);
#1818=EDGE_CURVE('',#1420,#1342,#769,.T.);
#1819=EDGE_CURVE('',#1420,#1247,#770,.T.);
#1820=EDGE_CURVE('',#1402,#1421,#771,.T.);
#1821=EDGE_CURVE('',#1422,#1401,#772,.T.);
#1822=EDGE_CURVE('',#1422,#1421,#773,.T.);
#1823=EDGE_CURVE('',#1421,#1423,#774,.T.);
#1824=EDGE_CURVE('',#1423,#1377,#775,.T.);
#1825=EDGE_CURVE('',#1397,#1399,#776,.T.);
#1826=EDGE_CURVE('',#1424,#1425,#777,.T.);
#1827=EDGE_CURVE('',#1425,#1361,#778,.T.);
#1828=EDGE_CURVE('',#1386,#1424,#779,.T.);
#1829=EDGE_CURVE('',#1246,#1426,#780,.T.);
#1830=EDGE_CURVE('',#1347,#1426,#781,.T.);
#1831=EDGE_CURVE('',#1426,#1427,#782,.T.);
#1832=EDGE_CURVE('',#1427,#1349,#783,.T.);
#1833=EDGE_CURVE('',#1428,#1429,#594,.T.);
#1834=EDGE_CURVE('',#1428,#1371,#784,.T.);
#1835=EDGE_CURVE('',#1427,#1429,#785,.T.);
#1836=EDGE_CURVE('',#1430,#1431,#595,.T.);
#1837=EDGE_CURVE('',#1431,#1428,#786,.T.);
#1838=EDGE_CURVE('',#1429,#1430,#787,.T.);
#1839=EDGE_CURVE('',#1430,#1432,#788,.T.);
#1840=EDGE_CURVE('',#1351,#1432,#789,.T.);
#1841=EDGE_CURVE('',#1407,#1431,#790,.T.);
#1842=EDGE_CURVE('',#1432,#1422,#791,.T.);
#1843=EDGE_CURVE('',#1400,#1403,#792,.T.);
#1844=EDGE_CURVE('',#1425,#1433,#793,.T.);
#1845=EDGE_CURVE('',#1433,#1417,#794,.T.);
#1846=EDGE_CURVE('',#1299,#1303,#795,.T.);
#1847=EDGE_CURVE('',#1300,#1302,#796,.T.);
#1848=EDGE_CURVE('',#1298,#1291,#797,.T.);
#1849=EDGE_CURVE('',#1297,#1292,#798,.T.);
#1850=EDGE_CURVE('',#1406,#1434,#799,.T.);
#1851=EDGE_CURVE('',#1434,#1408,#800,.T.);
#1852=EDGE_CURVE('',#1413,#1414,#801,.T.);
#1853=EDGE_CURVE('',#1435,#1436,#161,.T.);
#1854=EDGE_CURVE('',#1435,#1436,#802,.T.);
#1855=EDGE_CURVE('',#1437,#1438,#803,.T.);
#1856=EDGE_CURVE('',#1394,#1438,#804,.T.);
#1857=EDGE_CURVE('',#1437,#1393,#805,.T.);
#1858=EDGE_CURVE('',#1439,#1440,#596,.T.);
#1859=EDGE_CURVE('',#1439,#1424,#806,.T.);
#1860=EDGE_CURVE('',#1441,#1385,#807,.T.);
#1861=EDGE_CURVE('',#1441,#1440,#808,.T.);
#1862=EDGE_CURVE('',#1440,#1442,#809,.T.);
#1863=EDGE_CURVE('',#1442,#1443,#597,.T.);
#1864=EDGE_CURVE('',#1439,#1443,#810,.T.);
#1865=EDGE_CURVE('',#1442,#1444,#811,.T.);
#1866=EDGE_CURVE('',#1378,#1444,#812,.T.);
#1867=EDGE_CURVE('',#1423,#1443,#813,.T.);
#1868=EDGE_CURVE('',#1445,#1265,#814,.T.);
#1869=EDGE_CURVE('',#1446,#1263,#162,.T.);
#1870=EDGE_CURVE('',#1445,#1446,#815,.T.);
#1871=EDGE_CURVE('',#1268,#1447,#816,.T.);
#1872=EDGE_CURVE('',#1448,#1447,#817,.T.);
#1873=EDGE_CURVE('',#1269,#1448,#163,.T.);
#1874=EDGE_CURVE('',#1449,#1445,#818,.T.);
#1875=EDGE_CURVE('',#1436,#1446,#164,.T.);
#1876=EDGE_CURVE('',#1448,#1435,#165,.T.);
#1877=EDGE_CURVE('',#1447,#1450,#819,.T.);
#1878=EDGE_CURVE('',#1450,#1449,#820,.T.);
#1879=EDGE_CURVE('',#1451,#1450,#821,.T.);
#1880=EDGE_CURVE('',#1452,#1451,#822,.T.);
#1881=EDGE_CURVE('',#1452,#1449,#823,.T.);
#1882=EDGE_CURVE('',#1444,#1452,#824,.T.);
#1883=EDGE_CURVE('',#1451,#1453,#825,.T.);
#1884=EDGE_CURVE('',#1453,#1398,#826,.T.);
#1885=EDGE_CURVE('',#1454,#1395,#827,.T.);
#1886=EDGE_CURVE('',#1453,#1454,#828,.T.);
#1887=EDGE_CURVE('',#1418,#1455,#829,.T.);
#1888=EDGE_CURVE('',#1455,#1456,#830,.T.);
#1889=EDGE_CURVE('',#1419,#1456,#831,.T.);
#1890=EDGE_CURVE('',#1456,#1457,#832,.T.);
#1891=EDGE_CURVE('',#1457,#1458,#833,.T.);
#1892=EDGE_CURVE('',#1458,#1441,#834,.T.);
#1893=EDGE_CURVE('',#1459,#1460,#835,.T.);
#1894=EDGE_CURVE('',#1458,#1459,#836,.T.);
#1895=EDGE_CURVE('',#1457,#1460,#837,.T.);
#1896=EDGE_CURVE('',#1460,#1461,#838,.T.);
#1897=EDGE_CURVE('',#1461,#1387,#839,.T.);
#1898=EDGE_CURVE('',#1438,#1459,#840,.T.);
#1899=EDGE_CURVE('',#1461,#1462,#841,.T.);
#1900=EDGE_CURVE('',#1388,#1462,#842,.T.);
#1901=EDGE_CURVE('',#1462,#1463,#843,.T.);
#1902=EDGE_CURVE('',#1463,#1464,#844,.T.);
#1903=EDGE_CURVE('',#1464,#1437,#845,.T.);
#1904=EDGE_CURVE('',#1465,#1276,#166,.T.);
#1905=EDGE_CURVE('',#1465,#1396,#846,.T.);
#1906=EDGE_CURVE('',#1455,#1454,#847,.T.);
#1907=EDGE_CURVE('',#1466,#1465,#167,.T.);
#1908=EDGE_CURVE('',#1466,#1434,#848,.T.);
#1909=EDGE_CURVE('',#1275,#1466,#168,.T.);
#1910=EDGE_CURVE('',#1467,#1245,#849,.T.);
#1911=EDGE_CURVE('',#1467,#1433,#850,.T.);
#1912=EDGE_CURVE('',#1241,#1467,#851,.T.);
#1913=EDGE_CURVE('',#1242,#1468,#852,.T.);
#1914=EDGE_CURVE('',#1469,#1468,#853,.T.);
#1915=EDGE_CURVE('',#1234,#1469,#169,.T.);
#1916=EDGE_CURVE('',#1468,#1470,#598,.T.);
#1917=EDGE_CURVE('',#1470,#1471,#854,.T.);
#1918=EDGE_CURVE('',#1471,#1469,#170,.F.);
#1919=EDGE_CURVE('',#1472,#1473,#855,.T.);
#1920=EDGE_CURVE('',#1471,#1472,#171,.T.);
#1921=EDGE_CURVE('',#1470,#1473,#856,.T.);
#1922=EDGE_CURVE('',#1473,#1250,#599,.T.);
#1923=EDGE_CURVE('',#1249,#1472,#172,.F.);
#1924=EDGE_CURVE('',#1267,#1313,#857,.T.);
#1925=EDGE_CURVE('',#1266,#1315,#858,.T.);
#1926=EDGE_CURVE('',#1464,#1316,#859,.T.);
#1927=EDGE_CURVE('',#1463,#1314,#860,.T.);
#1928=EDGE_CURVE('',#1296,#1311,#173,.T.);
#1929=EDGE_CURVE('',#1295,#1312,#861,.T.);
#1930=EDGE_CURVE('',#1474,#1474,#600,.T.);
#1931=EDGE_CURVE('',#1286,#1474,#862,.T.);
#1932=EDGE_CURVE('',#1475,#1476,#174,.T.);
#1933=EDGE_CURVE('',#1476,#1477,#175,.T.);
#1934=EDGE_CURVE('',#1477,#1475,#176,.T.);
#1935=EDGE_CURVE('',#1475,#1478,#863,.T.);
#1936=EDGE_CURVE('',#1479,#1478,#177,.T.);
#1937=EDGE_CURVE('',#1479,#1476,#864,.T.);
#1938=EDGE_CURVE('',#1480,#1479,#178,.T.);
#1939=EDGE_CURVE('',#1477,#1480,#865,.T.);
#1940=EDGE_CURVE('',#1478,#1480,#179,.T.);
#1941=EDGE_CURVE('',#1481,#1482,#180,.T.);
#1942=EDGE_CURVE('',#1483,#1481,#866,.T.);
#1943=EDGE_CURVE('',#1484,#1483,#181,.T.);
#1944=EDGE_CURVE('',#1484,#1482,#867,.T.);
#1945=EDGE_CURVE('',#1482,#1485,#182,.T.);
#1946=EDGE_CURVE('',#1485,#1481,#183,.T.);
#1947=EDGE_CURVE('',#1485,#1486,#868,.T.);
#1948=EDGE_CURVE('',#1483,#1486,#184,.T.);
#1949=EDGE_CURVE('',#1486,#1484,#185,.T.);
#1950=EDGE_CURVE('',#1487,#1488,#869,.T.);
#1951=EDGE_CURVE('',#1489,#1487,#870,.T.);
#1952=EDGE_CURVE('',#1490,#1489,#871,.T.);
#1953=EDGE_CURVE('',#1490,#1488,#872,.T.);
#1954=EDGE_CURVE('',#1488,#1491,#873,.T.);
#1955=EDGE_CURVE('',#1492,#1491,#186,.T.);
#1956=EDGE_CURVE('',#1493,#1492,#874,.T.);
#1957=EDGE_CURVE('',#1494,#1493,#187,.T.);
#1958=EDGE_CURVE('',#1494,#1487,#875,.T.);
#1959=EDGE_CURVE('',#1495,#1494,#188,.T.);
#1960=EDGE_CURVE('',#1489,#1495,#876,.T.);
#1961=EDGE_CURVE('',#1496,#1490,#877,.T.);
#1962=EDGE_CURVE('',#1493,#1495,#189,.T.);
#1963=EDGE_CURVE('',#1496,#1492,#190,.T.);
#1964=EDGE_CURVE('',#1491,#1496,#191,.T.);
#1965=EDGE_CURVE('',#1497,#1498,#192,.T.);
#1966=EDGE_CURVE('',#1498,#1499,#193,.T.);
#1967=EDGE_CURVE('',#1499,#1500,#194,.T.);
#1968=EDGE_CURVE('',#1500,#1501,#195,.T.);
#1969=EDGE_CURVE('',#1501,#1502,#196,.T.);
#1970=EDGE_CURVE('',#1502,#1497,#197,.T.);
#1971=EDGE_CURVE('',#1499,#1502,#878,.T.);
#1972=EDGE_CURVE('',#1501,#1500,#879,.T.);
#1973=EDGE_CURVE('',#1503,#1504,#198,.T.);
#1974=EDGE_CURVE('',#1503,#1504,#880,.T.);
#1975=EDGE_CURVE('',#1505,#1503,#199,.T.);
#1976=EDGE_CURVE('',#1506,#1505,#200,.T.);
#1977=EDGE_CURVE('',#1504,#1506,#201,.T.);
#1978=EDGE_CURVE('',#1507,#1508,#202,.T.);
#1979=EDGE_CURVE('',#1508,#1509,#203,.T.);
#1980=EDGE_CURVE('',#1509,#1510,#204,.T.);
#1981=EDGE_CURVE('',#1510,#1511,#205,.T.);
#1982=EDGE_CURVE('',#1511,#1507,#206,.T.);
#1983=EDGE_CURVE('',#1509,#1512,#881,.T.);
#1984=EDGE_CURVE('',#1513,#1512,#207,.T.);
#1985=EDGE_CURVE('',#1513,#1510,#882,.T.);
#1986=EDGE_CURVE('',#1514,#1513,#208,.T.);
#1987=EDGE_CURVE('',#1514,#1511,#883,.T.);
#1988=EDGE_CURVE('',#1515,#1507,#884,.T.);
#1989=EDGE_CURVE('',#1515,#1514,#209,.T.);
#1990=EDGE_CURVE('',#1516,#1515,#210,.T.);
#1991=EDGE_CURVE('',#1508,#1516,#885,.T.);
#1992=EDGE_CURVE('',#1512,#1516,#211,.T.);
#1993=EDGE_CURVE('',#1517,#1518,#212,.T.);
#1994=EDGE_CURVE('',#1518,#1519,#213,.T.);
#1995=EDGE_CURVE('',#1519,#1517,#214,.T.);
#1996=EDGE_CURVE('',#1518,#1520,#886,.T.);
#1997=EDGE_CURVE('',#1520,#1521,#887,.T.);
#1998=EDGE_CURVE('',#1519,#1521,#888,.T.);
#1999=EDGE_CURVE('',#1522,#1517,#889,.T.);
#2000=EDGE_CURVE('',#1521,#1523,#890,.T.);
#2001=EDGE_CURVE('',#1523,#1524,#891,.T.);
#2002=EDGE_CURVE('',#1522,#1524,#215,.T.);
#2003=EDGE_CURVE('',#1525,#1522,#216,.T.);
#2004=EDGE_CURVE('',#1526,#1525,#892,.T.);
#2005=EDGE_CURVE('',#1520,#1526,#893,.T.);
#2006=EDGE_CURVE('',#1523,#1526,#894,.T.);
#2007=EDGE_CURVE('',#1524,#1525,#217,.T.);
#2008=EDGE_CURVE('',#1527,#1528,#895,.T.);
#2009=EDGE_CURVE('',#1528,#1529,#896,.T.);
#2010=EDGE_CURVE('',#1530,#1529,#218,.T.);
#2011=EDGE_CURVE('',#1531,#1530,#897,.T.);
#2012=EDGE_CURVE('',#1532,#1531,#219,.T.);
#2013=EDGE_CURVE('',#1532,#1527,#898,.T.);
#2014=EDGE_CURVE('',#1533,#1534,#220,.T.);
#2015=EDGE_CURVE('',#1534,#1530,#221,.T.);
#2016=EDGE_CURVE('',#1529,#1533,#222,.T.);
#2017=EDGE_CURVE('',#1535,#1536,#223,.T.);
#2018=EDGE_CURVE('',#1536,#1532,#224,.T.);
#2019=EDGE_CURVE('',#1531,#1535,#225,.T.);
#2020=EDGE_CURVE('',#1536,#1537,#899,.T.);
#2021=EDGE_CURVE('',#1537,#1527,#900,.T.);
#2022=EDGE_CURVE('',#1537,#1538,#901,.T.);
#2023=EDGE_CURVE('',#1538,#1528,#902,.T.);
#2024=EDGE_CURVE('',#1538,#1533,#903,.T.);
#2025=EDGE_CURVE('',#1534,#1535,#904,.T.);
#2026=ORIENTED_EDGE('',*,*,#1539,.F.);
#2027=ORIENTED_EDGE('',*,*,#1540,.F.);
#2028=ORIENTED_EDGE('',*,*,#1541,.T.);
#2029=ORIENTED_EDGE('',*,*,#1542,.F.);
#2030=ORIENTED_EDGE('',*,*,#1540,.T.);
#2031=ORIENTED_EDGE('',*,*,#1543,.F.);
#2032=ORIENTED_EDGE('',*,*,#1543,.T.);
#2033=ORIENTED_EDGE('',*,*,#1539,.T.);
#2034=ORIENTED_EDGE('',*,*,#1542,.T.);
#2035=ORIENTED_EDGE('',*,*,#1544,.T.);
#2036=ORIENTED_EDGE('',*,*,#1545,.F.);
#2037=ORIENTED_EDGE('',*,*,#1546,.T.);
#2038=ORIENTED_EDGE('',*,*,#1547,.T.);
#2039=ORIENTED_EDGE('',*,*,#1548,.T.);
#2040=ORIENTED_EDGE('',*,*,#1549,.F.);
#2041=ORIENTED_EDGE('',*,*,#1550,.T.);
#2042=ORIENTED_EDGE('',*,*,#1551,.T.);
#2043=ORIENTED_EDGE('',*,*,#1549,.T.);
#2044=ORIENTED_EDGE('',*,*,#1552,.T.);
#2045=ORIENTED_EDGE('',*,*,#1553,.T.);
#2046=ORIENTED_EDGE('',*,*,#1554,.T.);
#2047=ORIENTED_EDGE('',*,*,#1555,.F.);
#2048=ORIENTED_EDGE('',*,*,#1552,.F.);
#2049=ORIENTED_EDGE('',*,*,#1548,.F.);
#2050=ORIENTED_EDGE('',*,*,#1556,.T.);
#2051=ORIENTED_EDGE('',*,*,#1557,.T.);
#2052=ORIENTED_EDGE('',*,*,#1558,.F.);
#2053=ORIENTED_EDGE('',*,*,#1559,.T.);
#2054=ORIENTED_EDGE('',*,*,#1553,.F.);
#2055=ORIENTED_EDGE('',*,*,#1555,.T.);
#2056=ORIENTED_EDGE('',*,*,#1560,.T.);
#2057=ORIENTED_EDGE('',*,*,#1545,.T.);
#2058=ORIENTED_EDGE('',*,*,#1561,.T.);
#2059=ORIENTED_EDGE('',*,*,#1562,.T.);
#2060=ORIENTED_EDGE('',*,*,#1563,.T.);
#2061=ORIENTED_EDGE('',*,*,#1558,.T.);
#2062=ORIENTED_EDGE('',*,*,#1547,.F.);
#2063=ORIENTED_EDGE('',*,*,#1564,.F.);
#2064=ORIENTED_EDGE('',*,*,#1556,.F.);
#2065=ORIENTED_EDGE('',*,*,#1554,.F.);
#2066=ORIENTED_EDGE('',*,*,#1546,.F.);
#2067=ORIENTED_EDGE('',*,*,#1560,.F.);
#2068=ORIENTED_EDGE('',*,*,#1557,.F.);
#2069=ORIENTED_EDGE('',*,*,#1564,.T.);
#2070=ORIENTED_EDGE('',*,*,#1550,.F.);
#2071=ORIENTED_EDGE('',*,*,#1551,.F.);
#2072=ORIENTED_EDGE('',*,*,#1559,.F.);
#2073=ORIENTED_EDGE('',*,*,#1563,.F.);
#2074=ORIENTED_EDGE('',*,*,#1562,.F.);
#2075=ORIENTED_EDGE('',*,*,#1561,.F.);
#2076=ORIENTED_EDGE('',*,*,#1544,.F.);
#2077=ORIENTED_EDGE('',*,*,#1541,.F.);
#2078=ORIENTED_EDGE('',*,*,#1565,.F.);
#2079=ORIENTED_EDGE('',*,*,#1566,.T.);
#2080=ORIENTED_EDGE('',*,*,#1567,.F.);
#2081=ORIENTED_EDGE('',*,*,#1568,.F.);
#2082=ORIENTED_EDGE('',*,*,#1569,.F.);
#2083=ORIENTED_EDGE('',*,*,#1570,.F.);
#2084=ORIENTED_EDGE('',*,*,#1571,.F.);
#2085=ORIENTED_EDGE('',*,*,#1572,.F.);
#2086=ORIENTED_EDGE('',*,*,#1573,.F.);
#2087=ORIENTED_EDGE('',*,*,#1574,.F.);
#2088=ORIENTED_EDGE('',*,*,#1575,.F.);
#2089=ORIENTED_EDGE('',*,*,#1576,.F.);
#2090=ORIENTED_EDGE('',*,*,#1577,.F.);
#2091=ORIENTED_EDGE('',*,*,#1566,.F.);
#2092=ORIENTED_EDGE('',*,*,#1578,.F.);
#2093=ORIENTED_EDGE('',*,*,#1579,.F.);
#2094=ORIENTED_EDGE('',*,*,#1580,.F.);
#2095=ORIENTED_EDGE('',*,*,#1581,.F.);
#2096=ORIENTED_EDGE('',*,*,#1582,.F.);
#2097=ORIENTED_EDGE('',*,*,#1570,.T.);
#2098=ORIENTED_EDGE('',*,*,#1579,.T.);
#2099=ORIENTED_EDGE('',*,*,#1583,.T.);
#2100=ORIENTED_EDGE('',*,*,#1584,.F.);
#2101=ORIENTED_EDGE('',*,*,#1585,.F.);
#2102=ORIENTED_EDGE('',*,*,#1578,.T.);
#2103=ORIENTED_EDGE('',*,*,#1565,.T.);
#2104=ORIENTED_EDGE('',*,*,#1586,.F.);
#2105=ORIENTED_EDGE('',*,*,#1587,.T.);
#2106=ORIENTED_EDGE('',*,*,#1588,.T.);
#2107=ORIENTED_EDGE('',*,*,#1589,.T.);
#2108=ORIENTED_EDGE('',*,*,#1590,.F.);
#2109=ORIENTED_EDGE('',*,*,#1583,.F.);
#2110=ORIENTED_EDGE('',*,*,#1567,.T.);
#2111=ORIENTED_EDGE('',*,*,#1577,.T.);
#2112=ORIENTED_EDGE('',*,*,#1591,.F.);
#2113=ORIENTED_EDGE('',*,*,#1592,.F.);
#2114=ORIENTED_EDGE('',*,*,#1593,.T.);
#2115=ORIENTED_EDGE('',*,*,#1574,.T.);
#2116=ORIENTED_EDGE('',*,*,#1594,.T.);
#2117=ORIENTED_EDGE('',*,*,#1595,.F.);
#2118=ORIENTED_EDGE('',*,*,#1596,.F.);
#2119=ORIENTED_EDGE('',*,*,#1597,.T.);
#2120=ORIENTED_EDGE('',*,*,#1598,.T.);
#2121=ORIENTED_EDGE('',*,*,#1599,.T.);
#2122=ORIENTED_EDGE('',*,*,#1600,.T.);
#2123=ORIENTED_EDGE('',*,*,#1601,.T.);
#2124=ORIENTED_EDGE('',*,*,#1602,.T.);
#2125=ORIENTED_EDGE('',*,*,#1603,.T.);
#2126=ORIENTED_EDGE('',*,*,#1604,.T.);
#2127=ORIENTED_EDGE('',*,*,#1605,.T.);
#2128=ORIENTED_EDGE('',*,*,#1606,.T.);
#2129=ORIENTED_EDGE('',*,*,#1607,.F.);
#2130=ORIENTED_EDGE('',*,*,#1608,.T.);
#2131=ORIENTED_EDGE('',*,*,#1609,.T.);
#2132=ORIENTED_EDGE('',*,*,#1610,.T.);
#2133=ORIENTED_EDGE('',*,*,#1611,.T.);
#2134=ORIENTED_EDGE('',*,*,#1612,.T.);
#2135=ORIENTED_EDGE('',*,*,#1613,.F.);
#2136=ORIENTED_EDGE('',*,*,#1614,.F.);
#2137=ORIENTED_EDGE('',*,*,#1615,.T.);
#2138=ORIENTED_EDGE('',*,*,#1584,.T.);
#2139=ORIENTED_EDGE('',*,*,#1590,.T.);
#2140=ORIENTED_EDGE('',*,*,#1616,.F.);
#2141=ORIENTED_EDGE('',*,*,#1617,.T.);
#2142=ORIENTED_EDGE('',*,*,#1618,.F.);
#2143=ORIENTED_EDGE('',*,*,#1619,.F.);
#2144=ORIENTED_EDGE('',*,*,#1620,.F.);
#2145=ORIENTED_EDGE('',*,*,#1621,.T.);
#2146=ORIENTED_EDGE('',*,*,#1622,.F.);
#2147=ORIENTED_EDGE('',*,*,#1623,.F.);
#2148=ORIENTED_EDGE('',*,*,#1624,.F.);
#2149=ORIENTED_EDGE('',*,*,#1625,.F.);
#2150=ORIENTED_EDGE('',*,*,#1626,.F.);
#2151=ORIENTED_EDGE('',*,*,#1627,.F.);
#2152=ORIENTED_EDGE('',*,*,#1628,.F.);
#2153=ORIENTED_EDGE('',*,*,#1629,.F.);
#2154=ORIENTED_EDGE('',*,*,#1630,.F.);
#2155=ORIENTED_EDGE('',*,*,#1631,.F.);
#2156=ORIENTED_EDGE('',*,*,#1632,.F.);
#2157=ORIENTED_EDGE('',*,*,#1633,.F.);
#2158=ORIENTED_EDGE('',*,*,#1634,.T.);
#2159=ORIENTED_EDGE('',*,*,#1635,.T.);
#2160=ORIENTED_EDGE('',*,*,#1636,.T.);
#2161=ORIENTED_EDGE('',*,*,#1637,.T.);
#2162=ORIENTED_EDGE('',*,*,#1638,.T.);
#2163=ORIENTED_EDGE('',*,*,#1639,.F.);
#2164=ORIENTED_EDGE('',*,*,#1575,.T.);
#2165=ORIENTED_EDGE('',*,*,#1596,.T.);
#2166=ORIENTED_EDGE('',*,*,#1640,.T.);
#2167=ORIENTED_EDGE('',*,*,#1641,.T.);
#2168=ORIENTED_EDGE('',*,*,#1642,.T.);
#2169=ORIENTED_EDGE('',*,*,#1643,.T.);
#2170=ORIENTED_EDGE('',*,*,#1644,.T.);
#2171=ORIENTED_EDGE('',*,*,#1645,.T.);
#2172=ORIENTED_EDGE('',*,*,#1646,.T.);
#2173=ORIENTED_EDGE('',*,*,#1606,.F.);
#2174=ORIENTED_EDGE('',*,*,#1647,.T.);
#2175=ORIENTED_EDGE('',*,*,#1648,.T.);
#2176=ORIENTED_EDGE('',*,*,#1649,.T.);
#2177=ORIENTED_EDGE('',*,*,#1650,.T.);
#2178=ORIENTED_EDGE('',*,*,#1651,.T.);
#2179=ORIENTED_EDGE('',*,*,#1598,.F.);
#2180=ORIENTED_EDGE('',*,*,#1597,.F.);
#2181=ORIENTED_EDGE('',*,*,#1573,.T.);
#2182=ORIENTED_EDGE('',*,*,#1652,.F.);
#2183=ORIENTED_EDGE('',*,*,#1653,.F.);
#2184=ORIENTED_EDGE('',*,*,#1654,.F.);
#2185=ORIENTED_EDGE('',*,*,#1655,.F.);
#2186=ORIENTED_EDGE('',*,*,#1656,.F.);
#2187=ORIENTED_EDGE('',*,*,#1657,.F.);
#2188=ORIENTED_EDGE('',*,*,#1658,.F.);
#2189=ORIENTED_EDGE('',*,*,#1659,.F.);
#2190=ORIENTED_EDGE('',*,*,#1660,.F.);
#2191=ORIENTED_EDGE('',*,*,#1594,.F.);
#2192=ORIENTED_EDGE('',*,*,#1661,.F.);
#2193=ORIENTED_EDGE('',*,*,#1662,.F.);
#2194=ORIENTED_EDGE('',*,*,#1663,.F.);
#2195=ORIENTED_EDGE('',*,*,#1664,.F.);
#2196=ORIENTED_EDGE('',*,*,#1665,.T.);
#2197=ORIENTED_EDGE('',*,*,#1666,.F.);
#2198=ORIENTED_EDGE('',*,*,#1667,.F.);
#2199=ORIENTED_EDGE('',*,*,#1668,.F.);
#2200=ORIENTED_EDGE('',*,*,#1669,.T.);
#2201=ORIENTED_EDGE('',*,*,#1670,.F.);
#2202=ORIENTED_EDGE('',*,*,#1671,.F.);
#2203=ORIENTED_EDGE('',*,*,#1672,.T.);
#2204=ORIENTED_EDGE('',*,*,#1639,.T.);
#2205=ORIENTED_EDGE('',*,*,#1673,.T.);
#2206=ORIENTED_EDGE('',*,*,#1674,.T.);
#2207=ORIENTED_EDGE('',*,*,#1633,.T.);
#2208=ORIENTED_EDGE('',*,*,#1675,.T.);
#2209=ORIENTED_EDGE('',*,*,#1676,.T.);
#2210=ORIENTED_EDGE('',*,*,#1677,.F.);
#2211=ORIENTED_EDGE('',*,*,#1678,.F.);
#2212=ORIENTED_EDGE('',*,*,#1679,.F.);
#2213=ORIENTED_EDGE('',*,*,#1669,.F.);
#2214=ORIENTED_EDGE('',*,*,#1680,.F.);
#2215=ORIENTED_EDGE('',*,*,#1681,.F.);
#2216=ORIENTED_EDGE('',*,*,#1679,.T.);
#2217=ORIENTED_EDGE('',*,*,#1682,.F.);
#2218=ORIENTED_EDGE('',*,*,#1683,.F.);
#2219=ORIENTED_EDGE('',*,*,#1670,.T.);
#2220=ORIENTED_EDGE('',*,*,#1684,.T.);
#2221=ORIENTED_EDGE('',*,*,#1671,.T.);
#2222=ORIENTED_EDGE('',*,*,#1683,.T.);
#2223=ORIENTED_EDGE('',*,*,#1685,.F.);
#2224=ORIENTED_EDGE('',*,*,#1686,.T.);
#2225=ORIENTED_EDGE('',*,*,#1687,.F.);
#2226=ORIENTED_EDGE('',*,*,#1688,.T.);
#2227=ORIENTED_EDGE('',*,*,#1689,.F.);
#2228=ORIENTED_EDGE('',*,*,#1625,.T.);
#2229=ORIENTED_EDGE('',*,*,#1690,.F.);
#2230=ORIENTED_EDGE('',*,*,#1691,.T.);
#2231=ORIENTED_EDGE('',*,*,#1667,.T.);
#2232=ORIENTED_EDGE('',*,*,#1692,.T.);
#2233=ORIENTED_EDGE('',*,*,#1668,.T.);
#2234=ORIENTED_EDGE('',*,*,#1691,.F.);
#2235=ORIENTED_EDGE('',*,*,#1693,.F.);
#2236=ORIENTED_EDGE('',*,*,#1694,.F.);
#2237=ORIENTED_EDGE('',*,*,#1665,.F.);
#2238=ORIENTED_EDGE('',*,*,#1692,.F.);
#2239=ORIENTED_EDGE('',*,*,#1695,.F.);
#2240=ORIENTED_EDGE('',*,*,#1696,.T.);
#2241=ORIENTED_EDGE('',*,*,#1697,.F.);
#2242=ORIENTED_EDGE('',*,*,#1698,.F.);
#2243=ORIENTED_EDGE('',*,*,#1697,.T.);
#2244=ORIENTED_EDGE('',*,*,#1699,.T.);
#2245=ORIENTED_EDGE('',*,*,#1700,.T.);
#2246=ORIENTED_EDGE('',*,*,#1701,.F.);
#2247=ORIENTED_EDGE('',*,*,#1702,.F.);
#2248=ORIENTED_EDGE('',*,*,#1688,.F.);
#2249=ORIENTED_EDGE('',*,*,#1666,.T.);
#2250=ORIENTED_EDGE('',*,*,#1694,.T.);
#2251=ORIENTED_EDGE('',*,*,#1698,.T.);
#2252=ORIENTED_EDGE('',*,*,#1703,.F.);
#2253=ORIENTED_EDGE('',*,*,#1704,.T.);
#2254=ORIENTED_EDGE('',*,*,#1705,.T.);
#2255=ORIENTED_EDGE('',*,*,#1706,.T.);
#2256=ORIENTED_EDGE('',*,*,#1701,.T.);
#2257=ORIENTED_EDGE('',*,*,#1705,.F.);
#2258=ORIENTED_EDGE('',*,*,#1707,.F.);
#2259=ORIENTED_EDGE('',*,*,#1708,.F.);
#2260=ORIENTED_EDGE('',*,*,#1709,.F.);
#2261=ORIENTED_EDGE('',*,*,#1709,.T.);
#2262=ORIENTED_EDGE('',*,*,#1710,.T.);
#2263=ORIENTED_EDGE('',*,*,#1711,.T.);
#2264=ORIENTED_EDGE('',*,*,#1712,.T.);
#2265=ORIENTED_EDGE('',*,*,#1626,.T.);
#2266=ORIENTED_EDGE('',*,*,#1689,.T.);
#2267=ORIENTED_EDGE('',*,*,#1702,.T.);
#2268=ORIENTED_EDGE('',*,*,#1706,.F.);
#2269=ORIENTED_EDGE('',*,*,#1713,.T.);
#2270=ORIENTED_EDGE('',*,*,#1714,.T.);
#2271=ORIENTED_EDGE('',*,*,#1715,.T.);
#2272=ORIENTED_EDGE('',*,*,#1716,.F.);
#2273=ORIENTED_EDGE('',*,*,#1717,.F.);
#2274=ORIENTED_EDGE('',*,*,#1718,.T.);
#2275=ORIENTED_EDGE('',*,*,#1680,.T.);
#2276=ORIENTED_EDGE('',*,*,#1672,.F.);
#2277=ORIENTED_EDGE('',*,*,#1684,.F.);
#2278=ORIENTED_EDGE('',*,*,#1719,.F.);
#2279=ORIENTED_EDGE('',*,*,#1720,.T.);
#2280=ORIENTED_EDGE('',*,*,#1681,.T.);
#2281=ORIENTED_EDGE('',*,*,#1718,.F.);
#2282=ORIENTED_EDGE('',*,*,#1721,.T.);
#2283=ORIENTED_EDGE('',*,*,#1722,.F.);
#2284=ORIENTED_EDGE('',*,*,#1723,.F.);
#2285=ORIENTED_EDGE('',*,*,#1724,.F.);
#2286=ORIENTED_EDGE('',*,*,#1725,.F.);
#2287=ORIENTED_EDGE('',*,*,#1726,.T.);
#2288=ORIENTED_EDGE('',*,*,#1716,.T.);
#2289=ORIENTED_EDGE('',*,*,#1727,.T.);
#2290=ORIENTED_EDGE('',*,*,#1722,.T.);
#2291=ORIENTED_EDGE('',*,*,#1602,.F.);
#2292=ORIENTED_EDGE('',*,*,#1728,.T.);
#2293=ORIENTED_EDGE('',*,*,#1601,.F.);
#2294=ORIENTED_EDGE('',*,*,#1729,.F.);
#2295=ORIENTED_EDGE('',*,*,#1603,.F.);
#2296=ORIENTED_EDGE('',*,*,#1728,.F.);
#2297=ORIENTED_EDGE('',*,*,#1730,.T.);
#2298=ORIENTED_EDGE('',*,*,#1731,.F.);
#2299=ORIENTED_EDGE('',*,*,#1599,.F.);
#2300=ORIENTED_EDGE('',*,*,#1651,.F.);
#2301=ORIENTED_EDGE('',*,*,#1732,.T.);
#2302=ORIENTED_EDGE('',*,*,#1634,.F.);
#2303=ORIENTED_EDGE('',*,*,#1676,.F.);
#2304=ORIENTED_EDGE('',*,*,#1733,.F.);
#2305=ORIENTED_EDGE('',*,*,#1734,.T.);
#2306=ORIENTED_EDGE('',*,*,#1735,.F.);
#2307=ORIENTED_EDGE('',*,*,#1673,.F.);
#2308=ORIENTED_EDGE('',*,*,#1638,.F.);
#2309=ORIENTED_EDGE('',*,*,#1736,.T.);
#2310=ORIENTED_EDGE('',*,*,#1629,.T.);
#2311=ORIENTED_EDGE('',*,*,#1674,.F.);
#2312=ORIENTED_EDGE('',*,*,#1735,.T.);
#2313=ORIENTED_EDGE('',*,*,#1737,.T.);
#2314=ORIENTED_EDGE('',*,*,#1738,.T.);
#2315=ORIENTED_EDGE('',*,*,#1739,.T.);
#2316=ORIENTED_EDGE('',*,*,#1733,.T.);
#2317=ORIENTED_EDGE('',*,*,#1675,.F.);
#2318=ORIENTED_EDGE('',*,*,#1632,.T.);
#2319=ORIENTED_EDGE('',*,*,#1740,.F.);
#2320=ORIENTED_EDGE('',*,*,#1741,.F.);
#2321=ORIENTED_EDGE('',*,*,#1738,.F.);
#2322=ORIENTED_EDGE('',*,*,#1742,.T.);
#2323=ORIENTED_EDGE('',*,*,#1743,.T.);
#2324=ORIENTED_EDGE('',*,*,#1744,.T.);
#2325=ORIENTED_EDGE('',*,*,#1745,.F.);
#2326=ORIENTED_EDGE('',*,*,#1627,.T.);
#2327=ORIENTED_EDGE('',*,*,#1712,.F.);
#2328=ORIENTED_EDGE('',*,*,#1746,.T.);
#2329=ORIENTED_EDGE('',*,*,#1747,.T.);
#2330=ORIENTED_EDGE('',*,*,#1740,.T.);
#2331=ORIENTED_EDGE('',*,*,#1748,.F.);
#2332=ORIENTED_EDGE('',*,*,#1749,.F.);
#2333=ORIENTED_EDGE('',*,*,#1750,.F.);
#2334=ORIENTED_EDGE('',*,*,#1751,.T.);
#2335=ORIENTED_EDGE('',*,*,#1752,.T.);
#2336=ORIENTED_EDGE('',*,*,#1750,.T.);
#2337=ORIENTED_EDGE('',*,*,#1753,.T.);
#2338=ORIENTED_EDGE('',*,*,#1754,.T.);
#2339=ORIENTED_EDGE('',*,*,#1604,.F.);
#2340=ORIENTED_EDGE('',*,*,#1729,.T.);
#2341=ORIENTED_EDGE('',*,*,#1600,.F.);
#2342=ORIENTED_EDGE('',*,*,#1731,.T.);
#2343=ORIENTED_EDGE('',*,*,#1755,.T.);
#2344=ORIENTED_EDGE('',*,*,#1647,.F.);
#2345=ORIENTED_EDGE('',*,*,#1605,.F.);
#2346=ORIENTED_EDGE('',*,*,#1754,.F.);
#2347=ORIENTED_EDGE('',*,*,#1756,.T.);
#2348=ORIENTED_EDGE('',*,*,#1757,.T.);
#2349=ORIENTED_EDGE('',*,*,#1758,.T.);
#2350=ORIENTED_EDGE('',*,*,#1759,.T.);
#2351=ORIENTED_EDGE('',*,*,#1758,.F.);
#2352=ORIENTED_EDGE('',*,*,#1760,.F.);
#2353=ORIENTED_EDGE('',*,*,#1761,.F.);
#2354=ORIENTED_EDGE('',*,*,#1762,.T.);
#2355=ORIENTED_EDGE('',*,*,#1763,.F.);
#2356=ORIENTED_EDGE('',*,*,#1686,.F.);
#2357=ORIENTED_EDGE('',*,*,#1764,.F.);
#2358=ORIENTED_EDGE('',*,*,#1765,.F.);
#2359=ORIENTED_EDGE('',*,*,#1723,.T.);
#2360=ORIENTED_EDGE('',*,*,#1727,.F.);
#2361=ORIENTED_EDGE('',*,*,#1719,.T.);
#2362=ORIENTED_EDGE('',*,*,#1687,.T.);
#2363=ORIENTED_EDGE('',*,*,#1763,.T.);
#2364=ORIENTED_EDGE('',*,*,#1766,.T.);
#2365=ORIENTED_EDGE('',*,*,#1767,.T.);
#2366=ORIENTED_EDGE('',*,*,#1768,.T.);
#2367=ORIENTED_EDGE('',*,*,#1769,.T.);
#2368=ORIENTED_EDGE('',*,*,#1770,.T.);
#2369=ORIENTED_EDGE('',*,*,#1771,.T.);
#2370=ORIENTED_EDGE('',*,*,#1772,.T.);
#2371=ORIENTED_EDGE('',*,*,#1773,.F.);
#2372=ORIENTED_EDGE('',*,*,#1774,.T.);
#2373=ORIENTED_EDGE('',*,*,#1771,.F.);
#2374=ORIENTED_EDGE('',*,*,#1775,.T.);
#2375=ORIENTED_EDGE('',*,*,#1776,.T.);
#2376=ORIENTED_EDGE('',*,*,#1777,.T.);
#2377=ORIENTED_EDGE('',*,*,#1773,.T.);
#2378=ORIENTED_EDGE('',*,*,#1778,.T.);
#2379=ORIENTED_EDGE('',*,*,#1779,.T.);
#2380=ORIENTED_EDGE('',*,*,#1780,.T.);
#2381=ORIENTED_EDGE('',*,*,#1781,.T.);
#2382=ORIENTED_EDGE('',*,*,#1761,.T.);
#2383=ORIENTED_EDGE('',*,*,#1782,.T.);
#2384=ORIENTED_EDGE('',*,*,#1783,.T.);
#2385=ORIENTED_EDGE('',*,*,#1784,.T.);
#2386=ORIENTED_EDGE('',*,*,#1785,.F.);
#2387=ORIENTED_EDGE('',*,*,#1786,.T.);
#2388=ORIENTED_EDGE('',*,*,#1787,.F.);
#2389=ORIENTED_EDGE('',*,*,#1788,.T.);
#2390=ORIENTED_EDGE('',*,*,#1789,.T.);
#2391=ORIENTED_EDGE('',*,*,#1790,.T.);
#2392=ORIENTED_EDGE('',*,*,#1791,.T.);
#2393=ORIENTED_EDGE('',*,*,#1792,.T.);
#2394=ORIENTED_EDGE('',*,*,#1748,.T.);
#2395=ORIENTED_EDGE('',*,*,#1793,.T.);
#2396=ORIENTED_EDGE('',*,*,#1794,.T.);
#2397=ORIENTED_EDGE('',*,*,#1714,.F.);
#2398=ORIENTED_EDGE('',*,*,#1795,.T.);
#2399=ORIENTED_EDGE('',*,*,#1789,.F.);
#2400=ORIENTED_EDGE('',*,*,#1796,.T.);
#2401=ORIENTED_EDGE('',*,*,#1797,.F.);
#2402=ORIENTED_EDGE('',*,*,#1798,.T.);
#2403=ORIENTED_EDGE('',*,*,#1799,.T.);
#2404=ORIENTED_EDGE('',*,*,#1800,.T.);
#2405=ORIENTED_EDGE('',*,*,#1801,.T.);
#2406=ORIENTED_EDGE('',*,*,#1797,.T.);
#2407=ORIENTED_EDGE('',*,*,#1802,.T.);
#2408=ORIENTED_EDGE('',*,*,#1803,.T.);
#2409=ORIENTED_EDGE('',*,*,#1798,.F.);
#2410=ORIENTED_EDGE('',*,*,#1801,.F.);
#2411=ORIENTED_EDGE('',*,*,#1804,.T.);
#2412=ORIENTED_EDGE('',*,*,#1805,.F.);
#2413=ORIENTED_EDGE('',*,*,#1744,.F.);
#2414=ORIENTED_EDGE('',*,*,#1806,.T.);
#2415=ORIENTED_EDGE('',*,*,#1624,.T.);
#2416=ORIENTED_EDGE('',*,*,#1807,.T.);
#2417=ORIENTED_EDGE('',*,*,#1808,.T.);
#2418=ORIENTED_EDGE('',*,*,#1809,.F.);
#2419=ORIENTED_EDGE('',*,*,#1623,.T.);
#2420=ORIENTED_EDGE('',*,*,#1810,.F.);
#2421=ORIENTED_EDGE('',*,*,#1677,.T.);
#2422=ORIENTED_EDGE('',*,*,#1720,.F.);
#2423=ORIENTED_EDGE('',*,*,#1811,.F.);
#2424=ORIENTED_EDGE('',*,*,#1807,.F.);
#2425=ORIENTED_EDGE('',*,*,#1622,.T.);
#2426=ORIENTED_EDGE('',*,*,#1812,.T.);
#2427=ORIENTED_EDGE('',*,*,#1813,.T.);
#2428=ORIENTED_EDGE('',*,*,#1814,.T.);
#2429=ORIENTED_EDGE('',*,*,#1764,.T.);
#2430=ORIENTED_EDGE('',*,*,#1685,.T.);
#2431=ORIENTED_EDGE('',*,*,#1682,.T.);
#2432=ORIENTED_EDGE('',*,*,#1678,.T.);
#2433=ORIENTED_EDGE('',*,*,#1810,.T.);
#2434=ORIENTED_EDGE('',*,*,#1695,.T.);
#2435=ORIENTED_EDGE('',*,*,#1693,.T.);
#2436=ORIENTED_EDGE('',*,*,#1690,.T.);
#2437=ORIENTED_EDGE('',*,*,#1628,.T.);
#2438=ORIENTED_EDGE('',*,*,#1745,.T.);
#2439=ORIENTED_EDGE('',*,*,#1805,.T.);
#2440=ORIENTED_EDGE('',*,*,#1815,.T.);
#2441=ORIENTED_EDGE('',*,*,#1618,.T.);
#2442=ORIENTED_EDGE('',*,*,#1816,.T.);
#2443=ORIENTED_EDGE('',*,*,#1696,.F.);
#2444=ORIENTED_EDGE('',*,*,#1816,.F.);
#2445=ORIENTED_EDGE('',*,*,#1617,.F.);
#2446=ORIENTED_EDGE('',*,*,#1817,.F.);
#2447=ORIENTED_EDGE('',*,*,#1818,.T.);
#2448=ORIENTED_EDGE('',*,*,#1699,.F.);
#2449=ORIENTED_EDGE('',*,*,#1616,.T.);
#2450=ORIENTED_EDGE('',*,*,#1589,.F.);
#2451=ORIENTED_EDGE('',*,*,#1819,.F.);
#2452=ORIENTED_EDGE('',*,*,#1817,.T.);
#2453=ORIENTED_EDGE('',*,*,#1820,.F.);
#2454=ORIENTED_EDGE('',*,*,#1786,.F.);
#2455=ORIENTED_EDGE('',*,*,#1821,.F.);
#2456=ORIENTED_EDGE('',*,*,#1822,.T.);
#2457=ORIENTED_EDGE('',*,*,#1820,.T.);
#2458=ORIENTED_EDGE('',*,*,#1823,.T.);
#2459=ORIENTED_EDGE('',*,*,#1824,.T.);
#2460=ORIENTED_EDGE('',*,*,#1759,.F.);
#2461=ORIENTED_EDGE('',*,*,#1762,.F.);
#2462=ORIENTED_EDGE('',*,*,#1781,.F.);
#2463=ORIENTED_EDGE('',*,*,#1825,.T.);
#2464=ORIENTED_EDGE('',*,*,#1787,.T.);
#2465=ORIENTED_EDGE('',*,*,#1826,.T.);
#2466=ORIENTED_EDGE('',*,*,#1827,.T.);
#2467=ORIENTED_EDGE('',*,*,#1724,.T.);
#2468=ORIENTED_EDGE('',*,*,#1768,.F.);
#2469=ORIENTED_EDGE('',*,*,#1828,.T.);
#2470=ORIENTED_EDGE('',*,*,#1704,.F.);
#2471=ORIENTED_EDGE('',*,*,#1703,.T.);
#2472=ORIENTED_EDGE('',*,*,#1700,.F.);
#2473=ORIENTED_EDGE('',*,*,#1818,.F.);
#2474=ORIENTED_EDGE('',*,*,#1819,.T.);
#2475=ORIENTED_EDGE('',*,*,#1588,.F.);
#2476=ORIENTED_EDGE('',*,*,#1829,.T.);
#2477=ORIENTED_EDGE('',*,*,#1830,.F.);
#2478=ORIENTED_EDGE('',*,*,#1707,.T.);
#2479=ORIENTED_EDGE('',*,*,#1831,.T.);
#2480=ORIENTED_EDGE('',*,*,#1832,.T.);
#2481=ORIENTED_EDGE('',*,*,#1710,.F.);
#2482=ORIENTED_EDGE('',*,*,#1708,.T.);
#2483=ORIENTED_EDGE('',*,*,#1830,.T.);
#2484=ORIENTED_EDGE('',*,*,#1833,.F.);
#2485=ORIENTED_EDGE('',*,*,#1834,.T.);
#2486=ORIENTED_EDGE('',*,*,#1746,.F.);
#2487=ORIENTED_EDGE('',*,*,#1711,.F.);
#2488=ORIENTED_EDGE('',*,*,#1832,.F.);
#2489=ORIENTED_EDGE('',*,*,#1835,.T.);
#2490=ORIENTED_EDGE('',*,*,#1836,.T.);
#2491=ORIENTED_EDGE('',*,*,#1837,.T.);
#2492=ORIENTED_EDGE('',*,*,#1833,.T.);
#2493=ORIENTED_EDGE('',*,*,#1838,.T.);
#2494=ORIENTED_EDGE('',*,*,#1836,.F.);
#2495=ORIENTED_EDGE('',*,*,#1839,.T.);
#2496=ORIENTED_EDGE('',*,*,#1840,.F.);
#2497=ORIENTED_EDGE('',*,*,#1715,.F.);
#2498=ORIENTED_EDGE('',*,*,#1794,.F.);
#2499=ORIENTED_EDGE('',*,*,#1841,.T.);
#2500=ORIENTED_EDGE('',*,*,#1842,.T.);
#2501=ORIENTED_EDGE('',*,*,#1821,.T.);
#2502=ORIENTED_EDGE('',*,*,#1785,.T.);
#2503=ORIENTED_EDGE('',*,*,#1843,.T.);
#2504=ORIENTED_EDGE('',*,*,#1790,.F.);
#2505=ORIENTED_EDGE('',*,*,#1795,.F.);
#2506=ORIENTED_EDGE('',*,*,#1713,.F.);
#2507=ORIENTED_EDGE('',*,*,#1840,.T.);
#2508=ORIENTED_EDGE('',*,*,#1726,.F.);
#2509=ORIENTED_EDGE('',*,*,#1725,.T.);
#2510=ORIENTED_EDGE('',*,*,#1827,.F.);
#2511=ORIENTED_EDGE('',*,*,#1844,.T.);
#2512=ORIENTED_EDGE('',*,*,#1845,.T.);
#2513=ORIENTED_EDGE('',*,*,#1808,.F.);
#2514=ORIENTED_EDGE('',*,*,#1811,.T.);
#2515=ORIENTED_EDGE('',*,*,#1721,.F.);
#2516=ORIENTED_EDGE('',*,*,#1717,.T.);
#2517=ORIENTED_EDGE('',*,*,#1645,.F.);
#2518=ORIENTED_EDGE('',*,*,#1846,.T.);
#2519=ORIENTED_EDGE('',*,*,#1649,.F.);
#2520=ORIENTED_EDGE('',*,*,#1847,.F.);
#2521=ORIENTED_EDGE('',*,*,#1644,.F.);
#2522=ORIENTED_EDGE('',*,*,#1848,.T.);
#2523=ORIENTED_EDGE('',*,*,#1635,.F.);
#2524=ORIENTED_EDGE('',*,*,#1732,.F.);
#2525=ORIENTED_EDGE('',*,*,#1739,.F.);
#2526=ORIENTED_EDGE('',*,*,#1741,.T.);
#2527=ORIENTED_EDGE('',*,*,#1747,.F.);
#2528=ORIENTED_EDGE('',*,*,#1834,.F.);
#2529=ORIENTED_EDGE('',*,*,#1837,.F.);
#2530=ORIENTED_EDGE('',*,*,#1841,.F.);
#2531=ORIENTED_EDGE('',*,*,#1793,.F.);
#2532=ORIENTED_EDGE('',*,*,#1751,.F.);
#2533=ORIENTED_EDGE('',*,*,#1752,.F.);
#2534=ORIENTED_EDGE('',*,*,#1730,.F.);
#2535=ORIENTED_EDGE('',*,*,#1650,.F.);
#2536=ORIENTED_EDGE('',*,*,#1846,.F.);
#2537=ORIENTED_EDGE('',*,*,#1636,.F.);
#2538=ORIENTED_EDGE('',*,*,#1848,.F.);
#2539=ORIENTED_EDGE('',*,*,#1643,.F.);
#2540=ORIENTED_EDGE('',*,*,#1849,.T.);
#2541=ORIENTED_EDGE('',*,*,#1646,.F.);
#2542=ORIENTED_EDGE('',*,*,#1847,.T.);
#2543=ORIENTED_EDGE('',*,*,#1648,.F.);
#2544=ORIENTED_EDGE('',*,*,#1755,.F.);
#2545=ORIENTED_EDGE('',*,*,#1753,.F.);
#2546=ORIENTED_EDGE('',*,*,#1749,.T.);
#2547=ORIENTED_EDGE('',*,*,#1792,.F.);
#2548=ORIENTED_EDGE('',*,*,#1850,.T.);
#2549=ORIENTED_EDGE('',*,*,#1851,.T.);
#2550=ORIENTED_EDGE('',*,*,#1799,.F.);
#2551=ORIENTED_EDGE('',*,*,#1803,.F.);
#2552=ORIENTED_EDGE('',*,*,#1852,.T.);
#2553=ORIENTED_EDGE('',*,*,#1806,.F.);
#2554=ORIENTED_EDGE('',*,*,#1743,.F.);
#2555=ORIENTED_EDGE('',*,*,#1742,.F.);
#2556=ORIENTED_EDGE('',*,*,#1737,.F.);
#2557=ORIENTED_EDGE('',*,*,#1734,.F.);
#2558=ORIENTED_EDGE('',*,*,#1637,.F.);
#2559=ORIENTED_EDGE('',*,*,#1849,.F.);
#2560=ORIENTED_EDGE('',*,*,#1853,.F.);
#2561=ORIENTED_EDGE('',*,*,#1854,.T.);
#2562=ORIENTED_EDGE('',*,*,#1855,.T.);
#2563=ORIENTED_EDGE('',*,*,#1856,.F.);
#2564=ORIENTED_EDGE('',*,*,#1776,.F.);
#2565=ORIENTED_EDGE('',*,*,#1857,.F.);
#2566=ORIENTED_EDGE('',*,*,#1858,.F.);
#2567=ORIENTED_EDGE('',*,*,#1859,.T.);
#2568=ORIENTED_EDGE('',*,*,#1828,.F.);
#2569=ORIENTED_EDGE('',*,*,#1767,.F.);
#2570=ORIENTED_EDGE('',*,*,#1860,.F.);
#2571=ORIENTED_EDGE('',*,*,#1861,.T.);
#2572=ORIENTED_EDGE('',*,*,#1858,.T.);
#2573=ORIENTED_EDGE('',*,*,#1862,.T.);
#2574=ORIENTED_EDGE('',*,*,#1863,.T.);
#2575=ORIENTED_EDGE('',*,*,#1864,.F.);
#2576=ORIENTED_EDGE('',*,*,#1863,.F.);
#2577=ORIENTED_EDGE('',*,*,#1865,.T.);
#2578=ORIENTED_EDGE('',*,*,#1866,.F.);
#2579=ORIENTED_EDGE('',*,*,#1756,.F.);
#2580=ORIENTED_EDGE('',*,*,#1824,.F.);
#2581=ORIENTED_EDGE('',*,*,#1867,.T.);
#2582=ORIENTED_EDGE('',*,*,#1868,.T.);
#2583=ORIENTED_EDGE('',*,*,#1608,.F.);
#2584=ORIENTED_EDGE('',*,*,#1869,.F.);
#2585=ORIENTED_EDGE('',*,*,#1870,.F.);
#2586=ORIENTED_EDGE('',*,*,#1871,.T.);
#2587=ORIENTED_EDGE('',*,*,#1872,.F.);
#2588=ORIENTED_EDGE('',*,*,#1873,.F.);
#2589=ORIENTED_EDGE('',*,*,#1612,.F.);
#2590=ORIENTED_EDGE('',*,*,#1874,.T.);
#2591=ORIENTED_EDGE('',*,*,#1870,.T.);
#2592=ORIENTED_EDGE('',*,*,#1875,.F.);
#2593=ORIENTED_EDGE('',*,*,#1854,.F.);
#2594=ORIENTED_EDGE('',*,*,#1876,.F.);
#2595=ORIENTED_EDGE('',*,*,#1872,.T.);
#2596=ORIENTED_EDGE('',*,*,#1877,.T.);
#2597=ORIENTED_EDGE('',*,*,#1878,.T.);
#2598=ORIENTED_EDGE('',*,*,#1878,.F.);
#2599=ORIENTED_EDGE('',*,*,#1879,.F.);
#2600=ORIENTED_EDGE('',*,*,#1880,.F.);
#2601=ORIENTED_EDGE('',*,*,#1881,.T.);
#2602=ORIENTED_EDGE('',*,*,#1882,.T.);
#2603=ORIENTED_EDGE('',*,*,#1880,.T.);
#2604=ORIENTED_EDGE('',*,*,#1883,.T.);
#2605=ORIENTED_EDGE('',*,*,#1884,.T.);
#2606=ORIENTED_EDGE('',*,*,#1782,.F.);
#2607=ORIENTED_EDGE('',*,*,#1760,.T.);
#2608=ORIENTED_EDGE('',*,*,#1757,.F.);
#2609=ORIENTED_EDGE('',*,*,#1866,.T.);
#2610=ORIENTED_EDGE('',*,*,#1885,.T.);
#2611=ORIENTED_EDGE('',*,*,#1783,.F.);
#2612=ORIENTED_EDGE('',*,*,#1884,.F.);
#2613=ORIENTED_EDGE('',*,*,#1886,.T.);
#2614=ORIENTED_EDGE('',*,*,#1887,.T.);
#2615=ORIENTED_EDGE('',*,*,#1888,.T.);
#2616=ORIENTED_EDGE('',*,*,#1889,.F.);
#2617=ORIENTED_EDGE('',*,*,#1813,.F.);
#2618=ORIENTED_EDGE('',*,*,#1890,.T.);
#2619=ORIENTED_EDGE('',*,*,#1891,.T.);
#2620=ORIENTED_EDGE('',*,*,#1892,.T.);
#2621=ORIENTED_EDGE('',*,*,#1860,.T.);
#2622=ORIENTED_EDGE('',*,*,#1766,.F.);
#2623=ORIENTED_EDGE('',*,*,#1765,.T.);
#2624=ORIENTED_EDGE('',*,*,#1814,.F.);
#2625=ORIENTED_EDGE('',*,*,#1889,.T.);
#2626=ORIENTED_EDGE('',*,*,#1893,.F.);
#2627=ORIENTED_EDGE('',*,*,#1894,.F.);
#2628=ORIENTED_EDGE('',*,*,#1891,.F.);
#2629=ORIENTED_EDGE('',*,*,#1895,.T.);
#2630=ORIENTED_EDGE('',*,*,#1896,.T.);
#2631=ORIENTED_EDGE('',*,*,#1897,.T.);
#2632=ORIENTED_EDGE('',*,*,#1772,.F.);
#2633=ORIENTED_EDGE('',*,*,#1774,.F.);
#2634=ORIENTED_EDGE('',*,*,#1777,.F.);
#2635=ORIENTED_EDGE('',*,*,#1856,.T.);
#2636=ORIENTED_EDGE('',*,*,#1898,.T.);
#2637=ORIENTED_EDGE('',*,*,#1893,.T.);
#2638=ORIENTED_EDGE('',*,*,#1899,.T.);
#2639=ORIENTED_EDGE('',*,*,#1900,.F.);
#2640=ORIENTED_EDGE('',*,*,#1769,.F.);
#2641=ORIENTED_EDGE('',*,*,#1897,.F.);
#2642=ORIENTED_EDGE('',*,*,#1901,.T.);
#2643=ORIENTED_EDGE('',*,*,#1902,.T.);
#2644=ORIENTED_EDGE('',*,*,#1903,.T.);
#2645=ORIENTED_EDGE('',*,*,#1857,.T.);
#2646=ORIENTED_EDGE('',*,*,#1778,.F.);
#2647=ORIENTED_EDGE('',*,*,#1775,.F.);
#2648=ORIENTED_EDGE('',*,*,#1770,.F.);
#2649=ORIENTED_EDGE('',*,*,#1900,.T.);
#2650=ORIENTED_EDGE('',*,*,#1904,.F.);
#2651=ORIENTED_EDGE('',*,*,#1905,.T.);
#2652=ORIENTED_EDGE('',*,*,#1779,.F.);
#2653=ORIENTED_EDGE('',*,*,#1885,.F.);
#2654=ORIENTED_EDGE('',*,*,#1906,.F.);
#2655=ORIENTED_EDGE('',*,*,#1887,.F.);
#2656=ORIENTED_EDGE('',*,*,#1812,.F.);
#2657=ORIENTED_EDGE('',*,*,#1621,.F.);
#2658=ORIENTED_EDGE('',*,*,#1907,.F.);
#2659=ORIENTED_EDGE('',*,*,#1908,.T.);
#2660=ORIENTED_EDGE('',*,*,#1850,.F.);
#2661=ORIENTED_EDGE('',*,*,#1791,.F.);
#2662=ORIENTED_EDGE('',*,*,#1788,.F.);
#2663=ORIENTED_EDGE('',*,*,#1843,.F.);
#2664=ORIENTED_EDGE('',*,*,#1784,.F.);
#2665=ORIENTED_EDGE('',*,*,#1825,.F.);
#2666=ORIENTED_EDGE('',*,*,#1780,.F.);
#2667=ORIENTED_EDGE('',*,*,#1905,.F.);
#2668=ORIENTED_EDGE('',*,*,#1909,.F.);
#2669=ORIENTED_EDGE('',*,*,#1619,.T.);
#2670=ORIENTED_EDGE('',*,*,#1815,.F.);
#2671=ORIENTED_EDGE('',*,*,#1804,.F.);
#2672=ORIENTED_EDGE('',*,*,#1852,.F.);
#2673=ORIENTED_EDGE('',*,*,#1802,.F.);
#2674=ORIENTED_EDGE('',*,*,#1800,.F.);
#2675=ORIENTED_EDGE('',*,*,#1796,.F.);
#2676=ORIENTED_EDGE('',*,*,#1851,.F.);
#2677=ORIENTED_EDGE('',*,*,#1908,.F.);
#2678=ORIENTED_EDGE('',*,*,#1842,.F.);
#2679=ORIENTED_EDGE('',*,*,#1839,.F.);
#2680=ORIENTED_EDGE('',*,*,#1838,.F.);
#2681=ORIENTED_EDGE('',*,*,#1835,.F.);
#2682=ORIENTED_EDGE('',*,*,#1831,.F.);
#2683=ORIENTED_EDGE('',*,*,#1829,.F.);
#2684=ORIENTED_EDGE('',*,*,#1587,.F.);
#2685=ORIENTED_EDGE('',*,*,#1910,.F.);
#2686=ORIENTED_EDGE('',*,*,#1911,.T.);
#2687=ORIENTED_EDGE('',*,*,#1844,.F.);
#2688=ORIENTED_EDGE('',*,*,#1826,.F.);
#2689=ORIENTED_EDGE('',*,*,#1859,.F.);
#2690=ORIENTED_EDGE('',*,*,#1864,.T.);
#2691=ORIENTED_EDGE('',*,*,#1867,.F.);
#2692=ORIENTED_EDGE('',*,*,#1823,.F.);
#2693=ORIENTED_EDGE('',*,*,#1822,.F.);
#2694=ORIENTED_EDGE('',*,*,#1569,.T.);
#2695=ORIENTED_EDGE('',*,*,#1585,.T.);
#2696=ORIENTED_EDGE('',*,*,#1615,.F.);
#2697=ORIENTED_EDGE('',*,*,#1809,.T.);
#2698=ORIENTED_EDGE('',*,*,#1845,.F.);
#2699=ORIENTED_EDGE('',*,*,#1911,.F.);
#2700=ORIENTED_EDGE('',*,*,#1912,.F.);
#2701=ORIENTED_EDGE('',*,*,#1580,.T.);
#2702=ORIENTED_EDGE('',*,*,#1582,.T.);
#2703=ORIENTED_EDGE('',*,*,#1913,.T.);
#2704=ORIENTED_EDGE('',*,*,#1914,.F.);
#2705=ORIENTED_EDGE('',*,*,#1915,.F.);
#2706=ORIENTED_EDGE('',*,*,#1571,.T.);
#2707=ORIENTED_EDGE('',*,*,#1916,.T.);
#2708=ORIENTED_EDGE('',*,*,#1917,.T.);
#2709=ORIENTED_EDGE('',*,*,#1918,.T.);
#2710=ORIENTED_EDGE('',*,*,#1914,.T.);
#2711=ORIENTED_EDGE('',*,*,#1919,.F.);
#2712=ORIENTED_EDGE('',*,*,#1920,.F.);
#2713=ORIENTED_EDGE('',*,*,#1917,.F.);
#2714=ORIENTED_EDGE('',*,*,#1921,.T.);
#2715=ORIENTED_EDGE('',*,*,#1922,.T.);
#2716=ORIENTED_EDGE('',*,*,#1592,.T.);
#2717=ORIENTED_EDGE('',*,*,#1923,.T.);
#2718=ORIENTED_EDGE('',*,*,#1919,.T.);
#2719=ORIENTED_EDGE('',*,*,#1614,.T.);
#2720=ORIENTED_EDGE('',*,*,#1613,.T.);
#2721=ORIENTED_EDGE('',*,*,#1873,.T.);
#2722=ORIENTED_EDGE('',*,*,#1876,.T.);
#2723=ORIENTED_EDGE('',*,*,#1853,.T.);
#2724=ORIENTED_EDGE('',*,*,#1875,.T.);
#2725=ORIENTED_EDGE('',*,*,#1869,.T.);
#2726=ORIENTED_EDGE('',*,*,#1607,.T.);
#2727=ORIENTED_EDGE('',*,*,#1662,.T.);
#2728=ORIENTED_EDGE('',*,*,#1924,.F.);
#2729=ORIENTED_EDGE('',*,*,#1610,.F.);
#2730=ORIENTED_EDGE('',*,*,#1925,.T.);
#2731=ORIENTED_EDGE('',*,*,#1663,.T.);
#2732=ORIENTED_EDGE('',*,*,#1925,.F.);
#2733=ORIENTED_EDGE('',*,*,#1609,.F.);
#2734=ORIENTED_EDGE('',*,*,#1868,.F.);
#2735=ORIENTED_EDGE('',*,*,#1874,.F.);
#2736=ORIENTED_EDGE('',*,*,#1881,.F.);
#2737=ORIENTED_EDGE('',*,*,#1882,.F.);
#2738=ORIENTED_EDGE('',*,*,#1865,.F.);
#2739=ORIENTED_EDGE('',*,*,#1862,.F.);
#2740=ORIENTED_EDGE('',*,*,#1861,.F.);
#2741=ORIENTED_EDGE('',*,*,#1892,.F.);
#2742=ORIENTED_EDGE('',*,*,#1894,.T.);
#2743=ORIENTED_EDGE('',*,*,#1898,.F.);
#2744=ORIENTED_EDGE('',*,*,#1855,.F.);
#2745=ORIENTED_EDGE('',*,*,#1903,.F.);
#2746=ORIENTED_EDGE('',*,*,#1926,.T.);
#2747=ORIENTED_EDGE('',*,*,#1664,.T.);
#2748=ORIENTED_EDGE('',*,*,#1926,.F.);
#2749=ORIENTED_EDGE('',*,*,#1902,.F.);
#2750=ORIENTED_EDGE('',*,*,#1927,.T.);
#2751=ORIENTED_EDGE('',*,*,#1661,.T.);
#2752=ORIENTED_EDGE('',*,*,#1927,.F.);
#2753=ORIENTED_EDGE('',*,*,#1901,.F.);
#2754=ORIENTED_EDGE('',*,*,#1899,.F.);
#2755=ORIENTED_EDGE('',*,*,#1896,.F.);
#2756=ORIENTED_EDGE('',*,*,#1895,.F.);
#2757=ORIENTED_EDGE('',*,*,#1890,.F.);
#2758=ORIENTED_EDGE('',*,*,#1888,.F.);
#2759=ORIENTED_EDGE('',*,*,#1906,.T.);
#2760=ORIENTED_EDGE('',*,*,#1886,.F.);
#2761=ORIENTED_EDGE('',*,*,#1883,.F.);
#2762=ORIENTED_EDGE('',*,*,#1879,.T.);
#2763=ORIENTED_EDGE('',*,*,#1877,.F.);
#2764=ORIENTED_EDGE('',*,*,#1871,.F.);
#2765=ORIENTED_EDGE('',*,*,#1611,.F.);
#2766=ORIENTED_EDGE('',*,*,#1924,.T.);
#2767=ORIENTED_EDGE('',*,*,#1572,.T.);
#2768=ORIENTED_EDGE('',*,*,#1915,.T.);
#2769=ORIENTED_EDGE('',*,*,#1918,.F.);
#2770=ORIENTED_EDGE('',*,*,#1920,.T.);
#2771=ORIENTED_EDGE('',*,*,#1923,.F.);
#2772=ORIENTED_EDGE('',*,*,#1591,.T.);
#2773=ORIENTED_EDGE('',*,*,#1576,.T.);
#2774=ORIENTED_EDGE('',*,*,#1642,.F.);
#2775=ORIENTED_EDGE('',*,*,#1928,.T.);
#2776=ORIENTED_EDGE('',*,*,#1658,.T.);
#2777=ORIENTED_EDGE('',*,*,#1657,.T.);
#2778=ORIENTED_EDGE('',*,*,#1656,.T.);
#2779=ORIENTED_EDGE('',*,*,#1655,.T.);
#2780=ORIENTED_EDGE('',*,*,#1654,.T.);
#2781=ORIENTED_EDGE('',*,*,#1653,.T.);
#2782=ORIENTED_EDGE('',*,*,#1652,.T.);
#2783=ORIENTED_EDGE('',*,*,#1620,.T.);
#2784=ORIENTED_EDGE('',*,*,#1909,.T.);
#2785=ORIENTED_EDGE('',*,*,#1907,.T.);
#2786=ORIENTED_EDGE('',*,*,#1904,.T.);
#2787=ORIENTED_EDGE('',*,*,#1659,.T.);
#2788=ORIENTED_EDGE('',*,*,#1928,.F.);
#2789=ORIENTED_EDGE('',*,*,#1641,.F.);
#2790=ORIENTED_EDGE('',*,*,#1929,.T.);
#2791=ORIENTED_EDGE('',*,*,#1660,.T.);
#2792=ORIENTED_EDGE('',*,*,#1929,.F.);
#2793=ORIENTED_EDGE('',*,*,#1640,.F.);
#2794=ORIENTED_EDGE('',*,*,#1595,.T.);
#2795=ORIENTED_EDGE('',*,*,#1581,.T.);
#2796=ORIENTED_EDGE('',*,*,#1912,.T.);
#2797=ORIENTED_EDGE('',*,*,#1910,.T.);
#2798=ORIENTED_EDGE('',*,*,#1586,.T.);
#2799=ORIENTED_EDGE('',*,*,#1568,.T.);
#2800=ORIENTED_EDGE('',*,*,#1593,.F.);
#2801=ORIENTED_EDGE('',*,*,#1922,.F.);
#2802=ORIENTED_EDGE('',*,*,#1921,.F.);
#2803=ORIENTED_EDGE('',*,*,#1916,.F.);
#2804=ORIENTED_EDGE('',*,*,#1913,.F.);
#2805=ORIENTED_EDGE('',*,*,#1930,.F.);
#2806=ORIENTED_EDGE('',*,*,#1631,.T.);
#2807=ORIENTED_EDGE('',*,*,#1931,.T.);
#2808=ORIENTED_EDGE('',*,*,#1930,.T.);
#2809=ORIENTED_EDGE('',*,*,#1931,.F.);
#2810=ORIENTED_EDGE('',*,*,#1630,.T.);
#2811=ORIENTED_EDGE('',*,*,#1736,.F.);
#2812=ORIENTED_EDGE('',*,*,#1932,.T.);
#2813=ORIENTED_EDGE('',*,*,#1933,.T.);
#2814=ORIENTED_EDGE('',*,*,#1934,.T.);
#2815=ORIENTED_EDGE('',*,*,#1932,.F.);
#2816=ORIENTED_EDGE('',*,*,#1935,.T.);
#2817=ORIENTED_EDGE('',*,*,#1936,.F.);
#2818=ORIENTED_EDGE('',*,*,#1937,.T.);
#2819=ORIENTED_EDGE('',*,*,#1933,.F.);
#2820=ORIENTED_EDGE('',*,*,#1937,.F.);
#2821=ORIENTED_EDGE('',*,*,#1938,.F.);
#2822=ORIENTED_EDGE('',*,*,#1939,.F.);
#2823=ORIENTED_EDGE('',*,*,#1934,.F.);
#2824=ORIENTED_EDGE('',*,*,#1939,.T.);
#2825=ORIENTED_EDGE('',*,*,#1940,.F.);
#2826=ORIENTED_EDGE('',*,*,#1935,.F.);
#2827=ORIENTED_EDGE('',*,*,#1936,.T.);
#2828=ORIENTED_EDGE('',*,*,#1940,.T.);
#2829=ORIENTED_EDGE('',*,*,#1938,.T.);
#2830=ORIENTED_EDGE('',*,*,#1941,.F.);
#2831=ORIENTED_EDGE('',*,*,#1942,.F.);
#2832=ORIENTED_EDGE('',*,*,#1943,.F.);
#2833=ORIENTED_EDGE('',*,*,#1944,.T.);
#2834=ORIENTED_EDGE('',*,*,#1945,.T.);
#2835=ORIENTED_EDGE('',*,*,#1946,.T.);
#2836=ORIENTED_EDGE('',*,*,#1941,.T.);
#2837=ORIENTED_EDGE('',*,*,#1946,.F.);
#2838=ORIENTED_EDGE('',*,*,#1947,.T.);
#2839=ORIENTED_EDGE('',*,*,#1948,.F.);
#2840=ORIENTED_EDGE('',*,*,#1942,.T.);
#2841=ORIENTED_EDGE('',*,*,#1949,.T.);
#2842=ORIENTED_EDGE('',*,*,#1943,.T.);
#2843=ORIENTED_EDGE('',*,*,#1948,.T.);
#2844=ORIENTED_EDGE('',*,*,#1945,.F.);
#2845=ORIENTED_EDGE('',*,*,#1944,.F.);
#2846=ORIENTED_EDGE('',*,*,#1949,.F.);
#2847=ORIENTED_EDGE('',*,*,#1947,.F.);
#2848=ORIENTED_EDGE('',*,*,#1950,.F.);
#2849=ORIENTED_EDGE('',*,*,#1951,.F.);
#2850=ORIENTED_EDGE('',*,*,#1952,.F.);
#2851=ORIENTED_EDGE('',*,*,#1953,.T.);
#2852=ORIENTED_EDGE('',*,*,#1954,.T.);
#2853=ORIENTED_EDGE('',*,*,#1955,.F.);
#2854=ORIENTED_EDGE('',*,*,#1956,.F.);
#2855=ORIENTED_EDGE('',*,*,#1957,.F.);
#2856=ORIENTED_EDGE('',*,*,#1958,.T.);
#2857=ORIENTED_EDGE('',*,*,#1950,.T.);
#2858=ORIENTED_EDGE('',*,*,#1951,.T.);
#2859=ORIENTED_EDGE('',*,*,#1958,.F.);
#2860=ORIENTED_EDGE('',*,*,#1959,.F.);
#2861=ORIENTED_EDGE('',*,*,#1960,.F.);
#2862=ORIENTED_EDGE('',*,*,#1961,.T.);
#2863=ORIENTED_EDGE('',*,*,#1952,.T.);
#2864=ORIENTED_EDGE('',*,*,#1960,.T.);
#2865=ORIENTED_EDGE('',*,*,#1962,.F.);
#2866=ORIENTED_EDGE('',*,*,#1956,.T.);
#2867=ORIENTED_EDGE('',*,*,#1963,.F.);
#2868=ORIENTED_EDGE('',*,*,#1954,.F.);
#2869=ORIENTED_EDGE('',*,*,#1953,.F.);
#2870=ORIENTED_EDGE('',*,*,#1961,.F.);
#2871=ORIENTED_EDGE('',*,*,#1964,.F.);
#2872=ORIENTED_EDGE('',*,*,#1964,.T.);
#2873=ORIENTED_EDGE('',*,*,#1963,.T.);
#2874=ORIENTED_EDGE('',*,*,#1955,.T.);
#2875=ORIENTED_EDGE('',*,*,#1962,.T.);
#2876=ORIENTED_EDGE('',*,*,#1959,.T.);
#2877=ORIENTED_EDGE('',*,*,#1957,.T.);
#2878=ORIENTED_EDGE('',*,*,#1965,.T.);
#2879=ORIENTED_EDGE('',*,*,#1966,.T.);
#2880=ORIENTED_EDGE('',*,*,#1967,.T.);
#2881=ORIENTED_EDGE('',*,*,#1968,.T.);
#2882=ORIENTED_EDGE('',*,*,#1969,.T.);
#2883=ORIENTED_EDGE('',*,*,#1970,.T.);
#2884=ORIENTED_EDGE('',*,*,#1970,.F.);
#2885=ORIENTED_EDGE('',*,*,#1971,.F.);
#2886=ORIENTED_EDGE('',*,*,#1966,.F.);
#2887=ORIENTED_EDGE('',*,*,#1965,.F.);
#2888=ORIENTED_EDGE('',*,*,#1969,.F.);
#2889=ORIENTED_EDGE('',*,*,#1972,.T.);
#2890=ORIENTED_EDGE('',*,*,#1967,.F.);
#2891=ORIENTED_EDGE('',*,*,#1971,.T.);
#2892=ORIENTED_EDGE('',*,*,#1968,.F.);
#2893=ORIENTED_EDGE('',*,*,#1972,.F.);
#2894=ORIENTED_EDGE('',*,*,#1973,.F.);
#2895=ORIENTED_EDGE('',*,*,#1974,.T.);
#2896=ORIENTED_EDGE('',*,*,#1975,.F.);
#2897=ORIENTED_EDGE('',*,*,#1976,.F.);
#2898=ORIENTED_EDGE('',*,*,#1977,.F.);
#2899=ORIENTED_EDGE('',*,*,#1974,.F.);
#2900=ORIENTED_EDGE('',*,*,#1976,.T.);
#2901=ORIENTED_EDGE('',*,*,#1975,.T.);
#2902=ORIENTED_EDGE('',*,*,#1973,.T.);
#2903=ORIENTED_EDGE('',*,*,#1977,.T.);
#2904=ORIENTED_EDGE('',*,*,#1978,.T.);
#2905=ORIENTED_EDGE('',*,*,#1979,.T.);
#2906=ORIENTED_EDGE('',*,*,#1980,.T.);
#2907=ORIENTED_EDGE('',*,*,#1981,.T.);
#2908=ORIENTED_EDGE('',*,*,#1982,.T.);
#2909=ORIENTED_EDGE('',*,*,#1980,.F.);
#2910=ORIENTED_EDGE('',*,*,#1983,.T.);
#2911=ORIENTED_EDGE('',*,*,#1984,.F.);
#2912=ORIENTED_EDGE('',*,*,#1985,.T.);
#2913=ORIENTED_EDGE('',*,*,#1981,.F.);
#2914=ORIENTED_EDGE('',*,*,#1985,.F.);
#2915=ORIENTED_EDGE('',*,*,#1986,.F.);
#2916=ORIENTED_EDGE('',*,*,#1987,.T.);
#2917=ORIENTED_EDGE('',*,*,#1988,.T.);
#2918=ORIENTED_EDGE('',*,*,#1982,.F.);
#2919=ORIENTED_EDGE('',*,*,#1987,.F.);
#2920=ORIENTED_EDGE('',*,*,#1989,.F.);
#2921=ORIENTED_EDGE('',*,*,#1988,.F.);
#2922=ORIENTED_EDGE('',*,*,#1990,.F.);
#2923=ORIENTED_EDGE('',*,*,#1991,.F.);
#2924=ORIENTED_EDGE('',*,*,#1978,.F.);
#2925=ORIENTED_EDGE('',*,*,#1990,.T.);
#2926=ORIENTED_EDGE('',*,*,#1989,.T.);
#2927=ORIENTED_EDGE('',*,*,#1986,.T.);
#2928=ORIENTED_EDGE('',*,*,#1984,.T.);
#2929=ORIENTED_EDGE('',*,*,#1992,.T.);
#2930=ORIENTED_EDGE('',*,*,#1991,.T.);
#2931=ORIENTED_EDGE('',*,*,#1992,.F.);
#2932=ORIENTED_EDGE('',*,*,#1983,.F.);
#2933=ORIENTED_EDGE('',*,*,#1979,.F.);
#2934=ORIENTED_EDGE('',*,*,#1993,.T.);
#2935=ORIENTED_EDGE('',*,*,#1994,.T.);
#2936=ORIENTED_EDGE('',*,*,#1995,.T.);
#2937=ORIENTED_EDGE('',*,*,#1996,.T.);
#2938=ORIENTED_EDGE('',*,*,#1997,.T.);
#2939=ORIENTED_EDGE('',*,*,#1998,.F.);
#2940=ORIENTED_EDGE('',*,*,#1994,.F.);
#2941=ORIENTED_EDGE('',*,*,#1999,.T.);
#2942=ORIENTED_EDGE('',*,*,#1995,.F.);
#2943=ORIENTED_EDGE('',*,*,#1998,.T.);
#2944=ORIENTED_EDGE('',*,*,#2000,.T.);
#2945=ORIENTED_EDGE('',*,*,#2001,.T.);
#2946=ORIENTED_EDGE('',*,*,#2002,.F.);
#2947=ORIENTED_EDGE('',*,*,#1996,.F.);
#2948=ORIENTED_EDGE('',*,*,#1993,.F.);
#2949=ORIENTED_EDGE('',*,*,#1999,.F.);
#2950=ORIENTED_EDGE('',*,*,#2003,.F.);
#2951=ORIENTED_EDGE('',*,*,#2004,.F.);
#2952=ORIENTED_EDGE('',*,*,#2005,.F.);
#2953=ORIENTED_EDGE('',*,*,#2005,.T.);
#2954=ORIENTED_EDGE('',*,*,#2006,.F.);
#2955=ORIENTED_EDGE('',*,*,#2000,.F.);
#2956=ORIENTED_EDGE('',*,*,#1997,.F.);
#2957=ORIENTED_EDGE('',*,*,#2004,.T.);
#2958=ORIENTED_EDGE('',*,*,#2007,.F.);
#2959=ORIENTED_EDGE('',*,*,#2001,.F.);
#2960=ORIENTED_EDGE('',*,*,#2006,.T.);
#2961=ORIENTED_EDGE('',*,*,#2003,.T.);
#2962=ORIENTED_EDGE('',*,*,#2002,.T.);
#2963=ORIENTED_EDGE('',*,*,#2007,.T.);
#2964=ORIENTED_EDGE('',*,*,#2008,.T.);
#2965=ORIENTED_EDGE('',*,*,#2009,.T.);
#2966=ORIENTED_EDGE('',*,*,#2010,.F.);
#2967=ORIENTED_EDGE('',*,*,#2011,.F.);
#2968=ORIENTED_EDGE('',*,*,#2012,.F.);
#2969=ORIENTED_EDGE('',*,*,#2013,.T.);
#2970=ORIENTED_EDGE('',*,*,#2014,.T.);
#2971=ORIENTED_EDGE('',*,*,#2015,.T.);
#2972=ORIENTED_EDGE('',*,*,#2010,.T.);
#2973=ORIENTED_EDGE('',*,*,#2016,.T.);
#2974=ORIENTED_EDGE('',*,*,#2017,.T.);
#2975=ORIENTED_EDGE('',*,*,#2018,.T.);
#2976=ORIENTED_EDGE('',*,*,#2012,.T.);
#2977=ORIENTED_EDGE('',*,*,#2019,.T.);
#2978=ORIENTED_EDGE('',*,*,#2020,.T.);
#2979=ORIENTED_EDGE('',*,*,#2021,.T.);
#2980=ORIENTED_EDGE('',*,*,#2013,.F.);
#2981=ORIENTED_EDGE('',*,*,#2018,.F.);
#2982=ORIENTED_EDGE('',*,*,#2022,.T.);
#2983=ORIENTED_EDGE('',*,*,#2023,.T.);
#2984=ORIENTED_EDGE('',*,*,#2008,.F.);
#2985=ORIENTED_EDGE('',*,*,#2021,.F.);
#2986=ORIENTED_EDGE('',*,*,#2024,.T.);
#2987=ORIENTED_EDGE('',*,*,#2016,.F.);
#2988=ORIENTED_EDGE('',*,*,#2009,.F.);
#2989=ORIENTED_EDGE('',*,*,#2023,.F.);
#2990=ORIENTED_EDGE('',*,*,#2024,.F.);
#2991=ORIENTED_EDGE('',*,*,#2022,.F.);
#2992=ORIENTED_EDGE('',*,*,#2020,.F.);
#2993=ORIENTED_EDGE('',*,*,#2017,.F.);
#2994=ORIENTED_EDGE('',*,*,#2025,.F.);
#2995=ORIENTED_EDGE('',*,*,#2014,.F.);
#2996=ORIENTED_EDGE('',*,*,#2025,.T.);
#2997=ORIENTED_EDGE('',*,*,#2019,.F.);
#2998=ORIENTED_EDGE('',*,*,#2011,.T.);
#2999=ORIENTED_EDGE('',*,*,#2015,.F.);
#3000=PLANE('',#3341);
#3001=PLANE('',#3347);
#3002=PLANE('',#3348);
#3003=PLANE('',#3349);
#3004=PLANE('',#3350);
#3005=PLANE('',#3351);
#3006=PLANE('',#3352);
#3007=PLANE('',#3353);
#3008=PLANE('',#3354);
#3009=PLANE('',#3355);
#3010=PLANE('',#3356);
#3011=PLANE('',#3357);
#3012=PLANE('',#3358);
#3013=PLANE('',#3359);
#3014=PLANE('',#3360);
#3015=PLANE('',#3361);
#3016=PLANE('',#3362);
#3017=PLANE('',#3363);
#3018=PLANE('',#3366);
#3019=PLANE('',#3367);
#3020=PLANE('',#3368);
#3021=PLANE('',#3369);
#3022=PLANE('',#3370);
#3023=PLANE('',#3371);
#3024=PLANE('',#3372);
#3025=PLANE('',#3373);
#3026=PLANE('',#3374);
#3027=PLANE('',#3375);
#3028=PLANE('',#3376);
#3029=PLANE('',#3377);
#3030=PLANE('',#3378);
#3031=PLANE('',#3381);
#3032=PLANE('',#3382);
#3033=PLANE('',#3383);
#3034=PLANE('',#3384);
#3035=PLANE('',#3387);
#3036=PLANE('',#3388);
#3037=PLANE('',#3389);
#3038=PLANE('',#3390);
#3039=PLANE('',#3391);
#3040=PLANE('',#3392);
#3041=PLANE('',#3394);
#3042=PLANE('',#3395);
#3043=PLANE('',#3396);
#3044=PLANE('',#3397);
#3045=PLANE('',#3398);
#3046=PLANE('',#3399);
#3047=PLANE('',#3400);
#3048=PLANE('',#3401);
#3049=PLANE('',#3402);
#3050=PLANE('',#3403);
#3051=PLANE('',#3404);
#3052=PLANE('',#3405);
#3053=PLANE('',#3406);
#3054=PLANE('',#3407);
#3055=PLANE('',#3408);
#3056=PLANE('',#3409);
#3057=PLANE('',#3410);
#3058=PLANE('',#3411);
#3059=PLANE('',#3412);
#3060=PLANE('',#3413);
#3061=PLANE('',#3414);
#3062=PLANE('',#3415);
#3063=PLANE('',#3416);
#3064=PLANE('',#3420);
#3065=PLANE('',#3421);
#3066=PLANE('',#3422);
#3067=PLANE('',#3423);
#3068=PLANE('',#3424);
#3069=PLANE('',#3425);
#3070=PLANE('',#3426);
#3071=PLANE('',#3427);
#3072=PLANE('',#3428);
#3073=PLANE('',#3429);
#3074=PLANE('',#3433);
#3075=PLANE('',#3434);
#3076=PLANE('',#3435);
#3077=PLANE('',#3436);
#3078=PLANE('',#3437);
#3079=PLANE('',#3438);
#3080=PLANE('',#3439);
#3081=PLANE('',#3440);
#3082=PLANE('',#3441);
#3083=PLANE('',#3442);
#3084=PLANE('',#3443);
#3085=PLANE('',#3444);
#3086=PLANE('',#3445);
#3087=PLANE('',#3446);
#3088=PLANE('',#3447);
#3089=PLANE('',#3448);
#3090=PLANE('',#3449);
#3091=PLANE('',#3450);
#3092=PLANE('',#3451);
#3093=PLANE('',#3454);
#3094=PLANE('',#3457);
#3095=PLANE('',#3458);
#3096=PLANE('',#3459);
#3097=PLANE('',#3460);
#3098=PLANE('',#3461);
#3099=PLANE('',#3462);
#3100=PLANE('',#3463);
#3101=PLANE('',#3464);
#3102=PLANE('',#3467);
#3103=PLANE('',#3468);
#3104=PLANE('',#3469);
#3105=PLANE('',#3470);
#3106=PLANE('',#3471);
#3107=PLANE('',#3472);
#3108=PLANE('',#3473);
#3109=PLANE('',#3474);
#3110=PLANE('',#3475);
#3111=PLANE('',#3476);
#3112=PLANE('',#3477);
#3113=PLANE('',#3478);
#3114=PLANE('',#3479);
#3115=PLANE('',#3480);
#3116=PLANE('',#3481);
#3117=PLANE('',#3482);
#3118=PLANE('',#3483);
#3119=PLANE('',#3484);
#3120=PLANE('',#3485);
#3121=PLANE('',#3486);
#3122=PLANE('',#3487);
#3123=PLANE('',#3488);
#3124=PLANE('',#3489);
#3125=PLANE('',#3490);
#3126=PLANE('',#3491);
#3127=PLANE('',#3492);
#3128=PLANE('',#3493);
#3129=PLANE('',#3494);
#3130=PLANE('',#3495);
#3131=PLANE('',#3496);
#3132=PLANE('',#3497);
#3133=PLANE('',#3498);
#3134=ADVANCED_FACE('',(#237),#3000,.F.);
#3135=ADVANCED_FACE('',(#238),#229,.F.);
#3136=ADVANCED_FACE('',(#239),#3001,.T.);
#3137=ADVANCED_FACE('',(#240),#27,.F.);
#3138=ADVANCED_FACE('',(#241),#3002,.T.);
#3139=ADVANCED_FACE('',(#242),#3003,.T.);
#3140=ADVANCED_FACE('',(#243),#28,.F.);
#3141=ADVANCED_FACE('',(#244),#3004,.T.);
#3142=ADVANCED_FACE('',(#245),#3005,.T.);
#3143=ADVANCED_FACE('',(#246),#3006,.T.);
#3144=ADVANCED_FACE('',(#247),#3007,.F.);
#3145=ADVANCED_FACE('',(#248),#3008,.F.);
#3146=ADVANCED_FACE('',(#249),#3009,.F.);
#3147=ADVANCED_FACE('',(#250),#3010,.F.);
#3148=ADVANCED_FACE('',(#251),#3011,.F.);
#3149=ADVANCED_FACE('',(#252),#3012,.T.);
#3150=ADVANCED_FACE('',(#253),#3013,.T.);
#3151=ADVANCED_FACE('',(#254),#29,.F.);
#3152=ADVANCED_FACE('',(#255),#3014,.T.);
#3153=ADVANCED_FACE('',(#256),#3015,.T.);
#3154=ADVANCED_FACE('',(#257),#3016,.T.);
#3155=ADVANCED_FACE('',(#258),#3017,.T.);
#3156=ADVANCED_FACE('',(#259,#15),#3018,.T.);
#3157=ADVANCED_FACE('',(#260),#3019,.T.);
#3158=ADVANCED_FACE('',(#261,#16),#3020,.F.);
#3159=ADVANCED_FACE('',(#262),#3021,.T.);
#3160=ADVANCED_FACE('',(#263),#3022,.T.);
#3161=ADVANCED_FACE('',(#264),#30,.F.);
#3162=ADVANCED_FACE('',(#265),#31,.F.);
#3163=ADVANCED_FACE('',(#266),#3023,.T.);
#3164=ADVANCED_FACE('',(#267),#3024,.T.);
#3165=ADVANCED_FACE('',(#268),#3025,.T.);
#3166=ADVANCED_FACE('',(#269),#3026,.T.);
#3167=ADVANCED_FACE('',(#270),#3027,.T.);
#3168=ADVANCED_FACE('',(#271),#3028,.T.);
#3169=ADVANCED_FACE('',(#272),#3029,.T.);
#3170=ADVANCED_FACE('',(#273),#3030,.T.);
#3171=ADVANCED_FACE('',(#274),#230,.T.);
#3172=ADVANCED_FACE('',(#275),#3031,.T.);
#3173=ADVANCED_FACE('',(#276),#32,.F.);
#3174=ADVANCED_FACE('',(#277),#33,.F.);
#3175=ADVANCED_FACE('',(#278),#3032,.T.);
#3176=ADVANCED_FACE('',(#279),#3033,.T.);
#3177=ADVANCED_FACE('',(#280),#3034,.T.);
#3178=ADVANCED_FACE('',(#281),#231,.T.);
#3179=ADVANCED_FACE('',(#282),#3035,.T.);
#3180=ADVANCED_FACE('',(#283),#3036,.T.);
#3181=ADVANCED_FACE('',(#284),#3037,.T.);
#3182=ADVANCED_FACE('',(#285),#3038,.T.);
#3183=ADVANCED_FACE('',(#286),#3039,.T.);
#3184=ADVANCED_FACE('',(#287),#3040,.T.);
#3185=ADVANCED_FACE('',(#288),#3041,.F.);
#3186=ADVANCED_FACE('',(#289),#3042,.T.);
#3187=ADVANCED_FACE('',(#290),#3043,.F.);
#3188=ADVANCED_FACE('',(#291),#3044,.T.);
#3189=ADVANCED_FACE('',(#292),#3045,.T.);
#3190=ADVANCED_FACE('',(#293),#34,.F.);
#3191=ADVANCED_FACE('',(#294),#3046,.T.);
#3192=ADVANCED_FACE('',(#295),#3047,.T.);
#3193=ADVANCED_FACE('',(#296),#35,.F.);
#3194=ADVANCED_FACE('',(#297),#36,.F.);
#3195=ADVANCED_FACE('',(#298),#3048,.T.);
#3196=ADVANCED_FACE('',(#299),#37,.F.);
#3197=ADVANCED_FACE('',(#300),#38,.F.);
#3198=ADVANCED_FACE('',(#301),#3049,.F.);
#3199=ADVANCED_FACE('',(#302),#39,.F.);
#3200=ADVANCED_FACE('',(#303),#3050,.T.);
#3201=ADVANCED_FACE('',(#304),#3051,.T.);
#3202=ADVANCED_FACE('',(#305),#40,.F.);
#3203=ADVANCED_FACE('',(#306),#3052,.T.);
#3204=ADVANCED_FACE('',(#307),#3053,.T.);
#3205=ADVANCED_FACE('',(#308),#3054,.T.);
#3206=ADVANCED_FACE('',(#309),#3055,.T.);
#3207=ADVANCED_FACE('',(#310),#41,.F.);
#3208=ADVANCED_FACE('',(#311),#42,.F.);
#3209=ADVANCED_FACE('',(#312),#3056,.T.);
#3210=ADVANCED_FACE('',(#313),#3057,.T.);
#3211=ADVANCED_FACE('',(#314),#3058,.F.);
#3212=ADVANCED_FACE('',(#315),#3059,.T.);
#3213=ADVANCED_FACE('',(#316),#3060,.T.);
#3214=ADVANCED_FACE('',(#317),#3061,.T.);
#3215=ADVANCED_FACE('',(#318),#3062,.T.);
#3216=ADVANCED_FACE('',(#319),#3063,.T.);
#3217=ADVANCED_FACE('',(#320),#232,.T.);
#3218=ADVANCED_FACE('',(#321),#3064,.T.);
#3219=ADVANCED_FACE('',(#322),#3065,.T.);
#3220=ADVANCED_FACE('',(#323),#3066,.T.);
#3221=ADVANCED_FACE('',(#324),#3067,.F.);
#3222=ADVANCED_FACE('',(#325),#3068,.F.);
#3223=ADVANCED_FACE('',(#326),#3069,.F.);
#3224=ADVANCED_FACE('',(#327),#3070,.F.);
#3225=ADVANCED_FACE('',(#328),#3071,.T.);
#3226=ADVANCED_FACE('',(#329),#3072,.T.);
#3227=ADVANCED_FACE('',(#330),#3073,.T.);
#3228=ADVANCED_FACE('',(#331),#233,.T.);
#3229=ADVANCED_FACE('',(#332),#3074,.T.);
#3230=ADVANCED_FACE('',(#333),#3075,.T.);
#3231=ADVANCED_FACE('',(#334),#3076,.T.);
#3232=ADVANCED_FACE('',(#335),#3077,.T.);
#3233=ADVANCED_FACE('',(#336),#3078,.F.);
#3234=ADVANCED_FACE('',(#337),#3079,.T.);
#3235=ADVANCED_FACE('',(#338),#3080,.T.);
#3236=ADVANCED_FACE('',(#339),#3081,.T.);
#3237=ADVANCED_FACE('',(#340),#3082,.T.);
#3238=ADVANCED_FACE('',(#341),#3083,.F.);
#3239=ADVANCED_FACE('',(#342),#3084,.T.);
#3240=ADVANCED_FACE('',(#343),#3085,.T.);
#3241=ADVANCED_FACE('',(#344),#3086,.T.);
#3242=ADVANCED_FACE('',(#345),#3087,.F.);
#3243=ADVANCED_FACE('',(#346),#3088,.F.);
#3244=ADVANCED_FACE('',(#347),#3089,.F.);
#3245=ADVANCED_FACE('',(#348),#3090,.F.);
#3246=ADVANCED_FACE('',(#349),#3091,.F.);
#3247=ADVANCED_FACE('',(#350),#3092,.T.);
#3248=ADVANCED_FACE('',(#351),#234,.T.);
#3249=ADVANCED_FACE('',(#352),#3093,.T.);
#3250=ADVANCED_FACE('',(#353),#235,.T.);
#3251=ADVANCED_FACE('',(#354),#43,.F.);
#3252=ADVANCED_FACE('',(#355),#3094,.F.);
#3253=ADVANCED_FACE('',(#356),#3095,.F.);
#3254=ADVANCED_FACE('',(#357),#3096,.F.);
#3255=ADVANCED_FACE('',(#358),#3097,.F.);
#3256=ADVANCED_FACE('',(#359,#17),#44,.T.);
#3257=ADVANCED_FACE('',(#360),#3098,.F.);
#3258=ADVANCED_FACE('',(#361),#3099,.T.);
#3259=ADVANCED_FACE('',(#362),#3100,.T.);
#3260=ADVANCED_FACE('',(#363),#3101,.F.);
#3261=ADVANCED_FACE('',(#364),#236,.F.);
#3262=ADVANCED_FACE('',(#365),#45,.F.);
#3263=ADVANCED_FACE('',(#366),#3102,.T.);
#3264=ADVANCED_FACE('',(#367),#3103,.T.);
#3265=ADVANCED_FACE('',(#368),#3104,.T.);
#3266=ADVANCED_FACE('',(#369),#46,.F.);
#3267=ADVANCED_FACE('',(#370),#3105,.T.);
#3268=ADVANCED_FACE('',(#371),#47,.F.);
#3269=ADVANCED_FACE('',(#372),#3106,.T.);
#3270=ADVANCED_FACE('',(#373),#48,.F.);
#3271=ADVANCED_FACE('',(#374),#3107,.T.);
#3272=ADVANCED_FACE('',(#375),#3108,.T.);
#3273=ADVANCED_FACE('',(#376),#3109,.T.);
#3274=ADVANCED_FACE('',(#377),#3110,.T.);
#3275=ADVANCED_FACE('',(#378),#3111,.T.);
#3276=ADVANCED_FACE('',(#379),#3112,.T.);
#3277=ADVANCED_FACE('',(#380),#49,.F.);
#3278=ADVANCED_FACE('',(#381),#50,.F.);
#3279=ADVANCED_FACE('',(#382),#51,.F.);
#3280=ADVANCED_FACE('',(#383),#3113,.T.);
#3281=ADVANCED_FACE('',(#384),#3114,.T.);
#3282=ADVANCED_FACE('',(#385),#3115,.T.);
#3283=ADVANCED_FACE('',(#386),#3116,.T.);
#3284=ADVANCED_FACE('',(#387),#3117,.T.);
#3285=ADVANCED_FACE('',(#388),#52,.F.);
#3286=ADVANCED_FACE('',(#389),#53,.F.);
#3287=ADVANCED_FACE('',(#390),#3118,.T.);
#3288=ADVANCED_FACE('',(#391),#3119,.T.);
#3289=ADVANCED_FACE('',(#392),#3120,.T.);
#3290=ADVANCED_FACE('',(#393),#3121,.T.);
#3291=ADVANCED_FACE('',(#394),#54,.F.);
#3292=ADVANCED_FACE('',(#395),#3122,.T.);
#3293=ADVANCED_FACE('',(#396),#55,.F.);
#3294=ADVANCED_FACE('',(#397),#3123,.T.);
#3295=ADVANCED_FACE('',(#398),#3124,.T.);
#3296=ADVANCED_FACE('',(#399),#3125,.T.);
#3297=ADVANCED_FACE('',(#400),#3126,.T.);
#3298=ADVANCED_FACE('',(#401),#3127,.T.);
#3299=ADVANCED_FACE('',(#402),#56,.F.);
#3300=ADVANCED_FACE('',(#403),#3128,.T.);
#3301=ADVANCED_FACE('',(#404),#57,.F.);
#3302=ADVANCED_FACE('',(#405),#58,.F.);
#3303=ADVANCED_FACE('',(#406),#3129,.T.);
#3304=ADVANCED_FACE('',(#407),#3130,.T.);
#3305=ADVANCED_FACE('',(#408),#3131,.T.);
#3306=ADVANCED_FACE('',(#409),#3132,.T.);
#3307=ADVANCED_FACE('',(#410),#3133,.T.);
#3308=CLOSED_SHELL('',(#3134,#3135,#3136,#3137,#3138,#3139,#3140,#3141,
#3142,#3143));
#3309=CLOSED_SHELL('',(#3144,#3145,#3146,#3147,#3148,#3149,#3150,#3151,
#3152,#3153,#3154,#3155,#3156,#3157,#3158,#3159,#3160,#3161,#3162,#3163,
#3164,#3165,#3166,#3167,#3168,#3169,#3170,#3171,#3172,#3173,#3174,#3175,
#3176,#3177,#3178,#3179,#3180,#3181,#3182,#3183,#3184,#3185,#3186,#3187,
#3188,#3189,#3190,#3191,#3192,#3193,#3194,#3195,#3196,#3197,#3198,#3199,
#3200,#3201,#3202,#3203,#3204,#3205,#3206,#3207,#3208,#3209,#3210,#3211,
#3212,#3213,#3214,#3215,#3216,#3217,#3218,#3219,#3220,#3221,#3222,#3223,
#3224,#3225,#3226,#3227,#3228,#3229,#3230,#3231,#3232,#3233,#3234,#3235,
#3236,#3237,#3238,#3239,#3240,#3241,#3242,#3243,#3244,#3245,#3246,#3247,
#3248,#3249,#3250,#3251,#3252,#3253,#3254,#3255,#3256,#3257,#3258,#3259,
#3260,#3261));
#3310=CLOSED_SHELL('',(#3262,#3263,#3264,#3265,#3266));
#3311=CLOSED_SHELL('',(#3267,#3268,#3269,#3270,#3271));
#3312=CLOSED_SHELL('',(#3272,#3273,#3274,#3275,#3276,#3277,#3278));
#3313=CLOSED_SHELL('',(#3279,#3280,#3281,#3282));
#3314=CLOSED_SHELL('',(#3283,#3284,#3285));
#3315=CLOSED_SHELL('',(#3286,#3287,#3288,#3289,#3290,#3291,#3292));
#3316=CLOSED_SHELL('',(#3293,#3294,#3295,#3296,#3297,#3298,#3299));
#3317=CLOSED_SHELL('',(#3300,#3301,#3302,#3303,#3304,#3305,#3306,#3307));
#3318=BREP_WITH_VOIDS('Solid17',#3309,(#18,#19,#20,#21,#22,#23,#24,#25,
#26));
#3319=DERIVED_UNIT_ELEMENT(#3322,1.);
#3320=DERIVED_UNIT_ELEMENT(#11295,-3.);
#3321=DIMENSIONAL_EXPONENTS(0.,1.,0.,0.,0.,0.,0.);
#3322=(
CONVERSION_BASED_UNIT('gram',#3324)
MASS_UNIT()
NAMED_UNIT(#3321)
);
#3323=(
MASS_UNIT()
NAMED_UNIT(*)
SI_UNIT(.KILO.,.GRAM.)
);
#3324=MASS_MEASURE_WITH_UNIT(MASS_MEASURE(0.001),#3323);
#3325=DERIVED_UNIT((#3319,#3320));
#3326=MEASURE_REPRESENTATION_ITEM('density measure',
POSITIVE_RATIO_MEASURE(1.),#3325);
#3327=PROPERTY_DEFINITION_REPRESENTATION(#3332,#3329);
#3328=PROPERTY_DEFINITION_REPRESENTATION(#3333,#3330);
#3329=REPRESENTATION('material name',(#3331),#11292);
#3330=REPRESENTATION('density',(#3326),#11292);
#3331=DESCRIPTIVE_REPRESENTATION_ITEM('Generic','Generic');
#3332=PROPERTY_DEFINITION('material property','material name',#11302);
#3333=PROPERTY_DEFINITION('material property','density of part',#11302);
#3334=DATE_TIME_ROLE('creation_date');
#3335=APPLIED_DATE_AND_TIME_ASSIGNMENT(#3336,#3334,(#11302));
#3336=DATE_AND_TIME(#3337,#3338);
#3337=CALENDAR_DATE(2026,24,3);
#3338=LOCAL_TIME(0,0,0.,#3339);
#3339=COORDINATED_UNIVERSAL_TIME_OFFSET(0,0,.BEHIND.);
#3340=AXIS2_PLACEMENT_3D('',#4121,#3499,#3500);
#3341=AXIS2_PLACEMENT_3D('',#4122,#3501,#3502);
#3342=AXIS2_PLACEMENT_3D('',#4126,#3504,#3505);
#3343=AXIS2_PLACEMENT_3D('',#4127,#3506,#3507);
#3344=AXIS2_PLACEMENT_3D('',#4130,#3508,#3509);
#3345=AXIS2_PLACEMENT_3D('',#4131,#3510,#3511);
#3346=AXIS2_PLACEMENT_3D('',#4132,#3512,#3513);
#3347=AXIS2_PLACEMENT_3D('',#4133,#3514,#3515);
#3348=AXIS2_PLACEMENT_3D('',#4469,#3521,#3522);
#3349=AXIS2_PLACEMENT_3D('',#4473,#3525,#3526);
#3350=AXIS2_PLACEMENT_3D('',#4682,#3530,#3531);
#3351=AXIS2_PLACEMENT_3D('',#4684,#3533,#3534);
#3352=AXIS2_PLACEMENT_3D('',#4685,#3535,#3536);
#3353=AXIS2_PLACEMENT_3D('',#4686,#3537,#3538);
#3354=AXIS2_PLACEMENT_3D('',#4695,#3543,#3544);
#3355=AXIS2_PLACEMENT_3D('',#4725,#3554,#3555);
#3356=AXIS2_PLACEMENT_3D('',#4731,#3559,#3560);
#3357=AXIS2_PLACEMENT_3D('',#4737,#3564,#3565);
#3358=AXIS2_PLACEMENT_3D('',#4747,#3571,#3572);
#3359=AXIS2_PLACEMENT_3D('',#4774,#3575,#3576);
#3360=AXIS2_PLACEMENT_3D('',#5428,#3580,#3581);
#3361=AXIS2_PLACEMENT_3D('',#5931,#3587,#3588);
#3362=AXIS2_PLACEMENT_3D('',#5960,#3596,#3597);
#3363=AXIS2_PLACEMENT_3D('',#5979,#3600,#3601);
#3364=AXIS2_PLACEMENT_3D('',#5984,#3603,#3604);
#3365=AXIS2_PLACEMENT_3D('',#5986,#3605,#3606);
#3366=AXIS2_PLACEMENT_3D('',#6032,#3613,#3614);
#3367=AXIS2_PLACEMENT_3D('',#6211,#3621,#3622);
#3368=AXIS2_PLACEMENT_3D('',#6221,#3628,#3629);
#3369=AXIS2_PLACEMENT_3D('',#6430,#3636,#3637);
#3370=AXIS2_PLACEMENT_3D('',#6439,#3642,#3643);
#3371=AXIS2_PLACEMENT_3D('',#6606,#3648,#3649);
#3372=AXIS2_PLACEMENT_3D('',#6619,#3654,#3655);
#3373=AXIS2_PLACEMENT_3D('',#6628,#3657,#3658);
#3374=AXIS2_PLACEMENT_3D('',#6642,#3661,#3662);
#3375=AXIS2_PLACEMENT_3D('',#6659,#3665,#3666);
#3376=AXIS2_PLACEMENT_3D('',#6668,#3668,#3669);
#3377=AXIS2_PLACEMENT_3D('',#6679,#3673,#3674);
#3378=AXIS2_PLACEMENT_3D('',#6685,#3678,#3679);
#3379=AXIS2_PLACEMENT_3D('',#6709,#3682,#3683);
#3380=AXIS2_PLACEMENT_3D('',#6711,#3684,#3685);
#3381=AXIS2_PLACEMENT_3D('',#6730,#3687,#3688);
#3382=AXIS2_PLACEMENT_3D('',#6989,#3691,#3692);
#3383=AXIS2_PLACEMENT_3D('',#7048,#3696,#3697);
#3384=AXIS2_PLACEMENT_3D('',#7052,#3700,#3701);
#3385=AXIS2_PLACEMENT_3D('',#7064,#3705,#3706);
#3386=AXIS2_PLACEMENT_3D('',#7065,#3707,#3708);
#3387=AXIS2_PLACEMENT_3D('',#7109,#3709,#3710);
#3388=AXIS2_PLACEMENT_3D('',#7111,#3712,#3713);
#3389=AXIS2_PLACEMENT_3D('',#7113,#3715,#3716);
#3390=AXIS2_PLACEMENT_3D('',#7117,#3719,#3720);
#3391=AXIS2_PLACEMENT_3D('',#7121,#3723,#3724);
#3392=AXIS2_PLACEMENT_3D('',#7125,#3727,#3728);
#3393=AXIS2_PLACEMENT_3D('',#7126,#3729,#3730);
#3394=AXIS2_PLACEMENT_3D('',#7132,#3734,#3735);
#3395=AXIS2_PLACEMENT_3D('',#7138,#3739,#3740);
#3396=AXIS2_PLACEMENT_3D('',#7152,#3745,#3746);
#3397=AXIS2_PLACEMENT_3D('',#7161,#3751,#3752);
#3398=AXIS2_PLACEMENT_3D('',#7166,#3756,#3757);
#3399=AXIS2_PLACEMENT_3D('',#7268,#3759,#3760);
#3400=AXIS2_PLACEMENT_3D('',#7279,#3763,#3764);
#3401=AXIS2_PLACEMENT_3D('',#7507,#3766,#3767);
#3402=AXIS2_PLACEMENT_3D('',#7747,#3770,#3771);
#3403=AXIS2_PLACEMENT_3D('',#7900,#3776,#3777);
#3404=AXIS2_PLACEMENT_3D('',#7908,#3783,#3784);
#3405=AXIS2_PLACEMENT_3D('',#8008,#3788,#3789);
#3406=AXIS2_PLACEMENT_3D('',#8012,#3792,#3793);
#3407=AXIS2_PLACEMENT_3D('',#8021,#3796,#3797);
#3408=AXIS2_PLACEMENT_3D('',#8027,#3801,#3802);
#3409=AXIS2_PLACEMENT_3D('',#8201,#3804,#3805);
#3410=AXIS2_PLACEMENT_3D('',#8205,#3808,#3809);
#3411=AXIS2_PLACEMENT_3D('',#8207,#3811,#3812);
#3412=AXIS2_PLACEMENT_3D('',#8213,#3816,#3817);
#3413=AXIS2_PLACEMENT_3D('',#8218,#3821,#3822);
#3414=AXIS2_PLACEMENT_3D('',#8224,#3826,#3827);
#3415=AXIS2_PLACEMENT_3D('',#8228,#3830,#3831);
#3416=AXIS2_PLACEMENT_3D('',#8232,#3834,#3835);
#3417=AXIS2_PLACEMENT_3D('',#8235,#3836,#3837);
#3418=AXIS2_PLACEMENT_3D('',#8238,#3840,#3841);
#3419=AXIS2_PLACEMENT_3D('',#8241,#3842,#3843);
#3420=AXIS2_PLACEMENT_3D('',#8244,#3846,#3847);
#3421=AXIS2_PLACEMENT_3D('',#8249,#3851,#3852);
#3422=AXIS2_PLACEMENT_3D('',#8252,#3855,#3856);
#3423=AXIS2_PLACEMENT_3D('',#8256,#3859,#3860);
#3424=AXIS2_PLACEMENT_3D('',#8259,#3863,#3864);
#3425=AXIS2_PLACEMENT_3D('',#8261,#3866,#3867);
#3426=AXIS2_PLACEMENT_3D('',#8263,#3869,#3870);
#3427=AXIS2_PLACEMENT_3D('',#8268,#3874,#3875);
#3428=AXIS2_PLACEMENT_3D('',#8351,#3877,#3878);
#3429=AXIS2_PLACEMENT_3D('',#8357,#3882,#3883);
#3430=AXIS2_PLACEMENT_3D('',#8360,#3884,#3885);
#3431=AXIS2_PLACEMENT_3D('',#8365,#3889,#3890);
#3432=AXIS2_PLACEMENT_3D('',#8369,#3892,#3893);
#3433=AXIS2_PLACEMENT_3D('',#8371,#3895,#3896);
#3434=AXIS2_PLACEMENT_3D('',#8376,#3900,#3901);
#3435=AXIS2_PLACEMENT_3D('',#8385,#3904,#3905);
#3436=AXIS2_PLACEMENT_3D('',#8394,#3908,#3909);
#3437=AXIS2_PLACEMENT_3D('',#8429,#3913,#3914);
#3438=AXIS2_PLACEMENT_3D('',#8435,#3918,#3919);
#3439=AXIS2_PLACEMENT_3D('',#8440,#3923,#3924);
#3440=AXIS2_PLACEMENT_3D('',#8444,#3927,#3928);
#3441=AXIS2_PLACEMENT_3D('',#8450,#3932,#3933);
#3442=AXIS2_PLACEMENT_3D('',#8456,#3937,#3938);
#3443=AXIS2_PLACEMENT_3D('',#8462,#3942,#3943);
#3444=AXIS2_PLACEMENT_3D('',#8467,#3947,#3948);
#3445=AXIS2_PLACEMENT_3D('',#8471,#3951,#3952);
#3446=AXIS2_PLACEMENT_3D('',#8477,#3956,#3957);
#3447=AXIS2_PLACEMENT_3D('',#8497,#3960,#3961);
#3448=AXIS2_PLACEMENT_3D('',#8504,#3963,#3964);
#3449=AXIS2_PLACEMENT_3D('',#8521,#3965,#3966);
#3450=AXIS2_PLACEMENT_3D('',#8525,#3969,#3970);
#3451=AXIS2_PLACEMENT_3D('',#8527,#3972,#3973);
#3452=AXIS2_PLACEMENT_3D('',#8554,#3976,#3977);
#3453=AXIS2_PLACEMENT_3D('',#8556,#3978,#3979);
#3454=AXIS2_PLACEMENT_3D('',#8573,#3981,#3982);
#3455=AXIS2_PLACEMENT_3D('',#8582,#3985,#3986);
#3456=AXIS2_PLACEMENT_3D('',#8583,#3987,#3988);
#3457=AXIS2_PLACEMENT_3D('',#8670,#3989,#3990);
#3458=AXIS2_PLACEMENT_3D('',#8673,#3993,#3994);
#3459=AXIS2_PLACEMENT_3D('',#8675,#3996,#3997);
#3460=AXIS2_PLACEMENT_3D('',#8677,#3999,#4000);
#3461=AXIS2_PLACEMENT_3D('',#9006,#4001,#4002);
#3462=AXIS2_PLACEMENT_3D('',#9008,#4004,#4005);
#3463=AXIS2_PLACEMENT_3D('',#9009,#4006,#4007);
#3464=AXIS2_PLACEMENT_3D('',#9010,#4008,#4009);
#3465=AXIS2_PLACEMENT_3D('',#9012,#4010,#4011);
#3466=AXIS2_PLACEMENT_3D('',#9013,#4012,#4013);
#3467=AXIS2_PLACEMENT_3D('',#9108,#4015,#4016);
#3468=AXIS2_PLACEMENT_3D('',#9121,#4019,#4020);
#3469=AXIS2_PLACEMENT_3D('',#9130,#4022,#4023);
#3470=AXIS2_PLACEMENT_3D('',#9207,#4024,#4025);
#3471=AXIS2_PLACEMENT_3D('',#9301,#4028,#4029);
#3472=AXIS2_PLACEMENT_3D('',#9382,#4031,#4032);
#3473=AXIS2_PLACEMENT_3D('',#9383,#4033,#4034);
#3474=AXIS2_PLACEMENT_3D('',#9392,#4039,#4040);
#3475=AXIS2_PLACEMENT_3D('',#9408,#4044,#4045);
#3476=AXIS2_PLACEMENT_3D('',#9448,#4047,#4048);
#3477=AXIS2_PLACEMENT_3D('',#9459,#4050,#4051);
#3478=AXIS2_PLACEMENT_3D('',#9816,#4052,#4053);
#3479=AXIS2_PLACEMENT_3D('',#9818,#4055,#4056);
#3480=AXIS2_PLACEMENT_3D('',#9820,#4058,#4059);
#3481=AXIS2_PLACEMENT_3D('',#9821,#4060,#4061);
#3482=AXIS2_PLACEMENT_3D('',#9863,#4063,#4064);
#3483=AXIS2_PLACEMENT_3D('',#10309,#4065,#4066);
#3484=AXIS2_PLACEMENT_3D('',#10318,#4069,#4070);
#3485=AXIS2_PLACEMENT_3D('',#10327,#4072,#4073);
#3486=AXIS2_PLACEMENT_3D('',#10338,#4075,#4076);
#3487=AXIS2_PLACEMENT_3D('',#10652,#4078,#4079);
#3488=AXIS2_PLACEMENT_3D('',#10744,#4080,#4081);
#3489=AXIS2_PLACEMENT_3D('',#10750,#4085,#4086);
#3490=AXIS2_PLACEMENT_3D('',#10765,#4090,#4091);
#3491=AXIS2_PLACEMENT_3D('',#10776,#4094,#4095);
#3492=AXIS2_PLACEMENT_3D('',#10778,#4097,#4098);
#3493=AXIS2_PLACEMENT_3D('',#10961,#4099,#4100);
#3494=AXIS2_PLACEMENT_3D('',#11277,#4105,#4106);
#3495=AXIS2_PLACEMENT_3D('',#11281,#4109,#4110);
#3496=AXIS2_PLACEMENT_3D('',#11285,#4113,#4114);
#3497=AXIS2_PLACEMENT_3D('',#11287,#4116,#4117);
#3498=AXIS2_PLACEMENT_3D('',#11289,#4119,#4120);
#3499=DIRECTION('axis',(0.,0.,1.));
#3500=DIRECTION('refdir',(1.,0.,0.));
#3501=DIRECTION('center_axis',(1.,0.,0.));
#3502=DIRECTION('ref_axis',(0.,0.,-1.));
#3503=DIRECTION('',(0.,1.,0.));
#3504=DIRECTION('center_axis',(1.,0.,0.));
#3505=DIRECTION('ref_axis',(0.,1.,0.));
#3506=DIRECTION('center_axis',(1.,0.,0.));
#3507=DIRECTION('ref_axis',(0.,5.0532154980743E-16,1.));
#3508=DIRECTION('center_axis',(-1.,-1.81350193255824E-33,3.0242295627159E-16));
#3509=DIRECTION('ref_axis',(0.,1.,0.));
#3510=DIRECTION('center_axis',(0.642787609686539,0.,0.766044443118978));
#3511=DIRECTION('ref_axis',(-0.766044443118978,0.,0.642787609686539));
#3512=DIRECTION('center_axis',(0.642787609686539,0.,0.766044443118978));
#3513=DIRECTION('ref_axis',(-0.766044443118978,0.,0.642787609686539));
#3514=DIRECTION('center_axis',(-0.642787609686539,0.,-0.766044443118978));
#3515=DIRECTION('ref_axis',(-0.766044443118978,0.,0.642787609686539));
#3516=DIRECTION('',(0.,1.,0.));
#3517=DIRECTION('',(0.,-1.,0.));
#3518=DIRECTION('',(0.766044443118978,1.36076828581895E-16,-0.642787609686539));
#3519=DIRECTION('',(0.,-1.,0.));
#3520=DIRECTION('',(0.,1.,0.));
#3521=DIRECTION('center_axis',(-1.,0.,3.2296977956921E-16));
#3522=DIRECTION('ref_axis',(3.2296977956921E-16,0.,1.));
#3523=DIRECTION('',(-3.2296977956921E-16,-5.73709576857359E-32,-1.));
#3524=DIRECTION('',(0.,1.,0.));
#3525=DIRECTION('center_axis',(-0.642787609686539,0.,0.766044443118978));
#3526=DIRECTION('ref_axis',(0.766044443118978,0.,0.642787609686539));
#3527=DIRECTION('',(-0.766044443118978,-1.36076828581895E-16,-0.642787609686539));
#3528=DIRECTION('',(0.,1.,0.));
#3529=DIRECTION('',(0.,-1.,0.));
#3530=DIRECTION('center_axis',(1.77635683940025E-16,-1.,0.));
#3531=DIRECTION('ref_axis',(1.,1.77635683940025E-16,0.));
#3532=DIRECTION('',(0.,0.,1.));
#3533=DIRECTION('center_axis',(-1.,0.,0.));
#3534=DIRECTION('ref_axis',(0.,-1.,0.));
#3535=DIRECTION('center_axis',(1.,0.,-2.15313186379473E-16));
#3536=DIRECTION('ref_axis',(-2.15313186379473E-16,0.,-1.));
#3537=DIRECTION('center_axis',(0.,0.999999318832649,0.00116719074650541));
#3538=DIRECTION('ref_axis',(0.,0.00116719074650541,-0.999999318832649));
#3539=DIRECTION('',(3.98570139013436E-16,0.00116719074650541,-0.999999318832649));
#3540=DIRECTION('',(-1.,0.,0.));
#3541=DIRECTION('',(0.,-0.00116719074650541,0.999999318832649));
#3542=DIRECTION('',(-1.,4.97603314831794E-19,-4.26325326319193E-16));
#3543=DIRECTION('center_axis',(0.,-0.00116719074651729,0.999999318832649));
#3544=DIRECTION('ref_axis',(0.,0.999999318832649,0.00116719074651729));
#3545=DIRECTION('',(1.0038534797358E-16,-0.999999318832649,-0.00116719074651729));
#3546=DIRECTION('',(-1.,0.,0.));
#3547=DIRECTION('',(0.,0.999999318832649,0.00116719074651729));
#3548=DIRECTION('',(0.,0.999999318832649,0.00116719074651729));
#3549=DIRECTION('',(1.,3.65257381616832E-13,4.26325326319193E-16));
#3550=DIRECTION('',(0.,-0.999999318832649,-0.00116719074651729));
#3551=DIRECTION('',(0.,-0.999999318832649,-0.00116719074651729));
#3552=DIRECTION('',(-1.0038534797358E-16,0.999999318832649,0.00116719074651729));
#3553=DIRECTION('',(-1.,-9.99200722162642E-17,-1.16625863123893E-19));
#3554=DIRECTION('center_axis',(0.,0.999999318832649,0.00116719074650541));
#3555=DIRECTION('ref_axis',(0.,0.00116719074650541,-0.999999318832649));
#3556=DIRECTION('',(-3.98570139013436E-16,-0.00116719074650541,0.999999318832649));
#3557=DIRECTION('',(-1.,4.97603314831794E-19,-4.26325326319193E-16));
#3558=DIRECTION('',(0.,0.00116719074650541,-0.999999318832649));
#3559=DIRECTION('center_axis',(9.99200722162642E-17,-1.,3.98368374657498E-32));
#3560=DIRECTION('ref_axis',(1.,9.99200722162642E-17,4.26325326319193E-16));
#3561=DIRECTION('',(0.,0.,1.));
#3562=DIRECTION('',(-1.,0.,1.79884236911064E-15));
#3563=DIRECTION('',(-3.9868703636971E-16,0.,1.));
#3564=DIRECTION('center_axis',(-1.,-9.99200722162642E-17,-3.9868703636971E-16));
#3565=DIRECTION('ref_axis',(9.99200722162642E-17,-1.,4.25984573934361E-32));
#3566=DIRECTION('',(9.99200722162642E-17,-1.,4.25984573934361E-32));
#3567=DIRECTION('',(-3.9868703636971E-16,0.,1.));
#3568=DIRECTION('',(0.,-1.,0.));
#3569=DIRECTION('',(0.,-5.18275408872083E-16,-1.));
#3570=DIRECTION('',(0.,-1.,0.));
#3571=DIRECTION('center_axis',(-1.,0.,0.));
#3572=DIRECTION('ref_axis',(0.,-1.,0.));
#3573=DIRECTION('',(0.,0.,1.));
#3574=DIRECTION('',(0.,-1.,0.));
#3575=DIRECTION('center_axis',(4.26325326319193E-16,0.,-1.));
#3576=DIRECTION('ref_axis',(-1.,0.,-4.26325326319193E-16));
#3577=DIRECTION('',(0.,-1.,0.));
#3578=DIRECTION('',(1.,0.,4.26325326319193E-16));
#3579=DIRECTION('',(0.,-1.,0.));
#3580=DIRECTION('center_axis',(-1.,0.,0.));
#3581=DIRECTION('ref_axis',(0.,0.,1.));
#3582=DIRECTION('',(0.,-1.,0.));
#3583=DIRECTION('',(0.,5.46544976628743E-16,1.));
#3584=DIRECTION('',(0.,-1.,4.33466705602106E-16));
#3585=DIRECTION('',(0.,-5.99657497868526E-16,-1.));
#3586=DIRECTION('',(0.,-1.,0.));
#3587=DIRECTION('center_axis',(1.79884236911064E-15,0.,1.));
#3588=DIRECTION('ref_axis',(-1.,0.,1.79884236911064E-15));
#3589=DIRECTION('',(0.,1.,0.));
#3590=DIRECTION('',(1.,-9.32295764347243E-31,-1.79884236911064E-15));
#3591=DIRECTION('',(0.,-1.,0.));
#3592=DIRECTION('',(0.,1.,0.));
#3593=DIRECTION('',(0.,1.,0.));
#3594=DIRECTION('',(0.,-1.,0.));
#3595=DIRECTION('',(1.,-9.32295764347243E-31,-1.79884236911064E-15));
#3596=DIRECTION('center_axis',(1.,0.,-2.15313186379473E-16));
#3597=DIRECTION('ref_axis',(-2.15313186379473E-16,0.,-1.));
#3598=DIRECTION('',(0.,-1.,0.));
#3599=DIRECTION('',(0.,1.,0.));
#3600=DIRECTION('center_axis',(1.,0.,-2.15313186379473E-16));
#3601=DIRECTION('ref_axis',(-2.15313186379473E-16,0.,-1.));
#3602=DIRECTION('',(0.,-1.,0.));
#3603=DIRECTION('center_axis',(-1.,-1.81350193255824E-33,3.0242295627159E-16));
#3604=DIRECTION('ref_axis',(0.,1.,0.));
#3605=DIRECTION('center_axis',(-1.,-1.81350193255824E-33,3.0242295627159E-16));
#3606=DIRECTION('ref_axis',(0.,1.,0.));
#3607=DIRECTION('',(0.,-1.,0.));
#3608=DIRECTION('',(0.,-1.,0.));
#3609=DIRECTION('',(-2.15313186379473E-16,-5.46544976628743E-16,-1.));
#3610=DIRECTION('',(-1.29114166602415E-33,-1.,-5.99657497868526E-18));
#3611=DIRECTION('',(2.15313186379473E-16,5.99657497868526E-16,1.));
#3612=DIRECTION('',(0.,-1.,0.));
#3613=DIRECTION('center_axis',(-1.,0.,0.));
#3614=DIRECTION('ref_axis',(0.,0.,1.));
#3615=DIRECTION('',(0.,0.,1.));
#3616=DIRECTION('',(0.,-0.999990830212693,-0.00428246313803702));
#3617=DIRECTION('',(0.,1.,5.99657497868526E-18));
#3618=DIRECTION('',(0.,5.46544976628743E-16,1.));
#3619=DIRECTION('',(0.,-1.,4.33466705602106E-16));
#3620=DIRECTION('',(0.,-5.99657497868526E-16,-1.));
#3621=DIRECTION('center_axis',(1.,0.,-2.15313186379473E-16));
#3622=DIRECTION('ref_axis',(-2.15313186379473E-16,0.,-1.));
#3623=DIRECTION('',(0.,1.,0.));
#3624=DIRECTION('',(2.15313186379473E-16,5.99657497868526E-16,1.));
#3625=DIRECTION('',(-9.33310975726025E-32,1.,-4.33466705602106E-16));
#3626=DIRECTION('',(-2.15313186379473E-16,-5.46544976628743E-16,-1.));
#3627=DIRECTION('',(0.,1.,0.));
#3628=DIRECTION('center_axis',(-1.,0.,0.));
#3629=DIRECTION('ref_axis',(0.,0.,1.));
#3630=DIRECTION('',(0.,-0.999990830212693,-0.00428246313803702));
#3631=DIRECTION('',(0.,0.,1.));
#3632=DIRECTION('',(0.,-5.99657497868526E-16,-1.));
#3633=DIRECTION('',(0.,-1.,4.33466705602106E-16));
#3634=DIRECTION('',(0.,5.46544976628743E-16,1.));
#3635=DIRECTION('',(0.,1.,5.99657497868526E-18));
#3636=DIRECTION('center_axis',(1.77635683940025E-16,-1.,0.));
#3637=DIRECTION('ref_axis',(1.,1.77635683940025E-16,0.));
#3638=DIRECTION('',(-1.,-1.77635683940025E-16,-2.52962208128697E-16));
#3639=DIRECTION('',(0.,0.,1.));
#3640=DIRECTION('',(-0.766044443118978,-1.36076828581895E-16,0.642787609686539));
#3641=DIRECTION('',(-3.2296977956921E-16,-5.73709576857359E-32,-1.));
#3642=DIRECTION('center_axis',(1.77635683940025E-16,-1.,0.));
#3643=DIRECTION('ref_axis',(1.,1.77635683940025E-16,0.));
#3644=DIRECTION('',(-1.,-1.77635683940025E-16,-2.52962208128697E-16));
#3645=DIRECTION('',(2.15313186379473E-16,3.82473051238239E-32,1.));
#3646=DIRECTION('',(-0.766044443118978,-1.36076828581895E-16,0.642787609686539));
#3647=DIRECTION('',(0.,0.,1.));
#3648=DIRECTION('center_axis',(1.12427648063306E-16,0.,-1.));
#3649=DIRECTION('ref_axis',(-1.,-5.82684852685367E-32,-1.12427648063306E-16));
#3650=DIRECTION('',(0.,1.,0.));
#3651=DIRECTION('',(0.,-1.,0.));
#3652=DIRECTION('',(0.,-1.,0.));
#3653=DIRECTION('',(-1.,-5.82684852685367E-32,-1.12427648063306E-16));
#3654=DIRECTION('center_axis',(1.,0.,-2.15313186379473E-16));
#3655=DIRECTION('ref_axis',(-2.15313186379473E-16,0.,-1.));
#3656=DIRECTION('',(0.,-1.,0.));
#3657=DIRECTION('center_axis',(0.642787609686539,0.,0.766044443118978));
#3658=DIRECTION('ref_axis',(0.766044443118978,0.,-0.642787609686539));
#3659=DIRECTION('',(0.,-1.,0.));
#3660=DIRECTION('',(0.,1.,0.));
#3661=DIRECTION('center_axis',(0.642787609686539,0.,0.766044443118978));
#3662=DIRECTION('ref_axis',(0.766044443118978,0.,-0.642787609686539));
#3663=DIRECTION('',(0.,1.,0.));
#3664=DIRECTION('',(0.,1.,0.));
#3665=DIRECTION('center_axis',(-1.,0.,3.2296977956921E-16));
#3666=DIRECTION('ref_axis',(3.2296977956921E-16,0.,1.));
#3667=DIRECTION('',(0.,1.,0.));
#3668=DIRECTION('center_axis',(3.38712109207676E-16,0.,-1.));
#3669=DIRECTION('ref_axis',(-1.,-1.75546156889534E-31,-3.38712109207676E-16));
#3670=DIRECTION('',(0.,1.,0.));
#3671=DIRECTION('',(0.,1.,0.));
#3672=DIRECTION('',(-1.,-1.75546156889534E-31,-3.38712109207676E-16));
#3673=DIRECTION('center_axis',(0.,1.,0.));
#3674=DIRECTION('ref_axis',(0.,0.,1.));
#3675=DIRECTION('',(0.,0.,1.));
#3676=DIRECTION('',(-2.67640280157222E-15,5.18275408872083E-16,1.));
#3677=DIRECTION('',(1.,0.,0.));
#3678=DIRECTION('center_axis',(-1.,0.,0.));
#3679=DIRECTION('ref_axis',(0.,-1.,0.));
#3680=DIRECTION('',(0.,0.,1.));
#3681=DIRECTION('',(0.,-1.,0.));
#3682=DIRECTION('center_axis',(0.,0.,1.));
#3683=DIRECTION('ref_axis',(-0.707106781186552,0.707106781186543,0.));
#3684=DIRECTION('center_axis',(0.,0.,-1.));
#3685=DIRECTION('ref_axis',(-0.707106781186552,0.707106781186543,0.));
#3686=DIRECTION('',(0.,0.,-1.));
#3687=DIRECTION('center_axis',(-1.77635683940025E-16,1.,0.));
#3688=DIRECTION('ref_axis',(-1.,-1.77635683940025E-16,0.));
#3689=DIRECTION('',(-1.,-1.77635683940025E-16,0.));
#3690=DIRECTION('',(3.2296977956921E-16,5.73709576857359E-32,1.));
#3691=DIRECTION('center_axis',(1.,0.,0.));
#3692=DIRECTION('ref_axis',(0.,1.,0.));
#3693=DIRECTION('',(0.,0.,-1.));
#3694=DIRECTION('',(0.,1.,0.));
#3695=DIRECTION('',(0.,0.,-1.));
#3696=DIRECTION('center_axis',(0.,1.,0.));
#3697=DIRECTION('ref_axis',(0.,0.,1.));
#3698=DIRECTION('',(1.9464747647798E-15,-5.18275408872083E-16,-1.));
#3699=DIRECTION('',(1.,0.,0.));
#3700=DIRECTION('center_axis',(-1.77635683940025E-16,1.,0.));
#3701=DIRECTION('ref_axis',(-1.,-1.77635683940025E-16,0.));
#3702=DIRECTION('',(0.,0.,1.));
#3703=DIRECTION('',(-2.15313186379473E-16,-3.82473051238239E-32,-1.));
#3704=DIRECTION('',(-1.,-1.77635683940025E-16,0.));
#3705=DIRECTION('center_axis',(0.,0.,1.));
#3706=DIRECTION('ref_axis',(0.707106781186552,0.707106781186543,0.));
#3707=DIRECTION('center_axis',(0.,0.,-1.));
#3708=DIRECTION('ref_axis',(0.707106781186552,0.707106781186543,0.));
#3709=DIRECTION('center_axis',(-0.642787609686539,0.,-0.766044443118978));
#3710=DIRECTION('ref_axis',(-0.766044443118978,0.,0.642787609686539));
#3711=DIRECTION('',(0.,-1.,0.));
#3712=DIRECTION('center_axis',(-1.,0.,3.2296977956921E-16));
#3713=DIRECTION('ref_axis',(3.2296977956921E-16,0.,1.));
#3714=DIRECTION('',(0.,1.,0.));
#3715=DIRECTION('center_axis',(2.3201395453391E-16,0.,1.));
#3716=DIRECTION('ref_axis',(1.,0.,-2.3201395453391E-16));
#3717=DIRECTION('',(1.,4.29616164164657E-32,-2.3201395453391E-16));
#3718=DIRECTION('',(0.,-1.,0.));
#3719=DIRECTION('center_axis',(-2.29207334116161E-16,0.,-1.));
#3720=DIRECTION('ref_axis',(-1.,0.,2.29207334116161E-16));
#3721=DIRECTION('',(-1.,-4.44955607070901E-32,2.29207334116161E-16));
#3722=DIRECTION('',(0.,1.,0.));
#3723=DIRECTION('center_axis',(-2.29207334116161E-16,0.,-1.));
#3724=DIRECTION('ref_axis',(-1.,0.,2.29207334116161E-16));
#3725=DIRECTION('',(1.,4.88195807131082E-32,-2.29207334116161E-16));
#3726=DIRECTION('',(0.,1.,0.));
#3727=DIRECTION('center_axis',(-0.642787609686539,0.,0.766044443118978));
#3728=DIRECTION('ref_axis',(0.766044443118978,0.,0.642787609686539));
#3729=DIRECTION('center_axis',(0.642787609686539,0.,-0.766044443118978));
#3730=DIRECTION('ref_axis',(0.766044443118978,0.,0.642787609686539));
#3731=DIRECTION('',(-0.766044443118978,-3.85452409685521E-16,-0.642787609686539));
#3732=DIRECTION('',(7.1464397741087E-18,1.,5.99657497868526E-18));
#3733=DIRECTION('',(0.766044443118978,3.51312339113375E-16,0.642787609686539));
#3734=DIRECTION('center_axis',(-3.10619775195672E-16,5.99657497868526E-18,
-1.));
#3735=DIRECTION('ref_axis',(1.90215303149357E-33,1.,5.99657497868526E-18));
#3736=DIRECTION('',(-7.1464397741087E-18,-1.,-5.99657497868526E-18));
#3737=DIRECTION('',(1.,0.,-3.10619775195672E-16));
#3738=DIRECTION('',(1.,0.,-3.10619775195672E-16));
#3739=DIRECTION('center_axis',(0.642787609686539,0.,-0.766044443118978));
#3740=DIRECTION('ref_axis',(-0.766044443118978,0.,-0.642787609686539));
#3741=DIRECTION('',(0.766044443118978,3.85452409685521E-16,0.642787609686539));
#3742=DIRECTION('',(0.,-1.,0.));
#3743=DIRECTION('',(0.,-1.,0.));
#3744=DIRECTION('',(-0.766044443118978,-3.51312339113375E-16,-0.642787609686539));
#3745=DIRECTION('center_axis',(3.10619775195672E-16,4.33466705602106E-16,
1.));
#3746=DIRECTION('ref_axis',(1.32389850991952E-31,-1.,4.33466705602106E-16));
#3747=DIRECTION('',(-5.16585503671286E-16,1.,-4.33466705602106E-16));
#3748=DIRECTION('',(1.,0.,-3.10619775195672E-16));
#3749=DIRECTION('',(5.16585503671286E-16,-1.,4.33466705602106E-16));
#3750=DIRECTION('',(1.,0.,-3.10619775195672E-16));
#3751=DIRECTION('center_axis',(-0.642787609686539,0.,0.766044443118978));
#3752=DIRECTION('ref_axis',(0.766044443118978,0.,0.642787609686539));
#3753=DIRECTION('',(0.766044443118978,3.51312339113375E-16,0.642787609686539));
#3754=DIRECTION('',(-0.766044443118978,-3.85452409685521E-16,-0.642787609686539));
#3755=DIRECTION('',(0.,-1.,0.));
#3756=DIRECTION('center_axis',(2.3201395453391E-16,0.,1.));
#3757=DIRECTION('ref_axis',(1.,0.,-2.3201395453391E-16));
#3758=DIRECTION('',(-1.,-4.71365697359342E-32,2.3201395453391E-16));
#3759=DIRECTION('center_axis',(0.642787609686539,0.,-0.766044443118978));
#3760=DIRECTION('ref_axis',(-0.766044443118978,0.,-0.642787609686539));
#3761=DIRECTION('',(0.,1.,0.));
#3762=DIRECTION('',(0.,1.,0.));
#3763=DIRECTION('center_axis',(-0.642787609686539,0.,0.766044443118978));
#3764=DIRECTION('ref_axis',(0.766044443118978,0.,0.642787609686539));
#3765=DIRECTION('',(0.,-1.,0.));
#3766=DIRECTION('center_axis',(-0.642787609686539,0.,0.766044443118978));
#3767=DIRECTION('ref_axis',(0.766044443118978,0.,0.642787609686539));
#3768=DIRECTION('',(0.,-1.,0.));
#3769=DIRECTION('',(0.,1.,0.));
#3770=DIRECTION('center_axis',(1.86265477182321E-31,-1.,5.99657497868526E-16));
#3771=DIRECTION('ref_axis',(-3.05848089756281E-16,-5.99657497868526E-16,
-1.));
#3772=DIRECTION('',(-1.,-1.86265477182321E-31,0.));
#3773=DIRECTION('',(-3.2296977956921E-16,-5.99657497868526E-16,-1.));
#3774=DIRECTION('',(1.,0.,-3.10619775195672E-16));
#3775=DIRECTION('',(2.15313186379473E-16,5.99657497868526E-16,1.));
#3776=DIRECTION('center_axis',(0.642787609686539,0.,-0.766044443118978));
#3777=DIRECTION('ref_axis',(-0.766044443118978,0.,-0.642787609686539));
#3778=DIRECTION('',(0.,1.,0.));
#3779=DIRECTION('',(0.766044443118978,3.85452409685521E-16,0.642787609686539));
#3780=DIRECTION('',(-0.766044443118978,-3.51312339113375E-16,-0.642787609686539));
#3781=DIRECTION('',(0.,1.,0.));
#3782=DIRECTION('',(0.,-1.,0.));
#3783=DIRECTION('center_axis',(0.642787609686539,0.,-0.766044443118978));
#3784=DIRECTION('ref_axis',(-0.766044443118978,0.,-0.642787609686539));
#3785=DIRECTION('',(0.,-1.,0.));
#3786=DIRECTION('',(0.,1.,0.));
#3787=DIRECTION('',(0.766044443118978,3.85452409685521E-16,0.642787609686539));
#3788=DIRECTION('center_axis',(2.3201395453391E-16,0.,1.));
#3789=DIRECTION('ref_axis',(1.,0.,-2.3201395453391E-16));
#3790=DIRECTION('',(0.,1.,0.));
#3791=DIRECTION('',(-1.,-4.71365697359342E-32,2.3201395453391E-16));
#3792=DIRECTION('center_axis',(-2.29207334116161E-16,0.,-1.));
#3793=DIRECTION('ref_axis',(-1.,0.,2.29207334116161E-16));
#3794=DIRECTION('',(0.,-1.,0.));
#3795=DIRECTION('',(1.,4.88195807131082E-32,-2.29207334116161E-16));
#3796=DIRECTION('center_axis',(0.,-1.,5.18275408872083E-16));
#3797=DIRECTION('ref_axis',(0.,-5.18275408872083E-16,-1.));
#3798=DIRECTION('',(-1.9464747647798E-15,5.18275408872083E-16,1.));
#3799=DIRECTION('',(-1.,0.,0.));
#3800=DIRECTION('',(0.,5.18275408872083E-16,1.));
#3801=DIRECTION('center_axis',(1.,0.,1.9464747647798E-15));
#3802=DIRECTION('ref_axis',(1.9464747647798E-15,-5.18275408872083E-16,-1.));
#3803=DIRECTION('',(0.,1.,0.));
#3804=DIRECTION('center_axis',(-1.,0.,-2.67640280157222E-15));
#3805=DIRECTION('ref_axis',(-2.67640280157222E-15,5.18275408872083E-16,
1.));
#3806=DIRECTION('',(2.67640280157222E-15,-5.18275408872083E-16,-1.));
#3807=DIRECTION('',(0.,1.,0.));
#3808=DIRECTION('center_axis',(0.,-1.,5.18275408872083E-16));
#3809=DIRECTION('ref_axis',(0.,-5.18275408872083E-16,-1.));
#3810=DIRECTION('',(1.,0.,0.));
#3811=DIRECTION('center_axis',(3.10619775195672E-16,4.33466705602106E-16,
1.));
#3812=DIRECTION('ref_axis',(1.32389850991952E-31,-1.,4.33466705602106E-16));
#3813=DIRECTION('',(-9.33310975726025E-32,1.,-4.33466705602106E-16));
#3814=DIRECTION('',(1.39996646358904E-31,-1.,4.33466705602106E-16));
#3815=DIRECTION('',(1.,9.99200722162642E-17,-3.10619775195672E-16));
#3816=DIRECTION('center_axis',(1.,0.,-2.15313186379473E-16));
#3817=DIRECTION('ref_axis',(-2.15313186379473E-16,0.,-1.));
#3818=DIRECTION('',(-2.15313186379473E-16,-6.13509465979007E-32,-1.));
#3819=DIRECTION('',(0.,1.,0.));
#3820=DIRECTION('',(0.,1.,0.));
#3821=DIRECTION('center_axis',(1.,0.,-2.15313186379473E-16));
#3822=DIRECTION('ref_axis',(-2.15313186379473E-16,0.,-1.));
#3823=DIRECTION('',(-2.15313186379473E-16,-6.13509465979007E-32,-1.));
#3824=DIRECTION('',(0.,1.,0.));
#3825=DIRECTION('',(0.,-1.,0.));
#3826=DIRECTION('center_axis',(0.,0.,1.));
#3827=DIRECTION('ref_axis',(1.,0.,0.));
#3828=DIRECTION('',(1.,9.99200722162642E-17,0.));
#3829=DIRECTION('',(0.,-1.,0.));
#3830=DIRECTION('center_axis',(-1.,0.,3.2296977956921E-16));
#3831=DIRECTION('ref_axis',(3.2296977956921E-16,0.,1.));
#3832=DIRECTION('',(3.2296977956921E-16,7.21080011639762E-32,1.));
#3833=DIRECTION('',(0.,1.,0.));
#3834=DIRECTION('center_axis',(-2.29207334116161E-16,0.,-1.));
#3835=DIRECTION('ref_axis',(-1.,0.,2.29207334116161E-16));
#3836=DIRECTION('center_axis',(2.29207334116161E-16,0.,1.));
#3837=DIRECTION('ref_axis',(0.292843192815539,-0.956160480474696,0.));
#3838=DIRECTION('',(-1.,-4.44955607070901E-32,2.29207334116161E-16));
#3839=DIRECTION('',(-1.,-9.99200722162642E-17,2.29207334116161E-16));
#3840=DIRECTION('center_axis',(3.9868703636971E-16,-5.46544976628743E-16,
-1.));
#3841=DIRECTION('ref_axis',(0.292843192815539,-0.956160480474696,0.));
#3842=DIRECTION('center_axis',(-2.3201395453391E-16,0.,-1.));
#3843=DIRECTION('ref_axis',(0.292843192815539,-0.956160480474696,0.));
#3844=DIRECTION('',(3.9868703636971E-16,-5.46544976628743E-16,-1.));
#3845=DIRECTION('',(-3.9868703636971E-16,0.,1.));
#3846=DIRECTION('center_axis',(2.3201395453391E-16,0.,1.));
#3847=DIRECTION('ref_axis',(1.,0.,-2.3201395453391E-16));
#3848=DIRECTION('',(1.,9.99200722162642E-17,-2.3201395453391E-16));
#3849=DIRECTION('',(0.,-1.,0.));
#3850=DIRECTION('',(1.,4.29616164164657E-32,-2.3201395453391E-16));
#3851=DIRECTION('center_axis',(-1.,0.,3.2296977956921E-16));
#3852=DIRECTION('ref_axis',(3.2296977956921E-16,0.,1.));
#3853=DIRECTION('',(3.2296977956921E-16,7.21080011639762E-32,1.));
#3854=DIRECTION('',(0.,-1.,0.));
#3855=DIRECTION('center_axis',(0.,0.,1.));
#3856=DIRECTION('ref_axis',(1.,0.,0.));
#3857=DIRECTION('',(1.,9.99200722162642E-17,0.));
#3858=DIRECTION('',(0.,-1.,0.));
#3859=DIRECTION('center_axis',(3.10619775195672E-16,4.33466705602106E-16,
1.));
#3860=DIRECTION('ref_axis',(1.32389850991952E-31,-1.,4.33466705602106E-16));
#3861=DIRECTION('',(1.,0.,-3.10619775195672E-16));
#3862=DIRECTION('',(1.,0.,-3.10619775195672E-16));
#3863=DIRECTION('center_axis',(-1.69767677774744E-31,1.,-5.46544976628743E-16));
#3864=DIRECTION('ref_axis',(3.0584808975628E-16,5.46544976628743E-16,1.));
#3865=DIRECTION('',(1.,0.,-3.10619775195672E-16));
#3866=DIRECTION('center_axis',(-3.10619775195672E-16,5.99657497868526E-18,
-1.));
#3867=DIRECTION('ref_axis',(1.90215303149357E-33,1.,5.99657497868526E-18));
#3868=DIRECTION('',(1.,0.,-3.10619775195672E-16));
#3869=DIRECTION('center_axis',(1.86265477182321E-31,-1.,5.99657497868526E-16));
#3870=DIRECTION('ref_axis',(-3.05848089756281E-16,-5.99657497868526E-16,
-1.));
#3871=DIRECTION('',(-1.,-1.86265477182321E-31,0.));
#3872=DIRECTION('',(0.,-5.99657497868526E-16,-1.));
#3873=DIRECTION('',(0.,-5.99657497868526E-16,-1.));
#3874=DIRECTION('center_axis',(0.642787609686539,0.,-0.766044443118978));
#3875=DIRECTION('ref_axis',(-0.766044443118978,0.,-0.642787609686539));
#3876=DIRECTION('',(0.,1.,0.));
#3877=DIRECTION('center_axis',(-2.29207334116161E-16,0.,-1.));
#3878=DIRECTION('ref_axis',(-1.,0.,2.29207334116161E-16));
#3879=DIRECTION('',(-1.,-4.44955607070901E-32,2.29207334116161E-16));
#3880=DIRECTION('',(0.,-1.,0.));
#3881=DIRECTION('',(0.,1.,0.));
#3882=DIRECTION('center_axis',(-2.29207334116161E-16,0.,-1.));
#3883=DIRECTION('ref_axis',(-1.,0.,2.29207334116161E-16));
#3884=DIRECTION('center_axis',(2.29207334116161E-16,0.,1.));
#3885=DIRECTION('ref_axis',(-0.292843192815539,-0.956160480474696,0.));
#3886=DIRECTION('',(-1.,-9.99200722162642E-17,2.29207334116161E-16));
#3887=DIRECTION('',(0.,1.,0.));
#3888=DIRECTION('',(-1.,-4.44955607070901E-32,2.29207334116161E-16));
#3889=DIRECTION('center_axis',(-3.9868703636971E-16,5.46544976628743E-16,
1.));
#3890=DIRECTION('ref_axis',(-0.292843192815539,-0.956160480474696,0.));
#3891=DIRECTION('',(-3.9868703636971E-16,5.46544976628743E-16,1.));
#3892=DIRECTION('center_axis',(-2.3201395453391E-16,0.,-1.));
#3893=DIRECTION('ref_axis',(-0.292843192815539,-0.956160480474696,0.));
#3894=DIRECTION('',(-3.9868703636971E-16,0.,1.));
#3895=DIRECTION('center_axis',(2.3201395453391E-16,0.,1.));
#3896=DIRECTION('ref_axis',(1.,0.,-2.3201395453391E-16));
#3897=DIRECTION('',(1.,4.29616164164657E-32,-2.3201395453391E-16));
#3898=DIRECTION('',(0.,-1.,0.));
#3899=DIRECTION('',(1.,9.99200722162642E-17,-2.3201395453391E-16));
#3900=DIRECTION('center_axis',(2.3201395453391E-16,0.,1.));
#3901=DIRECTION('ref_axis',(1.,0.,-2.3201395453391E-16));
#3902=DIRECTION('',(1.,4.29616164164657E-32,-2.3201395453391E-16));
#3903=DIRECTION('',(0.,1.,0.));
#3904=DIRECTION('center_axis',(2.3201395453391E-16,0.,1.));
#3905=DIRECTION('ref_axis',(1.,0.,-2.3201395453391E-16));
#3906=DIRECTION('',(-1.,-4.71365697359342E-32,2.3201395453391E-16));
#3907=DIRECTION('',(0.,1.,0.));
#3908=DIRECTION('center_axis',(0.642787609686539,0.,0.766044443118978));
#3909=DIRECTION('ref_axis',(0.766044443118978,0.,-0.642787609686539));
#3910=DIRECTION('',(0.766044443118978,-3.51312339113375E-16,-0.642787609686539));
#3911=DIRECTION('',(-0.766044443118978,3.85452409685521E-16,0.642787609686539));
#3912=DIRECTION('',(5.16585503671287E-16,1.,-4.33466705602106E-16));
#3913=DIRECTION('center_axis',(3.10619775195672E-16,4.33466705602106E-16,
1.));
#3914=DIRECTION('ref_axis',(1.32389850991952E-31,-1.,4.33466705602106E-16));
#3915=DIRECTION('',(1.,0.,-3.10619775195672E-16));
#3916=DIRECTION('',(-5.16585503671286E-16,-1.,4.33466705602106E-16));
#3917=DIRECTION('',(1.,0.,-3.10619775195672E-16));
#3918=DIRECTION('center_axis',(-0.642787609686539,0.,-0.766044443118978));
#3919=DIRECTION('ref_axis',(-0.766044443118978,0.,0.642787609686539));
#3920=DIRECTION('',(-0.766044443118978,3.51312339113375E-16,0.642787609686539));
#3921=DIRECTION('',(0.766044443118978,-3.85452409685521E-16,-0.642787609686539));
#3922=DIRECTION('',(0.,-1.,0.));
#3923=DIRECTION('center_axis',(2.3201395453391E-16,0.,1.));
#3924=DIRECTION('ref_axis',(1.,0.,-2.3201395453391E-16));
#3925=DIRECTION('',(0.,-1.,0.));
#3926=DIRECTION('',(-1.,-4.71365697359342E-32,2.3201395453391E-16));
#3927=DIRECTION('center_axis',(-2.29207334116161E-16,0.,-1.));
#3928=DIRECTION('ref_axis',(-1.,0.,2.29207334116161E-16));
#3929=DIRECTION('',(0.,1.,0.));
#3930=DIRECTION('',(1.,4.88195807131082E-32,-2.29207334116161E-16));
#3931=DIRECTION('',(0.,1.,0.));
#3932=DIRECTION('center_axis',(-0.642787609686539,0.,-0.766044443118978));
#3933=DIRECTION('ref_axis',(-0.766044443118978,0.,0.642787609686539));
#3934=DIRECTION('',(0.766044443118978,-3.85452409685521E-16,-0.642787609686539));
#3935=DIRECTION('',(-7.1464397741087E-18,1.,5.99657497868526E-18));
#3936=DIRECTION('',(-0.766044443118978,3.51312339113375E-16,0.642787609686539));
#3937=DIRECTION('center_axis',(-3.10619775195672E-16,5.99657497868526E-18,
-1.));
#3938=DIRECTION('ref_axis',(1.90215303149357E-33,1.,5.99657497868526E-18));
#3939=DIRECTION('',(7.14643977410871E-18,-1.,-5.99657497868526E-18));
#3940=DIRECTION('',(1.,0.,-3.10619775195672E-16));
#3941=DIRECTION('',(1.,0.,-3.10619775195672E-16));
#3942=DIRECTION('center_axis',(0.642787609686539,0.,0.766044443118978));
#3943=DIRECTION('ref_axis',(0.766044443118978,0.,-0.642787609686539));
#3944=DIRECTION('',(-0.766044443118978,3.85452409685521E-16,0.642787609686539));
#3945=DIRECTION('',(0.,-1.,0.));
#3946=DIRECTION('',(0.766044443118978,-3.51312339113375E-16,-0.642787609686539));
#3947=DIRECTION('center_axis',(-2.29207334116161E-16,0.,-1.));
#3948=DIRECTION('ref_axis',(-1.,0.,2.29207334116161E-16));
#3949=DIRECTION('',(1.,4.88195807131082E-32,-2.29207334116161E-16));
#3950=DIRECTION('',(0.,1.,0.));
#3951=DIRECTION('center_axis',(-1.,0.,0.));
#3952=DIRECTION('ref_axis',(0.,0.,1.));
#3953=DIRECTION('',(0.,-5.99657497868526E-16,-1.));
#3954=DIRECTION('',(0.,1.,5.99657497868526E-18));
#3955=DIRECTION('',(0.,5.46544976628743E-16,1.));
#3956=DIRECTION('center_axis',(1.,0.,-1.00786203653915E-15));
#3957=DIRECTION('ref_axis',(-1.00786203653915E-15,0.,-1.));
#3958=DIRECTION('',(0.,1.,0.));
#3959=DIRECTION('',(1.00786203653915E-15,5.99657497868526E-16,1.));
#3960=DIRECTION('center_axis',(0.,0.,1.));
#3961=DIRECTION('ref_axis',(1.,0.,0.));
#3962=DIRECTION('',(0.,1.,0.));
#3963=DIRECTION('center_axis',(-1.,0.,0.));
#3964=DIRECTION('ref_axis',(0.,0.,1.));
#3965=DIRECTION('center_axis',(-9.99200722162642E-17,1.,-3.98368374657498E-32));
#3966=DIRECTION('ref_axis',(-1.,-9.99200722162642E-17,-4.26325326319193E-16));
#3967=DIRECTION('',(-1.,-9.99200722162642E-17,-4.26325326319193E-16));
#3968=DIRECTION('',(-3.9868703636971E-16,0.,1.));
#3969=DIRECTION('center_axis',(1.,9.99200722162642E-17,3.9868703636971E-16));
#3970=DIRECTION('ref_axis',(-9.99200722162642E-17,1.,-4.25984573934361E-32));
#3971=DIRECTION('',(-9.99200722162642E-17,1.,-4.25984573934361E-32));
#3972=DIRECTION('center_axis',(1.,0.,0.));
#3973=DIRECTION('ref_axis',(0.,1.,0.));
#3974=DIRECTION('',(0.,1.,0.));
#3975=DIRECTION('',(0.,0.,-1.));
#3976=DIRECTION('center_axis',(0.,0.,1.));
#3977=DIRECTION('ref_axis',(0.707106781186552,0.707106781186543,0.));
#3978=DIRECTION('center_axis',(-4.26325326319193E-16,0.,1.));
#3979=DIRECTION('ref_axis',(0.707106781186552,0.707106781186543,0.));
#3980=DIRECTION('',(0.,0.,1.));
#3981=DIRECTION('center_axis',(-1.77635683940025E-16,1.,0.));
#3982=DIRECTION('ref_axis',(-1.,-1.77635683940025E-16,0.));
#3983=DIRECTION('',(0.,0.,-1.));
#3984=DIRECTION('',(-1.,-1.77635683940025E-16,-4.26325326319193E-16));
#3985=DIRECTION('center_axis',(0.,0.,1.));
#3986=DIRECTION('ref_axis',(-0.707106781186552,0.707106781186543,0.));
#3987=DIRECTION('center_axis',(-4.26325326319193E-16,0.,1.));
#3988=DIRECTION('ref_axis',(-0.707106781186552,0.707106781186543,0.));
#3989=DIRECTION('center_axis',(3.10619775195672E-16,4.33466705602106E-16,
1.));
#3990=DIRECTION('ref_axis',(1.32389850991952E-31,-1.,4.33466705602106E-16));
#3991=DIRECTION('',(1.,0.,-3.10619775195672E-16));
#3992=DIRECTION('',(1.,0.,-3.10619775195672E-16));
#3993=DIRECTION('center_axis',(-1.69767677774744E-31,1.,-5.46544976628743E-16));
#3994=DIRECTION('ref_axis',(3.0584808975628E-16,5.46544976628743E-16,1.));
#3995=DIRECTION('',(1.,0.,-3.10619775195672E-16));
#3996=DIRECTION('center_axis',(-3.10619775195672E-16,5.99657497868526E-18,
-1.));
#3997=DIRECTION('ref_axis',(1.90215303149357E-33,1.,5.99657497868526E-18));
#3998=DIRECTION('',(1.,0.,-3.10619775195672E-16));
#3999=DIRECTION('center_axis',(1.86265477182321E-31,-1.,5.99657497868526E-16));
#4000=DIRECTION('ref_axis',(-3.05848089756281E-16,-5.99657497868526E-16,
-1.));
#4001=DIRECTION('center_axis',(0.,-0.00428246313803702,0.999990830212693));
#4002=DIRECTION('ref_axis',(1.,0.,0.));
#4003=DIRECTION('',(1.,0.,0.));
#4004=DIRECTION('center_axis',(0.,-1.,0.));
#4005=DIRECTION('ref_axis',(0.,0.,-1.));
#4006=DIRECTION('center_axis',(4.26325326319193E-16,0.,-1.));
#4007=DIRECTION('ref_axis',(-1.,0.,-4.26325326319193E-16));
#4008=DIRECTION('center_axis',(1.,0.,0.));
#4009=DIRECTION('ref_axis',(0.,0.,-1.));
#4010=DIRECTION('center_axis',(1.,0.,0.));
#4011=DIRECTION('ref_axis',(0.,1.,0.));
#4012=DIRECTION('center_axis',(1.,0.,0.));
#4013=DIRECTION('ref_axis',(0.,1.,0.));
#4014=DIRECTION('',(1.,0.,0.));
#4015=DIRECTION('center_axis',(0.642787609686539,0.,0.766044443118978));
#4016=DIRECTION('ref_axis',(0.766044443118978,0.,-0.642787609686539));
#4017=DIRECTION('',(0.,-1.,0.));
#4018=DIRECTION('',(0.,1.,0.));
#4019=DIRECTION('center_axis',(-1.,0.,0.));
#4020=DIRECTION('ref_axis',(0.,0.,1.));
#4021=DIRECTION('',(0.,-1.,0.));
#4022=DIRECTION('center_axis',(0.642787609686539,0.,-0.766044443118978));
#4023=DIRECTION('ref_axis',(-0.766044443118978,0.,-0.642787609686539));
#4024=DIRECTION('center_axis',(-0.642787609686539,0.,-0.766044443118978));
#4025=DIRECTION('ref_axis',(-0.766044443118978,0.,0.642787609686539));
#4026=DIRECTION('',(0.,1.,0.));
#4027=DIRECTION('',(0.,1.,0.));
#4028=DIRECTION('center_axis',(-0.642787609686539,0.,0.766044443118978));
#4029=DIRECTION('ref_axis',(0.766044443118978,0.,0.642787609686539));
#4030=DIRECTION('',(0.,-1.,0.));
#4031=DIRECTION('center_axis',(1.,0.,-2.15313186379473E-16));
#4032=DIRECTION('ref_axis',(-2.15313186379473E-16,0.,-1.));
#4033=DIRECTION('center_axis',(1.77635683940025E-16,-1.,0.));
#4034=DIRECTION('ref_axis',(1.,1.77635683940025E-16,0.));
#4035=DIRECTION('',(0.766044443118978,1.36076828581895E-16,-0.642787609686539));
#4036=DIRECTION('',(2.15313186379473E-16,3.82473051238239E-32,1.));
#4037=DIRECTION('',(-0.766044443118978,-1.36076828581895E-16,-0.642787609686539));
#4038=DIRECTION('',(0.,0.,1.));
#4039=DIRECTION('center_axis',(-0.642787609686539,0.,-0.766044443118978));
#4040=DIRECTION('ref_axis',(-0.766044443118978,0.,0.642787609686539));
#4041=DIRECTION('',(0.,1.,0.));
#4042=DIRECTION('',(0.,1.,0.));
#4043=DIRECTION('',(0.,1.,0.));
#4044=DIRECTION('center_axis',(1.,0.,-2.15313186379473E-16));
#4045=DIRECTION('ref_axis',(-2.15313186379473E-16,0.,-1.));
#4046=DIRECTION('',(0.,-1.,0.));
#4047=DIRECTION('center_axis',(-0.642787609686539,0.,0.766044443118978));
#4048=DIRECTION('ref_axis',(0.766044443118978,0.,0.642787609686539));
#4049=DIRECTION('',(0.,-1.,0.));
#4050=DIRECTION('center_axis',(1.,0.,0.));
#4051=DIRECTION('ref_axis',(0.,1.,0.));
#4052=DIRECTION('center_axis',(1.,0.,-2.15313186379473E-16));
#4053=DIRECTION('ref_axis',(-2.15313186379473E-16,0.,-1.));
#4054=DIRECTION('',(0.,-1.,0.));
#4055=DIRECTION('center_axis',(0.642787609686539,0.,0.766044443118978));
#4056=DIRECTION('ref_axis',(0.766044443118978,0.,-0.642787609686539));
#4057=DIRECTION('',(0.,1.,0.));
#4058=DIRECTION('center_axis',(-0.642787609686539,0.,0.766044443118978));
#4059=DIRECTION('ref_axis',(0.766044443118978,0.,0.642787609686539));
#4060=DIRECTION('center_axis',(0.642787609686539,0.,0.766044443118978));
#4061=DIRECTION('ref_axis',(0.766044443118978,0.,-0.642787609686539));
#4062=DIRECTION('',(0.,1.,0.));
#4063=DIRECTION('center_axis',(-1.,0.,3.2296977956921E-16));
#4064=DIRECTION('ref_axis',(3.2296977956921E-16,0.,1.));
#4065=DIRECTION('center_axis',(-0.642787609686539,0.,-0.766044443118978));
#4066=DIRECTION('ref_axis',(-0.766044443118978,0.,0.642787609686539));
#4067=DIRECTION('',(0.,-1.,0.));
#4068=DIRECTION('',(0.,1.,0.));
#4069=DIRECTION('center_axis',(0.642787609686539,0.,-0.766044443118978));
#4070=DIRECTION('ref_axis',(-0.766044443118978,0.,-0.642787609686539));
#4071=DIRECTION('',(0.,1.,0.));
#4072=DIRECTION('center_axis',(0.642787609686539,0.,0.766044443118978));
#4073=DIRECTION('ref_axis',(0.766044443118978,0.,-0.642787609686539));
#4074=DIRECTION('',(0.,1.,0.));
#4075=DIRECTION('center_axis',(0.,0.,1.));
#4076=DIRECTION('ref_axis',(1.,0.,0.));
#4077=DIRECTION('',(0.,-1.,0.));
#4078=DIRECTION('center_axis',(-1.,0.,0.));
#4079=DIRECTION('ref_axis',(0.,0.,1.));
#4080=DIRECTION('center_axis',(-1.,0.,0.));
#4081=DIRECTION('ref_axis',(0.,-1.,0.));
#4082=DIRECTION('',(0.,-1.,0.));
#4083=DIRECTION('',(0.,0.,1.));
#4084=DIRECTION('',(0.,-1.,0.));
#4085=DIRECTION('center_axis',(0.642787609686539,0.,-0.766044443118978));
#4086=DIRECTION('ref_axis',(-0.766044443118978,0.,-0.642787609686539));
#4087=DIRECTION('',(0.,1.,0.));
#4088=DIRECTION('',(0.766044443118978,1.36076828581895E-16,0.642787609686539));
#4089=DIRECTION('',(0.,-1.,0.));
#4090=DIRECTION('center_axis',(0.,0.,1.));
#4091=DIRECTION('ref_axis',(1.,0.,0.));
#4092=DIRECTION('',(0.,-1.,0.));
#4093=DIRECTION('',(1.,1.77635683940025E-16,0.));
#4094=DIRECTION('center_axis',(1.77635683940025E-16,-1.,0.));
#4095=DIRECTION('ref_axis',(1.,1.77635683940025E-16,0.));
#4096=DIRECTION('',(-3.2296977956921E-16,-5.73709576857359E-32,-1.));
#4097=DIRECTION('center_axis',(-1.,0.,3.2296977956921E-16));
#4098=DIRECTION('ref_axis',(3.2296977956921E-16,0.,1.));
#4099=DIRECTION('center_axis',(0.642787609686539,0.,-0.766044443118978));
#4100=DIRECTION('ref_axis',(-0.766044443118978,0.,-0.642787609686539));
#4101=DIRECTION('',(0.766044443118978,1.36076828581895E-16,0.642787609686539));
#4102=DIRECTION('',(0.,1.,0.));
#4103=DIRECTION('',(0.,1.,0.));
#4104=DIRECTION('',(0.,1.,0.));
#4105=DIRECTION('center_axis',(1.,0.,-2.15313186379473E-16));
#4106=DIRECTION('ref_axis',(-2.15313186379473E-16,0.,-1.));
#4107=DIRECTION('',(0.,1.,0.));
#4108=DIRECTION('',(2.15313186379473E-16,3.82473051238239E-32,1.));
#4109=DIRECTION('center_axis',(1.77635683940025E-16,-1.,0.));
#4110=DIRECTION('ref_axis',(1.,1.77635683940025E-16,0.));
#4111=DIRECTION('',(1.,1.77635683940025E-16,0.));
#4112=DIRECTION('',(0.,0.,1.));
#4113=DIRECTION('center_axis',(1.,0.,0.));
#4114=DIRECTION('ref_axis',(0.,1.,0.));
#4115=DIRECTION('',(0.,1.,0.));
#4116=DIRECTION('center_axis',(0.,0.,1.));
#4117=DIRECTION('ref_axis',(1.,0.,0.));
#4118=DIRECTION('',(0.,-1.,0.));
#4119=DIRECTION('center_axis',(-0.642787609686539,0.,-0.766044443118978));
#4120=DIRECTION('ref_axis',(-0.766044443118978,0.,0.642787609686539));
#4121=CARTESIAN_POINT('',(0.,0.,0.));
#4122=CARTESIAN_POINT('Origin',(247.,17.8389322104712,-199.375));
#4123=CARTESIAN_POINT('',(247.,17.0462215884983,-201.346607179387));
#4124=CARTESIAN_POINT('',(247.,18.6316428324441,-201.346607179387));
#4125=CARTESIAN_POINT('',(247.,8.91946610523561,-201.346607179387));
#4126=CARTESIAN_POINT('Origin',(247.,17.8389322104712,-199.375));
#4127=CARTESIAN_POINT('Origin',(245.,17.8389322104712,-199.375));
#4128=CARTESIAN_POINT('',(246.75,16.6508362350662,-201.136832271593));
#4129=CARTESIAN_POINT('',(246.75,19.0270281858762,-201.136832271593));
#4130=CARTESIAN_POINT('Origin',(246.75,17.8389322104712,-199.375));
#4131=CARTESIAN_POINT('Origin',(244.650330060781,17.8389322104712,-199.375));
#4132=CARTESIAN_POINT('Origin',(244.650330060781,17.8389322104712,-199.375));
#4133=CARTESIAN_POINT('Origin',(321.793604820404,0.,-264.105893398607));
#4134=CARTESIAN_POINT('',(246.75,26.4628087241743,-201.136832271593));
#4135=CARTESIAN_POINT('',(246.75,0.,-201.136832271593));
#4136=CARTESIAN_POINT('',(295.0625,20.3338440445873,-241.675833202846));
#4137=CARTESIAN_POINT('Ctrl Pts',(295.0625,20.3338440445873,-241.675833202846));
#4138=CARTESIAN_POINT('Ctrl Pts',(286.355128383695,21.550848253933,-234.36948089108));
#4139=CARTESIAN_POINT('Ctrl Pts',(277.772575850542,22.7037356900958,-227.167864225952));
#4140=CARTESIAN_POINT('Ctrl Pts',(269.672012698307,23.7378332729477,-220.370684672584));
#4141=CARTESIAN_POINT('Ctrl Pts',(265.428311205308,24.279573566034,-216.809796314981));
#4142=CARTESIAN_POINT('Ctrl Pts',(261.338701879017,24.7851541994922,-213.378206637632));
#4143=CARTESIAN_POINT('Ctrl Pts',(257.375393561105,25.2549889548202,-210.05259608983));
#4144=CARTESIAN_POINT('Ctrl Pts',(253.773365491906,25.6819953446406,-207.030135665475));
#4145=CARTESIAN_POINT('Ctrl Pts',(250.254753664179,26.0821461165031,-204.077669778573));
#4146=CARTESIAN_POINT('Ctrl Pts',(246.75,26.4628087241743,-201.136832271593));
#4147=CARTESIAN_POINT('',(295.0625,0.290511087516668,-241.675833202845));
#4148=CARTESIAN_POINT('',(295.0625,12.6452555437583,-241.675833202845));
#4149=CARTESIAN_POINT('',(305.,0.29051108751667,-250.01438578767));
#4150=CARTESIAN_POINT('',(335.097672235308,0.290511087516675,-275.269331459611));
#4151=CARTESIAN_POINT('',(305.,-1.60696771399444,-250.01438578767));
#4152=CARTESIAN_POINT('',(305.,0.,-250.01438578767));
#4153=CARTESIAN_POINT('',(246.75,-3.1795088622707,-201.136832271593));
#4154=CARTESIAN_POINT('Ctrl Pts',(246.75,-3.1795088622707,-201.136832271593));
#4155=CARTESIAN_POINT('Ctrl Pts',(251.00226438495,-3.04359538771582,-204.704905748673));
#4156=CARTESIAN_POINT('Ctrl Pts',(255.51906523452,-2.90293515113656,-208.494951675648));
#4157=CARTESIAN_POINT('Ctrl Pts',(273.846991086932,-2.35847934338067,-223.873907498652));
#4158=CARTESIAN_POINT('Ctrl Pts',(289.031866204672,-1.94509296845869,-236.615530609421));
#4159=CARTESIAN_POINT('Ctrl Pts',(305.,-1.60696771399444,-250.01438578767));
#4160=CARTESIAN_POINT('',(246.75,0.,-201.136832271593));
#4161=CARTESIAN_POINT('Ctrl Pts',(0.,0.692436863172455,-330.));
#4162=CARTESIAN_POINT('Ctrl Pts',(1225.,0.692436863172455,-330.));
#4163=CARTESIAN_POINT('Ctrl Pts',(0.,5.36729010756762,-315.060779002508));
#4164=CARTESIAN_POINT('Ctrl Pts',(1225.,5.36729010756762,-315.060779002508));
#4165=CARTESIAN_POINT('Ctrl Pts',(0.,7.73616191059256,-309.282020228319));
#4166=CARTESIAN_POINT('Ctrl Pts',(1225.,7.73616191059256,-309.282020228319));
#4167=CARTESIAN_POINT('Ctrl Pts',(0.,15.7980112916491,-269.263660760413));
#4168=CARTESIAN_POINT('Ctrl Pts',(1225.,15.7980112916491,-269.263660760413));
#4169=CARTESIAN_POINT('Ctrl Pts',(0.,22.1706115435568,-230.911398635869));
#4170=CARTESIAN_POINT('Ctrl Pts',(1225.,22.1706115435568,-230.911398635869));
#4171=CARTESIAN_POINT('Ctrl Pts',(0.,27.2402918752549,-198.214185048207));
#4172=CARTESIAN_POINT('Ctrl Pts',(1225.,27.2402918752549,-198.214185048207));
#4173=CARTESIAN_POINT('Ctrl Pts',(0.,30.4361456778927,-164.898177192353));
#4174=CARTESIAN_POINT('Ctrl Pts',(1225.,30.4361456778927,-164.898177192353));
#4175=CARTESIAN_POINT('Ctrl Pts',(0.,32.7767416046338,-136.57512421457));
#4176=CARTESIAN_POINT('Ctrl Pts',(1225.,32.7767416046338,-136.57512421457));
#4177=CARTESIAN_POINT('Ctrl Pts',(0.,32.572174307517,-100.31120637567));
#4178=CARTESIAN_POINT('Ctrl Pts',(1225.,32.572174307517,-100.31120637567));
#4179=CARTESIAN_POINT('Ctrl Pts',(0.,31.4787146600278,-85.1197339869532));
#4180=CARTESIAN_POINT('Ctrl Pts',(1225.,31.4787146600278,-85.1197339869532));
#4181=CARTESIAN_POINT('Ctrl Pts',(0.,29.2161090680932,-65.9844229593376));
#4182=CARTESIAN_POINT('Ctrl Pts',(1225.,29.2161090680932,-65.9844229593376));
#4183=CARTESIAN_POINT('Ctrl Pts',(0.,26.7661902336552,-51.5393720618797));
#4184=CARTESIAN_POINT('Ctrl Pts',(1225.,26.7661902336552,-51.5393720618797));
#4185=CARTESIAN_POINT('Ctrl Pts',(0.,22.2069184142093,-33.7095873785944));
#4186=CARTESIAN_POINT('Ctrl Pts',(1225.,22.2069184142093,-33.7095873785944));
#4187=CARTESIAN_POINT('Ctrl Pts',(0.,19.3158500368011,-25.6495689043505));
#4188=CARTESIAN_POINT('Ctrl Pts',(1225.,19.3158500368011,-25.6495689043505));
#4189=CARTESIAN_POINT('Ctrl Pts',(0.,16.4902069465223,-17.4700986677718));
#4190=CARTESIAN_POINT('Ctrl Pts',(1225.,16.4902069465223,-17.4700986677718));
#4191=CARTESIAN_POINT('Ctrl Pts',(0.,10.7156213917761,-7.517737344979));
#4192=CARTESIAN_POINT('Ctrl Pts',(1225.,10.7156213917761,-7.517737344979));
#4193=CARTESIAN_POINT('Ctrl Pts',(0.,9.59210666071061,-5.06402799233127));
#4194=CARTESIAN_POINT('Ctrl Pts',(1225.,9.59210666071061,-5.06402799233127));
#4195=CARTESIAN_POINT('Ctrl Pts',(0.,-0.302237819680045,3.33162846574542));
#4196=CARTESIAN_POINT('Ctrl Pts',(1225.,-0.302237819680045,3.33162846574542));
#4197=CARTESIAN_POINT('Ctrl Pts',(0.,-5.37497260826862,-4.87193710665857));
#4198=CARTESIAN_POINT('Ctrl Pts',(1225.,-5.37497260826862,-4.87193710665857));
#4199=CARTESIAN_POINT('Ctrl Pts',(0.,-6.46637703842694,-7.76012590636975));
#4200=CARTESIAN_POINT('Ctrl Pts',(1225.,-6.46637703842694,-7.76012590636975));
#4201=CARTESIAN_POINT('Ctrl Pts',(0.,-8.72369290817783,-17.7139508712063));
#4202=CARTESIAN_POINT('Ctrl Pts',(1225.,-8.72369290817783,-17.7139508712063));
#4203=CARTESIAN_POINT('Ctrl Pts',(0.,-9.05735289519721,-25.7605611516216));
#4204=CARTESIAN_POINT('Ctrl Pts',(1225.,-9.05735289519721,-25.7605611516216));
#4205=CARTESIAN_POINT('Ctrl Pts',(0.,-9.65183932786034,-33.8874038470446));
#4206=CARTESIAN_POINT('Ctrl Pts',(1225.,-9.65183932786034,-33.8874038470446));
#4207=CARTESIAN_POINT('Ctrl Pts',(0.,-9.54958439734114,-51.7302428410842));
#4208=CARTESIAN_POINT('Ctrl Pts',(1225.,-9.54958439734114,-51.7302428410842));
#4209=CARTESIAN_POINT('Ctrl Pts',(0.,-9.12188646984469,-66.089055457432));
#4210=CARTESIAN_POINT('Ctrl Pts',(1225.,-9.12188646984469,-66.089055457432));
#4211=CARTESIAN_POINT('Ctrl Pts',(0.,-8.0807090947879,-85.1902133730808));
#4212=CARTESIAN_POINT('Ctrl Pts',(1225.,-8.0807090947879,-85.1902133730808));
#4213=CARTESIAN_POINT('Ctrl Pts',(0.,-7.41482789593825,-100.342950195034));
#4214=CARTESIAN_POINT('Ctrl Pts',(1225.,-7.41482789593825,-100.342950195034));
#4215=CARTESIAN_POINT('Ctrl Pts',(0.,-5.65487802201598,-136.527375623599));
#4216=CARTESIAN_POINT('Ctrl Pts',(1225.,-5.65487802201598,-136.527375623599));
#4217=CARTESIAN_POINT('Ctrl Pts',(0.,-4.681813072762,-164.837141179113));
#4218=CARTESIAN_POINT('Ctrl Pts',(1225.,-4.681813072762,-164.837141179113));
#4219=CARTESIAN_POINT('Ctrl Pts',(0.,-3.23576762517493,-198.076224064099));
#4220=CARTESIAN_POINT('Ctrl Pts',(1225.,-3.23576762517493,-198.076224064099));
#4221=CARTESIAN_POINT('Ctrl Pts',(0.,-2.10280368750388,-230.910800461435));
#4222=CARTESIAN_POINT('Ctrl Pts',(1225.,-2.10280368750388,-230.910800461435));
#4223=CARTESIAN_POINT('Ctrl Pts',(0.,-1.0506280543582,-268.755665480008));
#4224=CARTESIAN_POINT('Ctrl Pts',(1225.,-1.0506280543582,-268.755665480008));
#4225=CARTESIAN_POINT('Ctrl Pts',(0.,-0.545054891565593,-309.707874258144));
#4226=CARTESIAN_POINT('Ctrl Pts',(1225.,-0.545054891565593,-309.707874258144));
#4227=CARTESIAN_POINT('Ctrl Pts',(0.,-0.494719603944063,-314.653924811271));
#4228=CARTESIAN_POINT('Ctrl Pts',(1225.,-0.494719603944063,-314.653924811271));
#4229=CARTESIAN_POINT('Ctrl Pts',(0.,-0.428999999999996,-330.));
#4230=CARTESIAN_POINT('Ctrl Pts',(1225.,-0.428999999999996,-330.));
#4231=CARTESIAN_POINT('',(246.75,-0.441870880306042,-327.074954525621));
#4232=CARTESIAN_POINT('Ctrl Pts',(246.75,-0.441870880306042,-327.074954525621));
#4233=CARTESIAN_POINT('Ctrl Pts',(246.75,-0.44394120073069,-326.619548990788));
#4234=CARTESIAN_POINT('Ctrl Pts',(246.75,-0.445994784212276,-326.176117827675));
#4235=CARTESIAN_POINT('Ctrl Pts',(246.75,-0.448042059061115,-325.74331816049));
#4236=CARTESIAN_POINT('Ctrl Pts',(246.75,-0.450089333909914,-325.310518493313));
#4237=CARTESIAN_POINT('Ctrl Pts',(246.75,-0.452130300125965,-324.888350322064));
#4238=CARTESIAN_POINT('Ctrl Pts',(246.75,-0.454175034943108,-324.475522898166));
#4239=CARTESIAN_POINT('Ctrl Pts',(246.75,-0.456219769760267,-324.062695474264));
#4240=CARTESIAN_POINT('Ctrl Pts',(246.75,-0.458268273178516,-323.659208797714));
#4241=CARTESIAN_POINT('Ctrl Pts',(246.75,-0.460330271355217,-323.263824247157));
#4242=CARTESIAN_POINT('Ctrl Pts',(246.75,-0.462392269531964,-322.868439696592));
#4243=CARTESIAN_POINT('Ctrl Pts',(246.75,-0.464467762467163,-322.481157272019));
#4244=CARTESIAN_POINT('Ctrl Pts',(246.75,-0.466566125241698,-322.100790479301));
#4245=CARTESIAN_POINT('Ctrl Pts',(246.75,-0.468664488016192,-321.720423686589));
#4246=CARTESIAN_POINT('Ctrl Pts',(246.75,-0.470785720630021,-321.346972525731));
#4247=CARTESIAN_POINT('Ctrl Pts',(246.75,-0.472938847087591,-320.979302629803));
#4248=CARTESIAN_POINT('Ctrl Pts',(246.75,-0.475091973545143,-320.611632733878));
#4249=CARTESIAN_POINT('Ctrl Pts',(246.75,-0.477276993846435,-320.249744102884));
#4250=CARTESIAN_POINT('Ctrl Pts',(246.75,-0.479502580919398,-319.892554497115));
#4251=CARTESIAN_POINT('Ctrl Pts',(246.75,-0.481728167992403,-319.535364891339));
#4252=CARTESIAN_POINT('Ctrl Pts',(246.75,-0.48399432183708,-319.182874310788));
#4253=CARTESIAN_POINT('Ctrl Pts',(246.75,-0.486309364304881,-318.834052642977));
#4254=CARTESIAN_POINT('Ctrl Pts',(246.75,-0.48862440677264,-318.485230975171));
#4255=CARTESIAN_POINT('Ctrl Pts',(246.75,-0.490988337863522,-318.140078220104));
#4256=CARTESIAN_POINT('Ctrl Pts',(246.75,-0.4934091283525,-317.797616392506));
#4257=CARTESIAN_POINT('Ctrl Pts',(246.75,-0.495829918841492,-317.455154564906));
#4258=CARTESIAN_POINT('Ctrl Pts',(246.75,-0.498307568728582,-317.115383664776));
#4259=CARTESIAN_POINT('Ctrl Pts',(246.75,-0.500849697712267,-316.777377834063));
#4260=CARTESIAN_POINT('Ctrl Pts',(246.75,-0.503391826695947,-316.43937200335));
#4261=CARTESIAN_POINT('Ctrl Pts',(246.75,-0.505998434776221,-316.103131242056));
#4262=CARTESIAN_POINT('Ctrl Pts',(246.75,-0.508676790575111,-315.767781819345));
#4263=CARTESIAN_POINT('Ctrl Pts',(246.75,-0.511355146373999,-315.432432396635));
#4264=CARTESIAN_POINT('Ctrl Pts',(246.75,-0.514105249891502,-315.097974312508));
#4265=CARTESIAN_POINT('Ctrl Pts',(246.75,-0.516934018673163,-314.76358596335));
#4266=CARTESIAN_POINT('Ctrl Pts',(246.75,-0.519762787454854,-314.429197614188));
#4267=CARTESIAN_POINT('Ctrl Pts',(246.75,-0.522670221500704,-314.094878999994));
#4268=CARTESIAN_POINT('Ctrl Pts',(246.75,-0.525662887279781,-313.75986064437));
#4269=CARTESIAN_POINT('Ctrl Pts',(246.75,-0.528655553058844,-313.424842288747));
#4270=CARTESIAN_POINT('Ctrl Pts',(246.75,-0.531733450571134,-313.089124191694));
#4271=CARTESIAN_POINT('Ctrl Pts',(246.75,-0.534902795209237,-312.75198900403));
#4272=CARTESIAN_POINT('Ctrl Pts',(246.75,-0.538072139847338,-312.414853816367));
#4273=CARTESIAN_POINT('Ctrl Pts',(246.75,-0.541332931611253,-312.076301538093));
#4274=CARTESIAN_POINT('Ctrl Pts',(246.75,-0.544691034817093,-311.735666947245));
#4275=CARTESIAN_POINT('Ctrl Pts',(246.75,-0.548049138022932,-311.395032356398));
#4276=CARTESIAN_POINT('Ctrl Pts',(246.75,-0.551504552670697,-311.052315452977));
#4277=CARTESIAN_POINT('Ctrl Pts',(246.75,-0.555062792000021,-310.706903142238));
#4278=CARTESIAN_POINT('Ctrl Pts',(246.75,-0.55862103132935,-310.361490831498));
#4279=CARTESIAN_POINT('Ctrl Pts',(246.75,-0.562282095340239,-310.013383113441));
#4280=CARTESIAN_POINT('Ctrl Pts',(246.75,-0.566051146195846,-309.662019020537));
#4281=CARTESIAN_POINT('Ctrl Pts',(246.75,-0.569820197051466,-309.310654927633));
#4282=CARTESIAN_POINT('Ctrl Pts',(246.75,-0.573697234751805,-308.956034459883));
#4283=CARTESIAN_POINT('Ctrl Pts',(246.75,-0.577687070383543,-308.597648776978));
#4284=CARTESIAN_POINT('Ctrl Pts',(246.75,-0.581676906015279,-308.239263094073));
#4285=CARTESIAN_POINT('Ctrl Pts',(246.75,-0.585779539578413,-307.877112196014));
#4286=CARTESIAN_POINT('Ctrl Pts',(246.75,-0.589999431083151,-307.510739369707));
#4287=CARTESIAN_POINT('Ctrl Pts',(246.75,-0.594434171718601,-307.125713247893));
#4288=CARTESIAN_POINT('Ctrl Pts',(246.75,-0.598998417629783,-306.736023847238));
#4289=CARTESIAN_POINT('Ctrl Pts',(246.75,-0.603696927472612,-306.341203125808));
#4290=CARTESIAN_POINT('Ctrl Pts',(246.75,-0.608322023099147,-305.952551478149));
#4291=CARTESIAN_POINT('Ctrl Pts',(246.75,-0.613077218616601,-305.558927769915));
#4292=CARTESIAN_POINT('Ctrl Pts',(246.75,-0.617966647815607,-305.159945731464));
#4293=CARTESIAN_POINT('Ctrl Pts',(246.75,-0.622779679683379,-304.767197787364));
#4294=CARTESIAN_POINT('Ctrl Pts',(246.75,-0.627722782195359,-304.369257802153));
#4295=CARTESIAN_POINT('Ctrl Pts',(246.75,-0.632799517854082,-303.965813831352));
#4296=CARTESIAN_POINT('Ctrl Pts',(246.75,-0.637796929518136,-303.568673672596));
#4297=CARTESIAN_POINT('Ctrl Pts',(246.75,-0.642923829973147,-303.166200324399));
#4298=CARTESIAN_POINT('Ctrl Pts',(246.75,-0.648183260027837,-302.758149288254));
#4299=CARTESIAN_POINT('Ctrl Pts',(246.75,-0.653430005751987,-302.351082361445));
#4300=CARTESIAN_POINT('Ctrl Pts',(246.75,-0.658808642453549,-301.938464639039));
#4301=CARTESIAN_POINT('Ctrl Pts',(246.75,-0.664321837492575,-301.520105577486));
#4302=CARTESIAN_POINT('Ctrl Pts',(246.75,-0.669835032531597,-301.101746515933));
#4303=CARTESIAN_POINT('Ctrl Pts',(246.75,-0.675482785908082,-300.677646115233));
#4304=CARTESIAN_POINT('Ctrl Pts',(246.75,-0.681267413905606,-300.247665959053));
#4305=CARTESIAN_POINT('Ctrl Pts',(246.75,-0.68705204190313,-299.817685802873));
#4306=CARTESIAN_POINT('Ctrl Pts',(246.75,-0.692973544521693,-299.381825891212));
#4307=CARTESIAN_POINT('Ctrl Pts',(246.75,-0.699033886968391,-298.939999934957));
#4308=CARTESIAN_POINT('Ctrl Pts',(246.75,-0.705094229415093,-298.498173978702));
#4309=CARTESIAN_POINT('Ctrl Pts',(246.75,-0.711293411689928,-298.050381977851));
#4310=CARTESIAN_POINT('Ctrl Pts',(246.75,-0.717633047923521,-297.596589770508));
#4311=CARTESIAN_POINT('Ctrl Pts',(246.75,-0.723972684157106,-297.142797563166));
#4312=CARTESIAN_POINT('Ctrl Pts',(246.75,-0.730452774349446,-296.683005149331));
#4313=CARTESIAN_POINT('Ctrl Pts',(246.75,-0.737074581554684,-296.217230494324));
#4314=CARTESIAN_POINT('Ctrl Pts',(246.75,-0.743696388759929,-295.751455839317));
#4315=CARTESIAN_POINT('Ctrl Pts',(246.75,-0.750459912978072,-295.279698943139));
#4316=CARTESIAN_POINT('Ctrl Pts',(246.75,-0.75736606618678,-294.802029898326));
#4317=CARTESIAN_POINT('Ctrl Pts',(246.75,-0.764272219395482,-294.324360853514));
#4318=CARTESIAN_POINT('Ctrl Pts',(246.75,-0.771321001594749,-293.840779660069));
#4319=CARTESIAN_POINT('Ctrl Pts',(246.75,-0.778512973685769,-293.351408537746));
#4320=CARTESIAN_POINT('Ctrl Pts',(246.75,-0.785704945776787,-292.862037415423));
#4321=CARTESIAN_POINT('Ctrl Pts',(246.75,-0.79304010775956,-292.366876364222));
#4322=CARTESIAN_POINT('Ctrl Pts',(246.75,-0.800518669458795,-291.866099731118));
#4323=CARTESIAN_POINT('Ctrl Pts',(246.75,-0.807997231158043,-291.365323098013));
#4324=CARTESIAN_POINT('Ctrl Pts',(246.75,-0.815619192573755,-290.858930883004));
#4325=CARTESIAN_POINT('Ctrl Pts',(246.75,-0.823384412454166,-290.347149560283));
#4326=CARTESIAN_POINT('Ctrl Pts',(246.75,-0.831149632334574,-289.835368237563));
#4327=CARTESIAN_POINT('Ctrl Pts',(246.75,-0.839058110679681,-289.31819780713));
#4328=CARTESIAN_POINT('Ctrl Pts',(246.75,-0.847109355161244,-288.795916870394));
#4329=CARTESIAN_POINT('Ctrl Pts',(246.75,-0.855160599642805,-288.273635933658));
#4330=CARTESIAN_POINT('Ctrl Pts',(246.75,-0.863354610260824,-287.74624449062));
#4331=CARTESIAN_POINT('Ctrl Pts',(246.75,-0.871690543610578,-287.214073269906));
#4332=CARTESIAN_POINT('Ctrl Pts',(246.75,-0.880026476960334,-286.681902049191));
#4333=CARTESIAN_POINT('Ctrl Pts',(246.75,-0.888504333041824,-286.144951050801));
#4334=CARTESIAN_POINT('Ctrl Pts',(246.75,-0.897122917373855,-285.60360313058));
#4335=CARTESIAN_POINT('Ctrl Pts',(246.75,-0.905741501705887,-285.062255210359));
#4336=CARTESIAN_POINT('Ctrl Pts',(246.75,-0.91450081428846,-284.516510368307));
#4337=CARTESIAN_POINT('Ctrl Pts',(246.75,-0.923399309563895,-283.966803587487));
#4338=CARTESIAN_POINT('Ctrl Pts',(246.75,-0.932297804839339,-283.417096806666));
#4339=CARTESIAN_POINT('Ctrl Pts',(246.75,-0.941335482807647,-282.863428087077));
#4340=CARTESIAN_POINT('Ctrl Pts',(246.75,-0.950510446834668,-282.306284539));
#4341=CARTESIAN_POINT('Ctrl Pts',(246.75,-0.959685410861689,-281.749140990923));
#4342=CARTESIAN_POINT('Ctrl Pts',(246.75,-0.968997660947423,-281.188522614358));
#4343=CARTESIAN_POINT('Ctrl Pts',(246.75,-0.978444949381242,-280.624968646803));
#4344=CARTESIAN_POINT('Ctrl Pts',(246.75,-0.988113182793727,-280.048234768398));
#4345=CARTESIAN_POINT('Ctrl Pts',(246.75,-0.997922846183728,-279.468426167979));
#4346=CARTESIAN_POINT('Ctrl Pts',(246.75,-1.00787114973217,-278.88617733244));
#4347=CARTESIAN_POINT('Ctrl Pts',(246.75,-1.01792608888909,-278.297687386689));
#4348=CARTESIAN_POINT('Ctrl Pts',(246.75,-1.02812260460654,-277.706713820294));
#4349=CARTESIAN_POINT('Ctrl Pts',(246.75,-1.03845773573563,-277.113914375907));
#4350=CARTESIAN_POINT('Ctrl Pts',(246.75,-1.04879286686478,-276.521114931517));
#4351=CARTESIAN_POINT('Ctrl Pts',(246.75,-1.05926661340557,-275.926489609133));
#4352=CARTESIAN_POINT('Ctrl Pts',(246.75,-1.06987624127403,-275.330644023502));
#4353=CARTESIAN_POINT('Ctrl Pts',(246.75,-1.08048586914237,-274.734798437877));
#4354=CARTESIAN_POINT('Ctrl Pts',(246.75,-1.09123137833837,-274.137732589005));
#4355=CARTESIAN_POINT('Ctrl Pts',(246.75,-1.10211026184296,-273.539999963724));
#4356=CARTESIAN_POINT('Ctrl Pts',(246.75,-1.11298914534765,-272.942267338438));
#4357=CARTESIAN_POINT('Ctrl Pts',(246.75,-1.12400140316094,-272.343867936743));
#4358=CARTESIAN_POINT('Ctrl Pts',(246.75,-1.13514475532867,-271.745303117573));
#4359=CARTESIAN_POINT('Ctrl Pts',(246.75,-1.1462881074965,-271.146738298398));
#4360=CARTESIAN_POINT('Ctrl Pts',(246.75,-1.15756255401877,-270.548008061748));
#4361=CARTESIAN_POINT('Ctrl Pts',(246.75,-1.16896604200622,-269.949561638653));
#4362=CARTESIAN_POINT('Ctrl Pts',(246.75,-1.1803695299936,-269.35111521556));
#4363=CARTESIAN_POINT('Ctrl Pts',(246.75,-1.19190205944616,-268.752952606022));
#4364=CARTESIAN_POINT('Ctrl Pts',(246.75,-1.20356180453953,-268.155470913161));
#4365=CARTESIAN_POINT('Ctrl Pts',(246.75,-1.21522154963287,-267.557989220302));
#4366=CARTESIAN_POINT('Ctrl Pts',(246.75,-1.22700851036703,-266.961188444121));
#4367=CARTESIAN_POINT('Ctrl Pts',(246.75,-1.23892108798256,-266.365413559834));
#4368=CARTESIAN_POINT('Ctrl Pts',(246.75,-1.25083366559806,-265.769638675549));
#4369=CARTESIAN_POINT('Ctrl Pts',(246.75,-1.26287186009494,-265.174889683158));
#4370=CARTESIAN_POINT('Ctrl Pts',(246.75,-1.27503429977864,-264.581459429975));
#4371=CARTESIAN_POINT('Ctrl Pts',(246.75,-1.28719673946231,-263.988029176794));
#4372=CARTESIAN_POINT('Ctrl Pts',(246.75,-1.2994834243328,-263.395917662821));
#4373=CARTESIAN_POINT('Ctrl Pts',(246.75,-1.31189320976049,-262.805365607461));
#4374=CARTESIAN_POINT('Ctrl Pts',(246.75,-1.32430299518828,-262.214813552096));
#4375=CARTESIAN_POINT('Ctrl Pts',(246.75,-1.33683588117328,-261.625820955345));
#4376=CARTESIAN_POINT('Ctrl Pts',(246.75,-1.34949095015074,-261.038576408709));
#4377=CARTESIAN_POINT('Ctrl Pts',(246.75,-1.36214601912829,-260.451331862069));
#4378=CARTESIAN_POINT('Ctrl Pts',(246.75,-1.37492327109832,-259.865835365545));
#4379=CARTESIAN_POINT('Ctrl Pts',(246.75,-1.38782201556099,-259.282223382731));
#4380=CARTESIAN_POINT('Ctrl Pts',(246.75,-1.40072076002353,-258.698611399924));
#4381=CARTESIAN_POINT('Ctrl Pts',(246.75,-1.41374099697871,-258.116883930828));
#4382=CARTESIAN_POINT('Ctrl Pts',(246.75,-1.42688226299162,-257.537125311133));
#4383=CARTESIAN_POINT('Ctrl Pts',(246.75,-1.44066560446067,-256.929039985333));
#4384=CARTESIAN_POINT('Ctrl Pts',(246.75,-1.45458208866435,-256.323121081387));
#4385=CARTESIAN_POINT('Ctrl Pts',(246.75,-1.46863144926612,-255.719404293064));
#4386=CARTESIAN_POINT('Ctrl Pts',(246.75,-1.48224176734909,-255.134553654376));
#4387=CARTESIAN_POINT('Ctrl Pts',(246.75,-1.49597678813958,-254.551769346043));
#4388=CARTESIAN_POINT('Ctrl Pts',(246.75,-1.50983651542992,-253.97102735976));
#4389=CARTESIAN_POINT('Ctrl Pts',(246.75,-1.52347687003118,-253.399477396416));
#4390=CARTESIAN_POINT('Ctrl Pts',(246.75,-1.53723801526263,-252.829905473911));
#4391=CARTESIAN_POINT('Ctrl Pts',(246.75,-1.55112018363014,-252.262236158922));
#4392=CARTESIAN_POINT('Ctrl Pts',(246.75,-1.56500235199763,-251.694566843935));
#4393=CARTESIAN_POINT('Ctrl Pts',(246.75,-1.57900554350117,-251.128800136465));
#4394=CARTESIAN_POINT('Ctrl Pts',(246.75,-1.59313021771155,-250.564808475284));
#4395=CARTESIAN_POINT('Ctrl Pts',(246.75,-1.60725489192197,-250.000816814102));
#4396=CARTESIAN_POINT('Ctrl Pts',(246.75,-1.62150104883923,-249.43860019921));
#4397=CARTESIAN_POINT('Ctrl Pts',(246.75,-1.63586937509902,-248.877978941473));
#4398=CARTESIAN_POINT('Ctrl Pts',(246.75,-1.6502498808161,-248.316882467449));
#4399=CARTESIAN_POINT('Ctrl Pts',(246.75,-1.66475276304751,-247.757384063749));
#4400=CARTESIAN_POINT('Ctrl Pts',(246.75,-1.67937893791582,-247.199251301179));
#4401=CARTESIAN_POINT('Ctrl Pts',(246.75,-1.69905775041475,-246.44831060185));
#4402=CARTESIAN_POINT('Ctrl Pts',(246.75,-1.71895979659073,-245.699829839136));
#4403=CARTESIAN_POINT('Ctrl Pts',(246.75,-1.73908754216906,-244.953200722601));
#4404=CARTESIAN_POINT('Ctrl Pts',(246.75,-1.75919835986821,-244.207199537666));
#4405=CARTESIAN_POINT('Ctrl Pts',(246.75,-1.77953449747843,-243.46304689233));
#4406=CARTESIAN_POINT('Ctrl Pts',(246.75,-1.80009829274798,-242.720188177841));
#4407=CARTESIAN_POINT('Ctrl Pts',(246.75,-1.82066208801728,-241.977329463361));
#4408=CARTESIAN_POINT('Ctrl Pts',(246.75,-1.8414535409459,-241.235764679729));
#4409=CARTESIAN_POINT('Ctrl Pts',(246.75,-1.86247486756454,-240.494991346454));
#4410=CARTESIAN_POINT('Ctrl Pts',(246.75,-1.88349619418323,-239.754218013178));
#4411=CARTESIAN_POINT('Ctrl Pts',(246.75,-1.90474739449194,-239.014236130258));
#4412=CARTESIAN_POINT('Ctrl Pts',(246.75,-1.92623056280387,-238.27459534546));
#4413=CARTESIAN_POINT('Ctrl Pts',(246.75,-1.94829991226244,-237.514773017742));
#4414=CARTESIAN_POINT('Ctrl Pts',(246.75,-1.97061406178994,-236.755310402646));
#4415=CARTESIAN_POINT('Ctrl Pts',(246.75,-1.99317514809803,-235.995776552318));
#4416=CARTESIAN_POINT('Ctrl Pts',(246.75,-2.01513699230068,-235.25641658269));
#4417=CARTESIAN_POINT('Ctrl Pts',(246.75,-2.03733282921977,-234.516989352008));
#4418=CARTESIAN_POINT('Ctrl Pts',(246.75,-2.05976450641229,-233.777150186905));
#4419=CARTESIAN_POINT('Ctrl Pts',(246.75,-2.08219618360487,-233.037311021799));
#4420=CARTESIAN_POINT('Ctrl Pts',(246.75,-2.10486370107088,-232.297059922272));
#4421=CARTESIAN_POINT('Ctrl Pts',(246.75,-2.12776878464976,-231.556104343215));
#4422=CARTESIAN_POINT('Ctrl Pts',(246.75,-2.15067386822874,-230.815148764155));
#4423=CARTESIAN_POINT('Ctrl Pts',(246.75,-2.17381651792058,-230.073488705563));
#4424=CARTESIAN_POINT('Ctrl Pts',(246.75,-2.19719833784721,-229.33088375059));
#4425=CARTESIAN_POINT('Ctrl Pts',(246.75,-2.22058015777374,-228.588278795619));
#4426=CARTESIAN_POINT('Ctrl Pts',(246.75,-2.24420114793505,-227.844728944267));
#4427=CARTESIAN_POINT('Ctrl Pts',(246.75,-2.26806279073551,-227.100045907938));
#4428=CARTESIAN_POINT('Ctrl Pts',(246.75,-2.29192443353572,-226.355362871617));
#4429=CARTESIAN_POINT('Ctrl Pts',(246.75,-2.31602672897509,-225.60954665032));
#4430=CARTESIAN_POINT('Ctrl Pts',(246.75,-2.34037103774045,-224.862461083712));
#4431=CARTESIAN_POINT('Ctrl Pts',(246.75,-2.36471534650629,-224.115375517088));
#4432=CARTESIAN_POINT('Ctrl Pts',(246.75,-2.38930166859813,-223.367020605153));
#4433=CARTESIAN_POINT('Ctrl Pts',(246.75,-2.4141312429853,-222.617312315828));
#4434=CARTESIAN_POINT('Ctrl Pts',(246.75,-2.43896081737197,-221.867604026518));
#4435=CARTESIAN_POINT('Ctrl Pts',(246.75,-2.46403364405396,-221.116542359818));
#4436=CARTESIAN_POINT('Ctrl Pts',(246.75,-2.48935084028302,-220.364095411908));
#4437=CARTESIAN_POINT('Ctrl Pts',(246.75,-2.51596327694999,-219.573152901319));
#4438=CARTESIAN_POINT('Ctrl Pts',(246.75,-2.54284572808904,-218.780679236637));
#4439=CARTESIAN_POINT('Ctrl Pts',(246.75,-2.56999934636465,-217.986699456655));
#4440=CARTESIAN_POINT('Ctrl Pts',(246.75,-2.59647489664365,-217.212546584207));
#4441=CARTESIAN_POINT('Ctrl Pts',(246.75,-2.62320823964393,-216.436962126021));
#4442=CARTESIAN_POINT('Ctrl Pts',(246.75,-2.65020030779005,-215.660027548091));
#4443=CARTESIAN_POINT('Ctrl Pts',(246.75,-2.68543538871842,-214.645827651247));
#4444=CARTESIAN_POINT('Ctrl Pts',(246.75,-2.72111181918118,-213.62932853045));
#4445=CARTESIAN_POINT('Ctrl Pts',(246.75,-2.75722947781858,-212.610829988415));
#4446=CARTESIAN_POINT('Ctrl Pts',(246.75,-2.79974716600518,-211.41185405635));
#4447=CARTESIAN_POINT('Ctrl Pts',(246.75,-2.84287683732985,-210.210107886825));
#4448=CARTESIAN_POINT('Ctrl Pts',(246.75,-2.8866019189201,-209.006132362741));
#4449=CARTESIAN_POINT('Ctrl Pts',(246.75,-2.93032700051049,-207.802156838654));
#4450=CARTESIAN_POINT('Ctrl Pts',(246.75,-2.97464749236646,-206.595951960007));
#4451=CARTESIAN_POINT('Ctrl Pts',(246.75,-3.01952865591095,-205.388107470496));
#4452=CARTESIAN_POINT('Ctrl Pts',(246.75,-3.06440981945515,-204.180262980994));
#4453=CARTESIAN_POINT('Ctrl Pts',(246.75,-3.10985165468787,-202.970778880627));
#4454=CARTESIAN_POINT('Ctrl Pts',(246.75,-3.1558012573275,-201.760293773887));
#4455=CARTESIAN_POINT('Ctrl Pts',(246.75,-3.163688980234,-201.552501528559));
#4456=CARTESIAN_POINT('Ctrl Pts',(246.75,-3.17159162236192,-201.344679902762));
#4457=CARTESIAN_POINT('Ctrl Pts',(246.75,-3.17950886227127,-201.136832271578));
#4458=CARTESIAN_POINT('',(305.,-1.01968518841115,-278.197401009545));
#4459=CARTESIAN_POINT('Ctrl Pts',(305.,-1.60696771399444,-250.01438578767));
#4460=CARTESIAN_POINT('Ctrl Pts',(305.,-1.36539496988412,-259.587164426979));
#4461=CARTESIAN_POINT('Ctrl Pts',(305.,-1.17967445601884,-268.90593724916));
#4462=CARTESIAN_POINT('Ctrl Pts',(305.,-1.01968518841115,-278.197401009545));
#4463=CARTESIAN_POINT('Ctrl Pts',(305.,-1.01968518841116,-278.197401009545));
#4464=CARTESIAN_POINT('Ctrl Pts',(295.550739054741,-0.883158333568243,-286.12627238361));
#4465=CARTESIAN_POINT('Ctrl Pts',(286.124061713483,-0.764616229989805,-294.036193863886));
#4466=CARTESIAN_POINT('Ctrl Pts',(265.917664638974,-0.537094993133887,-310.991374196529));
#4467=CARTESIAN_POINT('Ctrl Pts',(260.924121818139,-0.495939956973463,-315.181454135759));
#4468=CARTESIAN_POINT('Ctrl Pts',(246.75,-0.441870880306042,-327.074954525622));
#4469=CARTESIAN_POINT('Origin',(305.,0.,-330.004282463138));
#4470=CARTESIAN_POINT('',(305.,0.29051108751667,-278.197401009545));
#4471=CARTESIAN_POINT('',(305.,0.29051108751667,-340.002141231569));
#4472=CARTESIAN_POINT('',(305.,0.,-278.197401009545));
#4473=CARTESIAN_POINT('Origin',(199.516121517409,0.,-366.708884539436));
#4474=CARTESIAN_POINT('',(295.0625,0.290511087516668,-286.535953594369));
#4475=CARTESIAN_POINT('',(231.664339524257,0.290511087516657,-339.733326666883));
#4476=CARTESIAN_POINT('',(295.0625,12.1078766619347,-286.535953594369));
#4477=CARTESIAN_POINT('',(295.0625,12.6452555437583,-286.535953594369));
#4478=CARTESIAN_POINT('',(246.75,1.61270909486757,-327.074954525621));
#4479=CARTESIAN_POINT('Ctrl Pts',(246.75,1.61270909486761,-327.074954525621));
#4480=CARTESIAN_POINT('Ctrl Pts',(254.034979597579,3.54482784225851,-320.962130832159));
#4481=CARTESIAN_POINT('Ctrl Pts',(258.448459402609,4.77195120209891,-317.25878155555));
#4482=CARTESIAN_POINT('Ctrl Pts',(273.606530305068,8.2892098482941,-304.539649851937));
#4483=CARTESIAN_POINT('Ctrl Pts',(283.421986820513,10.0851409605375,-296.303503909991));
#4484=CARTESIAN_POINT('Ctrl Pts',(292.134626039151,11.6060248175378,-288.992731555051));
#4485=CARTESIAN_POINT('Ctrl Pts',(293.589503522937,11.856804732888,-287.771944394998));
#4486=CARTESIAN_POINT('Ctrl Pts',(295.0625,12.1078766619347,-286.535953594369));
#4487=CARTESIAN_POINT('',(246.75,0.,-327.074954525621));
#4488=CARTESIAN_POINT('Ctrl Pts',(0.,0.692436863172455,-330.));
#4489=CARTESIAN_POINT('Ctrl Pts',(1225.,0.692436863172455,-330.));
#4490=CARTESIAN_POINT('Ctrl Pts',(0.,5.36729010756762,-315.060779002508));
#4491=CARTESIAN_POINT('Ctrl Pts',(1225.,5.36729010756762,-315.060779002508));
#4492=CARTESIAN_POINT('Ctrl Pts',(0.,7.73616191059256,-309.282020228319));
#4493=CARTESIAN_POINT('Ctrl Pts',(1225.,7.73616191059256,-309.282020228319));
#4494=CARTESIAN_POINT('Ctrl Pts',(0.,15.7980112916491,-269.263660760413));
#4495=CARTESIAN_POINT('Ctrl Pts',(1225.,15.7980112916491,-269.263660760413));
#4496=CARTESIAN_POINT('Ctrl Pts',(0.,22.1706115435568,-230.911398635869));
#4497=CARTESIAN_POINT('Ctrl Pts',(1225.,22.1706115435568,-230.911398635869));
#4498=CARTESIAN_POINT('Ctrl Pts',(0.,27.2402918752549,-198.214185048207));
#4499=CARTESIAN_POINT('Ctrl Pts',(1225.,27.2402918752549,-198.214185048207));
#4500=CARTESIAN_POINT('Ctrl Pts',(0.,30.4361456778927,-164.898177192353));
#4501=CARTESIAN_POINT('Ctrl Pts',(1225.,30.4361456778927,-164.898177192353));
#4502=CARTESIAN_POINT('Ctrl Pts',(0.,32.7767416046338,-136.57512421457));
#4503=CARTESIAN_POINT('Ctrl Pts',(1225.,32.7767416046338,-136.57512421457));
#4504=CARTESIAN_POINT('Ctrl Pts',(0.,32.572174307517,-100.31120637567));
#4505=CARTESIAN_POINT('Ctrl Pts',(1225.,32.572174307517,-100.31120637567));
#4506=CARTESIAN_POINT('Ctrl Pts',(0.,31.4787146600278,-85.1197339869532));
#4507=CARTESIAN_POINT('Ctrl Pts',(1225.,31.4787146600278,-85.1197339869532));
#4508=CARTESIAN_POINT('Ctrl Pts',(0.,29.2161090680932,-65.9844229593376));
#4509=CARTESIAN_POINT('Ctrl Pts',(1225.,29.2161090680932,-65.9844229593376));
#4510=CARTESIAN_POINT('Ctrl Pts',(0.,26.7661902336552,-51.5393720618797));
#4511=CARTESIAN_POINT('Ctrl Pts',(1225.,26.7661902336552,-51.5393720618797));
#4512=CARTESIAN_POINT('Ctrl Pts',(0.,22.2069184142093,-33.7095873785944));
#4513=CARTESIAN_POINT('Ctrl Pts',(1225.,22.2069184142093,-33.7095873785944));
#4514=CARTESIAN_POINT('Ctrl Pts',(0.,19.3158500368011,-25.6495689043505));
#4515=CARTESIAN_POINT('Ctrl Pts',(1225.,19.3158500368011,-25.6495689043505));
#4516=CARTESIAN_POINT('Ctrl Pts',(0.,16.4902069465223,-17.4700986677718));
#4517=CARTESIAN_POINT('Ctrl Pts',(1225.,16.4902069465223,-17.4700986677718));
#4518=CARTESIAN_POINT('Ctrl Pts',(0.,10.7156213917761,-7.517737344979));
#4519=CARTESIAN_POINT('Ctrl Pts',(1225.,10.7156213917761,-7.517737344979));
#4520=CARTESIAN_POINT('Ctrl Pts',(0.,9.59210666071061,-5.06402799233127));
#4521=CARTESIAN_POINT('Ctrl Pts',(1225.,9.59210666071061,-5.06402799233127));
#4522=CARTESIAN_POINT('Ctrl Pts',(0.,-0.302237819680045,3.33162846574542));
#4523=CARTESIAN_POINT('Ctrl Pts',(1225.,-0.302237819680045,3.33162846574542));
#4524=CARTESIAN_POINT('Ctrl Pts',(0.,-5.37497260826862,-4.87193710665857));
#4525=CARTESIAN_POINT('Ctrl Pts',(1225.,-5.37497260826862,-4.87193710665857));
#4526=CARTESIAN_POINT('Ctrl Pts',(0.,-6.46637703842694,-7.76012590636975));
#4527=CARTESIAN_POINT('Ctrl Pts',(1225.,-6.46637703842694,-7.76012590636975));
#4528=CARTESIAN_POINT('Ctrl Pts',(0.,-8.72369290817783,-17.7139508712063));
#4529=CARTESIAN_POINT('Ctrl Pts',(1225.,-8.72369290817783,-17.7139508712063));
#4530=CARTESIAN_POINT('Ctrl Pts',(0.,-9.05735289519721,-25.7605611516216));
#4531=CARTESIAN_POINT('Ctrl Pts',(1225.,-9.05735289519721,-25.7605611516216));
#4532=CARTESIAN_POINT('Ctrl Pts',(0.,-9.65183932786034,-33.8874038470446));
#4533=CARTESIAN_POINT('Ctrl Pts',(1225.,-9.65183932786034,-33.8874038470446));
#4534=CARTESIAN_POINT('Ctrl Pts',(0.,-9.54958439734114,-51.7302428410842));
#4535=CARTESIAN_POINT('Ctrl Pts',(1225.,-9.54958439734114,-51.7302428410842));
#4536=CARTESIAN_POINT('Ctrl Pts',(0.,-9.12188646984469,-66.089055457432));
#4537=CARTESIAN_POINT('Ctrl Pts',(1225.,-9.12188646984469,-66.089055457432));
#4538=CARTESIAN_POINT('Ctrl Pts',(0.,-8.0807090947879,-85.1902133730808));
#4539=CARTESIAN_POINT('Ctrl Pts',(1225.,-8.0807090947879,-85.1902133730808));
#4540=CARTESIAN_POINT('Ctrl Pts',(0.,-7.41482789593825,-100.342950195034));
#4541=CARTESIAN_POINT('Ctrl Pts',(1225.,-7.41482789593825,-100.342950195034));
#4542=CARTESIAN_POINT('Ctrl Pts',(0.,-5.65487802201598,-136.527375623599));
#4543=CARTESIAN_POINT('Ctrl Pts',(1225.,-5.65487802201598,-136.527375623599));
#4544=CARTESIAN_POINT('Ctrl Pts',(0.,-4.681813072762,-164.837141179113));
#4545=CARTESIAN_POINT('Ctrl Pts',(1225.,-4.681813072762,-164.837141179113));
#4546=CARTESIAN_POINT('Ctrl Pts',(0.,-3.23576762517493,-198.076224064099));
#4547=CARTESIAN_POINT('Ctrl Pts',(1225.,-3.23576762517493,-198.076224064099));
#4548=CARTESIAN_POINT('Ctrl Pts',(0.,-2.10280368750388,-230.910800461435));
#4549=CARTESIAN_POINT('Ctrl Pts',(1225.,-2.10280368750388,-230.910800461435));
#4550=CARTESIAN_POINT('Ctrl Pts',(0.,-1.0506280543582,-268.755665480008));
#4551=CARTESIAN_POINT('Ctrl Pts',(1225.,-1.0506280543582,-268.755665480008));
#4552=CARTESIAN_POINT('Ctrl Pts',(0.,-0.545054891565593,-309.707874258144));
#4553=CARTESIAN_POINT('Ctrl Pts',(1225.,-0.545054891565593,-309.707874258144));
#4554=CARTESIAN_POINT('Ctrl Pts',(0.,-0.494719603944063,-314.653924811271));
#4555=CARTESIAN_POINT('Ctrl Pts',(1225.,-0.494719603944063,-314.653924811271));
#4556=CARTESIAN_POINT('Ctrl Pts',(0.,-0.428999999999996,-330.));
#4557=CARTESIAN_POINT('Ctrl Pts',(1225.,-0.428999999999996,-330.));
#4558=CARTESIAN_POINT('Ctrl Pts',(295.0625,12.1078766619356,-286.535953594364));
#4559=CARTESIAN_POINT('Ctrl Pts',(295.0625,12.2178660190262,-285.994491894336));
#4560=CARTESIAN_POINT('Ctrl Pts',(295.0625,12.3282579918193,-285.448405681352));
#4561=CARTESIAN_POINT('Ctrl Pts',(295.0625,12.4389867254707,-284.898085961371));
#4562=CARTESIAN_POINT('Ctrl Pts',(295.0625,12.5497154591224,-284.347766241389));
#4563=CARTESIAN_POINT('Ctrl Pts',(295.0625,12.6607809536324,-283.793213014411));
#4564=CARTESIAN_POINT('Ctrl Pts',(295.0625,12.7721069261547,-283.234868361113));
#4565=CARTESIAN_POINT('Ctrl Pts',(295.0625,12.883432898677,-282.676523707816));
#4566=CARTESIAN_POINT('Ctrl Pts',(295.0625,12.9950193492116,-282.114387628199));
#4567=CARTESIAN_POINT('Ctrl Pts',(295.0625,13.10677956691,-281.54895327766));
#4568=CARTESIAN_POINT('Ctrl Pts',(295.0625,13.2185397846083,-280.983518927121));
#4569=CARTESIAN_POINT('Ctrl Pts',(295.0625,13.3304737694704,-280.414786305659));
#4570=CARTESIAN_POINT('Ctrl Pts',(295.0625,13.4424843826458,-279.843299643388));
#4571=CARTESIAN_POINT('Ctrl Pts',(295.0625,13.5986771000909,-279.046392526882));
#4572=CARTESIAN_POINT('Ctrl Pts',(295.0625,13.7550178921988,-278.244134995337));
#4573=CARTESIAN_POINT('Ctrl Pts',(295.0625,13.9112189505925,-277.438121505621));
#4574=CARTESIAN_POINT('Ctrl Pts',(295.0625,14.0272148297139,-276.839570866562));
#4575=CARTESIAN_POINT('Ctrl Pts',(295.0625,14.1431335982688,-276.238949143457));
#4576=CARTESIAN_POINT('Ctrl Pts',(295.0625,14.2588672945623,-275.636858746938));
#4577=CARTESIAN_POINT('Ctrl Pts',(295.0625,14.3746009908557,-275.034768350419));
#4578=CARTESIAN_POINT('Ctrl Pts',(295.0625,14.4901496148877,-274.431209280484));
#4579=CARTESIAN_POINT('Ctrl Pts',(295.0625,14.605415262211,-273.826732798749));
#4580=CARTESIAN_POINT('Ctrl Pts',(295.0625,14.7206809095346,-273.222256317012));
#4581=CARTESIAN_POINT('Ctrl Pts',(295.0625,14.8356635801495,-272.616862423475));
#4582=CARTESIAN_POINT('Ctrl Pts',(295.0625,14.9502754268564,-272.011051230734));
#4583=CARTESIAN_POINT('Ctrl Pts',(295.0625,15.0648872735623,-271.405240037999));
#4584=CARTESIAN_POINT('Ctrl Pts',(295.0625,15.1791282963601,-270.799011546061));
#4585=CARTESIAN_POINT('Ctrl Pts',(295.0625,15.2929207052983,-270.192814718501));
#4586=CARTESIAN_POINT('Ctrl Pts',(295.0625,15.4081293339758,-269.579073381417));
#4587=CARTESIAN_POINT('Ctrl Pts',(295.0625,15.5228780912128,-268.965364611215));
#4588=CARTESIAN_POINT('Ctrl Pts',(295.0625,15.63709674872,-268.352100930934));
#4589=CARTESIAN_POINT('Ctrl Pts',(295.0625,15.7499113558612,-267.746375888504));
#4590=CARTESIAN_POINT('Ctrl Pts',(295.0625,15.8622088368253,-267.141084953824));
#4591=CARTESIAN_POINT('Ctrl Pts',(295.0625,15.9739316413254,-266.53657415586));
#4592=CARTESIAN_POINT('Ctrl Pts',(295.0625,16.0856544458256,-265.932063357896));
#4593=CARTESIAN_POINT('Ctrl Pts',(295.0625,16.1968025738617,-265.328332696648));
#4594=CARTESIAN_POINT('Ctrl Pts',(295.0625,16.3073285323945,-264.725677052068));
#4595=CARTESIAN_POINT('Ctrl Pts',(295.0625,16.4178544909274,-264.123021407487));
#4596=CARTESIAN_POINT('Ctrl Pts',(295.0625,16.527758279957,-263.521440779573));
#4597=CARTESIAN_POINT('Ctrl Pts',(295.0625,16.6370024636919,-262.921178899262));
#4598=CARTESIAN_POINT('Ctrl Pts',(295.0625,16.7462466474262,-262.320917018954));
#4599=CARTESIAN_POINT('Ctrl Pts',(295.0625,16.8548312258657,-261.721973886248));
#4600=CARTESIAN_POINT('Ctrl Pts',(295.0625,16.962728820467,-261.124542083063));
#4601=CARTESIAN_POINT('Ctrl Pts',(295.0625,17.0706264150687,-260.527110279875));
#4602=CARTESIAN_POINT('Ctrl Pts',(295.0625,17.1778370258322,-259.931189806207));
#4603=CARTESIAN_POINT('Ctrl Pts',(295.0625,17.2843433314615,-259.336922094963));
#4604=CARTESIAN_POINT('Ctrl Pts',(295.0625,17.3908496370909,-258.742654383718));
#4605=CARTESIAN_POINT('Ctrl Pts',(295.0625,17.4966516375861,-258.150039434896));
#4606=CARTESIAN_POINT('Ctrl Pts',(295.0625,17.6017420688993,-257.559167532383));
#4607=CARTESIAN_POINT('Ctrl Pts',(295.0625,17.7068325002122,-256.968295629872));
#4608=CARTESIAN_POINT('Ctrl Pts',(295.0625,17.8112113623431,-256.379166773669));
#4609=CARTESIAN_POINT('Ctrl Pts',(295.0625,17.9148814484916,-255.791820098646));
#4610=CARTESIAN_POINT('Ctrl Pts',(295.0625,18.0209707363633,-255.19076734754));
#4611=CARTESIAN_POINT('Ctrl Pts',(295.0625,18.1263177414499,-254.591581135322));
#4612=CARTESIAN_POINT('Ctrl Pts',(295.0625,18.2309363607277,-253.994247947436));
#4613=CARTESIAN_POINT('Ctrl Pts',(295.0625,18.3331693145995,-253.410536016761));
#4614=CARTESIAN_POINT('Ctrl Pts',(295.0625,18.4347067628935,-252.82859336204));
#4615=CARTESIAN_POINT('Ctrl Pts',(295.0625,18.5355718479969,-252.248355626518));
#4616=CARTESIAN_POINT('Ctrl Pts',(295.0625,18.6364369331001,-251.668117890996));
#4617=CARTESIAN_POINT('Ctrl Pts',(295.0625,18.7366296550128,-251.089585074673));
#4618=CARTESIAN_POINT('Ctrl Pts',(295.0625,18.8361832133698,-250.51264167178));
#4619=CARTESIAN_POINT('Ctrl Pts',(295.0625,18.9357367717273,-249.935698268883));
#4620=CARTESIAN_POINT('Ctrl Pts',(295.0625,19.0346511665291,-249.360344279416));
#4621=CARTESIAN_POINT('Ctrl Pts',(295.0625,19.132969654658,-248.78641304859));
#4622=CARTESIAN_POINT('Ctrl Pts',(295.0625,19.2338084049444,-248.197769862877));
#4623=CARTESIAN_POINT('Ctrl Pts',(295.0625,19.3340202651381,-247.61062352562));
#4624=CARTESIAN_POINT('Ctrl Pts',(295.0625,19.4336628806528,-247.024738401472));
#4625=CARTESIAN_POINT('Ctrl Pts',(295.0625,19.5649560097368,-246.252752531412));
#4626=CARTESIAN_POINT('Ctrl Pts',(295.0625,19.6952638390033,-245.482944582734));
#4627=CARTESIAN_POINT('Ctrl Pts',(295.0625,19.8247182101073,-244.714750755243));
#4628=CARTESIAN_POINT('Ctrl Pts',(295.0625,19.9541725812106,-243.946556927755));
#4629=CARTESIAN_POINT('Ctrl Pts',(295.0625,20.0827734941514,-243.179977221455));
#4630=CARTESIAN_POINT('Ctrl Pts',(295.0625,20.2106346067957,-242.414496690213));
#4631=CARTESIAN_POINT('Ctrl Pts',(295.0625,20.2517800402427,-242.168166687277));
#4632=CARTESIAN_POINT('Ctrl Pts',(295.0625,20.2928487238401,-241.921950886098));
#4633=CARTESIAN_POINT('Ctrl Pts',(295.0625,20.333844044587,-241.675833202847));
#4634=CARTESIAN_POINT('',(246.75,22.8389322104712,-226.188931238657));
#4635=CARTESIAN_POINT('Ctrl Pts',(246.75,26.4628087241753,-201.136832271586));
#4636=CARTESIAN_POINT('Ctrl Pts',(246.75,26.3259138623518,-202.194423787144));
#4637=CARTESIAN_POINT('Ctrl Pts',(246.75,26.1868032275113,-203.251137088243));
#4638=CARTESIAN_POINT('Ctrl Pts',(246.75,26.0455935946862,-204.306581611574));
#4639=CARTESIAN_POINT('Ctrl Pts',(246.75,25.9085026190313,-205.331242015814));
#4640=CARTESIAN_POINT('Ctrl Pts',(246.75,25.7694334859657,-206.354706766933));
#4641=CARTESIAN_POINT('Ctrl Pts',(246.75,25.6285296735987,-207.376656675147));
#4642=CARTESIAN_POINT('Ctrl Pts',(246.75,25.4876258612316,-208.398606583361));
#4643=CARTESIAN_POINT('Ctrl Pts',(246.75,25.344887369563,-209.41904164867));
#4644=CARTESIAN_POINT('Ctrl Pts',(246.75,25.2004937605349,-210.437680302122));
#4645=CARTESIAN_POINT('Ctrl Pts',(246.75,25.0561001515083,-211.456318955563));
#4646=CARTESIAN_POINT('Ctrl Pts',(246.75,24.9100514251222,-212.473161197147));
#4647=CARTESIAN_POINT('Ctrl Pts',(246.75,24.762563227151,-213.487963078757));
#4648=CARTESIAN_POINT('Ctrl Pts',(246.75,24.6396145780367,-214.333919041193));
#4649=CARTESIAN_POINT('Ctrl Pts',(246.75,24.515667458887,-215.178456403393));
#4650=CARTESIAN_POINT('Ctrl Pts',(246.75,24.3908615684407,-216.021458863858));
#4651=CARTESIAN_POINT('Ctrl Pts',(246.75,24.2753703857295,-216.801545050811));
#4652=CARTESIAN_POINT('Ctrl Pts',(246.75,24.1591444343559,-217.580316599687));
#4653=CARTESIAN_POINT('Ctrl Pts',(246.75,24.0422783097157,-218.357728946211));
#4654=CARTESIAN_POINT('Ctrl Pts',(246.75,23.9254121850745,-219.135141292742));
#4655=CARTESIAN_POINT('Ctrl Pts',(246.75,23.8079058871666,-219.91119443692));
#4656=CARTESIAN_POINT('Ctrl Pts',(246.75,23.6898358275993,-220.685892668537));
#4657=CARTESIAN_POINT('Ctrl Pts',(246.75,23.571765768032,-221.460590900153));
#4658=CARTESIAN_POINT('Ctrl Pts',(246.75,23.4531319468053,-222.233934219208));
#4659=CARTESIAN_POINT('Ctrl Pts',(246.75,23.3339925917375,-223.005975769559));
#4660=CARTESIAN_POINT('Ctrl Pts',(246.75,23.21485323667,-223.778017319908));
#4661=CARTESIAN_POINT('Ctrl Pts',(246.75,23.0952083477616,-224.548757101554));
#4662=CARTESIAN_POINT('Ctrl Pts',(246.75,22.9750979690419,-225.318297112423));
#4663=CARTESIAN_POINT('Ctrl Pts',(246.75,22.9297753544668,-225.608676392587));
#4664=CARTESIAN_POINT('Ctrl Pts',(246.75,22.8843862753839,-225.89888533872));
#4665=CARTESIAN_POINT('Ctrl Pts',(246.75,22.8389322104712,-226.188931238657));
#4666=CARTESIAN_POINT('',(246.75,22.2207093903855,-230.1));
#4667=CARTESIAN_POINT('Ctrl Pts',(246.75,22.8389322104712,-226.188931238657));
#4668=CARTESIAN_POINT('Ctrl Pts',(246.75,22.71847347255,-226.957587751835));
#4669=CARTESIAN_POINT('Ctrl Pts',(246.75,22.5975596297755,-227.725095677684));
#4670=CARTESIAN_POINT('Ctrl Pts',(246.75,22.4762056808935,-228.491624302858));
#4671=CARTESIAN_POINT('Ctrl Pts',(246.75,22.3912563417125,-229.02820428869));
#4672=CARTESIAN_POINT('Ctrl Pts',(246.75,22.3060909638642,-229.564305416785));
#4673=CARTESIAN_POINT('Ctrl Pts',(246.75,22.2207093903855,-230.1));
#4674=CARTESIAN_POINT('Ctrl Pts',(246.75,22.2207093903855,-230.1));
#4675=CARTESIAN_POINT('Ctrl Pts',(246.75,19.8976234081112,-244.675329621406));
#4676=CARTESIAN_POINT('Ctrl Pts',(246.75,17.2994456151759,-259.565251516496));
#4677=CARTESIAN_POINT('Ctrl Pts',(246.75,12.9631963209638,-282.53969661755));
#4678=CARTESIAN_POINT('Ctrl Pts',(246.75,10.4900674795052,-294.876915869386));
#4679=CARTESIAN_POINT('Ctrl Pts',(246.75,6.04708243727859,-313.319784817685));
#4680=CARTESIAN_POINT('Ctrl Pts',(246.75,4.306510310003,-318.552325201935));
#4681=CARTESIAN_POINT('Ctrl Pts',(246.75,1.61270909486759,-327.074954525621));
#4682=CARTESIAN_POINT('Origin',(295.0625,0.290511087516668,-350.));
#4683=CARTESIAN_POINT('',(295.0625,0.290511087516668,-350.));
#4684=CARTESIAN_POINT('Origin',(295.0625,25.2905110875167,-350.));
#4685=CARTESIAN_POINT('Origin',(246.75,0.,-2.40183703655756E-14));
#4686=CARTESIAN_POINT('Origin',(490.,4.55601954789625,-329.997296809649));
#4687=CARTESIAN_POINT('',(297.3125,4.55601954789625,-329.997296809649));
#4688=CARTESIAN_POINT('',(297.3125,4.55602570210945,-330.002569477395));
#4689=CARTESIAN_POINT('',(297.3125,4.55603547438963,-330.010941950836));
#4690=CARTESIAN_POINT('',(295.0625,4.55601954789625,-329.997296809649));
#4691=CARTESIAN_POINT('',(490.,4.55601954789625,-329.997296809649));
#4692=CARTESIAN_POINT('',(295.0625,4.55602570210945,-330.002569477395));
#4693=CARTESIAN_POINT('',(295.0625,4.56770714863296,-340.010735324727));
#4694=CARTESIAN_POINT('',(495.00018479835,4.55602570210945,-330.002569477395));
#4695=CARTESIAN_POINT('Origin',(490.,-1.42899083021269,-330.004282463138));
#4696=CARTESIAN_POINT('',(317.8125,4.55601954789625,-329.997296809649));
#4697=CARTESIAN_POINT('',(317.8125,2.91980584418137,-329.999206584444));
#4698=CARTESIAN_POINT('',(317.8125,0.745405544416902,-330.001744526082));
#4699=CARTESIAN_POINT('',(320.0625,4.55601954789625,-329.997296809649));
#4700=CARTESIAN_POINT('',(490.,4.55601954789625,-329.997296809649));
#4701=CARTESIAN_POINT('',(320.0625,1.7401287567683,-330.000583524005));
#4702=CARTESIAN_POINT('',(320.0625,-0.580910442906856,-330.003292590884));
#4703=CARTESIAN_POINT('',(490.,1.74012877588683,-330.00058349354));
#4704=CARTESIAN_POINT('Ctrl Pts',(490.,1.74012877588684,-330.00058349354));
#4705=CARTESIAN_POINT('Ctrl Pts',(449.166666666667,1.74012877588684,-330.00058349354));
#4706=CARTESIAN_POINT('Ctrl Pts',(408.333333333333,1.74012877588684,-330.00058349354));
#4707=CARTESIAN_POINT('Ctrl Pts',(351.6875,1.74012877588684,-330.00058349354));
#4708=CARTESIAN_POINT('Ctrl Pts',(335.875,1.7401287567683,-330.000583524005));
#4709=CARTESIAN_POINT('Ctrl Pts',(320.0625,1.7401287567683,-330.000583524005));
#4710=CARTESIAN_POINT('',(490.,0.0386223951511209,-330.002569477395));
#4711=CARTESIAN_POINT('',(490.,-0.521907547272206,-330.003223723203));
#4712=CARTESIAN_POINT('',(245.,0.0386223950902446,-330.002569477395));
#4713=CARTESIAN_POINT('',(495.00018479835,0.0386223951618486,-330.002569477395));
#4714=CARTESIAN_POINT('',(245.,1.74012877588683,-330.00058349354));
#4715=CARTESIAN_POINT('',(245.,-0.521907547272206,-330.003223723203));
#4716=CARTESIAN_POINT('',(295.0625,1.74012875631146,-330.000583524733));
#4717=CARTESIAN_POINT('Ctrl Pts',(295.0625,1.74012875631146,-330.000583524733));
#4718=CARTESIAN_POINT('Ctrl Pts',(278.375,1.74012876197621,-330.000583515706));
#4719=CARTESIAN_POINT('Ctrl Pts',(261.6875,1.74012877588684,-330.00058349354));
#4720=CARTESIAN_POINT('Ctrl Pts',(245.,1.74012877588684,-330.00058349354));
#4721=CARTESIAN_POINT('',(295.0625,11.9190725279152,-329.98870271649));
#4722=CARTESIAN_POINT('',(297.3125,2.91980584418137,-329.999206584444));
#4723=CARTESIAN_POINT('',(297.3125,10.995391580491,-329.989780829079));
#4724=CARTESIAN_POINT('',(393.65625,2.91980584418138,-329.999206584444));
#4725=CARTESIAN_POINT('Origin',(490.,4.55601954789625,-329.997296809649));
#4726=CARTESIAN_POINT('',(317.8125,4.55602570210945,-330.002569477395));
#4727=CARTESIAN_POINT('',(317.8125,4.55602151046368,-329.998978253834));
#4728=CARTESIAN_POINT('',(320.0625,4.55602570210945,-330.002569477395));
#4729=CARTESIAN_POINT('',(495.00018479835,4.55602570210945,-330.002569477395));
#4730=CARTESIAN_POINT('',(320.0625,4.56769011945498,-339.996145450334));
#4731=CARTESIAN_POINT('Origin',(297.3125,2.91980584418137,-330.002569477395));
#4732=CARTESIAN_POINT('',(297.3125,2.91980584418137,-163.630101955139));
#4733=CARTESIAN_POINT('',(297.3125,2.91980584418137,-165.630101955139));
#4734=CARTESIAN_POINT('',(317.8125,2.91980584418137,-163.630101955139));
#4735=CARTESIAN_POINT('',(318.562499999464,2.91980584418137,-163.630101955139));
#4736=CARTESIAN_POINT('',(317.8125,2.91980584418137,-330.002569477395));
#4737=CARTESIAN_POINT('Origin',(297.3125,23.4198058441814,-330.002569477395));
#4738=CARTESIAN_POINT('',(297.3125,23.4198058441814,-330.002569477395));
#4739=CARTESIAN_POINT('',(297.3125,11.7099029220907,-330.002569477395));
#4740=CARTESIAN_POINT('',(297.3125,23.4198058441814,-120.));
#4741=CARTESIAN_POINT('',(297.3125,23.4198058441814,-330.002569477395));
#4742=CARTESIAN_POINT('',(297.3125,2.66551108751666,-120.));
#4743=CARTESIAN_POINT('',(297.3125,3.08893221047122,-120.));
#4744=CARTESIAN_POINT('',(297.3125,2.66551108751664,-163.630101955139));
#4745=CARTESIAN_POINT('',(297.3125,2.66551108751664,-152.722576466354));
#4746=CARTESIAN_POINT('',(297.3125,3.08893221047122,-163.630101955139));
#4747=CARTESIAN_POINT('Origin',(295.0625,25.2905110875167,-350.));
#4748=CARTESIAN_POINT('',(295.0625,23.2905110875167,-229.740699445916));
#4749=CARTESIAN_POINT('Ctrl Pts',(295.0625,23.2932384509084,-229.733390369699));
#4750=CARTESIAN_POINT('Ctrl Pts',(295.0625,22.7670039345339,-233.040518396516));
#4751=CARTESIAN_POINT('Ctrl Pts',(295.0625,22.2312593925014,-236.33464019182));
#4752=CARTESIAN_POINT('Ctrl Pts',(295.0625,21.6867340659214,-239.630835818206));
#4753=CARTESIAN_POINT('Ctrl Pts',(295.0625,20.6014982483993,-246.200134583022));
#4754=CARTESIAN_POINT('Ctrl Pts',(295.0625,19.4667979274987,-252.835113273099));
#4755=CARTESIAN_POINT('Ctrl Pts',(295.0625,18.2258658896991,-259.751986444007));
#4756=CARTESIAN_POINT('Ctrl Pts',(295.0625,17.1585652664414,-265.701049584801));
#4757=CARTESIAN_POINT('Ctrl Pts',(295.0625,16.0127437122216,-271.855842981736));
#4758=CARTESIAN_POINT('Ctrl Pts',(295.0625,14.852102593564,-277.839070144047));
#4759=CARTESIAN_POINT('Ctrl Pts',(295.0625,13.6860652341659,-283.850115495507));
#4760=CARTESIAN_POINT('Ctrl Pts',(295.0625,12.5232524882118,-289.597483779911));
#4761=CARTESIAN_POINT('Ctrl Pts',(295.0625,11.4320429947939,-294.668660332657));
#4762=CARTESIAN_POINT('Ctrl Pts',(295.0625,10.3817799976923,-299.54954628283));
#4763=CARTESIAN_POINT('Ctrl Pts',(295.0625,9.39706096657071,-303.80784614413));
#4764=CARTESIAN_POINT('Ctrl Pts',(295.0625,8.43232739382674,-307.5959938512));
#4765=CARTESIAN_POINT('Ctrl Pts',(295.0625,7.46470855111475,-311.395470933677));
#4766=CARTESIAN_POINT('Ctrl Pts',(295.0625,6.5169989738106,-314.721802213749));
#4767=CARTESIAN_POINT('Ctrl Pts',(295.0625,5.44161546160028,-318.23474338008));
#4768=CARTESIAN_POINT('Ctrl Pts',(295.0625,4.40338830437473,-321.626306370592));
#4769=CARTESIAN_POINT('Ctrl Pts',(295.0625,3.24679708473477,-325.191091642435));
#4770=CARTESIAN_POINT('Ctrl Pts',(295.0625,1.74013909455371,-330.000534381733));
#4771=CARTESIAN_POINT('',(295.0625,23.2905110875167,-330.002569477395));
#4772=CARTESIAN_POINT('',(295.0625,23.2905110875167,-350.));
#4773=CARTESIAN_POINT('',(295.0625,19.0405110875167,-330.002569477395));
#4774=CARTESIAN_POINT('Origin',(500.0003695967,0.,-330.002569477395));
#4775=CARTESIAN_POINT('',(490.,-0.75,-330.002569477395));
#4776=CARTESIAN_POINT('',(490.,0.,-330.002569477395));
#4777=CARTESIAN_POINT('',(245.,-0.75,-330.002569477395));
#4778=CARTESIAN_POINT('',(500.0003695967,-0.75,-330.002569477395));
#4779=CARTESIAN_POINT('',(245.,0.,-330.002569477395));
#4780=CARTESIAN_POINT('Ctrl Pts',(0.,0.692436863172455,-330.));
#4781=CARTESIAN_POINT('Ctrl Pts',(1225.,0.692436863172455,-330.));
#4782=CARTESIAN_POINT('Ctrl Pts',(0.,5.36729010756762,-315.060779002508));
#4783=CARTESIAN_POINT('Ctrl Pts',(1225.,5.36729010756762,-315.060779002508));
#4784=CARTESIAN_POINT('Ctrl Pts',(0.,7.73616191059256,-309.282020228319));
#4785=CARTESIAN_POINT('Ctrl Pts',(1225.,7.73616191059256,-309.282020228319));
#4786=CARTESIAN_POINT('Ctrl Pts',(0.,15.7980112916491,-269.263660760413));
#4787=CARTESIAN_POINT('Ctrl Pts',(1225.,15.7980112916491,-269.263660760413));
#4788=CARTESIAN_POINT('Ctrl Pts',(0.,22.1706115435568,-230.911398635869));
#4789=CARTESIAN_POINT('Ctrl Pts',(1225.,22.1706115435568,-230.911398635869));
#4790=CARTESIAN_POINT('Ctrl Pts',(0.,27.2402918752549,-198.214185048207));
#4791=CARTESIAN_POINT('Ctrl Pts',(1225.,27.2402918752549,-198.214185048207));
#4792=CARTESIAN_POINT('Ctrl Pts',(0.,30.4361456778927,-164.898177192353));
#4793=CARTESIAN_POINT('Ctrl Pts',(1225.,30.4361456778927,-164.898177192353));
#4794=CARTESIAN_POINT('Ctrl Pts',(0.,32.7767416046338,-136.57512421457));
#4795=CARTESIAN_POINT('Ctrl Pts',(1225.,32.7767416046338,-136.57512421457));
#4796=CARTESIAN_POINT('Ctrl Pts',(0.,32.572174307517,-100.31120637567));
#4797=CARTESIAN_POINT('Ctrl Pts',(1225.,32.572174307517,-100.31120637567));
#4798=CARTESIAN_POINT('Ctrl Pts',(0.,31.4787146600278,-85.1197339869532));
#4799=CARTESIAN_POINT('Ctrl Pts',(1225.,31.4787146600278,-85.1197339869532));
#4800=CARTESIAN_POINT('Ctrl Pts',(0.,29.2161090680932,-65.9844229593376));
#4801=CARTESIAN_POINT('Ctrl Pts',(1225.,29.2161090680932,-65.9844229593376));
#4802=CARTESIAN_POINT('Ctrl Pts',(0.,26.7661902336552,-51.5393720618797));
#4803=CARTESIAN_POINT('Ctrl Pts',(1225.,26.7661902336552,-51.5393720618797));
#4804=CARTESIAN_POINT('Ctrl Pts',(0.,22.2069184142093,-33.7095873785944));
#4805=CARTESIAN_POINT('Ctrl Pts',(1225.,22.2069184142093,-33.7095873785944));
#4806=CARTESIAN_POINT('Ctrl Pts',(0.,19.3158500368011,-25.6495689043505));
#4807=CARTESIAN_POINT('Ctrl Pts',(1225.,19.3158500368011,-25.6495689043505));
#4808=CARTESIAN_POINT('Ctrl Pts',(0.,16.4902069465223,-17.4700986677718));
#4809=CARTESIAN_POINT('Ctrl Pts',(1225.,16.4902069465223,-17.4700986677718));
#4810=CARTESIAN_POINT('Ctrl Pts',(0.,10.7156213917761,-7.517737344979));
#4811=CARTESIAN_POINT('Ctrl Pts',(1225.,10.7156213917761,-7.517737344979));
#4812=CARTESIAN_POINT('Ctrl Pts',(0.,9.59210666071061,-5.06402799233127));
#4813=CARTESIAN_POINT('Ctrl Pts',(1225.,9.59210666071061,-5.06402799233127));
#4814=CARTESIAN_POINT('Ctrl Pts',(0.,-0.302237819680045,3.33162846574542));
#4815=CARTESIAN_POINT('Ctrl Pts',(1225.,-0.302237819680045,3.33162846574542));
#4816=CARTESIAN_POINT('Ctrl Pts',(0.,-5.37497260826862,-4.87193710665857));
#4817=CARTESIAN_POINT('Ctrl Pts',(1225.,-5.37497260826862,-4.87193710665857));
#4818=CARTESIAN_POINT('Ctrl Pts',(0.,-6.46637703842694,-7.76012590636975));
#4819=CARTESIAN_POINT('Ctrl Pts',(1225.,-6.46637703842694,-7.76012590636975));
#4820=CARTESIAN_POINT('Ctrl Pts',(0.,-8.72369290817783,-17.7139508712063));
#4821=CARTESIAN_POINT('Ctrl Pts',(1225.,-8.72369290817783,-17.7139508712063));
#4822=CARTESIAN_POINT('Ctrl Pts',(0.,-9.05735289519721,-25.7605611516216));
#4823=CARTESIAN_POINT('Ctrl Pts',(1225.,-9.05735289519721,-25.7605611516216));
#4824=CARTESIAN_POINT('Ctrl Pts',(0.,-9.65183932786034,-33.8874038470446));
#4825=CARTESIAN_POINT('Ctrl Pts',(1225.,-9.65183932786034,-33.8874038470446));
#4826=CARTESIAN_POINT('Ctrl Pts',(0.,-9.54958439734114,-51.7302428410842));
#4827=CARTESIAN_POINT('Ctrl Pts',(1225.,-9.54958439734114,-51.7302428410842));
#4828=CARTESIAN_POINT('Ctrl Pts',(0.,-9.12188646984469,-66.089055457432));
#4829=CARTESIAN_POINT('Ctrl Pts',(1225.,-9.12188646984469,-66.089055457432));
#4830=CARTESIAN_POINT('Ctrl Pts',(0.,-8.0807090947879,-85.1902133730808));
#4831=CARTESIAN_POINT('Ctrl Pts',(1225.,-8.0807090947879,-85.1902133730808));
#4832=CARTESIAN_POINT('Ctrl Pts',(0.,-7.41482789593825,-100.342950195034));
#4833=CARTESIAN_POINT('Ctrl Pts',(1225.,-7.41482789593825,-100.342950195034));
#4834=CARTESIAN_POINT('Ctrl Pts',(0.,-5.65487802201598,-136.527375623599));
#4835=CARTESIAN_POINT('Ctrl Pts',(1225.,-5.65487802201598,-136.527375623599));
#4836=CARTESIAN_POINT('Ctrl Pts',(0.,-4.681813072762,-164.837141179113));
#4837=CARTESIAN_POINT('Ctrl Pts',(1225.,-4.681813072762,-164.837141179113));
#4838=CARTESIAN_POINT('Ctrl Pts',(0.,-3.23576762517493,-198.076224064099));
#4839=CARTESIAN_POINT('Ctrl Pts',(1225.,-3.23576762517493,-198.076224064099));
#4840=CARTESIAN_POINT('Ctrl Pts',(0.,-2.10280368750388,-230.910800461435));
#4841=CARTESIAN_POINT('Ctrl Pts',(1225.,-2.10280368750388,-230.910800461435));
#4842=CARTESIAN_POINT('Ctrl Pts',(0.,-1.0506280543582,-268.755665480008));
#4843=CARTESIAN_POINT('Ctrl Pts',(1225.,-1.0506280543582,-268.755665480008));
#4844=CARTESIAN_POINT('Ctrl Pts',(0.,-0.545054891565593,-309.707874258144));
#4845=CARTESIAN_POINT('Ctrl Pts',(1225.,-0.545054891565593,-309.707874258144));
#4846=CARTESIAN_POINT('Ctrl Pts',(0.,-0.494719603944063,-314.653924811271));
#4847=CARTESIAN_POINT('Ctrl Pts',(1225.,-0.494719603944063,-314.653924811271));
#4848=CARTESIAN_POINT('Ctrl Pts',(0.,-0.428999999999996,-330.));
#4849=CARTESIAN_POINT('Ctrl Pts',(1225.,-0.428999999999996,-330.));
#4850=CARTESIAN_POINT('',(246.75,1.88604874146716E-14,-2.40183703655756E-14));
#4851=CARTESIAN_POINT('',(246.75,1.2473484300144,-2.40183703655756E-14));
#4852=CARTESIAN_POINT('Ctrl Pts',(246.75,5.28199706195664E-12,7.19424519957101E-13));
#4853=CARTESIAN_POINT('Ctrl Pts',(246.75,0.114974547873255,0.0162401479410415));
#4854=CARTESIAN_POINT('Ctrl Pts',(246.75,0.231400220512303,0.0278497339661585));
#4855=CARTESIAN_POINT('Ctrl Pts',(246.75,0.349161766909233,0.034773814453062));
#4856=CARTESIAN_POINT('Ctrl Pts',(246.75,0.466923313307549,0.0416978949400471));
#4857=CARTESIAN_POINT('Ctrl Pts',(246.75,0.586020733463754,0.0439364698887096));
#4858=CARTESIAN_POINT('Ctrl Pts',(246.75,0.706323499748741,0.0414844353699639));
#4859=CARTESIAN_POINT('Ctrl Pts',(246.75,0.826626266028552,0.0390324008513237));
#4860=CARTESIAN_POINT('Ctrl Pts',(246.75,0.948134378437036,0.0318897568656759));
#4861=CARTESIAN_POINT('Ctrl Pts',(246.75,1.07070203272897,0.0201012391778499));
#4862=CARTESIAN_POINT('Ctrl Pts',(246.75,1.12934755663236,0.014460731493822));
#4863=CARTESIAN_POINT('Ctrl Pts',(246.75,1.18823542526931,0.00775733967859683));
#4864=CARTESIAN_POINT('Ctrl Pts',(246.75,1.24734843003416,-2.61723975825134E-12));
#4865=CARTESIAN_POINT('',(246.75,32.2453042268182,-99.9999999999999));
#4866=CARTESIAN_POINT('Ctrl Pts',(246.75,1.2473484300144,-2.43294967505747E-14));
#4867=CARTESIAN_POINT('Ctrl Pts',(246.75,2.16990179900109,-0.121065743241061));
#4868=CARTESIAN_POINT('Ctrl Pts',(246.75,3.07484403016074,-0.490440333567007));
#4869=CARTESIAN_POINT('Ctrl Pts',(246.75,3.90015142827497,-0.943063712983631));
#4870=CARTESIAN_POINT('Ctrl Pts',(246.75,4.74719356860519,-1.407607078208));
#4871=CARTESIAN_POINT('Ctrl Pts',(246.75,5.58818697561757,-1.99794356652604));
#4872=CARTESIAN_POINT('Ctrl Pts',(246.75,6.38756201925584,-2.6425486273078));
#4873=CARTESIAN_POINT('Ctrl Pts',(246.75,7.29056578583192,-3.37071846757533));
#4874=CARTESIAN_POINT('Ctrl Pts',(246.75,8.1150875627735,-4.15391024363898));
#4875=CARTESIAN_POINT('Ctrl Pts',(246.75,8.76250157814818,-4.85987185975157));
#4876=CARTESIAN_POINT('Ctrl Pts',(246.75,9.65806735741764,-5.8364263517057));
#4877=CARTESIAN_POINT('Ctrl Pts',(246.75,10.2982261531286,-6.75321010871864));
#4878=CARTESIAN_POINT('Ctrl Pts',(246.75,11.0087134104239,-7.9474789475633));
#4879=CARTESIAN_POINT('Ctrl Pts',(246.75,11.4850643934245,-8.74818456122394));
#4880=CARTESIAN_POINT('Ctrl Pts',(246.75,12.0135925227773,-9.69585378466028));
#4881=CARTESIAN_POINT('Ctrl Pts',(246.75,12.6243341895539,-10.8045352534627));
#4882=CARTESIAN_POINT('Ctrl Pts',(246.75,13.4343647183475,-12.274986485614));
#4883=CARTESIAN_POINT('Ctrl Pts',(246.75,14.3513045618861,-13.9689692522933));
#4884=CARTESIAN_POINT('Ctrl Pts',(246.75,15.1763689270976,-15.6209056268005));
#4885=CARTESIAN_POINT('Ctrl Pts',(246.75,15.3826350184005,-16.0338897204273));
#4886=CARTESIAN_POINT('Ctrl Pts',(246.75,15.5833524708831,-16.4441296429766));
#4887=CARTESIAN_POINT('Ctrl Pts',(246.75,15.7761412770862,-16.8471158674085));
#4888=CARTESIAN_POINT('Ctrl Pts',(246.75,15.8795330890619,-17.0632356555117));
#4889=CARTESIAN_POINT('Ctrl Pts',(246.75,15.9573917415933,-17.2251516953474));
#4890=CARTESIAN_POINT('Ctrl Pts',(246.75,16.1541217042756,-17.6496256141251));
#4891=CARTESIAN_POINT('Ctrl Pts',(246.75,16.6060034096665,-18.6246270612657));
#4892=CARTESIAN_POINT('Ctrl Pts',(246.75,17.5706742407798,-20.7402412768927));
#4893=CARTESIAN_POINT('Ctrl Pts',(246.75,18.9660779796482,-24.6329137124696));
#4894=CARTESIAN_POINT('Ctrl Pts',(246.75,19.3149289143653,-25.6060818213637));
#4895=CARTESIAN_POINT('Ctrl Pts',(246.75,19.6935388712451,-26.6891973728889));
#4896=CARTESIAN_POINT('Ctrl Pts',(246.75,20.1016067153476,-27.8919258371264));
#4897=CARTESIAN_POINT('Ctrl Pts',(246.75,20.2041565520522,-28.1941785369902));
#4898=CARTESIAN_POINT('Ctrl Pts',(246.75,20.3085097507114,-28.5040049617033));
#4899=CARTESIAN_POINT('Ctrl Pts',(246.75,20.4145137556056,-28.8216062217927));
#4900=CARTESIAN_POINT('Ctrl Pts',(246.75,20.4979582161115,-29.0716162646267));
#4901=CARTESIAN_POINT('Ctrl Pts',(246.75,20.6055107945704,-29.3947237904135));
#4902=CARTESIAN_POINT('Ctrl Pts',(246.75,20.7581222681683,-29.8617908258753));
#4903=CARTESIAN_POINT('Ctrl Pts',(246.75,21.3366455940448,-31.6323600261605));
#4904=CARTESIAN_POINT('Ctrl Pts',(246.75,22.4399991639648,-35.1331363006578));
#4905=CARTESIAN_POINT('Ctrl Pts',(246.75,23.7440697113903,-40.0802344038669));
#4906=CARTESIAN_POINT('Ctrl Pts',(246.75,24.527017508644,-43.0504108029521));
#4907=CARTESIAN_POINT('Ctrl Pts',(246.75,25.3941766806061,-46.5454997812012));
#4908=CARTESIAN_POINT('Ctrl Pts',(246.75,26.255258650755,-50.4890295354319));
#4909=CARTESIAN_POINT('Ctrl Pts',(246.75,26.9905841571303,-53.8566276433494));
#4910=CARTESIAN_POINT('Ctrl Pts',(246.75,27.7142681133513,-57.5297027038331));
#4911=CARTESIAN_POINT('Ctrl Pts',(246.75,28.4259511255081,-61.965028831856));
#4912=CARTESIAN_POINT('Ctrl Pts',(246.75,28.902183299513,-64.9329864313603));
#4913=CARTESIAN_POINT('Ctrl Pts',(246.75,29.3746122076412,-68.2417769649412));
#4914=CARTESIAN_POINT('Ctrl Pts',(246.75,29.8552283650685,-72.0264203038982));
#4915=CARTESIAN_POINT('Ctrl Pts',(246.75,30.0935193502474,-73.9028582385245));
#4916=CARTESIAN_POINT('Ctrl Pts',(246.75,30.340416266984,-75.9589768141858));
#4917=CARTESIAN_POINT('Ctrl Pts',(246.75,30.5561860486932,-77.8656695424158));
#4918=CARTESIAN_POINT('Ctrl Pts',(246.75,31.5396031676387,-86.5558311334267));
#4919=CARTESIAN_POINT('Ctrl Pts',(246.75,32.0033282926412,-93.2437932155681));
#4920=CARTESIAN_POINT('Ctrl Pts',(246.75,32.2453042268182,-99.9999999999999));
#4921=CARTESIAN_POINT('',(267.367392844076,32.2453042268182,-99.9999999999999));
#4922=CARTESIAN_POINT('Ctrl Pts',(246.75,32.2453042268182,-99.9999999999999));
#4923=CARTESIAN_POINT('Ctrl Pts',(253.622464281359,32.2453042268182,-99.9999999999999));
#4924=CARTESIAN_POINT('Ctrl Pts',(260.494928562717,32.2453042268182,-99.9999999999999));
#4925=CARTESIAN_POINT('Ctrl Pts',(267.367392844076,32.2453042268182,-99.9999999999999));
#4926=CARTESIAN_POINT('',(305.,29.380499283062,-68.4224932152246));
#4927=CARTESIAN_POINT('Ctrl Pts',(267.367392844076,32.2453042268182,-99.9999999999999));
#4928=CARTESIAN_POINT('Ctrl Pts',(270.738180051714,32.1440031389911,-97.171573697294));
#4929=CARTESIAN_POINT('Ctrl Pts',(273.963508603785,32.0102182614517,-94.4652016988267));
#4930=CARTESIAN_POINT('Ctrl Pts',(280.718759158935,31.6413612562502,-88.7968734494909));
#4931=CARTESIAN_POINT('Ctrl Pts',(284.365858138409,31.3778752402644,-85.7365940409456));
#4932=CARTESIAN_POINT('Ctrl Pts',(293.478283875188,30.6104470426077,-78.0903609660835));
#4933=CARTESIAN_POINT('Ctrl Pts',(299.583863273751,30.0020220997386,-72.9671715446258));
#4934=CARTESIAN_POINT('Ctrl Pts',(305.,29.380499283062,-68.4224932152246));
#4935=CARTESIAN_POINT('',(305.,23.7859894090315,-40.2394779933496));
#4936=CARTESIAN_POINT('Ctrl Pts',(305.,29.380499283062,-68.4224932152246));
#4937=CARTESIAN_POINT('Ctrl Pts',(305.,28.5441250048292,-62.3067852225917));
#4938=CARTESIAN_POINT('Ctrl Pts',(305.,27.2043353506879,-53.2427809452984));
#4939=CARTESIAN_POINT('Ctrl Pts',(305.,23.7859894090315,-40.2394779933496));
#4940=CARTESIAN_POINT('',(305.,-9.55617127708032,-40.2394779933496));
#4941=CARTESIAN_POINT('Ctrl Pts',(305.,23.7859894090315,-40.2394779933496));
#4942=CARTESIAN_POINT('Ctrl Pts',(302.228538428604,23.1746467208794,-37.9139456109692));
#4943=CARTESIAN_POINT('Ctrl Pts',(299.525508960666,22.5418114962095,-35.6458345813612));
#4944=CARTESIAN_POINT('Ctrl Pts',(292.422466052676,20.7533660823321,-29.6856738970304));
#4945=CARTESIAN_POINT('Ctrl Pts',(288.305667736141,19.5668510235474,-26.2312699479941));
#4946=CARTESIAN_POINT('Ctrl Pts',(281.50617630946,17.4534174243783,-20.5258191996736));
#4947=CARTESIAN_POINT('Ctrl Pts',(278.897105154688,16.5292583782553,-18.3365485503422));
#4948=CARTESIAN_POINT('Ctrl Pts',(274.674180404317,14.7640333307189,-14.7930939498165));
#4949=CARTESIAN_POINT('Ctrl Pts',(273.611721809458,14.2999525655363,-13.9015853403756));
#4950=CARTESIAN_POINT('Ctrl Pts',(270.99973969039,13.1280048704605,-11.7098721076243));
#4951=CARTESIAN_POINT('Ctrl Pts',(268.892192417946,12.1569591448053,-9.94142996862795));
#4952=CARTESIAN_POINT('Ctrl Pts',(265.236673199903,10.4032007066911,-6.87408514100664));
#4953=CARTESIAN_POINT('Ctrl Pts',(263.496408637735,9.50677284540846,-5.41382978874071));
#4954=CARTESIAN_POINT('Ctrl Pts',(260.047286275536,6.30557833920166,-2.51967248673414));
#4955=CARTESIAN_POINT('Ctrl Pts',(258.835732824911,4.98181555706039,-1.50305843316328));
#4956=CARTESIAN_POINT('Ctrl Pts',(257.698914652047,3.14941364758292,-0.549154723596892));
#4957=CARTESIAN_POINT('Ctrl Pts',(257.390147773507,2.54734184993923,-0.290068549694191));
#4958=CARTESIAN_POINT('Ctrl Pts',(257.131889947311,1.69366484257897,-0.0733645029849462));
#4959=CARTESIAN_POINT('Ctrl Pts',(257.078812642481,1.46943162224431,-0.0288273560732254));
#4960=CARTESIAN_POINT('Ctrl Pts',(257.012673417482,1.04195952603159,0.026670043229429));
#4961=CARTESIAN_POINT('Ctrl Pts',(256.995382537854,0.841392026518858,0.0411788139438316));
#4962=CARTESIAN_POINT('Ctrl Pts',(256.992633390186,0.448802525619199,0.0434856227375937));
#4963=CARTESIAN_POINT('Ctrl Pts',(257.005390281602,0.260111119244802,0.0327813198559317));
#4964=CARTESIAN_POINT('Ctrl Pts',(257.087254341212,-0.295902867173805,-0.0359107823696489));
#4965=CARTESIAN_POINT('Ctrl Pts',(257.196300502604,-0.638903940729214,-0.127411376175205));
#4966=CARTESIAN_POINT('Ctrl Pts',(257.546134599012,-1.37968305839729,-0.420957037443776));
#4967=CARTESIAN_POINT('Ctrl Pts',(257.812229103183,-1.74882926359847,-0.644236837728682));
#4968=CARTESIAN_POINT('Ctrl Pts',(258.657391116663,-2.69679230903751,-1.35341197152507));
#4969=CARTESIAN_POINT('Ctrl Pts',(259.342820240614,-3.20281933386996,-1.92855529665417));
#4970=CARTESIAN_POINT('Ctrl Pts',(260.72448930418,-4.10824521094856,-3.08791329830166));
#4971=CARTESIAN_POINT('Ctrl Pts',(261.621995656681,-4.57510163545229,-3.84101054766378));
#4972=CARTESIAN_POINT('Ctrl Pts',(264.193021810374,-5.72895628108533,-5.99835764497495));
#4973=CARTESIAN_POINT('Ctrl Pts',(266.08257310864,-6.4255250371739,-7.58387944244069));
#4974=CARTESIAN_POINT('Ctrl Pts',(276.516826085751,-8.29253236110419,-16.3392572671451));
#4975=CARTESIAN_POINT('Ctrl Pts',(279.838785787366,-8.62375821447145,-19.1267124275556));
#4976=CARTESIAN_POINT('Ctrl Pts',(285.298173018915,-8.9912649821071,-23.7076822400026));
#4977=CARTESIAN_POINT('Ctrl Pts',(292.600472777383,-9.39432237305915,-29.835039274079));
#4978=CARTESIAN_POINT('Ctrl Pts',(301.360434141291,-9.53362824489144,-37.1855196236613));
#4979=CARTESIAN_POINT('Ctrl Pts',(303.157593374105,-9.54972286340419,-38.6935152730824));
#4980=CARTESIAN_POINT('Ctrl Pts',(305.,-9.55617127708032,-40.2394779933496));
#4981=CARTESIAN_POINT('',(305.,-8.93733117853577,-68.4224932152246));
#4982=CARTESIAN_POINT('Ctrl Pts',(305.,-9.55617127708032,-40.2394779933496));
#4983=CARTESIAN_POINT('Ctrl Pts',(305.,-9.57858707502484,-45.6135110048441));
#4984=CARTESIAN_POINT('Ctrl Pts',(305.,-9.5221162583066,-55.3166958929895));
#4985=CARTESIAN_POINT('Ctrl Pts',(305.,-8.93733117853577,-68.4224932152246));
#4986=CARTESIAN_POINT('',(267.367392844076,-7.41106778952878,-99.9999999999999));
#4987=CARTESIAN_POINT('Ctrl Pts',(305.,-8.93733117853578,-68.4224932152246));
#4988=CARTESIAN_POINT('Ctrl Pts',(301.307406352685,-8.79907712149295,-71.5209471827747));
#4989=CARTESIAN_POINT('Ctrl Pts',(297.3405182754,-8.63385358630464,-74.8495615053458));
#4990=CARTESIAN_POINT('Ctrl Pts',(290.962007561069,-8.36552267264466,-80.2017674932015));
#4991=CARTESIAN_POINT('Ctrl Pts',(287.625439706759,-8.22376876587261,-83.0014803491507));
#4992=CARTESIAN_POINT('Ctrl Pts',(281.190628759017,-7.95846299548028,-88.4009278420968));
#4993=CARTESIAN_POINT('Ctrl Pts',(278.633973329563,-7.85584879728245,-90.5462164699985));
#4994=CARTESIAN_POINT('Ctrl Pts',(273.120905077471,-7.63745634889197,-95.1722300069842));
#4995=CARTESIAN_POINT('Ctrl Pts',(271.679913230185,-7.58091162634758,-96.3813657345719));
#4996=CARTESIAN_POINT('Ctrl Pts',(267.467317631589,-7.41500330550766,-99.9161531476526));
#4997=CARTESIAN_POINT('Ctrl Pts',(267.417322493231,-7.41303427346734,-99.9581040498095));
#4998=CARTESIAN_POINT('Ctrl Pts',(267.367392844076,-7.41106778952877,-100.));
#4999=CARTESIAN_POINT('',(246.75,-7.41106778952877,-99.9999999999999));
#5000=CARTESIAN_POINT('Ctrl Pts',(267.367392844076,-7.41106778952878,-99.9999999999999));
#5001=CARTESIAN_POINT('Ctrl Pts',(260.494928562717,-7.41106778952878,-99.9999999999999));
#5002=CARTESIAN_POINT('Ctrl Pts',(253.622464281359,-7.41106778952877,-99.9999999999999));
#5003=CARTESIAN_POINT('Ctrl Pts',(246.75,-7.41106778952877,-99.9999999999999));
#5004=CARTESIAN_POINT('Ctrl Pts',(246.75,-7.41106778952878,-99.9999999999999));
#5005=CARTESIAN_POINT('Ctrl Pts',(246.75,-7.42896531005024,-99.6186932353754));
#5006=CARTESIAN_POINT('Ctrl Pts',(246.75,-7.44663458039573,-99.2421929215112));
#5007=CARTESIAN_POINT('Ctrl Pts',(246.75,-7.46408488902218,-98.8703347403174));
#5008=CARTESIAN_POINT('Ctrl Pts',(246.75,-7.48153519764866,-98.4984765591229));
#5009=CARTESIAN_POINT('Ctrl Pts',(246.75,-7.49876654455609,-98.1312605105989));
#5010=CARTESIAN_POINT('Ctrl Pts',(246.75,-7.5157914426252,-97.7684702480745));
#5011=CARTESIAN_POINT('Ctrl Pts',(246.75,-7.53281634069427,-97.4056799855513));
#5012=CARTESIAN_POINT('Ctrl Pts',(246.75,-7.54963478992502,-97.0473155090278));
#5013=CARTESIAN_POINT('Ctrl Pts',(246.75,-7.56626252762199,-96.6931084432531));
#5014=CARTESIAN_POINT('Ctrl Pts',(246.75,-7.58289026531896,-96.3389013774787));
#5015=CARTESIAN_POINT('Ctrl Pts',(246.75,-7.59932729148215,-95.9888517224532));
#5016=CARTESIAN_POINT('Ctrl Pts',(246.75,-7.61559256783991,-95.6426390743453));
#5017=CARTESIAN_POINT('Ctrl Pts',(246.75,-7.63185784419768,-95.2964264262373));
#5018=CARTESIAN_POINT('Ctrl Pts',(246.75,-7.64795137075002,-94.9540507850468));
#5019=CARTESIAN_POINT('Ctrl Pts',(246.75,-7.66389533364908,-94.6151397183623));
#5020=CARTESIAN_POINT('Ctrl Pts',(246.75,-7.67983929654814,-94.276228651678));
#5021=CARTESIAN_POINT('Ctrl Pts',(246.75,-7.69563369579392,-93.9407821594996));
#5022=CARTESIAN_POINT('Ctrl Pts',(246.75,-7.7113039419624,-93.608375780835));
#5023=CARTESIAN_POINT('Ctrl Pts',(246.75,-7.72748162575344,-93.2652053400937));
#5024=CARTESIAN_POINT('Ctrl Pts',(246.75,-7.74352696672246,-92.9252753962353));
#5025=CARTESIAN_POINT('Ctrl Pts',(246.75,-7.75947153016315,-92.5880607282428));
#5026=CARTESIAN_POINT('Ctrl Pts',(246.75,-7.77813480958734,-92.1933474080511));
#5027=CARTESIAN_POINT('Ctrl Pts',(246.75,-7.79666037530327,-91.8023493692938));
#5028=CARTESIAN_POINT('Ctrl Pts',(246.75,-7.81510327934021,-91.4141493457452));
#5029=CARTESIAN_POINT('Ctrl Pts',(246.75,-7.83115188517245,-91.0763462996783));
#5030=CARTESIAN_POINT('Ctrl Pts',(246.75,-7.84713796908143,-90.7406607404235));
#5031=CARTESIAN_POINT('Ctrl Pts',(246.75,-7.86309392817443,-90.4065363334201));
#5032=CARTESIAN_POINT('Ctrl Pts',(246.75,-7.87904988726742,-90.0724119264171));
#5033=CARTESIAN_POINT('Ctrl Pts',(246.75,-7.89497572154444,-89.7398486716656));
#5034=CARTESIAN_POINT('Ctrl Pts',(246.75,-7.91089971536542,-89.4083422005111));
#5035=CARTESIAN_POINT('Ctrl Pts',(246.75,-7.92682370918642,-89.0768357293561));
#5036=CARTESIAN_POINT('Ctrl Pts',(246.75,-7.94274586255139,-88.7463860417981));
#5037=CARTESIAN_POINT('Ctrl Pts',(246.75,-7.9586903470729,-88.4165407350889));
#5038=CARTESIAN_POINT('Ctrl Pts',(246.75,-7.97463483159438,-88.0866954283803));
#5039=CARTESIAN_POINT('Ctrl Pts',(246.75,-7.9906016472724,-87.7574545025206));
#5040=CARTESIAN_POINT('Ctrl Pts',(246.75,-8.0066108529722,-87.4284175206673));
#5041=CARTESIAN_POINT('Ctrl Pts',(246.75,-8.02262005867205,-87.0993805388131));
#5042=CARTESIAN_POINT('Ctrl Pts',(246.75,-8.03867165439367,-86.7705475009653));
#5043=CARTESIAN_POINT('Ctrl Pts',(246.75,-8.05478158625495,-86.4415699361878));
#5044=CARTESIAN_POINT('Ctrl Pts',(246.75,-8.07089151811619,-86.1125923714111));
#5045=CARTESIAN_POINT('Ctrl Pts',(246.75,-8.08705978611709,-85.7834702797047));
#5046=CARTESIAN_POINT('Ctrl Pts',(246.75,-8.10329822362817,-85.4539071560385));
#5047=CARTESIAN_POINT('Ctrl Pts',(246.75,-8.11953666113927,-85.1243440323718));
#5048=CARTESIAN_POINT('Ctrl Pts',(246.75,-8.13584526816056,-84.7943398767454));
#5049=CARTESIAN_POINT('Ctrl Pts',(246.75,-8.1522317653152,-84.4636501500353));
#5050=CARTESIAN_POINT('Ctrl Pts',(246.75,-8.16861826246982,-84.1329604233255));
#5051=CARTESIAN_POINT('Ctrl Pts',(246.75,-8.1850826497578,-83.8015851255319));
#5052=CARTESIAN_POINT('Ctrl Pts',(246.75,-8.20162853505495,-83.4693316834368));
#5053=CARTESIAN_POINT('Ctrl Pts',(246.75,-8.21817442035211,-83.1370782413414));
#5054=CARTESIAN_POINT('Ctrl Pts',(246.75,-8.23480180365844,-82.8039466549445));
#5055=CARTESIAN_POINT('Ctrl Pts',(246.75,-8.25151018010241,-82.4697963169341));
#5056=CARTESIAN_POINT('Ctrl Pts',(246.75,-8.26821855654638,-82.135645978924));
#5057=CARTESIAN_POINT('Ctrl Pts',(246.75,-8.28500792612798,-81.8004768893004));
#5058=CARTESIAN_POINT('Ctrl Pts',(246.75,-8.30187367122834,-81.4642004066577));
#5059=CARTESIAN_POINT('Ctrl Pts',(246.75,-8.31873941632869,-81.1279239240152));
#5060=CARTESIAN_POINT('Ctrl Pts',(246.75,-8.3356815369478,-80.7905400483537));
#5061=CARTESIAN_POINT('Ctrl Pts',(246.75,-8.35269130271943,-80.4520121041733));
#5062=CARTESIAN_POINT('Ctrl Pts',(246.75,-8.36970106849107,-80.1134841599927));
#5063=CARTESIAN_POINT('Ctrl Pts',(246.75,-8.38677847941523,-79.7738121472933));
#5064=CARTESIAN_POINT('Ctrl Pts',(246.75,-8.40391069237832,-79.4330113564817));
#5065=CARTESIAN_POINT('Ctrl Pts',(246.75,-8.4210429053414,-79.0922105656702));
#5066=CARTESIAN_POINT('Ctrl Pts',(246.75,-8.43822992034341,-78.7502809967465));
#5067=CARTESIAN_POINT('Ctrl Pts',(246.75,-8.45545478152341,-78.4072899060231));
#5068=CARTESIAN_POINT('Ctrl Pts',(246.75,-8.47267964270342,-78.0642988152993));
#5069=CARTESIAN_POINT('Ctrl Pts',(246.75,-8.48994235006142,-77.7202462027757));
#5070=CARTESIAN_POINT('Ctrl Pts',(246.75,-8.50722183498911,-77.3752512906712));
#5071=CARTESIAN_POINT('Ctrl Pts',(246.75,-8.5245013199168,-77.0302563785667));
#5072=CARTESIAN_POINT('Ctrl Pts',(246.75,-8.54179758241417,-76.6843191668813));
#5073=CARTESIAN_POINT('Ctrl Pts',(246.75,-8.55908544112559,-76.3376108437395));
#5074=CARTESIAN_POINT('Ctrl Pts',(246.75,-8.57637329983701,-75.9909025205976));
#5075=CARTESIAN_POINT('Ctrl Pts',(246.75,-8.59365275476248,-75.6434230859993));
#5076=CARTESIAN_POINT('Ctrl Pts',(246.75,-8.61089451179899,-75.2953956939756));
#5077=CARTESIAN_POINT('Ctrl Pts',(246.75,-8.62905808697949,-74.9287612676517));
#5078=CARTESIAN_POINT('Ctrl Pts',(246.75,-8.64717986493402,-74.5615182302904));
#5079=CARTESIAN_POINT('Ctrl Pts',(246.75,-8.66522066773437,-74.1939897540772));
#5080=CARTESIAN_POINT('Ctrl Pts',(246.75,-8.68325120810575,-73.8266703447732));
#5081=CARTESIAN_POINT('Ctrl Pts',(246.75,-8.70120020136879,-73.4590750075943));
#5082=CARTESIAN_POINT('Ctrl Pts',(246.75,-8.71902847357553,-73.0915211702227));
#5083=CARTESIAN_POINT('Ctrl Pts',(246.75,-8.73685674578235,-72.7239673328496));
#5084=CARTESIAN_POINT('Ctrl Pts',(246.75,-8.75456429693288,-72.3564549952836));
#5085=CARTESIAN_POINT('Ctrl Pts',(246.75,-8.77211527529072,-71.989249562779));
#5086=CARTESIAN_POINT('Ctrl Pts',(246.75,-8.78966625364861,-71.6220441302736));
#5087=CARTESIAN_POINT('Ctrl Pts',(246.75,-8.80706065921381,-71.2551456028295));
#5088=CARTESIAN_POINT('Ctrl Pts',(246.75,-8.82426596246152,-70.888767363273));
#5089=CARTESIAN_POINT('Ctrl Pts',(246.75,-8.84147126570921,-70.5223891237171));
#5090=CARTESIAN_POINT('Ctrl Pts',(246.75,-8.85848746663941,-70.1565311720488));
#5091=CARTESIAN_POINT('Ctrl Pts',(246.75,-8.87528535793887,-69.7913548686665));
#5092=CARTESIAN_POINT('Ctrl Pts',(246.75,-8.89208324923837,-69.4261785652832));
#5093=CARTESIAN_POINT('Ctrl Pts',(246.75,-8.90866283090714,-69.0616839101861));
#5094=CARTESIAN_POINT('Ctrl Pts',(246.75,-8.92499821784349,-68.6979802413456));
#5095=CARTESIAN_POINT('Ctrl Pts',(246.75,-8.94133360477979,-68.3342765725062));
#5096=CARTESIAN_POINT('Ctrl Pts',(246.75,-8.95742479698369,-67.9713638899234));
#5097=CARTESIAN_POINT('Ctrl Pts',(246.75,-8.97324923156505,-67.6092995091402));
#5098=CARTESIAN_POINT('Ctrl Pts',(246.75,-8.98907366614632,-67.2472351283591));
#5099=CARTESIAN_POINT('Ctrl Pts',(246.75,-9.00463134310507,-66.8860190493776));
#5100=CARTESIAN_POINT('Ctrl Pts',(246.75,-9.01990302176276,-66.5256565653105));
#5101=CARTESIAN_POINT('Ctrl Pts',(246.75,-9.03517470042048,-66.1652940812427));
#5102=CARTESIAN_POINT('Ctrl Pts',(246.75,-9.05016038077714,-65.8057851920893));
#5103=CARTESIAN_POINT('Ctrl Pts',(246.75,-9.06484414436576,-65.4470831685377));
#5104=CARTESIAN_POINT('Ctrl Pts',(246.75,-9.07952790795451,-65.0883811449831));
#5105=CARTESIAN_POINT('Ctrl Pts',(246.75,-9.0939097547752,-64.7304859870303));
#5106=CARTESIAN_POINT('Ctrl Pts',(246.75,-9.10797708857246,-64.3732989429384));
#5107=CARTESIAN_POINT('Ctrl Pts',(246.75,-9.12204442236962,-64.0161118988488));
#5108=CARTESIAN_POINT('Ctrl Pts',(246.75,-9.13579724314335,-63.6596329686201));
#5109=CARTESIAN_POINT('Ctrl Pts',(246.75,-9.1492262768498,-63.303711378084));
#5110=CARTESIAN_POINT('Ctrl Pts',(246.75,-9.16265531055621,-62.9477897875487));
#5111=CARTESIAN_POINT('Ctrl Pts',(246.75,-9.17576055719536,-62.5924255367059));
#5112=CARTESIAN_POINT('Ctrl Pts',(246.75,-9.18853606493495,-62.2374158289593));
#5113=CARTESIAN_POINT('Ctrl Pts',(246.75,-9.20131157267463,-61.8824061212104));
#5114=CARTESIAN_POINT('Ctrl Pts',(246.75,-9.21375734151475,-61.5277509565578));
#5115=CARTESIAN_POINT('Ctrl Pts',(246.75,-9.22587074183463,-61.1731955159772));
#5116=CARTESIAN_POINT('Ctrl Pts',(246.75,-9.23798414215444,-60.8186400753985));
#5117=CARTESIAN_POINT('Ctrl Pts',(246.75,-9.249765173954,-60.4641843588919));
#5118=CARTESIAN_POINT('Ctrl Pts',(246.75,-9.26121452982419,-60.1095215250054));
#5119=CARTESIAN_POINT('Ctrl Pts',(246.75,-9.27266388569439,-59.7548586911186));
#5120=CARTESIAN_POINT('Ctrl Pts',(246.75,-9.28378156563521,-59.3999887398519));
#5121=CARTESIAN_POINT('Ctrl Pts',(246.75,-9.29457158444908,-59.0445528073255));
#5122=CARTESIAN_POINT('Ctrl Pts',(246.75,-9.30547756218507,-58.685297051282));
#5123=CARTESIAN_POINT('Ctrl Pts',(246.75,-9.31604879217639,-58.3254631792623));
#5124=CARTESIAN_POINT('Ctrl Pts',(246.75,-9.32629286897155,-57.9646266262092));
#5125=CARTESIAN_POINT('Ctrl Pts',(246.75,-9.33497993248426,-57.6586341862115));
#5126=CARTESIAN_POINT('Ctrl Pts',(246.75,-9.3434320762841,-57.3519132041329));
#5127=CARTESIAN_POINT('Ctrl Pts',(246.75,-9.35165436108948,-57.0442095340496));
#5128=CARTESIAN_POINT('Ctrl Pts',(246.75,-9.35985622665185,-56.7372700160441));
#5129=CARTESIAN_POINT('Ctrl Pts',(246.75,-9.36782937303712,-56.4293527003207));
#5130=CARTESIAN_POINT('Ctrl Pts',(246.75,-9.37557715249077,-56.1202574776023));
#5131=CARTESIAN_POINT('Ctrl Pts',(246.75,-9.38332493194443,-55.8111622548833));
#5132=CARTESIAN_POINT('Ctrl Pts',(246.75,-9.39084734446647,-55.5008891251693));
#5133=CARTESIAN_POINT('Ctrl Pts',(246.75,-9.39814607271532,-55.1892900808394));
#5134=CARTESIAN_POINT('Ctrl Pts',(246.75,-9.40544480096417,-54.8776910365096));
#5135=CARTESIAN_POINT('Ctrl Pts',(246.75,-9.41251984493983,-54.5647660775639));
#5136=CARTESIAN_POINT('Ctrl Pts',(246.75,-9.41937121771373,-54.2504192980373));
#5137=CARTESIAN_POINT('Ctrl Pts',(246.75,-9.42622259048762,-53.9360725185107));
#5138=CARTESIAN_POINT('Ctrl Pts',(246.75,-9.43285029205975,-53.6203039184033));
#5139=CARTESIAN_POINT('Ctrl Pts',(246.75,-9.4392526659145,-53.3030696934061));
#5140=CARTESIAN_POINT('Ctrl Pts',(246.75,-9.44565503976924,-52.9858354684092));
#5141=CARTESIAN_POINT('Ctrl Pts',(246.75,-9.45183208590662,-52.6671356185225));
#5142=CARTESIAN_POINT('Ctrl Pts',(246.75,-9.45778047822399,-52.3469784410933));
#5143=CARTESIAN_POINT('Ctrl Pts',(246.75,-9.46372887054137,-52.0268212636638));
#5144=CARTESIAN_POINT('Ctrl Pts',(246.75,-9.46944860903874,-51.7052067586919));
#5145=CARTESIAN_POINT('Ctrl Pts',(246.75,-9.47493469802646,-51.3821953251808));
#5146=CARTESIAN_POINT('Ctrl Pts',(246.75,-9.48042078701418,-51.0591838916697));
#5147=CARTESIAN_POINT('Ctrl Pts',(246.75,-9.48567322649224,-50.7347755296194));
#5148=CARTESIAN_POINT('Ctrl Pts',(246.75,-9.49068535118397,-50.4090827396894));
#5149=CARTESIAN_POINT('Ctrl Pts',(246.75,-9.49569747587569,-50.0833899497599));
#5150=CARTESIAN_POINT('Ctrl Pts',(246.75,-9.50046928578108,-49.7564127319507));
#5151=CARTESIAN_POINT('Ctrl Pts',(246.75,-9.50499244603645,-49.4283156885772));
#5152=CARTESIAN_POINT('Ctrl Pts',(246.75,-9.50951560629182,-49.1002186452032));
#5153=CARTESIAN_POINT('Ctrl Pts',(246.75,-9.51379011689716,-48.771001776265));
#5154=CARTESIAN_POINT('Ctrl Pts',(246.75,-9.51780597340175,-48.440881785734));
#5155=CARTESIAN_POINT('Ctrl Pts',(246.75,-9.52182182990634,-48.1107617952023));
#5156=CARTESIAN_POINT('Ctrl Pts',(246.75,-9.52557903231019,-47.7797386830779));
#5157=CARTESIAN_POINT('Ctrl Pts',(246.75,-9.52906590657553,-47.4480812549883));
#5158=CARTESIAN_POINT('Ctrl Pts',(246.75,-9.53255278084088,-47.1164238268988));
#5159=CARTESIAN_POINT('Ctrl Pts',(246.75,-9.53576932696772,-46.7841320828443));
#5160=CARTESIAN_POINT('Ctrl Pts',(246.75,-9.53870220133131,-46.4515269301083));
#5161=CARTESIAN_POINT('Ctrl Pts',(246.75,-9.54163507569488,-46.1189217773725));
#5162=CARTESIAN_POINT('Ctrl Pts',(246.75,-9.5442842782952,-45.7860032159554));
#5163=CARTESIAN_POINT('Ctrl Pts',(246.75,-9.54663479592046,-45.4531442547965));
#5164=CARTESIAN_POINT('Ctrl Pts',(246.75,-9.54898531354571,-45.1202852936385));
#5165=CARTESIAN_POINT('Ctrl Pts',(246.75,-9.5510371461959,-44.7874859327389));
#5166=CARTESIAN_POINT('Ctrl Pts',(246.75,-9.55277361107223,-44.4551712826934));
#5167=CARTESIAN_POINT('Ctrl Pts',(246.75,-9.55451007594857,-44.1228566326442));
#5168=CARTESIAN_POINT('Ctrl Pts',(246.75,-9.55593117305104,-43.7910266934493));
#5169=CARTESIAN_POINT('Ctrl Pts',(246.75,-9.55701854999379,-43.4601586773604));
#5170=CARTESIAN_POINT('Ctrl Pts',(246.75,-9.55810592693653,-43.1292906612763));
#5171=CARTESIAN_POINT('Ctrl Pts',(246.75,-9.55885958371956,-42.7993845682981));
#5172=CARTESIAN_POINT('Ctrl Pts',(246.75,-9.55925949837002,-42.4709697123342));
#5173=CARTESIAN_POINT('Ctrl Pts',(246.75,-9.55968807941673,-42.1190136573073));
#5174=CARTESIAN_POINT('Ctrl Pts',(246.75,-9.55971014779541,-41.7687745415635));
#5175=CARTESIAN_POINT('Ctrl Pts',(246.75,-9.55929990021612,-41.4209519107757));
#5176=CARTESIAN_POINT('Ctrl Pts',(246.75,-9.55894352101401,-41.1188008247274));
#5177=CARTESIAN_POINT('Ctrl Pts',(246.75,-9.5582608649952,-40.8184744458953));
#5178=CARTESIAN_POINT('Ctrl Pts',(246.75,-9.55723842224013,-40.520383291992));
#5179=CARTESIAN_POINT('Ctrl Pts',(246.75,-9.55621597948505,-40.2222921380897));
#5180=CARTESIAN_POINT('Ctrl Pts',(246.75,-9.55485374999371,-39.9264362091162));
#5181=CARTESIAN_POINT('Ctrl Pts',(246.75,-9.55314177584624,-39.6331740155409));
#5182=CARTESIAN_POINT('Ctrl Pts',(246.75,-9.55142980169879,-39.3399118219677));
#5183=CARTESIAN_POINT('Ctrl Pts',(246.75,-9.54936808289522,-39.0492433637925));
#5184=CARTESIAN_POINT('Ctrl Pts',(246.75,-9.54695021351538,-38.7614751442411));
#5185=CARTESIAN_POINT('Ctrl Pts',(246.75,-9.54453234413552,-38.4737069246856));
#5186=CARTESIAN_POINT('Ctrl Pts',(246.75,-9.54175832417938,-38.188838943754));
#5187=CARTESIAN_POINT('Ctrl Pts',(246.75,-9.53862529972653,-37.9071256974281));
#5188=CARTESIAN_POINT('Ctrl Pts',(246.75,-9.53549227527369,-37.6254124511027));
#5189=CARTESIAN_POINT('Ctrl Pts',(246.75,-9.53200024632415,-37.3468539393831));
#5190=CARTESIAN_POINT('Ctrl Pts',(246.75,-9.52814991095718,-37.0716526510078));
#5191=CARTESIAN_POINT('Ctrl Pts',(246.75,-9.52429957559021,-36.7964513626332));
#5192=CARTESIAN_POINT('Ctrl Pts',(246.75,-9.52009093380583,-36.524607297603));
#5193=CARTESIAN_POINT('Ctrl Pts',(246.75,-9.51552823568301,-36.2562709374118));
#5194=CARTESIAN_POINT('Ctrl Pts',(246.75,-9.51078568572497,-35.9773573298254));
#5195=CARTESIAN_POINT('Ctrl Pts',(246.75,-9.5056605913063,-35.702233786147));
#5196=CARTESIAN_POINT('Ctrl Pts',(246.75,-9.50016179259057,-35.4310097395542));
#5197=CARTESIAN_POINT('Ctrl Pts',(246.75,-9.49474891260477,-35.1640235686895));
#5198=CARTESIAN_POINT('Ctrl Pts',(246.75,-9.48897392572527,-34.9008158356643));
#5199=CARTESIAN_POINT('Ctrl Pts',(246.75,-9.48284918799431,-34.6414334723877));
#5200=CARTESIAN_POINT('Ctrl Pts',(246.75,-9.47682014929039,-34.3861039585373));
#5201=CARTESIAN_POINT('Ctrl Pts',(246.75,-9.47045221380748,-34.1344810628503));
#5202=CARTESIAN_POINT('Ctrl Pts',(246.75,-9.46376085167073,-33.8865556075986));
#5203=CARTESIAN_POINT('Ctrl Pts',(246.75,-9.45711725582128,-33.6403999681602));
#5204=CARTESIAN_POINT('Ctrl Pts',(246.75,-9.45015483867066,-33.3978891066718));
#5205=CARTESIAN_POINT('Ctrl Pts',(246.75,-9.44289230617177,-33.1589618463463));
#5206=CARTESIAN_POINT('Ctrl Pts',(246.75,-9.43562977367288,-32.9200345860207));
#5207=CARTESIAN_POINT('Ctrl Pts',(246.75,-9.42806712582573,-32.6846909268581));
#5208=CARTESIAN_POINT('Ctrl Pts',(246.75,-9.42022662058295,-32.4528176848278));
#5209=CARTESIAN_POINT('Ctrl Pts',(246.75,-9.41238611534017,-32.2209444427974));
#5210=CARTESIAN_POINT('Ctrl Pts',(246.75,-9.40426775270176,-31.9925416178993));
#5211=CARTESIAN_POINT('Ctrl Pts',(246.75,-9.39589734262004,-31.7674440188591));
#5212=CARTESIAN_POINT('Ctrl Pts',(246.75,-9.38752693253834,-31.5423464198193));
#5213=CARTESIAN_POINT('Ctrl Pts',(246.75,-9.37890447501334,-31.3205540466374));
#5214=CARTESIAN_POINT('Ctrl Pts',(246.75,-9.3700593319971,-31.1018497007957));
#5215=CARTESIAN_POINT('Ctrl Pts',(246.75,-9.36121418898083,-30.8831453549536));
#5216=CARTESIAN_POINT('Ctrl Pts',(246.75,-9.35214636047332,-30.6675290364516));
#5217=CARTESIAN_POINT('Ctrl Pts',(246.75,-9.34288876042631,-30.4547315395284));
#5218=CARTESIAN_POINT('Ctrl Pts',(246.75,-9.33346203797239,-30.2380465529012));
#5219=CARTESIAN_POINT('Ctrl Pts',(246.75,-9.3238385356486,-30.0242844855352));
#5220=CARTESIAN_POINT('Ctrl Pts',(246.75,-9.31405678892862,-29.8131056950703));
#5221=CARTESIAN_POINT('Ctrl Pts',(246.75,-9.29917092667522,-29.4917338096911));
#5222=CARTESIAN_POINT('Ctrl Pts',(246.75,-9.28392191274339,-29.1763406635226));
#5223=CARTESIAN_POINT('Ctrl Pts',(246.75,-9.26844565966923,-28.8655515516993));
#5224=CARTESIAN_POINT('Ctrl Pts',(246.75,-9.25584682561057,-28.6125458384729));
#5225=CARTESIAN_POINT('Ctrl Pts',(246.75,-9.24309672445153,-28.3625901355601));
#5226=CARTESIAN_POINT('Ctrl Pts',(246.75,-9.23023473054971,-28.1149805138424));
#5227=CARTESIAN_POINT('Ctrl Pts',(246.75,-9.21737273664789,-27.8673708921247));
#5228=CARTESIAN_POINT('Ctrl Pts',(246.75,-9.20439885000329,-27.6221073516019));
#5229=CARTESIAN_POINT('Ctrl Pts',(246.75,-9.19132026894013,-27.3785269762385));
#5230=CARTESIAN_POINT('Ctrl Pts',(246.75,-9.17824168787696,-27.1349466008749));
#5231=CARTESIAN_POINT('Ctrl Pts',(246.75,-9.16505841239523,-26.8930493906706));
#5232=CARTESIAN_POINT('Ctrl Pts',(246.75,-9.15174546478577,-26.6522134426726));
#5233=CARTESIAN_POINT('Ctrl Pts',(246.75,-9.13843251717629,-26.4113774946744));
#5234=CARTESIAN_POINT('Ctrl Pts',(246.75,-9.12498989743908,-26.1716028088824));
#5235=CARTESIAN_POINT('Ctrl Pts',(246.75,-9.11136045183158,-25.9323084954264));
#5236=CARTESIAN_POINT('Ctrl Pts',(246.75,-9.09773100622409,-25.6930141819706));
#5237=CARTESIAN_POINT('Ctrl Pts',(246.75,-9.08391473474631,-25.4542002408507));
#5238=CARTESIAN_POINT('Ctrl Pts',(246.75,-9.0698223076223,-25.2153267952795));
#5239=CARTESIAN_POINT('Ctrl Pts',(246.75,-9.05572988049832,-24.9764533497088));
#5240=CARTESIAN_POINT('Ctrl Pts',(246.75,-9.04136129772812,-24.7375203996868));
#5241=CARTESIAN_POINT('Ctrl Pts',(246.75,-9.02659505350237,-24.4980290815089));
#5242=CARTESIAN_POINT('Ctrl Pts',(246.75,-9.01182880927662,-24.2585377633311));
#5243=CARTESIAN_POINT('Ctrl Pts',(246.75,-8.99666490359533,-24.0184880769974));
#5244=CARTESIAN_POINT('Ctrl Pts',(246.75,-8.9809496546158,-23.7774221718861));
#5245=CARTESIAN_POINT('Ctrl Pts',(246.75,-8.96523440563625,-23.5363562667747));
#5246=CARTESIAN_POINT('Ctrl Pts',(246.75,-8.94896781335847,-23.2942741428857));
#5247=CARTESIAN_POINT('Ctrl Pts',(246.75,-8.93196401990634,-23.0507589626802));
#5248=CARTESIAN_POINT('Ctrl Pts',(246.75,-8.9149602264542,-22.8072437824745));
#5249=CARTESIAN_POINT('Ctrl Pts',(246.75,-8.89721923182772,-22.5622955459522));
#5250=CARTESIAN_POINT('Ctrl Pts',(246.75,-8.87852300211743,-22.3155384286573));
#5251=CARTESIAN_POINT('Ctrl Pts',(246.75,-8.85982677240713,-22.0687813113622));
#5252=CARTESIAN_POINT('Ctrl Pts',(246.75,-8.84017530761302,-21.8202153132944));
#5253=CARTESIAN_POINT('Ctrl Pts',(246.75,-8.81931839779224,-21.5695056230808));
#5254=CARTESIAN_POINT('Ctrl Pts',(246.75,-8.79848258377502,-21.3190495141705));
#5255=CARTESIAN_POINT('Ctrl Pts',(246.75,-8.77644375659177,-21.0664540543093));
#5256=CARTESIAN_POINT('Ctrl Pts',(246.75,-8.75292040248405,-20.8114263151171));
#5257=CARTESIAN_POINT('Ctrl Pts',(246.75,-8.73602486106273,-20.6282538087061));
#5258=CARTESIAN_POINT('Ctrl Pts',(246.75,-8.71836039540143,-20.4438243397489));
#5259=CARTESIAN_POINT('Ctrl Pts',(246.75,-8.69982600006264,-20.2580593982269));
#5260=CARTESIAN_POINT('Ctrl Pts',(246.75,-8.68130079151734,-20.0723865333078));
#5261=CARTESIAN_POINT('Ctrl Pts',(246.75,-8.66190651656434,-19.8853795225543));
#5262=CARTESIAN_POINT('Ctrl Pts',(246.75,-8.641563120732,-19.6970077820372));
#5263=CARTESIAN_POINT('Ctrl Pts',(246.75,-8.62121972489964,-19.5086360415199));
#5264=CARTESIAN_POINT('Ctrl Pts',(246.75,-8.59992720818794,-19.3188995712391));
#5265=CARTESIAN_POINT('Ctrl Pts',(246.75,-8.57762631368685,-19.1278155871763));
#5266=CARTESIAN_POINT('Ctrl Pts',(246.75,-8.55532541918585,-18.9367316031145));
#5267=CARTESIAN_POINT('Ctrl Pts',(246.75,-8.53201614689547,-18.7443001052708));
#5268=CARTESIAN_POINT('Ctrl Pts',(246.75,-8.50766003746728,-18.5505861095384));
#5269=CARTESIAN_POINT('Ctrl Pts',(246.75,-8.48330392803903,-18.3568721138057));
#5270=CARTESIAN_POINT('Ctrl Pts',(246.75,-8.45790098147297,-18.1618756201842));
#5271=CARTESIAN_POINT('Ctrl Pts',(246.75,-8.43143353598226,-17.9657094444786));
#5272=CARTESIAN_POINT('Ctrl Pts',(246.75,-8.40496609049148,-17.7695432687723));
#5273=CARTESIAN_POINT('Ctrl Pts',(246.75,-8.37743414607604,-17.5722074109818));
#5274=CARTESIAN_POINT('Ctrl Pts',(246.75,-8.34884083851074,-17.3738624868227));
#5275=CARTESIAN_POINT('Ctrl Pts',(246.75,-8.32024753094541,-17.1755175626633));
#5276=CARTESIAN_POINT('Ctrl Pts',(246.75,-8.29059286023021,-16.9761635721355));
#5277=CARTESIAN_POINT('Ctrl Pts',(246.75,-8.25990075970154,-16.776008930866));
#5278=CARTESIAN_POINT('Ctrl Pts',(246.75,-8.22920865917295,-16.575854289597));
#5279=CARTESIAN_POINT('Ctrl Pts',(246.75,-8.1974791288309,-16.3748989975864));
#5280=CARTESIAN_POINT('Ctrl Pts',(246.75,-8.16475689957339,-16.1733992703725));
#5281=CARTESIAN_POINT('Ctrl Pts',(246.75,-8.13203467031595,-15.971899543159));
#5282=CARTESIAN_POINT('Ctrl Pts',(246.75,-8.09831974214305,-15.7698553807421));
#5283=CARTESIAN_POINT('Ctrl Pts',(246.75,-8.06367764351431,-15.5675707985714));
#5284=CARTESIAN_POINT('Ctrl Pts',(246.75,-8.0290355448854,-15.3652862163997));
#5285=CARTESIAN_POINT('Ctrl Pts',(246.75,-7.99346627580064,-15.1627612144742));
#5286=CARTESIAN_POINT('Ctrl Pts',(246.75,-7.95705616228125,-14.9603476081555));
#5287=CARTESIAN_POINT('Ctrl Pts',(246.75,-7.92064604876204,-14.7579340018379));
#5288=CARTESIAN_POINT('Ctrl Pts',(246.75,-7.8833950908082,-14.5556317911272));
#5289=CARTESIAN_POINT('Ctrl Pts',(246.75,-7.84541041200258,-14.3538405912955));
#5290=CARTESIAN_POINT('Ctrl Pts',(246.75,-7.80742573319681,-14.152049391463));
#5291=CARTESIAN_POINT('Ctrl Pts',(246.75,-7.76870733353925,-13.9507692025095));
#5292=CARTESIAN_POINT('Ctrl Pts',(246.75,-7.72938313417433,-13.7504474396182));
#5293=CARTESIAN_POINT('Ctrl Pts',(246.75,-7.69005893480945,-13.5501256767272));
#5294=CARTESIAN_POINT('Ctrl Pts',(246.75,-7.65012893573723,-13.3507623398985));
#5295=CARTESIAN_POINT('Ctrl Pts',(246.75,-7.60974185566369,-13.1528526442267));
#5296=CARTESIAN_POINT('Ctrl Pts',(246.75,-7.56827899620508,-12.9496712832025));
#5297=CARTESIAN_POINT('Ctrl Pts',(246.75,-7.52633428328141,-12.7480218103709));
#5298=CARTESIAN_POINT('Ctrl Pts',(246.75,-7.48409144076881,-12.5484924825774));
#5299=CARTESIAN_POINT('Ctrl Pts',(246.75,-7.44979353532027,-12.3864901737405));
#5300=CARTESIAN_POINT('Ctrl Pts',(246.75,-7.41530189802363,-12.2258924214708));
#5301=CARTESIAN_POINT('Ctrl Pts',(246.75,-7.38071058460818,-12.0670010886863));
#5302=CARTESIAN_POINT('Ctrl Pts',(246.75,-7.3461192711927,-11.9081097559017));
#5303=CARTESIAN_POINT('Ctrl Pts',(246.75,-7.3114282816584,-11.7509248426022));
#5304=CARTESIAN_POINT('Ctrl Pts',(246.75,-7.27671303381147,-11.5956995290815));
#5305=CARTESIAN_POINT('Ctrl Pts',(246.75,-7.24199778596459,-11.4404742155611));
#5306=CARTESIAN_POINT('Ctrl Pts',(246.75,-7.20725827980509,-11.2872085018194));
#5307=CARTESIAN_POINT('Ctrl Pts',(246.75,-7.17255129521606,-11.1361068855259));
#5308=CARTESIAN_POINT('Ctrl Pts',(246.75,-7.13784431062695,-10.985005269232));
#5309=CARTESIAN_POINT('Ctrl Pts',(246.75,-7.10316984760831,-10.8360677503862));
#5310=CARTESIAN_POINT('Ctrl Pts',(246.75,-7.06856604812018,-10.6894501440336));
#5311=CARTESIAN_POINT('Ctrl Pts',(246.75,-7.03396224863211,-10.5428325376813));
#5312=CARTESIAN_POINT('Ctrl Pts',(246.75,-6.99942911267455,-10.3985348438221));
#5313=CARTESIAN_POINT('Ctrl Pts',(246.75,-6.96498614428442,-10.2566641948767));
#5314=CARTESIAN_POINT('Ctrl Pts',(246.75,-6.93054317589449,-10.1147935459321));
#5315=CARTESIAN_POINT('Ctrl Pts',(246.75,-6.896190375072,-9.97534994190135));
#5316=CARTESIAN_POINT('Ctrl Pts',(246.75,-6.8619286079308,-9.83839183258076));
#5317=CARTESIAN_POINT('Ctrl Pts',(246.75,-6.82672472932159,-9.69766772354111));
#5318=CARTESIAN_POINT('Ctrl Pts',(246.75,-6.7916170510324,-9.55956791687214));
#5319=CARTESIAN_POINT('Ctrl Pts',(246.75,-6.7565860165607,-9.4241022817509));
#5320=CARTESIAN_POINT('Ctrl Pts',(246.75,-6.72249246797431,-9.29226192126934));
#5321=CARTESIAN_POINT('Ctrl Pts',(246.75,-6.68847142928653,-9.16291640351355));
#5322=CARTESIAN_POINT('Ctrl Pts',(246.75,-6.65448597826956,-9.03602547438296));
#5323=CARTESIAN_POINT('Ctrl Pts',(246.75,-6.62050052725257,-8.9091345452523));
#5324=CARTESIAN_POINT('Ctrl Pts',(246.75,-6.58655066390639,-8.78469820474684));
#5325=CARTESIAN_POINT('Ctrl Pts',(246.75,-6.55258082808014,-8.66262751614165));
#5326=CARTESIAN_POINT('Ctrl Pts',(246.75,-6.51861099225391,-8.54055682753653));
#5327=CARTESIAN_POINT('Ctrl Pts',(246.75,-6.48462118394761,-8.42085179083167));
#5328=CARTESIAN_POINT('Ctrl Pts',(246.75,-6.45053720508728,-8.30337478667788));
#5329=CARTESIAN_POINT('Ctrl Pts',(246.75,-6.41645322622693,-8.18589778252402));
#5330=CARTESIAN_POINT('Ctrl Pts',(246.75,-6.38227507681256,-8.07064881092124));
#5331=CARTESIAN_POINT('Ctrl Pts',(246.75,-6.34790992084711,-7.95744156989596));
#5332=CARTESIAN_POINT('Ctrl Pts',(246.75,-6.3135447648817,-7.84423432887083));
#5333=CARTESIAN_POINT('Ctrl Pts',(246.75,-6.27899260236521,-7.73306881842322));
#5334=CARTESIAN_POINT('Ctrl Pts',(246.75,-6.24414195937753,-7.62371005395529));
#5335=CARTESIAN_POINT('Ctrl Pts',(246.75,-6.20929131638987,-7.51435128948743));
#5336=CARTESIAN_POINT('Ctrl Pts',(246.75,-6.174142192931,-7.40679927099924));
#5337=CARTESIAN_POINT('Ctrl Pts',(246.75,-6.13856447715773,-7.30077033126859));
#5338=CARTESIAN_POINT('Ctrl Pts',(246.75,-6.10298676138442,-7.1947413915378));
#5339=CARTESIAN_POINT('Ctrl Pts',(246.75,-6.06698045329669,-7.09023553056453));
#5340=CARTESIAN_POINT('Ctrl Pts',(246.75,-6.03039680312826,-6.98692039850235));
#5341=CARTESIAN_POINT('Ctrl Pts',(246.75,-5.99381315295985,-6.8836052664402));
#5342=CARTESIAN_POINT('Ctrl Pts',(246.75,-5.95665216071075,-6.78148086328914));
#5343=CARTESIAN_POINT('Ctrl Pts',(246.75,-5.91874643869156,-6.68016615657837));
#5344=CARTESIAN_POINT('Ctrl Pts',(246.75,-5.88067849297302,-6.57841785711044));
#5345=CARTESIAN_POINT('Ctrl Pts',(246.75,-5.84185944289679,-6.47748623446488));
#5346=CARTESIAN_POINT('Ctrl Pts',(246.75,-5.80210082383758,-6.37693592727897));
#5347=CARTESIAN_POINT('Ctrl Pts',(246.75,-5.76658063691521,-6.28710469594203));
#5348=CARTESIAN_POINT('Ctrl Pts',(246.75,-5.73030877862552,-6.197570517243));
#5349=CARTESIAN_POINT('Ctrl Pts',(246.75,-5.69314561185179,-6.10802303131994));
#5350=CARTESIAN_POINT('Ctrl Pts',(246.75,-5.65616566560399,-6.01891702923403));
#5351=CARTESIAN_POINT('Ctrl Pts',(246.75,-5.61830317702754,-5.92979786528291));
#5352=CARTESIAN_POINT('Ctrl Pts',(246.75,-5.5794273317191,-5.84041147539106));
#5353=CARTESIAN_POINT('Ctrl Pts',(246.75,-5.54055148641069,-5.75102508549927));
#5354=CARTESIAN_POINT('Ctrl Pts',(246.75,-5.5006622843703,-5.66137146966675));
#5355=CARTESIAN_POINT('Ctrl Pts',(246.75,-5.45963568157699,-5.57124825068294));
#5356=CARTESIAN_POINT('Ctrl Pts',(246.75,-5.41860907878368,-5.48112503169912));
#5357=CARTESIAN_POINT('Ctrl Pts',(246.75,-5.37644507523744,-5.39053220956401));
#5358=CARTESIAN_POINT('Ctrl Pts',(246.75,-5.33302639729974,-5.29931909393199));
#5359=CARTESIAN_POINT('Ctrl Pts',(246.75,-5.28960771936204,-5.20810597829998));
#5360=CARTESIAN_POINT('Ctrl Pts',(246.75,-5.24493436703287,-5.11627256917104));
#5361=CARTESIAN_POINT('Ctrl Pts',(246.75,-5.19889583705607,-5.02371986306456));
#5362=CARTESIAN_POINT('Ctrl Pts',(246.75,-5.15285730707913,-4.93116715695781));
#5363=CARTESIAN_POINT('Ctrl Pts',(246.75,-5.10545359945457,-4.83789515387353));
#5364=CARTESIAN_POINT('Ctrl Pts',(246.75,-5.05658098130857,-4.74385653719595));
#5365=CARTESIAN_POINT('Ctrl Pts',(246.75,-5.00770836316266,-4.64981792051854));
#5366=CARTESIAN_POINT('Ctrl Pts',(246.75,-4.95736683449532,-4.55501269024785));
#5367=CARTESIAN_POINT('Ctrl Pts',(246.75,-4.90545943281518,-4.45944521663317));
#5368=CARTESIAN_POINT('Ctrl Pts',(246.75,-4.85355203113489,-4.36387774301823));
#5369=CARTESIAN_POINT('Ctrl Pts',(246.75,-4.8000787564418,-4.2675480260593));
#5370=CARTESIAN_POINT('Ctrl Pts',(246.75,-4.74494941662687,-4.17051212287054));
#5371=CARTESIAN_POINT('Ctrl Pts',(246.75,-4.68982007681224,-4.07347621968233));
#5372=CARTESIAN_POINT('Ctrl Pts',(246.75,-4.63303467187578,-3.97573413026429));
#5373=CARTESIAN_POINT('Ctrl Pts',(246.75,-4.5745097800909,-3.87739359859565));
#5374=CARTESIAN_POINT('Ctrl Pts',(246.75,-4.51383878166591,-3.77544692154903));
#5375=CARTESIAN_POINT('Ctrl Pts',(246.75,-4.45129833814476,-3.67285676209316));
#5376=CARTESIAN_POINT('Ctrl Pts',(246.75,-4.38680319107521,-3.56980179686735));
#5377=CARTESIAN_POINT('Ctrl Pts',(246.75,-4.32458942171438,-3.47039218034018));
#5378=CARTESIAN_POINT('Ctrl Pts',(246.75,-4.26055683204448,-3.37055038116194));
#5379=CARTESIAN_POINT('Ctrl Pts',(246.75,-4.19463578937347,-3.27048941239806));
#5380=CARTESIAN_POINT('Ctrl Pts',(246.75,-4.12871474670245,-3.17042844363416));
#5381=CARTESIAN_POINT('Ctrl Pts',(246.75,-4.06090525103032,-3.07014830528462));
#5382=CARTESIAN_POINT('Ctrl Pts',(246.75,-3.99114444004738,-2.96991369727978));
#5383=CARTESIAN_POINT('Ctrl Pts',(246.75,-3.92138362906446,-2.86967908927497));
#5384=CARTESIAN_POINT('Ctrl Pts',(246.75,-3.84967150277075,-2.76949001161488));
#5385=CARTESIAN_POINT('Ctrl Pts',(246.75,-3.77595196923895,-2.6696628510948));
#5386=CARTESIAN_POINT('Ctrl Pts',(246.75,-3.70223243570714,-2.56983569057471));
#5387=CARTESIAN_POINT('Ctrl Pts',(246.75,-3.62650549493723,-2.47037044719464));
#5388=CARTESIAN_POINT('Ctrl Pts',(246.75,-3.54872182538434,-2.37163519461487));
#5389=CARTESIAN_POINT('Ctrl Pts',(246.75,-3.47093815583144,-2.2728999420351));
#5390=CARTESIAN_POINT('Ctrl Pts',(246.75,-3.39109775749556,-2.17489468025564));
#5391=CARTESIAN_POINT('Ctrl Pts',(246.75,-3.30915807921415,-2.07803916980168));
#5392=CARTESIAN_POINT('Ctrl Pts',(246.75,-3.22721840093264,-1.98118365934761));
#5393=CARTESIAN_POINT('Ctrl Pts',(246.75,-3.14317944270559,-1.88547790021904));
#5394=CARTESIAN_POINT('Ctrl Pts',(246.75,-3.0570054237529,-1.7913933398062));
#5395=CARTESIAN_POINT('Ctrl Pts',(246.75,-2.97083140480059,-1.69730877939378));
#5396=CARTESIAN_POINT('Ctrl Pts',(246.75,-2.88252232512266,-1.60484541769707));
#5397=CARTESIAN_POINT('Ctrl Pts',(246.75,-2.79204917432133,-1.51452638897117));
#5398=CARTESIAN_POINT('Ctrl Pts',(246.75,-2.70157602351943,-1.4242073602447));
#5399=CARTESIAN_POINT('Ctrl Pts',(246.75,-2.6089388015941,-1.33603266448908));
#5400=CARTESIAN_POINT('Ctrl Pts',(246.75,-2.51411526853001,-1.25057712282443));
#5401=CARTESIAN_POINT('Ctrl Pts',(246.75,-2.42322301700672,-1.16866447586798));
#5402=CARTESIAN_POINT('Ctrl Pts',(246.75,-2.3303215259372,-1.08925452698598));
#5403=CARTESIAN_POINT('Ctrl Pts',(246.75,-2.235398934506,-1.01288285167411));
#5404=CARTESIAN_POINT('Ctrl Pts',(246.75,-2.14507915372042,-0.940214450312615));
#5405=CARTESIAN_POINT('Ctrl Pts',(246.75,-2.05292947650092,-0.870297865540824));
#5406=CARTESIAN_POINT('Ctrl Pts',(246.75,-1.95895474905694,-0.803548234732795));
#5407=CARTESIAN_POINT('Ctrl Pts',(246.75,-1.86498002161239,-0.736798603924365));
#5408=CARTESIAN_POINT('Ctrl Pts',(246.75,-1.76918024394333,-0.673215927079732));
#5409=CARTESIAN_POINT('Ctrl Pts',(246.75,-1.67157553887525,-0.613165501879069));
#5410=CARTESIAN_POINT('Ctrl Pts',(246.75,-1.57397083380707,-0.55311507667834));
#5411=CARTESIAN_POINT('Ctrl Pts',(246.75,-1.47456120133987,-0.496596903121593));
#5412=CARTESIAN_POINT('Ctrl Pts',(246.75,-1.37338204091508,-0.443926439195045));
#5413=CARTESIAN_POINT('Ctrl Pts',(246.75,-1.27220288049099,-0.391255975268855));
#5414=CARTESIAN_POINT('Ctrl Pts',(246.75,-1.16925419210934,-0.342433220972812));
#5415=CARTESIAN_POINT('Ctrl Pts',(246.75,-1.06458665182766,-0.297723794599254));
#5416=CARTESIAN_POINT('Ctrl Pts',(246.75,-0.95991911154522,-0.253014368225373));
#5417=CARTESIAN_POINT('Ctrl Pts',(246.75,-0.853532719362746,-0.21241826977404));
#5418=CARTESIAN_POINT('Ctrl Pts',(246.75,-0.745493427953654,-0.176151277843627));
#5419=CARTESIAN_POINT('Ctrl Pts',(246.75,-0.637454136547081,-0.13988428591406));
#5420=CARTESIAN_POINT('Ctrl Pts',(246.75,-0.527761945913969,-0.107946400505216));
#5421=CARTESIAN_POINT('Ctrl Pts',(246.75,-0.416498085343889,-0.0805035605215886));
#5422=CARTESIAN_POINT('Ctrl Pts',(246.75,-0.305234224770907,-0.0530607205372452));
#5423=CARTESIAN_POINT('Ctrl Pts',(246.75,-0.192398694260897,-0.0301129259783527));
#5424=CARTESIAN_POINT('Ctrl Pts',(246.75,-0.0780879997192594,-0.0117762760554532));
#5425=CARTESIAN_POINT('Ctrl Pts',(246.75,-0.0521342355739792,-0.00761301653523253));
#5426=CARTESIAN_POINT('Ctrl Pts',(246.75,-0.0261044892611814,-0.00368725753113522));
#5427=CARTESIAN_POINT('Ctrl Pts',(246.75,8.88178419700125E-16,-2.64233079860787E-14));
#5428=CARTESIAN_POINT('Origin',(488.25,0.,-330.004282463138));
#5429=CARTESIAN_POINT('',(488.25,32.2453042268182,-100.));
#5430=CARTESIAN_POINT('',(488.25,1.24734843001421,0.));
#5431=CARTESIAN_POINT('Ctrl Pts',(488.25,32.2453042268182,-99.9999999999999));
#5432=CARTESIAN_POINT('Ctrl Pts',(488.25,32.1082280043185,-96.1726966461072));
#5433=CARTESIAN_POINT('Ctrl Pts',(488.25,31.8904894394918,-91.0811675030265));
#5434=CARTESIAN_POINT('Ctrl Pts',(488.25,31.1617116551687,-83.597022613948));
#5435=CARTESIAN_POINT('Ctrl Pts',(488.25,30.8133327291925,-80.0193636698996));
#5436=CARTESIAN_POINT('Ctrl Pts',(488.25,30.3566211619594,-75.8944155189056));
#5437=CARTESIAN_POINT('Ctrl Pts',(488.25,29.7363490304091,-71.0988283494266));
#5438=CARTESIAN_POINT('Ctrl Pts',(488.25,28.9182513893643,-64.7737681843508));
#5439=CARTESIAN_POINT('Ctrl Pts',(488.25,27.8500720063644,-57.2132855944339));
#5440=CARTESIAN_POINT('Ctrl Pts',(488.25,25.5008690359937,-47.151481510822));
#5441=CARTESIAN_POINT('Ctrl Pts',(488.25,25.037656055582,-45.1675072367079));
#5442=CARTESIAN_POINT('Ctrl Pts',(488.25,24.5268542197138,-43.0857447490233));
#5443=CARTESIAN_POINT('Ctrl Pts',(488.25,23.9578955360451,-40.8970797118068));
#5444=CARTESIAN_POINT('Ctrl Pts',(488.25,23.6038399497705,-39.5351019352946));
#5445=CARTESIAN_POINT('Ctrl Pts',(488.25,23.2260761883236,-38.1319204786369));
#5446=CARTESIAN_POINT('Ctrl Pts',(488.25,22.8626251271759,-36.8323719010091));
#5447=CARTESIAN_POINT('Ctrl Pts',(488.25,20.8779510546739,-29.7360097117498));
#5448=CARTESIAN_POINT('Ctrl Pts',(488.25,19.0129245935051,-24.70562449996));
#5449=CARTESIAN_POINT('Ctrl Pts',(488.25,18.2438753819992,-22.6646995435411));
#5450=CARTESIAN_POINT('Ctrl Pts',(488.25,18.0944072839658,-22.2680367982957));
#5451=CARTESIAN_POINT('Ctrl Pts',(488.25,17.9495892948966,-21.8908656363896));
#5452=CARTESIAN_POINT('Ctrl Pts',(488.25,17.8041549832915,-21.5197901649257));
#5453=CARTESIAN_POINT('Ctrl Pts',(488.25,16.7544305197379,-18.8414194563803));
#5454=CARTESIAN_POINT('Ctrl Pts',(488.25,15.7422827444529,-16.6638288429445));
#5455=CARTESIAN_POINT('Ctrl Pts',(488.25,14.3168515745695,-13.94251095258));
#5456=CARTESIAN_POINT('Ctrl Pts',(488.25,14.0472174919858,-13.4277473720648));
#5457=CARTESIAN_POINT('Ctrl Pts',(488.25,13.7623671786612,-12.8937470929042));
#5458=CARTESIAN_POINT('Ctrl Pts',(488.25,13.4593225645488,-12.3334132421598));
#5459=CARTESIAN_POINT('Ctrl Pts',(488.25,13.2174260612891,-11.8861431279883));
#5460=CARTESIAN_POINT('Ctrl Pts',(488.25,12.9207205573209,-11.3422500314691));
#5461=CARTESIAN_POINT('Ctrl Pts',(488.25,12.5955478775491,-10.7522940057057));
#5462=CARTESIAN_POINT('Ctrl Pts',(488.25,11.8850264697959,-9.46320543211463));
#5463=CARTESIAN_POINT('Ctrl Pts',(488.25,11.0572565603864,-7.98224036051305));
#5464=CARTESIAN_POINT('Ctrl Pts',(488.25,10.4573254962393,-7.05541000525044));
#5465=CARTESIAN_POINT('Ctrl Pts',(488.25,10.3459810946199,-6.88339462302307));
#5466=CARTESIAN_POINT('Ctrl Pts',(488.25,10.2038710553112,-6.66629936392434));
#5467=CARTESIAN_POINT('Ctrl Pts',(488.25,9.98942749971711,-6.36663328266643));
#5468=CARTESIAN_POINT('Ctrl Pts',(488.25,9.51893118555784,-5.70915590443617));
#5469=CARTESIAN_POINT('Ctrl Pts',(488.25,8.73842118072197,-4.74795659349393));
#5470=CARTESIAN_POINT('Ctrl Pts',(488.25,7.57594828339883,-3.67054681690728));
#5471=CARTESIAN_POINT('Ctrl Pts',(488.25,7.30908636062601,-3.42321232398601));
#5472=CARTESIAN_POINT('Ctrl Pts',(488.25,7.02243179548047,-3.16933997565231));
#5473=CARTESIAN_POINT('Ctrl Pts',(488.25,6.71471315897701,-2.91149913887815));
#5474=CARTESIAN_POINT('Ctrl Pts',(488.25,6.41844202384338,-2.66325028966024));
#5475=CARTESIAN_POINT('Ctrl Pts',(488.25,6.03439473065568,-2.35334263984251));
#5476=CARTESIAN_POINT('Ctrl Pts',(488.25,5.57030744132938,-2.01538254091973));
#5477=CARTESIAN_POINT('Ctrl Pts',(488.25,4.52269468481204,-1.25248444185882));
#5478=CARTESIAN_POINT('Ctrl Pts',(488.25,3.14406510473899,-0.389020425448718));
#5479=CARTESIAN_POINT('Ctrl Pts',(488.25,1.69127564956827,-0.0770299079907216));
#5480=CARTESIAN_POINT('Ctrl Pts',(488.25,1.54428441611339,-0.0454631377170579));
#5481=CARTESIAN_POINT('Ctrl Pts',(488.25,1.39622231355216,-0.0195365687943809));
#5482=CARTESIAN_POINT('Ctrl Pts',(488.25,1.24734843001421,9.54097911787244E-16));
#5483=CARTESIAN_POINT('',(488.25,22.8389322104712,-100.));
#5484=CARTESIAN_POINT('',(488.25,0.,-100.));
#5485=CARTESIAN_POINT('',(488.25,22.8389322104712,-92.3750000000002));
#5486=CARTESIAN_POINT('',(488.25,22.8389322104712,-221.314641231569));
#5487=CARTESIAN_POINT('',(488.25,2.58893221047123,-92.3750000000002));
#5488=CARTESIAN_POINT('',(488.25,11.4194661052357,-92.3750000000002));
#5489=CARTESIAN_POINT('',(488.25,2.58893221047123,-100.));
#5490=CARTESIAN_POINT('',(488.25,2.58893221047116,-211.189641231569));
#5491=CARTESIAN_POINT('',(488.25,-7.41106778952877,-100.));
#5492=CARTESIAN_POINT('',(488.25,0.,-100.));
#5493=CARTESIAN_POINT('',(488.25,1.89992621037504E-13,0.));
#5494=CARTESIAN_POINT('Ctrl Pts',(488.25,9.27578014398023E-11,1.30753186056154E-11));
#5495=CARTESIAN_POINT('Ctrl Pts',(488.25,-0.114974547776382,-0.0162401479249611));
#5496=CARTESIAN_POINT('Ctrl Pts',(488.25,-0.228497970874471,-0.0371108577782576));
#5497=CARTESIAN_POINT('Ctrl Pts',(488.25,-0.340470294804356,-0.0625073462299035));
#5498=CARTESIAN_POINT('Ctrl Pts',(488.25,-0.45244261873388,-0.0879038346814676));
#5499=CARTESIAN_POINT('Ctrl Pts',(488.25,-0.562863843495206,-0.117826101731351));
#5500=CARTESIAN_POINT('Ctrl Pts',(488.25,-0.671649271307182,-0.152119524368723));
#5501=CARTESIAN_POINT('Ctrl Pts',(488.25,-0.780434699118808,-0.186412947005985));
#5502=CARTESIAN_POINT('Ctrl Pts',(488.25,-0.887584329981096,-0.225077525230709));
#5503=CARTESIAN_POINT('Ctrl Pts',(488.25,-0.993028742728901,-0.267908796338147));
#5504=CARTESIAN_POINT('Ctrl Pts',(488.25,-1.09847315547698,-0.310740067445694));
#5505=CARTESIAN_POINT('Ctrl Pts',(488.25,-1.20221235011057,-0.357738031435981));
#5506=CARTESIAN_POINT('Ctrl Pts',(488.25,-1.30419218208054,-0.408648385910335));
#5507=CARTESIAN_POINT('Ctrl Pts',(488.25,-1.40617201405024,-0.459558740384558));
#5508=CARTESIAN_POINT('Ctrl Pts',(488.25,-1.50639248335632,-0.514381485342831));
#5509=CARTESIAN_POINT('Ctrl Pts',(488.25,-1.60481472206567,-0.57281247869257));
#5510=CARTESIAN_POINT('Ctrl Pts',(488.25,-1.70323696077534,-0.631243472042498));
#5511=CARTESIAN_POINT('Ctrl Pts',(488.25,-1.79986096888825,-0.693282713783916));
#5512=CARTESIAN_POINT('Ctrl Pts',(488.25,-1.8946631550873,-0.758576222130322));
#5513=CARTESIAN_POINT('Ctrl Pts',(488.25,-1.98946534128653,-0.823869730476854));
#5514=CARTESIAN_POINT('Ctrl Pts',(488.25,-2.08244570557191,-0.892417505428394));
#5515=CARTESIAN_POINT('Ctrl Pts',(488.25,-2.17359593324229,-0.963815725504503));
#5516=CARTESIAN_POINT('Ctrl Pts',(488.25,-2.2717304843339,-1.04068478502288));
#5517=CARTESIAN_POINT('Ctrl Pts',(488.25,-2.36774349047941,-1.12085831405151));
#5518=CARTESIAN_POINT('Ctrl Pts',(488.25,-2.46164425009813,-1.20376875919214));
#5519=CARTESIAN_POINT('Ctrl Pts',(488.25,-2.5572713325113,-1.28820347518984));
#5520=CARTESIAN_POINT('Ctrl Pts',(488.25,-2.65070875485817,-1.37546854324558));
#5521=CARTESIAN_POINT('Ctrl Pts',(488.25,-2.74197751361475,-1.46497964873579));
#5522=CARTESIAN_POINT('Ctrl Pts',(488.25,-2.83324627237117,-1.55449075422584));
#5523=CARTESIAN_POINT('Ctrl Pts',(488.25,-2.92234636753734,-1.64624789715037));
#5524=CARTESIAN_POINT('Ctrl Pts',(488.25,-3.00930556597167,-1.73971844975079));
#5525=CARTESIAN_POINT('Ctrl Pts',(488.25,-3.09626476440606,-1.83318900235125));
#5526=CARTESIAN_POINT('Ctrl Pts',(488.25,-3.18108306610862,-1.9283729646276));
#5527=CARTESIAN_POINT('Ctrl Pts',(488.25,-3.26379500832017,-2.0247893956862));
#5528=CARTESIAN_POINT('Ctrl Pts',(488.25,-3.34650695053168,-2.12120582674474));
#5529=CARTESIAN_POINT('Ctrl Pts',(488.25,-3.42711253325219,-2.21885472658553));
#5530=CARTESIAN_POINT('Ctrl Pts',(488.25,-3.50565306410489,-2.31730684117988));
#5531=CARTESIAN_POINT('Ctrl Pts',(488.25,-3.5841935949576,-2.41575895577424));
#5532=CARTESIAN_POINT('Ctrl Pts',(488.25,-3.66066907394251,-2.51501428512216));
#5533=CARTESIAN_POINT('Ctrl Pts',(488.25,-3.73512757906521,-2.61469526205992));
#5534=CARTESIAN_POINT('Ctrl Pts',(488.25,-3.80958608418796,-2.71437623899774));
#5535=CARTESIAN_POINT('Ctrl Pts',(488.25,-3.88202761544849,-2.81448286352539));
#5536=CARTESIAN_POINT('Ctrl Pts',(488.25,-3.95250702123481,-2.91468925534412));
#5537=CARTESIAN_POINT('Ctrl Pts',(488.25,-4.02298642702107,-3.01489564716279));
#5538=CARTESIAN_POINT('Ctrl Pts',(488.25,-4.09150370733312,-3.11520180627254));
#5539=CARTESIAN_POINT('Ctrl Pts',(488.25,-4.1581204809413,-3.21533353923953));
#5540=CARTESIAN_POINT('Ctrl Pts',(488.25,-4.22473725454955,-3.31546527220665));
#5541=CARTESIAN_POINT('Ctrl Pts',(488.25,-4.28945352145393,-3.41542257903101));
#5542=CARTESIAN_POINT('Ctrl Pts',(488.25,-4.3523376708072,-3.51498295314377));
#5543=CARTESIAN_POINT('Ctrl Pts',(488.25,-4.41522182016043,-3.61454332725648));
#5544=CARTESIAN_POINT('Ctrl Pts',(488.25,-4.47627385196254,-3.71370676865757));
#5545=CARTESIAN_POINT('Ctrl Pts',(488.25,-4.53556892574868,-3.81230245764316));
#5546=CARTESIAN_POINT('Ctrl Pts',(488.25,-4.59486399953474,-3.91089814662864));
#5547=CARTESIAN_POINT('Ctrl Pts',(488.25,-4.65240211530483,-4.00892608319862));
#5548=CARTESIAN_POINT('Ctrl Pts',(488.25,-4.70826520297645,-4.10626713451414));
#5549=CARTESIAN_POINT('Ctrl Pts',(488.25,-4.76412829064814,-4.20360818582976));
#5550=CARTESIAN_POINT('Ctrl Pts',(488.25,-4.81831635022137,-4.30026235189093));
#5551=CARTESIAN_POINT('Ctrl Pts',(488.25,-4.87091808199604,-4.39616218672365));
#5552=CARTESIAN_POINT('Ctrl Pts',(488.25,-4.92351981377068,-4.49206202155631));
#5553=CARTESIAN_POINT('Ctrl Pts',(488.25,-4.97453521774676,-4.58720752516053));
#5554=CARTESIAN_POINT('Ctrl Pts',(488.25,-5.02405976460658,-4.68158293842725));
#5555=CARTESIAN_POINT('Ctrl Pts',(488.25,-5.07358431146646,-4.77595835169409));
#5556=CARTESIAN_POINT('Ctrl Pts',(488.25,-5.12161800121006,-4.86956367462343));
#5557=CARTESIAN_POINT('Ctrl Pts',(488.25,-5.16826307490208,-4.9624348349712));
#5558=CARTESIAN_POINT('Ctrl Pts',(488.25,-5.21490814859405,-5.05530599531887));
#5559=CARTESIAN_POINT('Ctrl Pts',(488.25,-5.26016460623443,-5.14744299308496));
#5560=CARTESIAN_POINT('Ctrl Pts',(488.25,-5.30414145927028,-5.23893344289036));
#5561=CARTESIAN_POINT('Ctrl Pts',(488.25,-5.34811831230611,-5.3304238926957));
#5562=CARTESIAN_POINT('Ctrl Pts',(488.25,-5.39081556073741,-5.42126779454036));
#5563=CARTESIAN_POINT('Ctrl Pts',(488.25,-5.43234898639364,-5.51160444991014));
#5564=CARTESIAN_POINT('Ctrl Pts',(488.25,-5.47388241204989,-5.60194110527997));
#5565=CARTESIAN_POINT('Ctrl Pts',(488.25,-5.51425201493106,-5.69177051417493));
#5566=CARTESIAN_POINT('Ctrl Pts',(488.25,-5.55358034724899,-5.78128366494581));
#5567=CARTESIAN_POINT('Ctrl Pts',(488.25,-5.59290867956694,-5.87079681571673));
#5568=CARTESIAN_POINT('Ctrl Pts',(488.25,-5.63119574132163,-5.95999370836354));
#5569=CARTESIAN_POINT('Ctrl Pts',(488.25,-5.66857085510731,-6.04911701810203));
#5570=CARTESIAN_POINT('Ctrl Pts',(488.25,-5.70598651498813,-6.13833701255475));
#5571=CARTESIAN_POINT('Ctrl Pts',(488.25,-5.74248824596021,-6.22748325499018));
#5572=CARTESIAN_POINT('Ctrl Pts',(488.25,-5.77821258808331,-6.31685109466509));
#5573=CARTESIAN_POINT('Ctrl Pts',(488.25,-5.81871456509313,-6.41817064242489));
#5574=CARTESIAN_POINT('Ctrl Pts',(488.25,-5.85821953513153,-6.51978419306748));
#5575=CARTESIAN_POINT('Ctrl Pts',(488.25,-5.89692484226069,-6.62214869136659));
#5576=CARTESIAN_POINT('Ctrl Pts',(488.25,-5.93512238884785,-6.7231703078494));
#5577=CARTESIAN_POINT('Ctrl Pts',(488.25,-5.97254108530457,-6.82492323869732));
#5578=CARTESIAN_POINT('Ctrl Pts',(488.25,-6.00935188220579,-6.92779782270877));
#5579=CARTESIAN_POINT('Ctrl Pts',(488.25,-6.04616267910707,-7.03067240672039));
#5580=CARTESIAN_POINT('Ctrl Pts',(488.25,-6.08236557645286,-7.13466864389557));
#5581=CARTESIAN_POINT('Ctrl Pts',(488.25,-6.11811288689498,-7.24012819040841));
#5582=CARTESIAN_POINT('Ctrl Pts',(488.25,-6.15386019733708,-7.34558773692114));
#5583=CARTESIAN_POINT('Ctrl Pts',(488.25,-6.18915192087552,-7.45251059277154));
#5584=CARTESIAN_POINT('Ctrl Pts',(488.25,-6.22412173223909,-7.56118973150943));
#5585=CARTESIAN_POINT('Ctrl Pts',(488.25,-6.25909154360275,-7.66986887024761));
#5586=CARTESIAN_POINT('Ctrl Pts',(488.25,-6.29373944279152,-7.78030429187325));
#5587=CARTESIAN_POINT('Ctrl Pts',(488.25,-6.32818046661111,-7.89274028731195));
#5588=CARTESIAN_POINT('Ctrl Pts',(488.25,-6.36262149043046,-8.00517628274987));
#5589=CARTESIAN_POINT('Ctrl Pts',(488.25,-6.39685563888064,-8.11961285200081));
#5590=CARTESIAN_POINT('Ctrl Pts',(488.25,-6.43097931084423,-8.23624560336591));
#5591=CARTESIAN_POINT('Ctrl Pts',(488.25,-6.46510298280808,-8.35287835473192));
#5592=CARTESIAN_POINT('Ctrl Pts',(488.25,-6.49911617828535,-8.47170728821213));
#5593=CARTESIAN_POINT('Ctrl Pts',(488.25,-6.53309665823556,-8.59287932948347));
#5594=CARTESIAN_POINT('Ctrl Pts',(488.25,-6.56707713818545,-8.71405137075366));
#5595=CARTESIAN_POINT('Ctrl Pts',(488.25,-6.60102490260828,-8.83756651981493));
#5596=CARTESIAN_POINT('Ctrl Pts',(488.25,-6.63499907454049,-8.96352301971983));
#5597=CARTESIAN_POINT('Ctrl Pts',(488.25,-6.66897324647304,-9.08947951962598));
#5598=CARTESIAN_POINT('Ctrl Pts',(488.25,-6.70297382591497,-9.21787737037583));
#5599=CARTESIAN_POINT('Ctrl Pts',(488.25,-6.73704129797964,-9.34876613239763));
#5600=CARTESIAN_POINT('Ctrl Pts',(488.25,-6.77110877004418,-9.47965489441895));
#5601=CARTESIAN_POINT('Ctrl Pts',(488.25,-6.80524313473145,-9.6130345677122));
#5602=CARTESIAN_POINT('Ctrl Pts',(488.25,-6.83946623923174,-9.74890603008135));
#5603=CARTESIAN_POINT('Ctrl Pts',(488.25,-6.87368934373216,-9.884777492451));
#5604=CARTESIAN_POINT('Ctrl Pts',(488.25,-6.90800118804558,-10.0231407438965));
#5605=CARTESIAN_POINT('Ctrl Pts',(488.25,-6.94240498143922,-10.1639479795977));
#5606=CARTESIAN_POINT('Ctrl Pts',(488.25,-6.97680877483253,-10.3047552152975));
#5607=CARTESIAN_POINT('Ctrl Pts',(488.25,-7.01130451730606,-10.4480064352529));
#5608=CARTESIAN_POINT('Ctrl Pts',(488.25,-7.04587678020389,-10.593605152019));
#5609=CARTESIAN_POINT('Ctrl Pts',(488.25,-7.08044904310203,-10.7392038687865));
#5610=CARTESIAN_POINT('Ctrl Pts',(488.25,-7.11509782642448,-10.8871500823648));
#5611=CARTESIAN_POINT('Ctrl Pts',(488.25,-7.14978906359227,-11.0372986226851));
#5612=CARTESIAN_POINT('Ctrl Pts',(488.25,-7.18448030075998,-11.187447163005));
#5613=CARTESIAN_POINT('Ctrl Pts',(488.25,-7.21921399177302,-11.3397980300668));
#5614=CARTESIAN_POINT('Ctrl Pts',(488.25,-7.25393743212935,-11.4941573711773));
#5615=CARTESIAN_POINT('Ctrl Pts',(488.25,-7.2886608724856,-11.6485167122873));
#5616=CARTESIAN_POINT('Ctrl Pts',(488.25,-7.32337406218513,-11.804884527446));
#5617=CARTESIAN_POINT('Ctrl Pts',(488.25,-7.35800565880281,-11.9630182813357));
#5618=CARTESIAN_POINT('Ctrl Pts',(488.25,-7.39265697300654,-12.1212420690731));
#5619=CARTESIAN_POINT('Ctrl Pts',(488.25,-7.42722660296263,-12.2812338116235));
#5620=CARTESIAN_POINT('Ctrl Pts',(488.25,-7.46162440922888,-12.4427017794622));
#5621=CARTESIAN_POINT('Ctrl Pts',(488.25,-7.50406989508693,-12.6419466467765));
#5622=CARTESIAN_POINT('Ctrl Pts',(488.25,-7.54625051956642,-12.8434313419778));
#5623=CARTESIAN_POINT('Ctrl Pts',(488.25,-7.58797765516437,-13.0465552258454));
#5624=CARTESIAN_POINT('Ctrl Pts',(488.25,-7.62852284657454,-13.2439255133901));
#5625=CARTESIAN_POINT('Ctrl Pts',(488.25,-7.66863981703274,-13.4428432747377));
#5626=CARTESIAN_POINT('Ctrl Pts',(488.25,-7.70817611934367,-13.6428047254496));
#5627=CARTESIAN_POINT('Ctrl Pts',(488.25,-7.74771242165457,-13.8427661761614));
#5628=CARTESIAN_POINT('Ctrl Pts',(488.25,-7.7866680558182,-14.0437713162375));
#5629=CARTESIAN_POINT('Ctrl Pts',(488.25,-7.82491137220088,-14.245364161151));
#5630=CARTESIAN_POINT('Ctrl Pts',(488.25,-7.86315468858354,-14.4469570060643));
#5631=CARTESIAN_POINT('Ctrl Pts',(488.25,-7.90068568718524,-14.6491375558149));
#5632=CARTESIAN_POINT('Ctrl Pts',(488.25,-7.93739351593393,-14.851497625787));
#5633=CARTESIAN_POINT('Ctrl Pts',(488.25,-7.97410134468267,-15.0538576957593));
#5634=CARTESIAN_POINT('Ctrl Pts',(488.25,-8.00998600357838,-15.2563972859531));
#5635=CARTESIAN_POINT('Ctrl Pts',(488.25,-8.04495743811061,-15.4587560116639));
#5636=CARTESIAN_POINT('Ctrl Pts',(488.25,-8.0799288726428,-15.6611147373745));
#5637=CARTESIAN_POINT('Ctrl Pts',(488.25,-8.11398708281152,-15.863292598602));
#5638=CARTESIAN_POINT('Ctrl Pts',(488.25,-8.14706281166789,-16.0649770105532));
#5639=CARTESIAN_POINT('Ctrl Pts',(488.25,-8.18013854052427,-16.2666614225044));
#5640=CARTESIAN_POINT('Ctrl Pts',(488.25,-8.2122317880683,-16.4678523851792));
#5641=CARTESIAN_POINT('Ctrl Pts',(488.25,-8.24329409491275,-16.6682851136958));
#5642=CARTESIAN_POINT('Ctrl Pts',(488.25,-8.27435640175721,-16.8687178422124));
#5643=CARTESIAN_POINT('Ctrl Pts',(488.25,-8.3043877679021,-17.0683923365707));
#5644=CARTESIAN_POINT('Ctrl Pts',(488.25,-8.33336053152175,-17.2670916117999));
#5645=CARTESIAN_POINT('Ctrl Pts',(488.25,-8.36233329514145,-17.4657908870295));
#5646=CARTESIAN_POINT('Ctrl Pts',(488.25,-8.39024745623592,-17.6635149431299));
#5647=CARTESIAN_POINT('Ctrl Pts',(488.25,-8.41709615054114,-17.8600945950419));
#5648=CARTESIAN_POINT('Ctrl Pts',(488.25,-8.4439448448463,-18.0566742469533));
#5649=CARTESIAN_POINT('Ctrl Pts',(488.25,-8.4697280723622,-18.2521094946763));
#5650=CARTESIAN_POINT('Ctrl Pts',(488.25,-8.49445976638643,-18.4462789530625));
#5651=CARTESIAN_POINT('Ctrl Pts',(488.25,-8.51919146041072,-18.6404484114492));
#5652=CARTESIAN_POINT('Ctrl Pts',(488.25,-8.54287162094334,-18.8333520804992));
#5653=CARTESIAN_POINT('Ctrl Pts',(488.25,-8.56553497884347,-19.0249163749755));
#5654=CARTESIAN_POINT('Ctrl Pts',(488.25,-8.58819833674355,-19.2164806694514));
#5655=CARTESIAN_POINT('Ctrl Pts',(488.25,-8.60984489201116,-19.4067055893538));
#5656=CARTESIAN_POINT('Ctrl Pts',(488.25,-8.63053017306709,-19.5955653493568));
#5657=CARTESIAN_POINT('Ctrl Pts',(488.25,-8.65121545412308,-19.7844251093605));
#5658=CARTESIAN_POINT('Ctrl Pts',(488.25,-8.67093946096738,-19.9719197094649));
#5659=CARTESIAN_POINT('Ctrl Pts',(488.25,-8.68977851958241,-20.1580711642556));
#5660=CARTESIAN_POINT('Ctrl Pts',(488.25,-8.70861757819727,-20.3442226190448));
#5661=CARTESIAN_POINT('Ctrl Pts',(488.25,-8.72657168858287,-20.5290309285203));
#5662=CARTESIAN_POINT('Ctrl Pts',(488.25,-8.74373797428322,-20.7125659071792));
#5663=CARTESIAN_POINT('Ctrl Pts',(488.25,-8.76757061433487,-20.9673748483569));
#5664=CARTESIAN_POINT('Ctrl Pts',(488.25,-8.78989022876604,-21.2197331750789));
#5665=CARTESIAN_POINT('Ctrl Pts',(488.25,-8.81097957459924,-21.4699254843439));
#5666=CARTESIAN_POINT('Ctrl Pts',(488.25,-8.83216070976789,-21.7212067314063));
#5667=CARTESIAN_POINT('Ctrl Pts',(488.25,-8.85210090132606,-21.9703030789707));
#5668=CARTESIAN_POINT('Ctrl Pts',(488.25,-8.87105461441357,-22.2175439145364));
#5669=CARTESIAN_POINT('Ctrl Pts',(488.25,-8.89000832750112,-22.4647847501027));
#5670=CARTESIAN_POINT('Ctrl Pts',(488.25,-8.90797556211801,-22.7101700736703));
#5671=CARTESIAN_POINT('Ctrl Pts',(488.25,-8.92517860737066,-22.9540702858217));
#5672=CARTESIAN_POINT('Ctrl Pts',(488.25,-8.94238165262323,-23.1979704979718));
#5673=CARTESIAN_POINT('Ctrl Pts',(488.25,-8.95882050851157,-23.4403855987056));
#5674=CARTESIAN_POINT('Ctrl Pts',(488.25,-8.97468528810873,-23.6817270016882));
#5675=CARTESIAN_POINT('Ctrl Pts',(488.25,-8.99055006770593,-23.9230684046713));
#5676=CARTESIAN_POINT('Ctrl Pts',(488.25,-9.00584077101193,-24.1633361099032));
#5677=CARTESIAN_POINT('Ctrl Pts',(488.25,-9.02071533506641,-24.4029825441317));
#5678=CARTESIAN_POINT('Ctrl Pts',(488.25,-9.03558989912089,-24.6426289783602));
#5679=CARTESIAN_POINT('Ctrl Pts',(488.25,-9.05004832392385,-24.8816541415854));
#5680=CARTESIAN_POINT('Ctrl Pts',(488.25,-9.06421637048155,-25.120551473638));
#5681=CARTESIAN_POINT('Ctrl Pts',(488.25,-9.0783844170392,-25.3594488056895));
#5682=CARTESIAN_POINT('Ctrl Pts',(488.25,-9.0922620853516,-25.5982183065685));
#5683=CARTESIAN_POINT('Ctrl Pts',(488.25,-9.10594296039165,-25.8373944291884));
#5684=CARTESIAN_POINT('Ctrl Pts',(488.25,-9.11962383543176,-26.0765705518093));
#5685=CARTESIAN_POINT('Ctrl Pts',(488.25,-9.13310791719951,-26.3161532961712));
#5686=CARTESIAN_POINT('Ctrl Pts',(488.25,-9.14645661463442,-26.5567181282704));
#5687=CARTESIAN_POINT('Ctrl Pts',(488.25,-9.15980531206929,-26.7972829603689));
#5688=CARTESIAN_POINT('Ctrl Pts',(488.25,-9.17301862517132,-27.0388298802048));
#5689=CARTESIAN_POINT('Ctrl Pts',(488.25,-9.18612578684663,-27.2819753668571));
#5690=CARTESIAN_POINT('Ctrl Pts',(488.25,-9.19923294852198,-27.5251208535099));
#5691=CARTESIAN_POINT('Ctrl Pts',(488.25,-9.2122339587706,-27.7698649069792));
#5692=CARTESIAN_POINT('Ctrl Pts',(488.25,-9.22512587446525,-28.0168650194271));
#5693=CARTESIAN_POINT('Ctrl Pts',(488.25,-9.23869322516817,-28.2768059955097));
#5694=CARTESIAN_POINT('Ctrl Pts',(488.25,-9.25214006979099,-28.5392452157821));
#5695=CARTESIAN_POINT('Ctrl Pts',(488.25,-9.26542449258982,-28.8049980787971));
#5696=CARTESIAN_POINT('Ctrl Pts',(488.25,-9.27850134628241,-29.0665985533276));
#5697=CARTESIAN_POINT('Ctrl Pts',(488.25,-9.29142065715,-29.3314102984269));
#5698=CARTESIAN_POINT('Ctrl Pts',(488.25,-9.30410527396885,-29.6002579298291));
#5699=CARTESIAN_POINT('Ctrl Pts',(488.25,-9.31381159744588,-29.8059812964621));
#5700=CARTESIAN_POINT('Ctrl Pts',(488.25,-9.32337868239581,-30.0140732573782));
#5701=CARTESIAN_POINT('Ctrl Pts',(488.25,-9.33276877787537,-30.2248738400216));
#5702=CARTESIAN_POINT('Ctrl Pts',(488.25,-9.34215887335489,-30.4356744226643));
#5703=CARTESIAN_POINT('Ctrl Pts',(488.25,-9.35137197936403,-30.6491836270342));
#5704=CARTESIAN_POINT('Ctrl Pts',(488.25,-9.36037389695923,-30.865689473332));
#5705=CARTESIAN_POINT('Ctrl Pts',(488.25,-9.36937581455446,-31.0821953196307));
#5706=CARTESIAN_POINT('Ctrl Pts',(488.25,-9.37816654373575,-31.3016978078572));
#5707=CARTESIAN_POINT('Ctrl Pts',(488.25,-9.38671543755922,-31.5244329509685));
#5708=CARTESIAN_POINT('Ctrl Pts',(488.25,-9.39526433138265,-31.7471680940786));
#5709=CARTESIAN_POINT('Ctrl Pts',(488.25,-9.40357138984827,-31.9731358920735));
#5710=CARTESIAN_POINT('Ctrl Pts',(488.25,-9.41160951801193,-32.2025203506663));
#5711=CARTESIAN_POINT('Ctrl Pts',(488.25,-9.41964764617561,-32.4319048092598));
#5712=CARTESIAN_POINT('Ctrl Pts',(488.25,-9.42741684403733,-32.6647059284513));
#5713=CARTESIAN_POINT('Ctrl Pts',(488.25,-9.43489356865265,-32.9010557067107));
#5714=CARTESIAN_POINT('Ctrl Pts',(488.25,-9.44237029326794,-33.1374054849689));
#5715=CARTESIAN_POINT('Ctrl Pts',(488.25,-9.44955454463682,-33.3773039222948));
#5716=CARTESIAN_POINT('Ctrl Pts',(488.25,-9.45642633181459,-33.6208310099147));
#5717=CARTESIAN_POINT('Ctrl Pts',(488.25,-9.46329811899237,-33.8643580975354));
#5718=CARTESIAN_POINT('Ctrl Pts',(488.25,-9.46985744197903,-34.1115138354501));
#5719=CARTESIAN_POINT('Ctrl Pts',(488.25,-9.47608786182954,-34.3623262076414));
#5720=CARTESIAN_POINT('Ctrl Pts',(488.25,-9.48231828168008,-34.6131385798338));
#5721=CARTESIAN_POINT('Ctrl Pts',(488.25,-9.48821979839448,-34.8676075863028));
#5722=CARTESIAN_POINT('Ctrl Pts',(488.25,-9.49377952502742,-35.1257092037874));
#5723=CARTESIAN_POINT('Ctrl Pts',(488.25,-9.49933925166036,-35.3838108212717));
#5724=CARTESIAN_POINT('Ctrl Pts',(488.25,-9.50455718821185,-35.6455450497718));
#5725=CARTESIAN_POINT('Ctrl Pts',(488.25,-9.50942399973629,-35.9108358587829));
#5726=CARTESIAN_POINT('Ctrl Pts',(488.25,-9.51429081126074,-36.1761266677949));
#5727=CARTESIAN_POINT('Ctrl Pts',(488.25,-9.51880649775815,-36.4449740573181));
#5728=CARTESIAN_POINT('Ctrl Pts',(488.25,-9.52296527628263,-36.7172499896043));
#5729=CARTESIAN_POINT('Ctrl Pts',(488.25,-9.52712405480709,-36.9895259218896));
#5730=CARTESIAN_POINT('Ctrl Pts',(488.25,-9.53092592535863,-37.2652303969379));
#5731=CARTESIAN_POINT('Ctrl Pts',(488.25,-9.53436865699106,-37.5441833697575));
#5732=CARTESIAN_POINT('Ctrl Pts',(488.25,-9.53781138862348,-37.8231363425768));
#5733=CARTESIAN_POINT('Ctrl Pts',(488.25,-9.54089498133681,-38.1053378131675));
#5734=CARTESIAN_POINT('Ctrl Pts',(488.25,-9.54362075618457,-38.3905557292941));
#5735=CARTESIAN_POINT('Ctrl Pts',(488.25,-9.54634653103236,-38.6757736454237));
#5736=CARTESIAN_POINT('Ctrl Pts',(488.25,-9.54871448801458,-38.9640080070893));
#5737=CARTESIAN_POINT('Ctrl Pts',(488.25,-9.55072950018448,-39.2549747548122));
#5738=CARTESIAN_POINT('Ctrl Pts',(488.25,-9.55274451235436,-39.545941502534));
#5739=CARTESIAN_POINT('Ctrl Pts',(488.25,-9.55440657971193,-39.839640636313));
#5740=CARTESIAN_POINT('Ctrl Pts',(488.25,-9.55572412731014,-40.1357360894268));
#5741=CARTESIAN_POINT('Ctrl Pts',(488.25,-9.55704167490832,-40.4318315425341));
#5742=CARTESIAN_POINT('Ctrl Pts',(488.25,-9.55801470274716,-40.7303233149761));
#5743=CARTESIAN_POINT('Ctrl Pts',(488.25,-9.55865518787932,-41.0308233327867));
#5744=CARTESIAN_POINT('Ctrl Pts',(488.25,-9.55931068997973,-41.3383689461923));
#5745=CARTESIAN_POINT('Ctrl Pts',(488.25,-9.55961785810456,-41.6480182959243));
#5746=CARTESIAN_POINT('Ctrl Pts',(488.25,-9.55959338404888,-41.9592989609941));
#5747=CARTESIAN_POINT('Ctrl Pts',(488.25,-9.55956768833346,-42.2861176742929));
#5748=CARTESIAN_POINT('Ctrl Pts',(488.25,-9.55917691024244,-42.614725081376));
#5749=CARTESIAN_POINT('Ctrl Pts',(488.25,-9.55844196250959,-42.9445641695568));
#5750=CARTESIAN_POINT('Ctrl Pts',(488.25,-9.55770727157904,-43.2742880067743));
#5751=CARTESIAN_POINT('Ctrl Pts',(488.25,-9.55662865142689,-43.6052426667237));
#5752=CARTESIAN_POINT('Ctrl Pts',(488.25,-9.55522532312374,-43.9369238287035));
#5753=CARTESIAN_POINT('Ctrl Pts',(488.25,-9.5538219948206,-44.2686049906829));
#5754=CARTESIAN_POINT('Ctrl Pts',(488.25,-9.55209395836647,-44.6010126546928));
#5755=CARTESIAN_POINT('Ctrl Pts',(488.25,-9.55005876524495,-44.9336946016877));
#5756=CARTESIAN_POINT('Ctrl Pts',(488.25,-9.54802357212342,-45.2663765486836));
#5757=CARTESIAN_POINT('Ctrl Pts',(488.25,-9.5456812223345,-45.5993327786647));
#5758=CARTESIAN_POINT('Ctrl Pts',(488.25,-9.54304759777475,-45.9321631742414));
#5759=CARTESIAN_POINT('Ctrl Pts',(488.25,-9.540413973215,-46.2649935698174));
#5760=CARTESIAN_POINT('Ctrl Pts',(488.25,-9.53748907388443,-46.5976981309891));
#5761=CARTESIAN_POINT('Ctrl Pts',(488.25,-9.53428711209258,-46.9299288420234));
#5762=CARTESIAN_POINT('Ctrl Pts',(488.25,-9.53108515030073,-47.2621595530578));
#5763=CARTESIAN_POINT('Ctrl Pts',(488.25,-9.5276061260476,-47.5939164139549));
#5764=CARTESIAN_POINT('Ctrl Pts',(488.25,-9.52386258205572,-47.9249035106372));
#5765=CARTESIAN_POINT('Ctrl Pts',(488.25,-9.52011903806384,-48.2558906073196));
#5766=CARTESIAN_POINT('Ctrl Pts',(488.25,-9.51611097433319,-48.5861079397872));
#5767=CARTESIAN_POINT('Ctrl Pts',(488.25,-9.5118492639993,-48.9153116956193));
#5768=CARTESIAN_POINT('Ctrl Pts',(488.25,-9.50758755366539,-49.2445154514521));
#5769=CARTESIAN_POINT('Ctrl Pts',(488.25,-9.50307219672823,-49.5727056306493));
#5770=CARTESIAN_POINT('Ctrl Pts',(488.25,-9.49831239673629,-49.8996905224457));
#5771=CARTESIAN_POINT('Ctrl Pts',(488.25,-9.49355259674435,-50.2266754142418));
#5772=CARTESIAN_POINT('Ctrl Pts',(488.25,-9.48854835369763,-50.5524550186372));
#5773=CARTESIAN_POINT('Ctrl Pts',(488.25,-9.48330720155759,-50.876889726523));
#5774=CARTESIAN_POINT('Ctrl Pts',(488.25,-9.47806604941755,-51.2013244344086));
#5775=CARTESIAN_POINT('Ctrl Pts',(488.25,-9.47258798818419,-51.5244142457847));
#5776=CARTESIAN_POINT('Ctrl Pts',(488.25,-9.46687888223193,-51.8460716531983));
#5777=CARTESIAN_POINT('Ctrl Pts',(488.25,-9.46116977627967,-52.1677290606118));
#5778=CARTESIAN_POINT('Ctrl Pts',(488.25,-9.45522962560852,-52.4879540640628));
#5779=CARTESIAN_POINT('Ctrl Pts',(488.25,-9.44906262500588,-52.8067112577546));
#5780=CARTESIAN_POINT('Ctrl Pts',(488.25,-9.44289562440324,-53.1254684514467));
#5781=CARTESIAN_POINT('Ctrl Pts',(488.25,-9.43650177386911,-53.4427578353795));
#5782=CARTESIAN_POINT('Ctrl Pts',(488.25,-9.42988359860387,-53.7585961054124));
#5783=CARTESIAN_POINT('Ctrl Pts',(488.25,-9.42326542333864,-54.0744343754451));
#5784=CARTESIAN_POINT('Ctrl Pts',(488.25,-9.4164229233423,-54.388821531578));
#5785=CARTESIAN_POINT('Ctrl Pts',(488.25,-9.40935695422823,-54.7018263713263));
#5786=CARTESIAN_POINT('Ctrl Pts',(488.25,-9.40229098511415,-55.0148312110748));
#5787=CARTESIAN_POINT('Ctrl Pts',(488.25,-9.39500154688232,-55.3264537344386));
#5788=CARTESIAN_POINT('Ctrl Pts',(488.25,-9.3874878255591,-55.6368148405894));
#5789=CARTESIAN_POINT('Ctrl Pts',(488.25,-9.37997410423587,-55.9471759467401));
#5790=CARTESIAN_POINT('Ctrl Pts',(488.25,-9.37223609982125,-56.2562756356776));
#5791=CARTESIAN_POINT('Ctrl Pts',(488.25,-9.36427132875453,-56.5642869082296));
#5792=CARTESIAN_POINT('Ctrl Pts',(488.25,-9.35630655768782,-56.8722981807811));
#5793=CARTESIAN_POINT('Ctrl Pts',(488.25,-9.34811501996903,-57.1792210369471));
#5794=CARTESIAN_POINT('Ctrl Pts',(488.25,-9.33969256245043,-57.4852805792111));
#5795=CARTESIAN_POINT('Ctrl Pts',(488.25,-9.3276564964655,-57.9226532626443));
#5796=CARTESIAN_POINT('Ctrl Pts',(488.25,-9.31514841651983,-58.3582706759498));
#5797=CARTESIAN_POINT('Ctrl Pts',(488.25,-9.30215324159124,-58.7929058311194));
#5798=CARTESIAN_POINT('Ctrl Pts',(488.25,-9.29151735513136,-59.1486324902265));
#5799=CARTESIAN_POINT('Ctrl Pts',(488.25,-9.28055523895806,-59.5037009268114));
#5800=CARTESIAN_POINT('Ctrl Pts',(488.25,-9.26926209454468,-59.8584822770718));
#5801=CARTESIAN_POINT('Ctrl Pts',(488.25,-9.25796895013131,-60.2132636273318));
#5802=CARTESIAN_POINT('Ctrl Pts',(488.25,-9.24634477747786,-60.5677578912674));
#5803=CARTESIAN_POINT('Ctrl Pts',(488.25,-9.23438810026924,-60.9222841826485));
#5804=CARTESIAN_POINT('Ctrl Pts',(488.25,-9.22243142306073,-61.2768104740267));
#5805=CARTESIAN_POINT('Ctrl Pts',(488.25,-9.21014224129705,-61.6313687928503));
#5806=CARTESIAN_POINT('Ctrl Pts',(488.25,-9.19752240087469,-61.9862262304616));
#5807=CARTESIAN_POINT('Ctrl Pts',(488.25,-9.18490256045229,-62.3410836680742));
#5808=CARTESIAN_POINT('Ctrl Pts',(488.25,-9.1719520613712,-62.6962402244743));
#5809=CARTESIAN_POINT('Ctrl Pts',(488.25,-9.15867607173947,-63.0519109685763));
#5810=CARTESIAN_POINT('Ctrl Pts',(488.25,-9.14540008210783,-63.407581712676));
#5811=CARTESIAN_POINT('Ctrl Pts',(488.25,-9.13179860192556,-63.7637666444775));
#5812=CARTESIAN_POINT('Ctrl Pts',(488.25,-9.11788012151227,-64.1206288104674));
#5813=CARTESIAN_POINT('Ctrl Pts',(488.25,-9.10358039420873,-64.4872659365816));
#5814=CARTESIAN_POINT('Ctrl Pts',(488.25,-9.08894604643343,-64.8546181599299));
#5815=CARTESIAN_POINT('Ctrl Pts',(488.25,-9.073989937577,-65.2228051074214));
#5816=CARTESIAN_POINT('Ctrl Pts',(488.25,-9.05943257548469,-65.5811757748019));
#5817=CARTESIAN_POINT('Ctrl Pts',(488.25,-9.04457039600085,-65.9403370095356));
#5818=CARTESIAN_POINT('Ctrl Pts',(488.25,-9.02941862486831,-66.3003463882854));
#5819=CARTESIAN_POINT('Ctrl Pts',(488.25,-9.01426685373578,-66.6603557670352));
#5820=CARTESIAN_POINT('Ctrl Pts',(488.25,-8.99882549095454,-67.021213289801));
#5821=CARTESIAN_POINT('Ctrl Pts',(488.25,-8.98311308447901,-67.3829245108179));
#5822=CARTESIAN_POINT('Ctrl Pts',(488.25,-8.9674006780035,-67.7446357318342));
#5823=CARTESIAN_POINT('Ctrl Pts',(488.25,-8.9514172278337,-68.1072006511015));
#5824=CARTESIAN_POINT('Ctrl Pts',(488.25,-8.93518460413557,-68.470572800427));
#5825=CARTESIAN_POINT('Ctrl Pts',(488.25,-8.91895198043738,-68.8339449497539));
#5826=CARTESIAN_POINT('Ctrl Pts',(488.25,-8.90247018321086,-69.198124329139));
#5827=CARTESIAN_POINT('Ctrl Pts',(488.25,-8.88576440483354,-69.5630124479617));
#5828=CARTESIAN_POINT('Ctrl Pts',(488.25,-8.86905862645627,-69.9279005667835));
#5829=CARTESIAN_POINT('Ctrl Pts',(488.25,-8.8521288669282,-70.2934974250429));
#5830=CARTESIAN_POINT('Ctrl Pts',(488.25,-8.83500364083844,-70.6596525096914));
#5831=CARTESIAN_POINT('Ctrl Pts',(488.25,-8.81787841474868,-71.02580759434));
#5832=CARTESIAN_POINT('Ctrl Pts',(488.25,-8.80055772209724,-71.3925209053776));
#5833=CARTESIAN_POINT('Ctrl Pts',(488.25,-8.78307339968478,-71.7595899073281));
#5834=CARTESIAN_POINT('Ctrl Pts',(488.25,-8.76558907727228,-72.1266589092793));
#5835=CARTESIAN_POINT('Ctrl Pts',(488.25,-8.74794112509877,-72.4940836021432));
#5836=CARTESIAN_POINT('Ctrl Pts',(488.25,-8.73016470217648,-72.861609428016));
#5837=CARTESIAN_POINT('Ctrl Pts',(488.25,-8.71164058520913,-73.2445937560077));
#5838=CARTESIAN_POINT('Ctrl Pts',(488.25,-8.69297693717526,-73.6276883077728));
#5839=CARTESIAN_POINT('Ctrl Pts',(488.25,-8.67421738113232,-74.0105449298083));
#5840=CARTESIAN_POINT('Ctrl Pts',(488.25,-8.65640815904137,-74.3740065487942));
#5841=CARTESIAN_POINT('Ctrl Pts',(488.25,-8.63851300410052,-74.7372467061951));
#5842=CARTESIAN_POINT('Ctrl Pts',(488.25,-8.62057049996116,-75.0999441318424));
#5843=CARTESIAN_POINT('Ctrl Pts',(488.25,-8.603344088241,-75.4481661601344));
#5844=CARTESIAN_POINT('Ctrl Pts',(488.25,-8.58607403948503,-75.7958877660797));
#5845=CARTESIAN_POINT('Ctrl Pts',(488.25,-8.56879041748161,-76.1428760704216));
#5846=CARTESIAN_POINT('Ctrl Pts',(488.25,-8.55150679547817,-76.4898643747638));
#5847=CARTESIAN_POINT('Ctrl Pts',(488.25,-8.53420960022728,-76.8361193775026));
#5848=CARTESIAN_POINT('Ctrl Pts',(488.25,-8.51692478276993,-77.1814601652875));
#5849=CARTESIAN_POINT('Ctrl Pts',(488.25,-8.4996399653126,-77.5268009530722));
#5850=CARTESIAN_POINT('Ctrl Pts',(488.25,-8.48236752564882,-77.8712275259029));
#5851=CARTESIAN_POINT('Ctrl Pts',(488.25,-8.46512930207223,-78.2146109363352));
#5852=CARTESIAN_POINT('Ctrl Pts',(488.25,-8.44789107849562,-78.5579943467681));
#5853=CARTESIAN_POINT('Ctrl Pts',(488.25,-8.4306870710062,-78.9003345948026));
#5854=CARTESIAN_POINT('Ctrl Pts',(488.25,-8.41353500515027,-79.2415546989002));
#5855=CARTESIAN_POINT('Ctrl Pts',(488.25,-8.39638293929437,-79.5827748029974));
#5856=CARTESIAN_POINT('Ctrl Pts',(488.25,-8.37928281507195,-79.9228747631578));
#5857=CARTESIAN_POINT('Ctrl Pts',(488.25,-8.36224824528198,-80.261829563749));
#5858=CARTESIAN_POINT('Ctrl Pts',(488.25,-8.34521367549197,-80.6007843643408));
#5859=CARTESIAN_POINT('Ctrl Pts',(488.25,-8.3282446601344,-80.9385940053635));
#5860=CARTESIAN_POINT('Ctrl Pts',(488.25,-8.31135069926086,-81.2752854370909));
#5861=CARTESIAN_POINT('Ctrl Pts',(488.25,-8.29445673838729,-81.6119768688188));
#5862=CARTESIAN_POINT('Ctrl Pts',(488.25,-8.27763783199775,-81.9475500912513));
#5863=CARTESIAN_POINT('Ctrl Pts',(488.25,-8.26089936739648,-82.2820840205684));
#5864=CARTESIAN_POINT('Ctrl Pts',(488.25,-8.24416090279526,-82.6166179498843));
#5865=CARTESIAN_POINT('Ctrl Pts',(488.25,-8.2275028799823,-82.9501125860849));
#5866=CARTESIAN_POINT('Ctrl Pts',(488.25,-8.2109265735145,-83.2826988112559));
#5867=CARTESIAN_POINT('Ctrl Pts',(488.25,-8.19432533534043,-83.6157852649965));
#5868=CARTESIAN_POINT('Ctrl Pts',(488.25,-8.17780606054327,-83.9479605599734));
#5869=CARTESIAN_POINT('Ctrl Pts',(488.25,-8.16136589499999,-84.2794084097179));
#5870=CARTESIAN_POINT('Ctrl Pts',(488.25,-8.14495041926441,-84.6103584917453));
#5871=CARTESIAN_POINT('Ctrl Pts',(488.25,-8.12861381431715,-84.9405833248878));
#5872=CARTESIAN_POINT('Ctrl Pts',(488.25,-8.1123491230346,-85.2703178012029));
#5873=CARTESIAN_POINT('Ctrl Pts',(488.25,-8.09608443175208,-85.6000522775175));
#5874=CARTESIAN_POINT('Ctrl Pts',(488.25,-8.07989165413427,-85.9292963970047));
#5875=CARTESIAN_POINT('Ctrl Pts',(488.25,-8.06375972031017,-86.2583370176288));
#5876=CARTESIAN_POINT('Ctrl Pts',(488.25,-8.04762778648604,-86.5873776382536));
#5877=CARTESIAN_POINT('Ctrl Pts',(488.25,-8.03155669645563,-86.9162147600153));
#5878=CARTESIAN_POINT('Ctrl Pts',(488.25,-8.01553126760061,-87.2451872067836));
#5879=CARTESIAN_POINT('Ctrl Pts',(488.25,-7.99950583874562,-87.5741596535513));
#5880=CARTESIAN_POINT('Ctrl Pts',(488.25,-7.98352607106602,-87.9032674253258));
#5881=CARTESIAN_POINT('Ctrl Pts',(488.25,-7.96757266919613,-88.2329013118831));
#5882=CARTESIAN_POINT('Ctrl Pts',(488.25,-7.95161926732619,-88.5625351984415));
#5883=CARTESIAN_POINT('Ctrl Pts',(488.25,-7.93569223126596,-88.8926951997826));
#5884=CARTESIAN_POINT('Ctrl Pts',(488.25,-7.9197681529024,-89.2238240715888));
#5885=CARTESIAN_POINT('Ctrl Pts',(488.25,-7.90384407453888,-89.5549529433942));
#5886=CARTESIAN_POINT('Ctrl Pts',(488.25,-7.88792295387203,-89.8870506856646));
#5887=CARTESIAN_POINT('Ctrl Pts',(488.25,-7.87197727004147,-90.2206120199884));
#5888=CARTESIAN_POINT('Ctrl Pts',(488.25,-7.85603158621101,-90.5541733543098));
#5889=CARTESIAN_POINT('Ctrl Pts',(488.25,-7.84006133921685,-90.8891982806844));
#5890=CARTESIAN_POINT('Ctrl Pts',(488.25,-7.82403489545122,-91.2262334866068));
#5891=CARTESIAN_POINT('Ctrl Pts',(488.25,-7.80678169724387,-91.5890672690522));
#5892=CARTESIAN_POINT('Ctrl Pts',(488.25,-7.78946340527012,-91.9542304646587));
#5893=CARTESIAN_POINT('Ctrl Pts',(488.25,-7.77203531172941,-92.3224712100027));
#5894=CARTESIAN_POINT('Ctrl Pts',(488.25,-7.7566398193991,-92.6477648261636));
#5895=CARTESIAN_POINT('Ctrl Pts',(488.25,-7.74115815251719,-92.9754669112557));
#5896=CARTESIAN_POINT('Ctrl Pts',(488.25,-7.72556069592314,-93.3060697705061));
#5897=CARTESIAN_POINT('Ctrl Pts',(488.25,-7.70996323932915,-93.6366726297555));
#5898=CARTESIAN_POINT('Ctrl Pts',(488.25,-7.69424999302301,-93.9701762631631));
#5899=CARTESIAN_POINT('Ctrl Pts',(488.25,-7.67839456626802,-94.3070209473753));
#5900=CARTESIAN_POINT('Ctrl Pts',(488.25,-7.66253913951299,-94.6438656315887));
#5901=CARTESIAN_POINT('Ctrl Pts',(488.25,-7.64654153230909,-94.9840513666068));
#5902=CARTESIAN_POINT('Ctrl Pts',(488.25,-7.63037857834342,-95.3279664004958));
#5903=CARTESIAN_POINT('Ctrl Pts',(488.25,-7.61421562437788,-95.6718814343821));
#5904=CARTESIAN_POINT('Ctrl Pts',(488.25,-7.59788732365056,-96.0195257671394));
#5905=CARTESIAN_POINT('Ctrl Pts',(488.25,-7.58137373427237,-96.3712356182531));
#5906=CARTESIAN_POINT('Ctrl Pts',(488.25,-7.56486014489402,-96.7229454693703));
#5907=CARTESIAN_POINT('Ctrl Pts',(488.25,-7.54816126686479,-97.078720838844));
#5908=CARTESIAN_POINT('Ctrl Pts',(488.25,-7.53126038271939,-97.4388459175799));
#5909=CARTESIAN_POINT('Ctrl Pts',(488.25,-7.51435949857422,-97.7989709963108));
#5910=CARTESIAN_POINT('Ctrl Pts',(488.25,-7.49725660831288,-98.1634457843035));
#5911=CARTESIAN_POINT('Ctrl Pts',(488.25,-7.47993821889388,-98.5325024438831));
#5912=CARTESIAN_POINT('Ctrl Pts',(488.25,-7.46261982947478,-98.9015591034648));
#5913=CARTESIAN_POINT('Ctrl Pts',(488.25,-7.44508594089803,-99.2751976346334));
#5914=CARTESIAN_POINT('Ctrl Pts',(488.25,-7.42732628454594,-99.6535981711333));
#5915=CARTESIAN_POINT('Ctrl Pts',(488.25,-7.42192770196011,-99.7686244141145));
#5916=CARTESIAN_POINT('Ctrl Pts',(488.25,-7.41650828008224,-99.8840903214261));
#5917=CARTESIAN_POINT('Ctrl Pts',(488.25,-7.41106778952877,-100.));
#5918=CARTESIAN_POINT('Ctrl Pts',(488.25,1.24734843003398,-2.59303689631452E-12));
#5919=CARTESIAN_POINT('Ctrl Pts',(488.25,1.12380375262026,0.0162126427537061));
#5920=CARTESIAN_POINT('Ctrl Pts',(488.25,1.0012434500082,0.0278184453581176));
#5921=CARTESIAN_POINT('Ctrl Pts',(488.25,0.879820635917594,0.0347488250122803));
#5922=CARTESIAN_POINT('Ctrl Pts',(488.25,0.758397821822564,0.0416792046666956));
#5923=CARTESIAN_POINT('Ctrl Pts',(488.25,0.638112496249047,0.0439341613705254));
#5924=CARTESIAN_POINT('Ctrl Pts',(488.25,0.519102496300748,0.0414949520193324));
#5925=CARTESIAN_POINT('Ctrl Pts',(488.25,0.400092496356775,0.039055742668228));
#5926=CARTESIAN_POINT('Ctrl Pts',(488.25,0.282357822037952,0.0319223672624425));
#5927=CARTESIAN_POINT('Ctrl Pts',(488.25,0.166021033831981,0.0201259223914592));
#5928=CARTESIAN_POINT('Ctrl Pts',(488.25,0.110356821834445,0.0144816217515523));
#5929=CARTESIAN_POINT('Ctrl Pts',(488.25,0.0550124144406335,0.00777050021621125));
#5930=CARTESIAN_POINT('Ctrl Pts',(488.25,5.45163914011937E-12,7.43405337289005E-13));
#5931=CARTESIAN_POINT('Origin',(339.812499998927,3.08893221047122,-163.630101955139));
#5932=CARTESIAN_POINT('',(317.8125,2.66551108751664,-163.630101955139));
#5933=CARTESIAN_POINT('',(317.8125,3.08893221047122,-163.630101955139));
#5934=CARTESIAN_POINT('',(275.312499998927,2.66551108751664,-163.630101955139));
#5935=CARTESIAN_POINT('',(313.093749999464,2.66551108751664,-163.630101955139));
#5936=CARTESIAN_POINT('',(275.312499998927,-4.67373826680319,-163.630101955139));
#5937=CARTESIAN_POINT('',(275.312499998927,3.08893221047122,-163.630101955139));
#5938=CARTESIAN_POINT('',(277.249999998927,-4.67373826680319,-163.630101955139));
#5939=CARTESIAN_POINT('Ctrl Pts',(277.249999998927,-4.67373826680319,-163.630101955139));
#5940=CARTESIAN_POINT('Ctrl Pts',(276.604166665594,-4.67373826680319,-163.630101955139));
#5941=CARTESIAN_POINT('Ctrl Pts',(275.95833333226,-4.67373826680319,-163.630101955139));
#5942=CARTESIAN_POINT('Ctrl Pts',(275.312499998927,-4.67373826680319,-163.630101955139));
#5943=CARTESIAN_POINT('',(277.249999998927,-5.67450456947104,-163.630101955139));
#5944=CARTESIAN_POINT('',(277.249999998927,-20.,-163.630101955139));
#5945=CARTESIAN_POINT('',(337.749999998927,-5.67450456947105,-163.630101955139));
#5946=CARTESIAN_POINT('Ctrl Pts',(337.749999998927,-5.67450456947105,-163.630101955139));
#5947=CARTESIAN_POINT('Ctrl Pts',(317.58333333226,-5.67450456947105,-163.630101955139));
#5948=CARTESIAN_POINT('Ctrl Pts',(297.416666665593,-5.67450456947104,-163.630101955139));
#5949=CARTESIAN_POINT('Ctrl Pts',(277.249999998927,-5.67450456947104,-163.630101955139));
#5950=CARTESIAN_POINT('',(337.749999998927,-4.67373826680319,-163.630101955139));
#5951=CARTESIAN_POINT('',(337.749999998927,-20.,-163.630101955139));
#5952=CARTESIAN_POINT('',(339.812499998927,-4.67373826680319,-163.630101955139));
#5953=CARTESIAN_POINT('Ctrl Pts',(339.812499998927,-4.67373826680319,-163.630101955139));
#5954=CARTESIAN_POINT('Ctrl Pts',(339.124999998927,-4.67373826680319,-163.630101955139));
#5955=CARTESIAN_POINT('Ctrl Pts',(338.437499998927,-4.67373826680319,-163.630101955139));
#5956=CARTESIAN_POINT('Ctrl Pts',(337.749999998927,-4.67373826680319,-163.630101955139));
#5957=CARTESIAN_POINT('',(339.8125,2.66551108751664,-163.630101955139));
#5958=CARTESIAN_POINT('',(339.812499998927,3.08893221047122,-163.630101955139));
#5959=CARTESIAN_POINT('',(334.874999999464,2.66551108751664,-163.630101955139));
#5960=CARTESIAN_POINT('Origin',(246.75,0.,-2.40183703655756E-14));
#5961=CARTESIAN_POINT('',(246.75,27.0396905656084,-196.56790675893));
#5962=CARTESIAN_POINT('',(246.75,-3.35564648080122,-196.56790675893));
#5963=CARTESIAN_POINT('',(246.75,0.,-196.56790675893));
#5964=CARTESIAN_POINT('',(246.75,32.5126521413652,-121.868972243964));
#5965=CARTESIAN_POINT('Ctrl Pts',(246.75,32.5126521413652,-121.868972243964));
#5966=CARTESIAN_POINT('Ctrl Pts',(246.75,32.4134125130624,-134.944864446869));
#5967=CARTESIAN_POINT('Ctrl Pts',(246.75,31.9357993160665,-145.586982657811));
#5968=CARTESIAN_POINT('Ctrl Pts',(246.75,29.9201046327265,-170.158011394418));
#5969=CARTESIAN_POINT('Ctrl Pts',(246.75,28.5598615517537,-184.216957156159));
#5970=CARTESIAN_POINT('Ctrl Pts',(246.75,27.0396905656084,-196.56790675893));
#5971=CARTESIAN_POINT('',(246.75,-6.39074869742608,-121.868972243964));
#5972=CARTESIAN_POINT('',(246.75,0.,-121.868972243964));
#5973=CARTESIAN_POINT('Ctrl Pts',(246.75,-3.35564648080122,-196.56790675893));
#5974=CARTESIAN_POINT('Ctrl Pts',(246.75,-3.79924960836685,-185.190243240442));
#5975=CARTESIAN_POINT('Ctrl Pts',(246.75,-4.05546279703704,-179.565591984034));
#5976=CARTESIAN_POINT('Ctrl Pts',(246.75,-5.16715767791554,-150.939444085991));
#5977=CARTESIAN_POINT('Ctrl Pts',(246.75,-5.6949805499792,-137.133094246283));
#5978=CARTESIAN_POINT('Ctrl Pts',(246.75,-6.39074869742608,-121.868972243964));
#5979=CARTESIAN_POINT('Origin',(246.75,0.,-2.40183703655756E-14));
#5980=CARTESIAN_POINT('',(246.75,17.3804630918646,-117.300046731301));
#5981=CARTESIAN_POINT('',(246.75,-6.60076253522451,-117.300046731301));
#5982=CARTESIAN_POINT('',(246.75,0.,-117.300046731301));
#5983=CARTESIAN_POINT('',(246.75,15.7139322104712,-119.375));
#5984=CARTESIAN_POINT('Origin',(246.75,17.8389322104712,-119.375));
#5985=CARTESIAN_POINT('',(246.75,18.2974013290779,-117.300046731301));
#5986=CARTESIAN_POINT('Origin',(246.75,17.8389322104712,-119.375));
#5987=CARTESIAN_POINT('',(246.75,32.5290378165548,-117.300046731301));
#5988=CARTESIAN_POINT('',(246.75,0.,-117.300046731301));
#5989=CARTESIAN_POINT('',(246.75,32.4806917293808,-110.));
#5990=CARTESIAN_POINT('Ctrl Pts',(246.75,32.4806917293808,-110.000000000002));
#5991=CARTESIAN_POINT('Ctrl Pts',(246.75,32.486671289274,-110.458359817161));
#5992=CARTESIAN_POINT('Ctrl Pts',(246.75,32.4921262415282,-110.920991285457));
#5993=CARTESIAN_POINT('Ctrl Pts',(246.75,32.4970414013527,-111.387591722203));
#5994=CARTESIAN_POINT('Ctrl Pts',(246.75,32.502079165928,-111.865831135566));
#5995=CARTESIAN_POINT('Ctrl Pts',(246.75,32.5065498805753,-112.348240222816));
#5996=CARTESIAN_POINT('Ctrl Pts',(246.75,32.5104352841549,-112.834436285741));
#5997=CARTESIAN_POINT('Ctrl Pts',(246.75,32.5142261281473,-113.308799729984));
#5998=CARTESIAN_POINT('Ctrl Pts',(246.75,32.5174597966017,-113.786767845349));
#5999=CARTESIAN_POINT('Ctrl Pts',(246.75,32.5201175542024,-114.267932451776));
#6000=CARTESIAN_POINT('Ctrl Pts',(246.75,32.5228747552762,-114.767100460596));
#6001=CARTESIAN_POINT('Ctrl Pts',(246.75,32.5250121543066,-115.26970899348));
#6002=CARTESIAN_POINT('Ctrl Pts',(246.75,32.5265068389997,-115.77524306017));
#6003=CARTESIAN_POINT('Ctrl Pts',(246.75,32.5280015236929,-116.28077712686));
#6004=CARTESIAN_POINT('Ctrl Pts',(246.75,32.5288534609137,-116.789236027355));
#6005=CARTESIAN_POINT('Ctrl Pts',(246.75,32.5290378165548,-117.300046731301));
#6006=CARTESIAN_POINT('',(246.75,22.8389322104712,-110.));
#6007=CARTESIAN_POINT('',(246.75,0.,-110.));
#6008=CARTESIAN_POINT('',(246.75,22.8389322104712,-112.625));
#6009=CARTESIAN_POINT('',(246.75,22.8389322104712,-56.3125000000001));
#6010=CARTESIAN_POINT('',(246.75,2.58893221047122,-112.625));
#6011=CARTESIAN_POINT('',(246.75,1.29446610523561,-112.625));
#6012=CARTESIAN_POINT('',(246.75,2.58893221047122,-110.));
#6013=CARTESIAN_POINT('',(246.75,2.58893221047126,-46.1875));
#6014=CARTESIAN_POINT('',(246.75,-6.9413900750903,-110.));
#6015=CARTESIAN_POINT('',(246.75,0.,-110.));
#6016=CARTESIAN_POINT('Ctrl Pts',(246.75,-6.60076253522368,-117.300046731319));
#6017=CARTESIAN_POINT('Ctrl Pts',(246.75,-6.62524721538002,-116.771305896243));
#6018=CARTESIAN_POINT('Ctrl Pts',(246.75,-6.64966911464046,-116.24509536417));
#6019=CARTESIAN_POINT('Ctrl Pts',(246.75,-6.67398778733166,-115.722049953159));
#6020=CARTESIAN_POINT('Ctrl Pts',(246.75,-6.69678421968526,-115.231744849694));
#6021=CARTESIAN_POINT('Ctrl Pts',(246.75,-6.71948993835663,-114.7442210725));
#6022=CARTESIAN_POINT('Ctrl Pts',(246.75,-6.74207493440584,-114.259948039788));
#6023=CARTESIAN_POINT('Ctrl Pts',(246.75,-6.76447648865149,-113.779608411285));
#6024=CARTESIAN_POINT('Ctrl Pts',(246.75,-6.78675927781683,-113.302466863467));
#6025=CARTESIAN_POINT('Ctrl Pts',(246.75,-6.8088972558883,-112.828929227345));
#6026=CARTESIAN_POINT('Ctrl Pts',(246.75,-6.83130715910702,-112.349575035121));
#6027=CARTESIAN_POINT('Ctrl Pts',(246.75,-6.85356866509107,-111.873913943272));
#6028=CARTESIAN_POINT('Ctrl Pts',(246.75,-6.87565812145425,-111.402312621042));
#6029=CARTESIAN_POINT('Ctrl Pts',(246.75,-6.89774757781742,-110.930711298812));
#6030=CARTESIAN_POINT('Ctrl Pts',(246.75,-6.91966498455972,-110.463169746201));
#6031=CARTESIAN_POINT('Ctrl Pts',(246.75,-6.94139007508661,-110.000000000079));
#6032=CARTESIAN_POINT('Origin',(245.,0.,0.));
#6033=CARTESIAN_POINT('',(245.,-0.75,-330.001374683273));
#6034=CARTESIAN_POINT('',(245.,-0.75,-162.57714958632));
#6035=CARTESIAN_POINT('',(245.,-1.42899083021269,-330.004282463138));
#6036=CARTESIAN_POINT('',(245.,0.49209600452483,-329.996055404143));
#6037=CARTESIAN_POINT('Ctrl Pts',(245.,-1.42899083021269,-330.004282463138));
#6038=CARTESIAN_POINT('Ctrl Pts',(245.,-1.45920140267693,-322.949862035935));
#6039=CARTESIAN_POINT('Ctrl Pts',(245.,-1.48461203889961,-318.198513992574));
#6040=CARTESIAN_POINT('Ctrl Pts',(245.,-1.53152554125445,-313.119071575184));
#6041=CARTESIAN_POINT('Ctrl Pts',(245.,-1.55650285981693,-310.414714726718));
#6042=CARTESIAN_POINT('Ctrl Pts',(245.,-1.58725470209224,-307.617351294631));
#6043=CARTESIAN_POINT('Ctrl Pts',(245.,-1.62831373732664,-304.329892605789));
#6044=CARTESIAN_POINT('Ctrl Pts',(245.,-1.67761229739542,-300.382722909271));
#6045=CARTESIAN_POINT('Ctrl Pts',(245.,-1.74340647824123,-295.635311776269));
#6046=CARTESIAN_POINT('Ctrl Pts',(245.,-1.82058481923776,-290.539409912566));
#6047=CARTESIAN_POINT('Ctrl Pts',(245.,-1.93926835197567,-282.703019186091));
#6048=CARTESIAN_POINT('Ctrl Pts',(245.,-2.08517124072082,-274.052769180021));
#6049=CARTESIAN_POINT('Ctrl Pts',(245.,-2.24098673324514,-266.272190563605));
#6050=CARTESIAN_POINT('Ctrl Pts',(245.,-2.2966419380496,-263.493072201378));
#6051=CARTESIAN_POINT('Ctrl Pts',(245.,-2.35299798238781,-260.832426176984));
#6052=CARTESIAN_POINT('Ctrl Pts',(245.,-2.4138692662819,-258.124864259407));
#6053=CARTESIAN_POINT('Ctrl Pts',(245.,-2.75109281125341,-243.125121036258));
#6054=CARTESIAN_POINT('Ctrl Pts',(245.,-3.201611920513,-227.804469375456));
#6055=CARTESIAN_POINT('Ctrl Pts',(245.,-3.90978351547087,-208.387369357384));
#6056=CARTESIAN_POINT('Ctrl Pts',(245.,-4.07718885185538,-203.797343178305));
#6057=CARTESIAN_POINT('Ctrl Pts',(245.,-4.26069905745619,-198.978467327854));
#6058=CARTESIAN_POINT('Ctrl Pts',(245.,-4.46181840929081,-193.88086230794));
#6059=CARTESIAN_POINT('Ctrl Pts',(245.,-4.58955797380227,-190.643153756499));
#6060=CARTESIAN_POINT('Ctrl Pts',(245.,-4.72437049833299,-187.293003190098));
#6061=CARTESIAN_POINT('Ctrl Pts',(245.,-4.86519206837814,-183.817568307552));
#6062=CARTESIAN_POINT('Ctrl Pts',(245.,-4.9942400509159,-180.632702097851));
#6063=CARTESIAN_POINT('Ctrl Pts',(245.,-5.12412043748205,-177.441759977167));
#6064=CARTESIAN_POINT('Ctrl Pts',(245.,-5.25248684416439,-174.253776799832));
#6065=CARTESIAN_POINT('Ctrl Pts',(245.,-5.94054709071819,-157.165781991076));
#6066=CARTESIAN_POINT('Ctrl Pts',(245.,-6.56552560460396,-140.075171801241));
#6067=CARTESIAN_POINT('Ctrl Pts',(245.,-7.3407608255878,-122.990809064756));
#6068=CARTESIAN_POINT('Ctrl Pts',(245.,-7.59426743664469,-117.404119009709));
#6069=CARTESIAN_POINT('Ctrl Pts',(245.,-7.8569529523138,-111.817841312354));
#6070=CARTESIAN_POINT('Ctrl Pts',(245.,-8.11945108579314,-106.231565583144));
#6071=CARTESIAN_POINT('Ctrl Pts',(245.,-8.26575760951962,-103.117986939041));
#6072=CARTESIAN_POINT('Ctrl Pts',(245.,-8.41193065747502,-100.004404042816));
#6073=CARTESIAN_POINT('Ctrl Pts',(245.,-8.55808246898299,-96.8908259702093));
#6074=CARTESIAN_POINT('Ctrl Pts',(245.,-8.64517431985225,-95.0354450866514));
#6075=CARTESIAN_POINT('Ctrl Pts',(245.,-8.7322796042599,-93.1800669227021));
#6076=CARTESIAN_POINT('Ctrl Pts',(245.,-8.8204807890111,-91.3247446267791));
#6077=CARTESIAN_POINT('Ctrl Pts',(245.,-8.89925265391141,-89.6677691830452));
#6078=CARTESIAN_POINT('Ctrl Pts',(245.,-8.97674698886087,-88.0603128093943));
#6079=CARTESIAN_POINT('Ctrl Pts',(245.,-9.04989272313584,-86.5658928912528));
#6080=CARTESIAN_POINT('Ctrl Pts',(245.,-9.53886800539753,-76.575776467733));
#6081=CARTESIAN_POINT('Ctrl Pts',(245.,-9.86190747947094,-70.5902943228823));
#6082=CARTESIAN_POINT('Ctrl Pts',(245.,-10.09843444044,-64.6343542757503));
#6083=CARTESIAN_POINT('Ctrl Pts',(245.,-10.182866465084,-62.5082876540965));
#6084=CARTESIAN_POINT('Ctrl Pts',(245.,-10.2575537328821,-60.3860219656728));
#6085=CARTESIAN_POINT('Ctrl Pts',(245.,-10.3232245489077,-58.0866164924111));
#6086=CARTESIAN_POINT('Ctrl Pts',(245.,-10.3661806717093,-56.5825458890924));
#6087=CARTESIAN_POINT('Ctrl Pts',(245.,-10.4053329611961,-54.9723275532387));
#6088=CARTESIAN_POINT('Ctrl Pts',(245.,-10.4357109702409,-53.4875203942461));
#6089=CARTESIAN_POINT('Ctrl Pts',(245.,-10.6926795145029,-40.9274894325862));
#6090=CARTESIAN_POINT('Ctrl Pts',(245.,-10.5015667343877,-33.7433394397615));
#6091=CARTESIAN_POINT('Ctrl Pts',(245.,-10.3004876392691,-29.5001218651974));
#6092=CARTESIAN_POINT('Ctrl Pts',(245.,-10.2217402674671,-27.8383766112519));
#6093=CARTESIAN_POINT('Ctrl Pts',(245.,-10.1567304046646,-26.6865098009008));
#6094=CARTESIAN_POINT('Ctrl Pts',(245.,-10.0919766493033,-25.5657177587829));
#6095=CARTESIAN_POINT('Ctrl Pts',(245.,-9.85408091454014,-21.448093307677));
#6096=CARTESIAN_POINT('Ctrl Pts',(245.,-9.60030918679207,-18.6898160431783));
#6097=CARTESIAN_POINT('Ctrl Pts',(245.,-9.09670437133747,-15.678681783326));
#6098=CARTESIAN_POINT('Ctrl Pts',(245.,-8.97243000945546,-14.9356253684535));
#6099=CARTESIAN_POINT('Ctrl Pts',(245.,-8.84293288497992,-14.2150268500995));
#6100=CARTESIAN_POINT('Ctrl Pts',(245.,-8.64896267685436,-13.2467437912697));
#6101=CARTESIAN_POINT('Ctrl Pts',(245.,-8.38136271719667,-11.9109071698421));
#6102=CARTESIAN_POINT('Ctrl Pts',(245.,-8.0171935359365,-10.2474215465662));
#6103=CARTESIAN_POINT('Ctrl Pts',(245.,-7.59948035316286,-8.69934381824526));
#6104=CARTESIAN_POINT('Ctrl Pts',(245.,-7.32377084826299,-7.67754282746073));
#6105=CARTESIAN_POINT('Ctrl Pts',(245.,-7.01351455266102,-6.70938077973547));
#6106=CARTESIAN_POINT('Ctrl Pts',(245.,-6.69584685695327,-5.91840067047933));
#6107=CARTESIAN_POINT('Ctrl Pts',(245.,-6.42245861969064,-5.23767467692953));
#6108=CARTESIAN_POINT('Ctrl Pts',(245.,-6.11624858663285,-4.5939784552467));
#6109=CARTESIAN_POINT('Ctrl Pts',(245.,-5.78720585748124,-3.98768187119234));
#6110=CARTESIAN_POINT('Ctrl Pts',(245.,-5.08038861574613,-2.68529515588749));
#6111=CARTESIAN_POINT('Ctrl Pts',(245.,-4.27532465198893,-1.58969022414307));
#6112=CARTESIAN_POINT('Ctrl Pts',(245.,-3.5297684183749,-0.838131588379558));
#6113=CARTESIAN_POINT('Ctrl Pts',(245.,-2.879714770552,-0.182844420619384));
#6114=CARTESIAN_POINT('Ctrl Pts',(245.,-2.26604323328548,0.259730634722395));
#6115=CARTESIAN_POINT('Ctrl Pts',(245.,-1.54826649568427,0.582085675254818));
#6116=CARTESIAN_POINT('Ctrl Pts',(245.,-0.444756624953326,1.07767427610055));
#6117=CARTESIAN_POINT('Ctrl Pts',(245.,0.825524643291917,1.1517307819876));
#6118=CARTESIAN_POINT('Ctrl Pts',(245.,2.01614560107462,0.874984607944402));
#6119=CARTESIAN_POINT('Ctrl Pts',(245.,3.5007341388752,0.529909044492347));
#6120=CARTESIAN_POINT('Ctrl Pts',(245.,4.89349615833593,-0.293078639248752));
#6121=CARTESIAN_POINT('Ctrl Pts',(245.,6.09204361232821,-1.15847320350312));
#6122=CARTESIAN_POINT('Ctrl Pts',(245.,6.77836581404777,-1.65402262936592));
#6123=CARTESIAN_POINT('Ctrl Pts',(245.,7.38739549640517,-2.15943850837685));
#6124=CARTESIAN_POINT('Ctrl Pts',(245.,7.86593419161929,-2.58377314755639));
#6125=CARTESIAN_POINT('Ctrl Pts',(245.,8.38128316950045,-3.04074857037545));
#6126=CARTESIAN_POINT('Ctrl Pts',(245.,8.8089042668739,-3.45629696102519));
#6127=CARTESIAN_POINT('Ctrl Pts',(245.,9.20224854791516,-3.86691559185646));
#6128=CARTESIAN_POINT('Ctrl Pts',(245.,10.3119594541451,-5.02536124594968));
#6129=CARTESIAN_POINT('Ctrl Pts',(245.,11.0519561899634,-6.07930541663415));
#6130=CARTESIAN_POINT('Ctrl Pts',(245.,11.7677366700286,-7.26841948899128));
#6131=CARTESIAN_POINT('Ctrl Pts',(245.,11.9717028025197,-7.60726499426021));
#6132=CARTESIAN_POINT('Ctrl Pts',(245.,12.1744838064467,-7.95659629296611));
#6133=CARTESIAN_POINT('Ctrl Pts',(245.,12.3831705593724,-8.32245342025184));
#6134=CARTESIAN_POINT('Ctrl Pts',(245.,12.5024684234725,-8.53159929673477));
#6135=CARTESIAN_POINT('Ctrl Pts',(245.,12.5966612559548,-8.69725038917314));
#6136=CARTESIAN_POINT('Ctrl Pts',(245.,12.819985866955,-9.09619575567036));
#6137=CARTESIAN_POINT('Ctrl Pts',(245.,13.4744446959244,-10.2653159713559));
#6138=CARTESIAN_POINT('Ctrl Pts',(245.,14.9833504622488,-12.9711608661011));
#6139=CARTESIAN_POINT('Ctrl Pts',(245.,16.2339476457764,-15.5020918234906));
#6140=CARTESIAN_POINT('Ctrl Pts',(245.,17.4650042483114,-17.9934769846709));
#6141=CARTESIAN_POINT('Ctrl Pts',(245.,18.430211244697,-20.2513099901157));
#6142=CARTESIAN_POINT('Ctrl Pts',(245.,19.5629226259253,-23.3443339455456));
#6143=CARTESIAN_POINT('Ctrl Pts',(245.,19.8478436542218,-24.1223499349068));
#6144=CARTESIAN_POINT('Ctrl Pts',(245.,20.147739825193,-24.9638116584402));
#6145=CARTESIAN_POINT('Ctrl Pts',(245.,20.4574323892789,-25.8520480587139));
#6146=CARTESIAN_POINT('Ctrl Pts',(245.,21.8307411825291,-29.7908667467932));
#6147=CARTESIAN_POINT('Ctrl Pts',(245.,22.9624424146733,-33.4359365299405));
#6148=CARTESIAN_POINT('Ctrl Pts',(245.,23.9983515861887,-37.1841583854919));
#6149=CARTESIAN_POINT('Ctrl Pts',(245.,24.6722140069779,-39.6223893836226));
#6150=CARTESIAN_POINT('Ctrl Pts',(245.,25.3292501311169,-42.1717772988242));
#6151=CARTESIAN_POINT('Ctrl Pts',(245.,25.9086666314726,-44.5511677758259));
#6152=CARTESIAN_POINT('Ctrl Pts',(245.,27.4285805604779,-50.7927379180582));
#6153=CARTESIAN_POINT('Ctrl Pts',(245.,28.5082541996431,-56.2039315751193));
#6154=CARTESIAN_POINT('Ctrl Pts',(245.,29.3730649987772,-61.5565768831042));
#6155=CARTESIAN_POINT('Ctrl Pts',(245.,29.9296276903699,-65.0013565768077));
#6156=CARTESIAN_POINT('Ctrl Pts',(245.,30.4063526395094,-68.4202918287365));
#6157=CARTESIAN_POINT('Ctrl Pts',(245.,30.8623093285172,-72.0190754804298));
#6158=CARTESIAN_POINT('Ctrl Pts',(245.,31.0416433926867,-73.4345268026366));
#6159=CARTESIAN_POINT('Ctrl Pts',(245.,31.2142319724721,-74.8563530845416));
#6160=CARTESIAN_POINT('Ctrl Pts',(245.,31.3717888624,-76.2049941367311));
#6161=CARTESIAN_POINT('Ctrl Pts',(245.,32.5429037276293,-86.229396019762));
#6162=CARTESIAN_POINT('Ctrl Pts',(245.,33.0633699125138,-93.6096953517735));
#6163=CARTESIAN_POINT('Ctrl Pts',(245.,33.3188705131592,-102.237164160531));
#6164=CARTESIAN_POINT('Ctrl Pts',(245.,33.3961461539733,-104.846524683038));
#6165=CARTESIAN_POINT('Ctrl Pts',(245.,33.4518537577289,-107.589382478761));
#6166=CARTESIAN_POINT('Ctrl Pts',(245.,33.4871477441581,-110.507354011658));
#6167=CARTESIAN_POINT('Ctrl Pts',(245.,33.5943428723406,-119.369836381823));
#6168=CARTESIAN_POINT('Ctrl Pts',(245.,33.507589858967,-129.516910932164));
#6169=CARTESIAN_POINT('Ctrl Pts',(245.,33.0812258390538,-139.440590678179));
#6170=CARTESIAN_POINT('Ctrl Pts',(245.,32.9381818491853,-142.769958726957));
#6171=CARTESIAN_POINT('Ctrl Pts',(245.,32.7605816843331,-146.041145237066));
#6172=CARTESIAN_POINT('Ctrl Pts',(245.,32.541245534626,-149.422206011933));
#6173=CARTESIAN_POINT('Ctrl Pts',(245.,31.942050087475,-158.65878751273));
#6174=CARTESIAN_POINT('Ctrl Pts',(245.,31.0599009503735,-168.336757835633));
#6175=CARTESIAN_POINT('Ctrl Pts',(245.,30.2838016781699,-176.211283339717));
#6176=CARTESIAN_POINT('Ctrl Pts',(245.,30.0213363503232,-178.874331730676));
#6177=CARTESIAN_POINT('Ctrl Pts',(245.,29.7692161050195,-181.330973315092));
#6178=CARTESIAN_POINT('Ctrl Pts',(245.,29.5399642273266,-183.494116310378));
#6179=CARTESIAN_POINT('Ctrl Pts',(245.,29.3994061165032,-184.820374991085));
#6180=CARTESIAN_POINT('Ctrl Pts',(245.,29.2692427811972,-186.020512455275));
#6181=CARTESIAN_POINT('Ctrl Pts',(245.,29.1475126363622,-187.123919273499));
#6182=CARTESIAN_POINT('Ctrl Pts',(245.,28.0867637532148,-196.738937407872));
#6183=CARTESIAN_POINT('Ctrl Pts',(245.,26.9401890524395,-205.474088275054));
#6184=CARTESIAN_POINT('Ctrl Pts',(245.,25.7142749118791,-213.89224192961));
#6185=CARTESIAN_POINT('Ctrl Pts',(245.,24.9988390063814,-218.805024304167));
#6186=CARTESIAN_POINT('Ctrl Pts',(245.,24.2606673873087,-223.61046582867));
#6187=CARTESIAN_POINT('Ctrl Pts',(245.,23.4999282290957,-228.42033896218));
#6188=CARTESIAN_POINT('Ctrl Pts',(245.,22.8484801546454,-232.53920488008));
#6189=CARTESIAN_POINT('Ctrl Pts',(245.,22.178887187664,-236.665246092424));
#6190=CARTESIAN_POINT('Ctrl Pts',(245.,21.5140774028585,-240.673957195227));
#6191=CARTESIAN_POINT('Ctrl Pts',(245.,19.4802631510244,-252.937575990717));
#6192=CARTESIAN_POINT('Ctrl Pts',(245.,17.4317996704293,-264.365274700922));
#6193=CARTESIAN_POINT('Ctrl Pts',(245.,15.4912596587773,-274.519319902096));
#6194=CARTESIAN_POINT('Ctrl Pts',(245.,14.0989368417656,-281.804770721802));
#6195=CARTESIAN_POINT('Ctrl Pts',(245.,12.768427182925,-288.435923834942));
#6196=CARTESIAN_POINT('Ctrl Pts',(245.,11.522647726893,-294.246813526086));
#6197=CARTESIAN_POINT('Ctrl Pts',(245.,10.9685419452413,-296.831418336202));
#6198=CARTESIAN_POINT('Ctrl Pts',(245.,10.4515659393213,-299.156521901246));
#6199=CARTESIAN_POINT('Ctrl Pts',(245.,9.96130167118343,-301.278635690253));
#6200=CARTESIAN_POINT('Ctrl Pts',(245.,7.14482646738047,-313.469776784601));
#6201=CARTESIAN_POINT('Ctrl Pts',(245.,5.17598634463242,-319.034063789282));
#6202=CARTESIAN_POINT('Ctrl Pts',(245.,1.74012877588679,-330.00058349354));
#6203=CARTESIAN_POINT('',(245.,2.58893221047122,-112.625));
#6204=CARTESIAN_POINT('',(245.,22.8389322104712,-112.625));
#6205=CARTESIAN_POINT('',(245.,1.29446610523561,-112.625));
#6206=CARTESIAN_POINT('',(245.,22.8389322104712,-92.3750000000001));
#6207=CARTESIAN_POINT('',(245.,22.8389322104712,-56.3125));
#6208=CARTESIAN_POINT('',(245.,2.58893221047123,-92.3750000000001));
#6209=CARTESIAN_POINT('',(245.,11.4194661052356,-92.3750000000001));
#6210=CARTESIAN_POINT('',(245.,2.58893221047126,-46.1875));
#6211=CARTESIAN_POINT('Origin',(246.75,0.,-2.40183703655756E-14));
#6212=CARTESIAN_POINT('',(246.75,2.58893221047123,-99.9999999999999));
#6213=CARTESIAN_POINT('',(246.75,0.,-99.9999999999999));
#6214=CARTESIAN_POINT('',(246.75,2.58893221047123,-92.3750000000001));
#6215=CARTESIAN_POINT('',(246.75,2.58893221047126,-46.1875));
#6216=CARTESIAN_POINT('',(246.75,22.8389322104712,-92.3750000000001));
#6217=CARTESIAN_POINT('',(246.75,11.4194661052356,-92.3750000000001));
#6218=CARTESIAN_POINT('',(246.75,22.8389322104712,-99.9999999999999));
#6219=CARTESIAN_POINT('',(246.75,22.8389322104712,-56.3125000000001));
#6220=CARTESIAN_POINT('',(246.75,0.,-99.9999999999999));
#6221=CARTESIAN_POINT('Origin',(490.,0.,0.));
#6222=CARTESIAN_POINT('',(490.,33.5290175523084,-117.772687566893));
#6223=CARTESIAN_POINT('Ctrl Pts',(490.,33.5290175523084,-117.772687566893));
#6224=CARTESIAN_POINT('Ctrl Pts',(490.,33.5268179852694,-122.696637809733));
#6225=CARTESIAN_POINT('Ctrl Pts',(490.,33.4619494079867,-127.861968647217));
#6226=CARTESIAN_POINT('Ctrl Pts',(490.,33.3108313268564,-133.054380944067));
#6227=CARTESIAN_POINT('Ctrl Pts',(490.,33.2123439777805,-136.43840301873));
#6228=CARTESIAN_POINT('Ctrl Pts',(490.,33.0767787507879,-139.833844427396));
#6229=CARTESIAN_POINT('Ctrl Pts',(490.,32.9047686483671,-143.181580923289));
#6230=CARTESIAN_POINT('Ctrl Pts',(490.,32.7741044628415,-145.724624944738));
#6231=CARTESIAN_POINT('Ctrl Pts',(490.,32.6200423403271,-148.290965834091));
#6232=CARTESIAN_POINT('Ctrl Pts',(490.,32.4428198883846,-150.905981094789));
#6233=CARTESIAN_POINT('Ctrl Pts',(490.,31.8161839399464,-160.152340966841));
#6234=CARTESIAN_POINT('Ctrl Pts',(490.,30.931507874547,-169.718148249725));
#6235=CARTESIAN_POINT('Ctrl Pts',(490.,30.1679193660751,-177.38058454054));
#6236=CARTESIAN_POINT('Ctrl Pts',(490.,29.8969750676296,-180.099448695991));
#6237=CARTESIAN_POINT('Ctrl Pts',(490.,29.639178292563,-182.578480709273));
#6238=CARTESIAN_POINT('Ctrl Pts',(490.,29.409376935597,-184.718140056985));
#6239=CARTESIAN_POINT('Ctrl Pts',(490.,29.2326421255445,-186.36370165587));
#6240=CARTESIAN_POINT('Ctrl Pts',(490.,29.07840106343,-187.759953929242));
#6241=CARTESIAN_POINT('Ctrl Pts',(490.,28.917030709577,-189.188682825413));
#6242=CARTESIAN_POINT('Ctrl Pts',(490.,27.8546767586545,-198.594473612903));
#6243=CARTESIAN_POINT('Ctrl Pts',(490.,26.7052502986336,-207.175617927241));
#6244=CARTESIAN_POINT('Ctrl Pts',(490.,25.4815750603891,-215.4807188787));
#6245=CARTESIAN_POINT('Ctrl Pts',(490.,24.7144894466461,-220.686939664607));
#6246=CARTESIAN_POINT('Ctrl Pts',(490.,23.9230401083363,-225.785437599204));
#6247=CARTESIAN_POINT('Ctrl Pts',(490.,23.1040170796879,-230.910464785103));
#6248=CARTESIAN_POINT('Ctrl Pts',(490.,22.3641525288307,-235.540158706266));
#6249=CARTESIAN_POINT('Ctrl Pts',(490.,21.6135422506394,-240.111476329305));
#6250=CARTESIAN_POINT('Ctrl Pts',(490.,20.8671814677764,-244.546220981462));
#6251=CARTESIAN_POINT('Ctrl Pts',(490.,18.4981809890489,-258.622405643384));
#6252=CARTESIAN_POINT('Ctrl Pts',(490.,16.1204010768738,-271.499616748306));
#6253=CARTESIAN_POINT('Ctrl Pts',(490.,13.9401797818182,-282.488308118085));
#6254=CARTESIAN_POINT('Ctrl Pts',(490.,13.1650322432037,-286.395185409485));
#6255=CARTESIAN_POINT('Ctrl Pts',(490.,12.4141546540542,-290.063272666872));
#6256=CARTESIAN_POINT('Ctrl Pts',(490.,11.690695487853,-293.46033368317));
#6257=CARTESIAN_POINT('Ctrl Pts',(490.,11.108009477608,-296.196382962274));
#6258=CARTESIAN_POINT('Ctrl Pts',(490.,10.5585946368207,-298.682273288441));
#6259=CARTESIAN_POINT('Ctrl Pts',(490.,10.042999177438,-300.924200192784));
#6260=CARTESIAN_POINT('Ctrl Pts',(490.,7.18235776127391,-313.362922912056));
#6261=CARTESIAN_POINT('Ctrl Pts',(490.,5.20910898707844,-318.9283434258));
#6262=CARTESIAN_POINT('Ctrl Pts',(490.,1.74012877588679,-330.00058349354));
#6263=CARTESIAN_POINT('',(490.,33.5290175523084,-117.249635004539));
#6264=CARTESIAN_POINT('Ctrl Pts',(490.,33.5287233461491,-117.252211466529));
#6265=CARTESIAN_POINT('Ctrl Pts',(490.,33.528790517834,-117.426093276947));
#6266=CARTESIAN_POINT('Ctrl Pts',(490.,33.5287808572998,-117.600246232747));
#6267=CARTESIAN_POINT('Ctrl Pts',(490.,33.5286936040533,-117.774651991401));
#6268=CARTESIAN_POINT('',(490.,4.25861348297647,0.));
#6269=CARTESIAN_POINT('Ctrl Pts',(490.,4.25826070653884,0.000845656945322459));
#6270=CARTESIAN_POINT('Ctrl Pts',(490.,5.65842733342056,-0.743079332577381));
#6271=CARTESIAN_POINT('Ctrl Pts',(490.,6.92973200238035,-1.74435898749073));
#6272=CARTESIAN_POINT('Ctrl Pts',(490.,7.96005165074958,-2.66767166333004));
#6273=CARTESIAN_POINT('Ctrl Pts',(490.,9.08030528347721,-3.67157795676976));
#6274=CARTESIAN_POINT('Ctrl Pts',(490.,9.90974795237559,-4.59062991878163));
#6275=CARTESIAN_POINT('Ctrl Pts',(490.,10.5667248883015,-5.46323783426196));
#6276=CARTESIAN_POINT('Ctrl Pts',(490.,11.3883333638968,-6.55451215459981));
#6277=CARTESIAN_POINT('Ctrl Pts',(490.,12.0085650497407,-7.64756009475831));
#6278=CARTESIAN_POINT('Ctrl Pts',(490.,12.800942161804,-9.0621866404108));
#6279=CARTESIAN_POINT('Ctrl Pts',(490.,13.5110257730956,-10.329895047018));
#6280=CARTESIAN_POINT('Ctrl Pts',(490.,14.3532858372865,-11.8572531310512));
#6281=CARTESIAN_POINT('Ctrl Pts',(490.,15.197972054751,-13.4695109660776));
#6282=CARTESIAN_POINT('Ctrl Pts',(490.,16.2190893634929,-15.4185239219677));
#6283=CARTESIAN_POINT('Ctrl Pts',(490.,17.1867028824001,-17.4286766973692));
#6284=CARTESIAN_POINT('Ctrl Pts',(490.,17.9734640592873,-19.2843991586415));
#6285=CARTESIAN_POINT('Ctrl Pts',(490.,19.0376068606726,-21.7943777347897));
#6286=CARTESIAN_POINT('Ctrl Pts',(490.,19.8256924385418,-24.0248337122309));
#6287=CARTESIAN_POINT('Ctrl Pts',(490.,20.6211412284416,-26.3233442661126));
#6288=CARTESIAN_POINT('Ctrl Pts',(490.,21.3518769755186,-28.4348614977454));
#6289=CARTESIAN_POINT('Ctrl Pts',(490.,22.0918930498722,-30.6570321758959));
#6290=CARTESIAN_POINT('Ctrl Pts',(490.,22.9076276494265,-33.3858759010255));
#6291=CARTESIAN_POINT('Ctrl Pts',(490.,23.6392452078114,-35.8333263150255));
#6292=CARTESIAN_POINT('Ctrl Pts',(490.,24.4292452618462,-38.6900889242674));
#6293=CARTESIAN_POINT('Ctrl Pts',(490.,25.2088563092788,-41.7446737962638));
#6294=CARTESIAN_POINT('Ctrl Pts',(490.,26.0795138553427,-45.1559868832888));
#6295=CARTESIAN_POINT('Ctrl Pts',(490.,26.9121359634132,-48.7111085569575));
#6296=CARTESIAN_POINT('Ctrl Pts',(490.,27.6165199417894,-52.0711369235248));
#6297=CARTESIAN_POINT('Ctrl Pts',(490.,28.3811683216372,-55.7186364771938));
#6298=CARTESIAN_POINT('Ctrl Pts',(490.,28.9988710738239,-59.155169881833));
#6299=CARTESIAN_POINT('Ctrl Pts',(490.,29.5454016141021,-62.6391214643916));
#6300=CARTESIAN_POINT('Ctrl Pts',(490.,30.1084631501401,-66.2284526819281));
#6301=CARTESIAN_POINT('Ctrl Pts',(490.,30.606423375745,-69.9110753626955));
#6302=CARTESIAN_POINT('Ctrl Pts',(490.,31.0620810263775,-73.6203970123575));
#6303=CARTESIAN_POINT('Ctrl Pts',(490.,31.4938194571227,-77.1350021241799));
#6304=CARTESIAN_POINT('Ctrl Pts',(490.,31.8782646708146,-80.5924779275379));
#6305=CARTESIAN_POINT('Ctrl Pts',(490.,32.1990291290068,-83.9348040362662));
#6306=CARTESIAN_POINT('Ctrl Pts',(490.,32.5590101916304,-87.6857623283273));
#6307=CARTESIAN_POINT('Ctrl Pts',(490.,32.8385028786472,-91.2894570537185));
#6308=CARTESIAN_POINT('Ctrl Pts',(490.,33.0484592082859,-95.4087500739943));
#6309=CARTESIAN_POINT('Ctrl Pts',(490.,33.2326387706097,-99.0223090786879));
#6310=CARTESIAN_POINT('Ctrl Pts',(490.,33.3660337147426,-103.097744285938));
#6311=CARTESIAN_POINT('Ctrl Pts',(490.,33.4463451943583,-107.728276752566));
#6312=CARTESIAN_POINT('Ctrl Pts',(490.,33.4982255662925,-110.71955206926));
#6313=CARTESIAN_POINT('Ctrl Pts',(490.,33.5274424989335,-113.936587730695));
#6314=CARTESIAN_POINT('Ctrl Pts',(490.,33.5287233461491,-117.252211466529));
#6315=CARTESIAN_POINT('',(490.,-2.55448422508728,0.));
#6316=CARTESIAN_POINT('Ctrl Pts',(490.,-2.55053153125237,-0.00241082779622537));
#6317=CARTESIAN_POINT('Ctrl Pts',(490.,-1.83251738691411,0.503352664907625));
#6318=CARTESIAN_POINT('Ctrl Pts',(490.,-0.990863214996432,0.881424374134367));
#6319=CARTESIAN_POINT('Ctrl Pts',(490.,-0.0737938570798595,0.999074352483982));
#6320=CARTESIAN_POINT('Ctrl Pts',(490.,1.2096849041932,1.16373065374675));
#6321=CARTESIAN_POINT('Ctrl Pts',(490.,2.57832738991744,0.825683731848795));
#6322=CARTESIAN_POINT('Ctrl Pts',(490.,3.84971000995358,0.208576916310593));
#6323=CARTESIAN_POINT('Ctrl Pts',(490.,3.98702481652283,0.141926718586648));
#6324=CARTESIAN_POINT('Ctrl Pts',(490.,4.12324189536488,0.0725827386322703));
#6325=CARTESIAN_POINT('Ctrl Pts',(490.,4.25826070653884,0.000845656945322459));
#6326=CARTESIAN_POINT('',(490.,-10.5592864736409,-41.4090942225835));
#6327=CARTESIAN_POINT('Ctrl Pts',(490.,-10.5593134457856,-41.4081091559161));
#6328=CARTESIAN_POINT('Ctrl Pts',(490.,-10.5588772390264,-41.0613661275632));
#6329=CARTESIAN_POINT('Ctrl Pts',(490.,-10.5580186375221,-40.7167585016372));
#6330=CARTESIAN_POINT('Ctrl Pts',(490.,-10.5567184668163,-40.3747655948602));
#6331=CARTESIAN_POINT('Ctrl Pts',(490.,-10.5453491662462,-37.3842197129926));
#6332=CARTESIAN_POINT('Ctrl Pts',(490.,-10.496517900992,-34.6647346255467));
#6333=CARTESIAN_POINT('Ctrl Pts',(490.,-10.4168292977502,-32.3359415182742));
#6334=CARTESIAN_POINT('Ctrl Pts',(490.,-10.3271132551333,-29.7141098741164));
#6335=CARTESIAN_POINT('Ctrl Pts',(490.,-10.208374569364,-27.5656196275472));
#6336=CARTESIAN_POINT('Ctrl Pts',(490.,-10.0835784207001,-25.4208687311269));
#6337=CARTESIAN_POINT('Ctrl Pts',(490.,-9.95930299145803,-23.2850669365717));
#6338=CARTESIAN_POINT('Ctrl Pts',(490.,-9.82811471573831,-21.1197684601512));
#6339=CARTESIAN_POINT('Ctrl Pts',(490.,-9.53249605661105,-18.6897802552453));
#6340=CARTESIAN_POINT('Ctrl Pts',(490.,-9.29222426624794,-16.7147438408401));
#6341=CARTESIAN_POINT('Ctrl Pts',(490.,-8.92703968304426,-14.5633094686181));
#6342=CARTESIAN_POINT('Ctrl Pts',(490.,-8.50883314273318,-12.5620858766877));
#6343=CARTESIAN_POINT('Ctrl Pts',(490.,-8.16281048658288,-10.9062803450111));
#6344=CARTESIAN_POINT('Ctrl Pts',(490.,-7.80915107320493,-9.42213849465062));
#6345=CARTESIAN_POINT('Ctrl Pts',(490.,-7.45795789813056,-8.18837961254933));
#6346=CARTESIAN_POINT('Ctrl Pts',(490.,-6.98452737123055,-6.52519490659063));
#6347=CARTESIAN_POINT('Ctrl Pts',(490.,-6.50869119246111,-5.25691328498141));
#6348=CARTESIAN_POINT('Ctrl Pts',(490.,-5.62995929042949,-3.7039343242354));
#6349=CARTESIAN_POINT('Ctrl Pts',(490.,-5.04920829162853,-2.67757568118971));
#6350=CARTESIAN_POINT('Ctrl Pts',(490.,-4.29809478615125,-1.52497362423792));
#6351=CARTESIAN_POINT('Ctrl Pts',(490.,-3.22199182170042,-0.542575191152691));
#6352=CARTESIAN_POINT('Ctrl Pts',(490.,-3.01292576019644,-0.351714113711439));
#6353=CARTESIAN_POINT('Ctrl Pts',(490.,-2.78852030750258,-0.170048242253507));
#6354=CARTESIAN_POINT('Ctrl Pts',(490.,-2.55053153125237,-0.00241082779622537));
#6355=CARTESIAN_POINT('',(490.,-10.5592864736409,-42.4489441450345));
#6356=CARTESIAN_POINT('Ctrl Pts',(490.,-10.5593835496094,-42.4456466846873));
#6357=CARTESIAN_POINT('Ctrl Pts',(490.,-10.5597632097835,-42.0980120506437));
#6358=CARTESIAN_POINT('Ctrl Pts',(490.,-10.5597460774613,-41.7520103317766));
#6359=CARTESIAN_POINT('Ctrl Pts',(490.,-10.5593134457856,-41.4081091559161));
#6360=CARTESIAN_POINT('',(490.,-1.42899083021269,-330.004282463138));
#6361=CARTESIAN_POINT('Ctrl Pts',(490.,-1.42899083021269,-330.004282463138));
#6362=CARTESIAN_POINT('Ctrl Pts',(490.,-1.4346582122423,-328.68090153066));
#6363=CARTESIAN_POINT('Ctrl Pts',(490.,-1.44006409373111,-327.457539799962));
#6364=CARTESIAN_POINT('Ctrl Pts',(490.,-1.44539853085085,-326.30957263989));
#6365=CARTESIAN_POINT('Ctrl Pts',(490.,-1.4659317218211,-321.890844216217));
#6366=CARTESIAN_POINT('Ctrl Pts',(490.,-1.48567769396572,-318.548893701917));
#6367=CARTESIAN_POINT('Ctrl Pts',(490.,-1.51327139158914,-315.206035028316));
#6368=CARTESIAN_POINT('Ctrl Pts',(490.,-1.54082496468682,-311.868037269723));
#6369=CARTESIAN_POINT('Ctrl Pts',(490.,-1.57620470674339,-308.529017870245));
#6370=CARTESIAN_POINT('Ctrl Pts',(490.,-1.62452955962635,-304.633886879576));
#6371=CARTESIAN_POINT('Ctrl Pts',(490.,-1.67287628521993,-300.736992881512));
#6372=CARTESIAN_POINT('Ctrl Pts',(490.,-1.73417952115068,-296.28354956992));
#6373=CARTESIAN_POINT('Ctrl Pts',(490.,-1.81006538599216,-291.236500865511));
#6374=CARTESIAN_POINT('Ctrl Pts',(490.,-1.89254338472366,-285.751019774802));
#6375=CARTESIAN_POINT('Ctrl Pts',(490.,-1.99225615862342,-279.564612399137));
#6376=CARTESIAN_POINT('Ctrl Pts',(490.,-2.10678708761589,-273.292573938378));
#6377=CARTESIAN_POINT('Ctrl Pts',(490.,-2.21579055251006,-267.323235086538));
#6378=CARTESIAN_POINT('Ctrl Pts',(490.,-2.33786184367721,-261.338304109887));
#6379=CARTESIAN_POINT('Ctrl Pts',(490.,-2.47178042305099,-255.595879477262));
#6380=CARTESIAN_POINT('Ctrl Pts',(490.,-2.65569095746709,-247.709801324637));
#6381=CARTESIAN_POINT('Ctrl Pts',(490.,-2.86206063676929,-240.24414687097));
#6382=CARTESIAN_POINT('Ctrl Pts',(490.,-3.09303406722705,-232.70048028873));
#6383=CARTESIAN_POINT('Ctrl Pts',(490.,-3.32213215567252,-225.218062980228));
#6384=CARTESIAN_POINT('Ctrl Pts',(490.,-3.57560841166123,-217.633859409095));
#6385=CARTESIAN_POINT('Ctrl Pts',(490.,-3.85435836649862,-209.914590878661));
#6386=CARTESIAN_POINT('Ctrl Pts',(490.,-4.32563870188782,-196.863684864685));
#6387=CARTESIAN_POINT('Ctrl Pts',(490.,-4.88319761797293,-183.516523267466));
#6388=CARTESIAN_POINT('Ctrl Pts',(490.,-5.39143620730886,-170.789192751243));
#6389=CARTESIAN_POINT('Ctrl Pts',(490.,-5.66036526765554,-164.05466076515));
#6390=CARTESIAN_POINT('Ctrl Pts',(490.,-5.91172172092449,-157.502092989305));
#6391=CARTESIAN_POINT('Ctrl Pts',(490.,-6.17309596437535,-150.787240520137));
#6392=CARTESIAN_POINT('Ctrl Pts',(490.,-6.37679820952983,-145.554014377455));
#6393=CARTESIAN_POINT('Ctrl Pts',(490.,-6.59265951963938,-140.152113148479));
#6394=CARTESIAN_POINT('Ctrl Pts',(490.,-6.83363640470257,-134.498020877974));
#6395=CARTESIAN_POINT('Ctrl Pts',(490.,-7.06767427090637,-129.006740293276));
#6396=CARTESIAN_POINT('Ctrl Pts',(490.,-7.3252411746032,-123.279872695454));
#6397=CARTESIAN_POINT('Ctrl Pts',(490.,-7.58031712591519,-117.764951156563));
#6398=CARTESIAN_POINT('Ctrl Pts',(490.,-7.8113675374533,-112.769478691961));
#6399=CARTESIAN_POINT('Ctrl Pts',(490.,-8.03507724089976,-108.027539034898));
#6400=CARTESIAN_POINT('Ctrl Pts',(490.,-8.23169597836005,-103.842908235994));
#6401=CARTESIAN_POINT('Ctrl Pts',(490.,-8.42544482084552,-99.7193573273206));
#6402=CARTESIAN_POINT('Ctrl Pts',(490.,-8.59296566520855,-96.1356921470986));
#6403=CARTESIAN_POINT('Ctrl Pts',(490.,-8.747681117147,-92.8611323862559));
#6404=CARTESIAN_POINT('Ctrl Pts',(490.,-8.91524349800121,-89.3146667753453));
#6405=CARTESIAN_POINT('Ctrl Pts',(490.,-9.07456226615854,-86.0345498635996));
#6406=CARTESIAN_POINT('Ctrl Pts',(490.,-9.24631658194429,-82.5986598322443));
#6407=CARTESIAN_POINT('Ctrl Pts',(490.,-9.42280943272666,-79.0679769272214));
#6408=CARTESIAN_POINT('Ctrl Pts',(490.,-9.61235291857214,-75.3742680422269));
#6409=CARTESIAN_POINT('Ctrl Pts',(490.,-9.78769903885233,-71.6861689798569));
#6410=CARTESIAN_POINT('Ctrl Pts',(490.,-9.96566888980196,-67.9428843302241));
#6411=CARTESIAN_POINT('Ctrl Pts',(490.,-10.1234039631537,-64.2830586976201));
#6412=CARTESIAN_POINT('Ctrl Pts',(490.,-10.2436227832659,-60.6630883479376));
#6413=CARTESIAN_POINT('Ctrl Pts',(490.,-10.3533825376738,-57.3580562724726));
#6414=CARTESIAN_POINT('Ctrl Pts',(490.,-10.4350634578063,-54.0154227115953));
#6415=CARTESIAN_POINT('Ctrl Pts',(490.,-10.4899268024003,-50.4659767145985));
#6416=CARTESIAN_POINT('Ctrl Pts',(490.,-10.5305851880082,-47.8355365708563));
#6417=CARTESIAN_POINT('Ctrl Pts',(490.,-10.5564920553946,-45.0932341896994));
#6418=CARTESIAN_POINT('Ctrl Pts',(490.,-10.5593835496094,-42.4456466846873));
#6419=CARTESIAN_POINT('',(490.,-0.75,-330.001374683273));
#6420=CARTESIAN_POINT('',(490.,0.49209600452483,-329.996055404143));
#6421=CARTESIAN_POINT('',(490.,-0.75,-162.57714958632));
#6422=CARTESIAN_POINT('',(490.,2.58893221047123,-92.3750000000002));
#6423=CARTESIAN_POINT('',(490.,2.58893221047122,-112.625));
#6424=CARTESIAN_POINT('',(490.,2.58893221047126,-46.1875));
#6425=CARTESIAN_POINT('',(490.,22.8389322104712,-92.3750000000002));
#6426=CARTESIAN_POINT('',(490.,11.4194661052356,-92.3750000000002));
#6427=CARTESIAN_POINT('',(490.,22.8389322104712,-112.625));
#6428=CARTESIAN_POINT('',(490.,22.8389322104712,-56.3125));
#6429=CARTESIAN_POINT('',(490.,1.29446610523561,-112.625));
#6430=CARTESIAN_POINT('Origin',(295.0625,0.290511087516668,-350.));
#6431=CARTESIAN_POINT('',(305.,0.29051108751667,-165.630101955139));
#6432=CARTESIAN_POINT('',(295.0625,0.290511087516668,-165.630101955139));
#6433=CARTESIAN_POINT('',(285.187499999464,0.290511087516666,-165.630101955139));
#6434=CARTESIAN_POINT('',(295.0625,0.290511087516668,-237.106907690183));
#6435=CARTESIAN_POINT('',(295.0625,0.290511087516668,-350.));
#6436=CARTESIAN_POINT('',(305.,0.29051108751667,-245.445460275007));
#6437=CARTESIAN_POINT('',(276.445067249265,0.290511087516665,-221.485026735573));
#6438=CARTESIAN_POINT('',(305.,0.29051108751667,-340.002141231569));
#6439=CARTESIAN_POINT('Origin',(295.0625,0.290511087516668,-350.));
#6440=CARTESIAN_POINT('',(320.0625,0.290511087516672,-165.630101955139));
#6441=CARTESIAN_POINT('',(310.,0.290511087516671,-165.630101955139));
#6442=CARTESIAN_POINT('',(285.187499999464,0.290511087516666,-165.630101955139));
#6443=CARTESIAN_POINT('',(310.,0.290511087516671,-249.640958430893));
#6444=CARTESIAN_POINT('',(310.,0.290511087516671,-175.));
#6445=CARTESIAN_POINT('',(320.0625,0.290511087516672,-258.084398469615));
#6446=CARTESIAN_POINT('',(276.445067249265,0.290511087516665,-221.485026735573));
#6447=CARTESIAN_POINT('',(320.0625,0.290511087516672,-350.));
#6448=CARTESIAN_POINT('Ctrl Pts',(0.,0.692436863172455,-330.));
#6449=CARTESIAN_POINT('Ctrl Pts',(1225.,0.692436863172455,-330.));
#6450=CARTESIAN_POINT('Ctrl Pts',(0.,5.36729010756762,-315.060779002508));
#6451=CARTESIAN_POINT('Ctrl Pts',(1225.,5.36729010756762,-315.060779002508));
#6452=CARTESIAN_POINT('Ctrl Pts',(0.,7.73616191059256,-309.282020228319));
#6453=CARTESIAN_POINT('Ctrl Pts',(1225.,7.73616191059256,-309.282020228319));
#6454=CARTESIAN_POINT('Ctrl Pts',(0.,15.7980112916491,-269.263660760413));
#6455=CARTESIAN_POINT('Ctrl Pts',(1225.,15.7980112916491,-269.263660760413));
#6456=CARTESIAN_POINT('Ctrl Pts',(0.,22.1706115435568,-230.911398635869));
#6457=CARTESIAN_POINT('Ctrl Pts',(1225.,22.1706115435568,-230.911398635869));
#6458=CARTESIAN_POINT('Ctrl Pts',(0.,27.2402918752549,-198.214185048207));
#6459=CARTESIAN_POINT('Ctrl Pts',(1225.,27.2402918752549,-198.214185048207));
#6460=CARTESIAN_POINT('Ctrl Pts',(0.,30.4361456778927,-164.898177192353));
#6461=CARTESIAN_POINT('Ctrl Pts',(1225.,30.4361456778927,-164.898177192353));
#6462=CARTESIAN_POINT('Ctrl Pts',(0.,32.7767416046338,-136.57512421457));
#6463=CARTESIAN_POINT('Ctrl Pts',(1225.,32.7767416046338,-136.57512421457));
#6464=CARTESIAN_POINT('Ctrl Pts',(0.,32.572174307517,-100.31120637567));
#6465=CARTESIAN_POINT('Ctrl Pts',(1225.,32.572174307517,-100.31120637567));
#6466=CARTESIAN_POINT('Ctrl Pts',(0.,31.4787146600278,-85.1197339869532));
#6467=CARTESIAN_POINT('Ctrl Pts',(1225.,31.4787146600278,-85.1197339869532));
#6468=CARTESIAN_POINT('Ctrl Pts',(0.,29.2161090680932,-65.9844229593376));
#6469=CARTESIAN_POINT('Ctrl Pts',(1225.,29.2161090680932,-65.9844229593376));
#6470=CARTESIAN_POINT('Ctrl Pts',(0.,26.7661902336552,-51.5393720618797));
#6471=CARTESIAN_POINT('Ctrl Pts',(1225.,26.7661902336552,-51.5393720618797));
#6472=CARTESIAN_POINT('Ctrl Pts',(0.,22.2069184142093,-33.7095873785944));
#6473=CARTESIAN_POINT('Ctrl Pts',(1225.,22.2069184142093,-33.7095873785944));
#6474=CARTESIAN_POINT('Ctrl Pts',(0.,19.3158500368011,-25.6495689043505));
#6475=CARTESIAN_POINT('Ctrl Pts',(1225.,19.3158500368011,-25.6495689043505));
#6476=CARTESIAN_POINT('Ctrl Pts',(0.,16.4902069465223,-17.4700986677718));
#6477=CARTESIAN_POINT('Ctrl Pts',(1225.,16.4902069465223,-17.4700986677718));
#6478=CARTESIAN_POINT('Ctrl Pts',(0.,10.7156213917761,-7.517737344979));
#6479=CARTESIAN_POINT('Ctrl Pts',(1225.,10.7156213917761,-7.517737344979));
#6480=CARTESIAN_POINT('Ctrl Pts',(0.,9.59210666071061,-5.06402799233127));
#6481=CARTESIAN_POINT('Ctrl Pts',(1225.,9.59210666071061,-5.06402799233127));
#6482=CARTESIAN_POINT('Ctrl Pts',(0.,-0.302237819680045,3.33162846574542));
#6483=CARTESIAN_POINT('Ctrl Pts',(1225.,-0.302237819680045,3.33162846574542));
#6484=CARTESIAN_POINT('Ctrl Pts',(0.,-5.37497260826862,-4.87193710665857));
#6485=CARTESIAN_POINT('Ctrl Pts',(1225.,-5.37497260826862,-4.87193710665857));
#6486=CARTESIAN_POINT('Ctrl Pts',(0.,-6.46637703842694,-7.76012590636975));
#6487=CARTESIAN_POINT('Ctrl Pts',(1225.,-6.46637703842694,-7.76012590636975));
#6488=CARTESIAN_POINT('Ctrl Pts',(0.,-8.72369290817783,-17.7139508712063));
#6489=CARTESIAN_POINT('Ctrl Pts',(1225.,-8.72369290817783,-17.7139508712063));
#6490=CARTESIAN_POINT('Ctrl Pts',(0.,-9.05735289519721,-25.7605611516216));
#6491=CARTESIAN_POINT('Ctrl Pts',(1225.,-9.05735289519721,-25.7605611516216));
#6492=CARTESIAN_POINT('Ctrl Pts',(0.,-9.65183932786034,-33.8874038470446));
#6493=CARTESIAN_POINT('Ctrl Pts',(1225.,-9.65183932786034,-33.8874038470446));
#6494=CARTESIAN_POINT('Ctrl Pts',(0.,-9.54958439734114,-51.7302428410842));
#6495=CARTESIAN_POINT('Ctrl Pts',(1225.,-9.54958439734114,-51.7302428410842));
#6496=CARTESIAN_POINT('Ctrl Pts',(0.,-9.12188646984469,-66.089055457432));
#6497=CARTESIAN_POINT('Ctrl Pts',(1225.,-9.12188646984469,-66.089055457432));
#6498=CARTESIAN_POINT('Ctrl Pts',(0.,-8.0807090947879,-85.1902133730808));
#6499=CARTESIAN_POINT('Ctrl Pts',(1225.,-8.0807090947879,-85.1902133730808));
#6500=CARTESIAN_POINT('Ctrl Pts',(0.,-7.41482789593825,-100.342950195034));
#6501=CARTESIAN_POINT('Ctrl Pts',(1225.,-7.41482789593825,-100.342950195034));
#6502=CARTESIAN_POINT('Ctrl Pts',(0.,-5.65487802201598,-136.527375623599));
#6503=CARTESIAN_POINT('Ctrl Pts',(1225.,-5.65487802201598,-136.527375623599));
#6504=CARTESIAN_POINT('Ctrl Pts',(0.,-4.681813072762,-164.837141179113));
#6505=CARTESIAN_POINT('Ctrl Pts',(1225.,-4.681813072762,-164.837141179113));
#6506=CARTESIAN_POINT('Ctrl Pts',(0.,-3.23576762517493,-198.076224064099));
#6507=CARTESIAN_POINT('Ctrl Pts',(1225.,-3.23576762517493,-198.076224064099));
#6508=CARTESIAN_POINT('Ctrl Pts',(0.,-2.10280368750388,-230.910800461435));
#6509=CARTESIAN_POINT('Ctrl Pts',(1225.,-2.10280368750388,-230.910800461435));
#6510=CARTESIAN_POINT('Ctrl Pts',(0.,-1.0506280543582,-268.755665480008));
#6511=CARTESIAN_POINT('Ctrl Pts',(1225.,-1.0506280543582,-268.755665480008));
#6512=CARTESIAN_POINT('Ctrl Pts',(0.,-0.545054891565593,-309.707874258144));
#6513=CARTESIAN_POINT('Ctrl Pts',(1225.,-0.545054891565593,-309.707874258144));
#6514=CARTESIAN_POINT('Ctrl Pts',(0.,-0.494719603944063,-314.653924811271));
#6515=CARTESIAN_POINT('Ctrl Pts',(1225.,-0.494719603944063,-314.653924811271));
#6516=CARTESIAN_POINT('Ctrl Pts',(0.,-0.428999999999996,-330.));
#6517=CARTESIAN_POINT('Ctrl Pts',(1225.,-0.428999999999996,-330.));
#6518=CARTESIAN_POINT('',(255.449856918134,-6.9413900750903,-110.));
#6519=CARTESIAN_POINT('Ctrl Pts',(246.75,-6.9413900750903,-110.));
#6520=CARTESIAN_POINT('Ctrl Pts',(249.649952306045,-6.9413900750903,-110.));
#6521=CARTESIAN_POINT('Ctrl Pts',(252.549904612089,-6.9413900750903,-110.));
#6522=CARTESIAN_POINT('Ctrl Pts',(255.449856918134,-6.9413900750903,-110.));
#6523=CARTESIAN_POINT('Ctrl Pts',(255.449856918134,-6.9413900750903,-110.));
#6524=CARTESIAN_POINT('Ctrl Pts',(252.402700271133,-6.82145955364484,-112.556868018638));
#6525=CARTESIAN_POINT('Ctrl Pts',(249.549565251694,-6.70954420157459,-114.950932561148));
#6526=CARTESIAN_POINT('Ctrl Pts',(246.75,-6.60076253522451,-117.300046731301));
#6527=CARTESIAN_POINT('Ctrl Pts',(0.,0.692436863172455,-330.));
#6528=CARTESIAN_POINT('Ctrl Pts',(1225.,0.692436863172455,-330.));
#6529=CARTESIAN_POINT('Ctrl Pts',(0.,5.36729010756762,-315.060779002508));
#6530=CARTESIAN_POINT('Ctrl Pts',(1225.,5.36729010756762,-315.060779002508));
#6531=CARTESIAN_POINT('Ctrl Pts',(0.,7.73616191059256,-309.282020228319));
#6532=CARTESIAN_POINT('Ctrl Pts',(1225.,7.73616191059256,-309.282020228319));
#6533=CARTESIAN_POINT('Ctrl Pts',(0.,15.7980112916491,-269.263660760413));
#6534=CARTESIAN_POINT('Ctrl Pts',(1225.,15.7980112916491,-269.263660760413));
#6535=CARTESIAN_POINT('Ctrl Pts',(0.,22.1706115435568,-230.911398635869));
#6536=CARTESIAN_POINT('Ctrl Pts',(1225.,22.1706115435568,-230.911398635869));
#6537=CARTESIAN_POINT('Ctrl Pts',(0.,27.2402918752549,-198.214185048207));
#6538=CARTESIAN_POINT('Ctrl Pts',(1225.,27.2402918752549,-198.214185048207));
#6539=CARTESIAN_POINT('Ctrl Pts',(0.,30.4361456778927,-164.898177192353));
#6540=CARTESIAN_POINT('Ctrl Pts',(1225.,30.4361456778927,-164.898177192353));
#6541=CARTESIAN_POINT('Ctrl Pts',(0.,32.7767416046338,-136.57512421457));
#6542=CARTESIAN_POINT('Ctrl Pts',(1225.,32.7767416046338,-136.57512421457));
#6543=CARTESIAN_POINT('Ctrl Pts',(0.,32.572174307517,-100.31120637567));
#6544=CARTESIAN_POINT('Ctrl Pts',(1225.,32.572174307517,-100.31120637567));
#6545=CARTESIAN_POINT('Ctrl Pts',(0.,31.4787146600278,-85.1197339869532));
#6546=CARTESIAN_POINT('Ctrl Pts',(1225.,31.4787146600278,-85.1197339869532));
#6547=CARTESIAN_POINT('Ctrl Pts',(0.,29.2161090680932,-65.9844229593376));
#6548=CARTESIAN_POINT('Ctrl Pts',(1225.,29.2161090680932,-65.9844229593376));
#6549=CARTESIAN_POINT('Ctrl Pts',(0.,26.7661902336552,-51.5393720618797));
#6550=CARTESIAN_POINT('Ctrl Pts',(1225.,26.7661902336552,-51.5393720618797));
#6551=CARTESIAN_POINT('Ctrl Pts',(0.,22.2069184142093,-33.7095873785944));
#6552=CARTESIAN_POINT('Ctrl Pts',(1225.,22.2069184142093,-33.7095873785944));
#6553=CARTESIAN_POINT('Ctrl Pts',(0.,19.3158500368011,-25.6495689043505));
#6554=CARTESIAN_POINT('Ctrl Pts',(1225.,19.3158500368011,-25.6495689043505));
#6555=CARTESIAN_POINT('Ctrl Pts',(0.,16.4902069465223,-17.4700986677718));
#6556=CARTESIAN_POINT('Ctrl Pts',(1225.,16.4902069465223,-17.4700986677718));
#6557=CARTESIAN_POINT('Ctrl Pts',(0.,10.7156213917761,-7.517737344979));
#6558=CARTESIAN_POINT('Ctrl Pts',(1225.,10.7156213917761,-7.517737344979));
#6559=CARTESIAN_POINT('Ctrl Pts',(0.,9.59210666071061,-5.06402799233127));
#6560=CARTESIAN_POINT('Ctrl Pts',(1225.,9.59210666071061,-5.06402799233127));
#6561=CARTESIAN_POINT('Ctrl Pts',(0.,-0.302237819680045,3.33162846574542));
#6562=CARTESIAN_POINT('Ctrl Pts',(1225.,-0.302237819680045,3.33162846574542));
#6563=CARTESIAN_POINT('Ctrl Pts',(0.,-5.37497260826862,-4.87193710665857));
#6564=CARTESIAN_POINT('Ctrl Pts',(1225.,-5.37497260826862,-4.87193710665857));
#6565=CARTESIAN_POINT('Ctrl Pts',(0.,-6.46637703842694,-7.76012590636975));
#6566=CARTESIAN_POINT('Ctrl Pts',(1225.,-6.46637703842694,-7.76012590636975));
#6567=CARTESIAN_POINT('Ctrl Pts',(0.,-8.72369290817783,-17.7139508712063));
#6568=CARTESIAN_POINT('Ctrl Pts',(1225.,-8.72369290817783,-17.7139508712063));
#6569=CARTESIAN_POINT('Ctrl Pts',(0.,-9.05735289519721,-25.7605611516216));
#6570=CARTESIAN_POINT('Ctrl Pts',(1225.,-9.05735289519721,-25.7605611516216));
#6571=CARTESIAN_POINT('Ctrl Pts',(0.,-9.65183932786034,-33.8874038470446));
#6572=CARTESIAN_POINT('Ctrl Pts',(1225.,-9.65183932786034,-33.8874038470446));
#6573=CARTESIAN_POINT('Ctrl Pts',(0.,-9.54958439734114,-51.7302428410842));
#6574=CARTESIAN_POINT('Ctrl Pts',(1225.,-9.54958439734114,-51.7302428410842));
#6575=CARTESIAN_POINT('Ctrl Pts',(0.,-9.12188646984469,-66.089055457432));
#6576=CARTESIAN_POINT('Ctrl Pts',(1225.,-9.12188646984469,-66.089055457432));
#6577=CARTESIAN_POINT('Ctrl Pts',(0.,-8.0807090947879,-85.1902133730808));
#6578=CARTESIAN_POINT('Ctrl Pts',(1225.,-8.0807090947879,-85.1902133730808));
#6579=CARTESIAN_POINT('Ctrl Pts',(0.,-7.41482789593825,-100.342950195034));
#6580=CARTESIAN_POINT('Ctrl Pts',(1225.,-7.41482789593825,-100.342950195034));
#6581=CARTESIAN_POINT('Ctrl Pts',(0.,-5.65487802201598,-136.527375623599));
#6582=CARTESIAN_POINT('Ctrl Pts',(1225.,-5.65487802201598,-136.527375623599));
#6583=CARTESIAN_POINT('Ctrl Pts',(0.,-4.681813072762,-164.837141179113));
#6584=CARTESIAN_POINT('Ctrl Pts',(1225.,-4.681813072762,-164.837141179113));
#6585=CARTESIAN_POINT('Ctrl Pts',(0.,-3.23576762517493,-198.076224064099));
#6586=CARTESIAN_POINT('Ctrl Pts',(1225.,-3.23576762517493,-198.076224064099));
#6587=CARTESIAN_POINT('Ctrl Pts',(0.,-2.10280368750388,-230.910800461435));
#6588=CARTESIAN_POINT('Ctrl Pts',(1225.,-2.10280368750388,-230.910800461435));
#6589=CARTESIAN_POINT('Ctrl Pts',(0.,-1.0506280543582,-268.755665480008));
#6590=CARTESIAN_POINT('Ctrl Pts',(1225.,-1.0506280543582,-268.755665480008));
#6591=CARTESIAN_POINT('Ctrl Pts',(0.,-0.545054891565593,-309.707874258144));
#6592=CARTESIAN_POINT('Ctrl Pts',(1225.,-0.545054891565593,-309.707874258144));
#6593=CARTESIAN_POINT('Ctrl Pts',(0.,-0.494719603944063,-314.653924811271));
#6594=CARTESIAN_POINT('Ctrl Pts',(1225.,-0.494719603944063,-314.653924811271));
#6595=CARTESIAN_POINT('Ctrl Pts',(0.,-0.428999999999996,-330.));
#6596=CARTESIAN_POINT('Ctrl Pts',(1225.,-0.428999999999996,-330.));
#6597=CARTESIAN_POINT('',(255.449856918134,32.4806917293808,-110.));
#6598=CARTESIAN_POINT('Ctrl Pts',(246.75,32.5290378165548,-117.300046731301));
#6599=CARTESIAN_POINT('Ctrl Pts',(249.648440818035,32.5281600593376,-114.867966109899));
#6600=CARTESIAN_POINT('Ctrl Pts',(252.563725456372,32.5122848351941,-112.421751845093));
#6601=CARTESIAN_POINT('Ctrl Pts',(255.449856918134,32.4806917293808,-110.));
#6602=CARTESIAN_POINT('Ctrl Pts',(255.449856918134,32.4806917293808,-110.));
#6603=CARTESIAN_POINT('Ctrl Pts',(252.549904612089,32.4806917293808,-110.));
#6604=CARTESIAN_POINT('Ctrl Pts',(249.649952306045,32.4806917293808,-110.));
#6605=CARTESIAN_POINT('Ctrl Pts',(246.75,32.4806917293808,-110.));
#6606=CARTESIAN_POINT('Origin',(339.8125,2.66551108751664,-165.630101955142));
#6607=CARTESIAN_POINT('',(339.812499998927,-4.59521597650297,-165.630101955139));
#6608=CARTESIAN_POINT('',(339.8125,4.66551108751664,-165.630101955142));
#6609=CARTESIAN_POINT('',(339.8125,2.66551108751664,-165.630101955142));
#6610=CARTESIAN_POINT('',(310.,-4.59521597650296,-165.630101955139));
#6611=CARTESIAN_POINT('Ctrl Pts',(310.,-4.59521597650296,-165.630101955139));
#6612=CARTESIAN_POINT('Ctrl Pts',(319.937499999642,-4.59521597650296,-165.630101955139));
#6613=CARTESIAN_POINT('Ctrl Pts',(329.874999999285,-4.59521597650297,-165.630101955139));
#6614=CARTESIAN_POINT('Ctrl Pts',(339.812499998927,-4.59521597650297,-165.630101955139));
#6615=CARTESIAN_POINT('',(310.,1.54446610523561,-165.630101955139));
#6616=CARTESIAN_POINT('',(320.0625,4.66551108751664,-165.630101955142));
#6617=CARTESIAN_POINT('',(320.0625,1.47801108751665,-165.630101955142));
#6618=CARTESIAN_POINT('',(320.0625,4.66551108751664,-165.630101955142));
#6619=CARTESIAN_POINT('Origin',(310.,0.,0.));
#6620=CARTESIAN_POINT('',(310.,-1.61641550586144,-249.640958430893));
#6621=CARTESIAN_POINT('Ctrl Pts',(310.,-1.61641550586144,-249.640958430893));
#6622=CARTESIAN_POINT('Ctrl Pts',(310.,-2.40186567875706,-218.675077893815));
#6623=CARTESIAN_POINT('Ctrl Pts',(310.,-3.73223215211535,-187.072868812215));
#6624=CARTESIAN_POINT('Ctrl Pts',(310.,-4.23393121875998,-174.708680884622));
#6625=CARTESIAN_POINT('Ctrl Pts',(310.,-4.4279912543536,-169.877895476836));
#6626=CARTESIAN_POINT('Ctrl Pts',(310.,-4.59521597650297,-165.630101955139));
#6627=CARTESIAN_POINT('',(310.,0.,-249.640958430893));
#6628=CARTESIAN_POINT('Origin',(202.238638214415,0.,-159.218439501447));
#6629=CARTESIAN_POINT('',(320.0625,17.5082205135622,-258.084398469615));
#6630=CARTESIAN_POINT('',(320.0625,0.145255543758336,-258.084398469615));
#6631=CARTESIAN_POINT('',(324.516121517409,-1.3327146695958,-261.821430642276));
#6632=CARTESIAN_POINT('Ctrl Pts',(324.516121517409,-1.3327146695958,-261.821430642276));
#6633=CARTESIAN_POINT('Ctrl Pts',(319.659389464758,-1.41955887798046,-257.74614856817));
#6634=CARTESIAN_POINT('Ctrl Pts',(314.806159755055,-1.51412226496126,-253.673805308739));
#6635=CARTESIAN_POINT('Ctrl Pts',(310.,-1.61641550586144,-249.640958430893));
#6636=CARTESIAN_POINT('',(324.516121517409,16.8366812538543,-261.821430642276));
#6637=CARTESIAN_POINT('',(324.516121517409,0.,-261.821430642276));
#6638=CARTESIAN_POINT('Ctrl Pts',(320.0625,17.5082205135622,-258.084398469615));
#6639=CARTESIAN_POINT('Ctrl Pts',(321.545684021431,17.2863695743829,-259.328937634966));
#6640=CARTESIAN_POINT('Ctrl Pts',(323.030622837037,17.0624708821449,-260.574949247461));
#6641=CARTESIAN_POINT('Ctrl Pts',(324.516121517409,16.8366812538543,-261.821430642276));
#6642=CARTESIAN_POINT('Origin',(202.238638214415,0.,-159.218439501447));
#6643=CARTESIAN_POINT('',(295.0625,21.08842336556,-237.106907690183));
#6644=CARTESIAN_POINT('',(295.0625,12.6452555437583,-237.106907690183));
#6645=CARTESIAN_POINT('Ctrl Pts',(246.75,27.0396905656084,-196.56790675893));
#6646=CARTESIAN_POINT('Ctrl Pts',(256.451923494797,26.0377003848045,-204.708787185125));
#6647=CARTESIAN_POINT('Ctrl Pts',(265.847727657867,24.9284339962129,-212.59280299297));
#6648=CARTESIAN_POINT('Ctrl Pts',(282.33741721782,22.8112163582714,-226.429295420955));
#6649=CARTESIAN_POINT('Ctrl Pts',(288.611546924511,21.9748298641772,-231.693915343798));
#6650=CARTESIAN_POINT('Ctrl Pts',(295.0625,21.08842336556,-237.106907690183));
#6651=CARTESIAN_POINT('',(305.,-1.72585717975686,-245.445460275007));
#6652=CARTESIAN_POINT('Ctrl Pts',(305.,-1.72585717975686,-245.445460275007));
#6653=CARTESIAN_POINT('Ctrl Pts',(290.105019184823,-2.06075420148158,-232.947087366599));
#6654=CARTESIAN_POINT('Ctrl Pts',(275.817180678876,-2.45672860610234,-220.958167345938));
#6655=CARTESIAN_POINT('Ctrl Pts',(257.521926987347,-3.0084872904683,-205.606626721081));
#6656=CARTESIAN_POINT('Ctrl Pts',(252.289878990102,-3.17440595138038,-201.216417176292));
#6657=CARTESIAN_POINT('Ctrl Pts',(246.75,-3.35564648080122,-196.56790675893));
#6658=CARTESIAN_POINT('',(305.,0.,-245.445460275007));
#6659=CARTESIAN_POINT('Origin',(305.,0.,-330.004282463138));
#6660=CARTESIAN_POINT('',(305.,-4.59521597650297,-165.630101955139));
#6661=CARTESIAN_POINT('',(305.,1.54446610523561,-165.630101955139));
#6662=CARTESIAN_POINT('Ctrl Pts',(305.,-4.59521597650297,-165.630101955139));
#6663=CARTESIAN_POINT('Ctrl Pts',(305.,-4.47345520637867,-168.72303345404));
#6664=CARTESIAN_POINT('Ctrl Pts',(305.,-4.32860709652812,-172.357037951117));
#6665=CARTESIAN_POINT('Ctrl Pts',(305.,-3.88351451022857,-183.36105752596));
#6666=CARTESIAN_POINT('Ctrl Pts',(305.,-2.55379593907114,-214.546746079394));
#6667=CARTESIAN_POINT('Ctrl Pts',(305.,-1.72585717975686,-245.445460275007));
#6668=CARTESIAN_POINT('Origin',(297.4375,2.66551108751664,-165.630101955142));
#6669=CARTESIAN_POINT('',(295.0625,4.66551108751664,-165.630101955142));
#6670=CARTESIAN_POINT('',(295.0625,13.9780110875167,-165.630101955142));
#6671=CARTESIAN_POINT('',(275.312499998927,-4.59521597650297,-165.630101955139));
#6672=CARTESIAN_POINT('Ctrl Pts',(275.312499998927,-4.59521597650297,-165.630101955139));
#6673=CARTESIAN_POINT('Ctrl Pts',(285.208333332618,-4.59521597650297,-165.630101955139));
#6674=CARTESIAN_POINT('Ctrl Pts',(295.104166666309,-4.59521597650297,-165.630101955139));
#6675=CARTESIAN_POINT('Ctrl Pts',(305.,-4.59521597650297,-165.630101955139));
#6676=CARTESIAN_POINT('',(275.3125,4.66551108751664,-165.630101955142));
#6677=CARTESIAN_POINT('',(275.3125,2.66551108751664,-165.630101955142));
#6678=CARTESIAN_POINT('',(275.3125,4.66551108751664,-165.630101955142));
#6679=CARTESIAN_POINT('Origin',(286.375,4.66551108751664,-142.815050977571));
#6680=CARTESIAN_POINT('',(295.0625,4.66551108751666,-120.));
#6681=CARTESIAN_POINT('',(295.0625,4.66551108751664,-246.407525488785));
#6682=CARTESIAN_POINT('',(275.3125,4.66551108751666,-120.));
#6683=CARTESIAN_POINT('',(275.3125,4.66551108751666,-120.));
#6684=CARTESIAN_POINT('',(297.4375,4.66551108751666,-120.));
#6685=CARTESIAN_POINT('Origin',(295.0625,25.2905110875167,-350.));
#6686=CARTESIAN_POINT('',(295.0625,23.2905110874899,-223.287540094788));
#6687=CARTESIAN_POINT('',(295.0625,23.2905110875167,-120.));
#6688=CARTESIAN_POINT('',(295.0625,23.2905110875167,-350.));
#6689=CARTESIAN_POINT('Ctrl Pts',(295.0625,21.08842336556,-237.106907690183));
#6690=CARTESIAN_POINT('Ctrl Pts',(295.0625,21.2133357854043,-236.344108710662));
#6691=CARTESIAN_POINT('Ctrl Pts',(295.0625,21.3377018405405,-235.5814037154));
#6692=CARTESIAN_POINT('Ctrl Pts',(295.0625,21.4615748831194,-234.818439780582));
#6693=CARTESIAN_POINT('Ctrl Pts',(295.0625,21.5854479256988,-234.055475845761));
#6694=CARTESIAN_POINT('Ctrl Pts',(295.0625,21.7088279557208,-233.292252971384));
#6695=CARTESIAN_POINT('Ctrl Pts',(295.0625,21.8317501415474,-232.528467087705));
#6696=CARTESIAN_POINT('Ctrl Pts',(295.0625,21.95512226846,-231.761885462577));
#6697=CARTESIAN_POINT('Ctrl Pts',(295.0625,22.0780332044765,-230.994736668878));
#6698=CARTESIAN_POINT('Ctrl Pts',(295.0625,22.200500087717,-230.226762768501));
#6699=CARTESIAN_POINT('Ctrl Pts',(295.0625,22.3225203313183,-229.461589687225));
#6700=CARTESIAN_POINT('Ctrl Pts',(295.0625,22.4440997440658,-228.695597536523));
#6701=CARTESIAN_POINT('Ctrl Pts',(295.0625,22.5652370601849,-227.928580133608));
#6702=CARTESIAN_POINT('Ctrl Pts',(295.0625,22.6870394879966,-227.157351375683));
#6703=CARTESIAN_POINT('Ctrl Pts',(295.0625,22.8083949680056,-226.385086030897));
#6704=CARTESIAN_POINT('Ctrl Pts',(295.0625,22.9292836777728,-225.611624301147));
#6705=CARTESIAN_POINT('Ctrl Pts',(295.0625,23.05017238754,-224.838162571397));
#6706=CARTESIAN_POINT('Ctrl Pts',(295.0625,23.1705943270655,-224.063504456683));
#6707=CARTESIAN_POINT('Ctrl Pts',(295.0625,23.2905110874637,-223.287540094784));
#6708=CARTESIAN_POINT('',(295.0625,25.2905110875167,-120.));
#6709=CARTESIAN_POINT('Origin',(297.0625,23.2905110875167,-350.));
#6710=CARTESIAN_POINT('',(297.0625,25.2905110875167,-120.));
#6711=CARTESIAN_POINT('Origin',(297.0625,23.2905110875167,-120.));
#6712=CARTESIAN_POINT('',(297.0625,25.2905110875167,-209.800883677513));
#6713=CARTESIAN_POINT('',(297.0625,25.2905110875167,-350.));
#6714=CARTESIAN_POINT('Ctrl Pts',(295.0625,23.2905110874631,-223.287540094788));
#6715=CARTESIAN_POINT('Ctrl Pts',(295.062499999996,23.4454969836147,-222.284648325437));
#6716=CARTESIAN_POINT('Ctrl Pts',(295.080514568012,23.6007905120507,-221.272022511223));
#6717=CARTESIAN_POINT('Ctrl Pts',(295.231582272403,24.2360863289766,-217.093781687269));
#6718=CARTESIAN_POINT('Ctrl Pts',(295.520757533354,24.6545821836912,-214.243409381699));
#6719=CARTESIAN_POINT('Ctrl Pts',(296.047755263544,25.0208563574868,-211.699686088562));
#6720=CARTESIAN_POINT('Ctrl Pts',(296.247550730739,25.1376413716805,-210.881465621058));
#6721=CARTESIAN_POINT('Ctrl Pts',(296.57335681195,25.230800618638,-210.223744635156));
#6722=CARTESIAN_POINT('Ctrl Pts',(296.650390034218,25.2497129869967,-210.089981951049));
#6723=CARTESIAN_POINT('Ctrl Pts',(296.782368012131,25.2712532183035,-209.93742574568));
#6724=CARTESIAN_POINT('Ctrl Pts',(296.831253247263,25.2778533239,-209.890646548839));
#6725=CARTESIAN_POINT('Ctrl Pts',(296.920683995082,25.2857832944115,-209.834419427047));
#6726=CARTESIAN_POINT('Ctrl Pts',(296.958364757241,25.2882036883982,-209.81725137211));
#6727=CARTESIAN_POINT('Ctrl Pts',(297.019824791445,25.2901685890344,-209.803313411125));
#6728=CARTESIAN_POINT('Ctrl Pts',(297.041129969271,25.2905110875167,-209.800883677513));
#6729=CARTESIAN_POINT('Ctrl Pts',(297.0625,25.2905110875167,-209.800883677513));
#6730=CARTESIAN_POINT('Origin',(320.0625,25.2905110875167,-350.));
#6731=CARTESIAN_POINT('',(305.,25.2905110875167,-120.));
#6732=CARTESIAN_POINT('',(320.0625,25.2905110875167,-120.));
#6733=CARTESIAN_POINT('',(305.,25.2905110875166,-209.800883677513));
#6734=CARTESIAN_POINT('',(305.,25.2905110875167,-340.002141231569));
#6735=CARTESIAN_POINT('Ctrl Pts',(297.0625,25.2905110875167,-209.800883677513));
#6736=CARTESIAN_POINT('Ctrl Pts',(299.708333333333,25.2905110875167,-209.800883677513));
#6737=CARTESIAN_POINT('Ctrl Pts',(302.354166666667,25.2905110875167,-209.800883677513));
#6738=CARTESIAN_POINT('Ctrl Pts',(305.,25.2905110875167,-209.800883677513));
#6739=CARTESIAN_POINT('Ctrl Pts',(0.,0.692436863172455,-330.));
#6740=CARTESIAN_POINT('Ctrl Pts',(1225.,0.692436863172455,-330.));
#6741=CARTESIAN_POINT('Ctrl Pts',(0.,5.36729010756762,-315.060779002508));
#6742=CARTESIAN_POINT('Ctrl Pts',(1225.,5.36729010756762,-315.060779002508));
#6743=CARTESIAN_POINT('Ctrl Pts',(0.,7.73616191059256,-309.282020228319));
#6744=CARTESIAN_POINT('Ctrl Pts',(1225.,7.73616191059256,-309.282020228319));
#6745=CARTESIAN_POINT('Ctrl Pts',(0.,15.7980112916491,-269.263660760413));
#6746=CARTESIAN_POINT('Ctrl Pts',(1225.,15.7980112916491,-269.263660760413));
#6747=CARTESIAN_POINT('Ctrl Pts',(0.,22.1706115435568,-230.911398635869));
#6748=CARTESIAN_POINT('Ctrl Pts',(1225.,22.1706115435568,-230.911398635869));
#6749=CARTESIAN_POINT('Ctrl Pts',(0.,27.2402918752549,-198.214185048207));
#6750=CARTESIAN_POINT('Ctrl Pts',(1225.,27.2402918752549,-198.214185048207));
#6751=CARTESIAN_POINT('Ctrl Pts',(0.,30.4361456778927,-164.898177192353));
#6752=CARTESIAN_POINT('Ctrl Pts',(1225.,30.4361456778927,-164.898177192353));
#6753=CARTESIAN_POINT('Ctrl Pts',(0.,32.7767416046338,-136.57512421457));
#6754=CARTESIAN_POINT('Ctrl Pts',(1225.,32.7767416046338,-136.57512421457));
#6755=CARTESIAN_POINT('Ctrl Pts',(0.,32.572174307517,-100.31120637567));
#6756=CARTESIAN_POINT('Ctrl Pts',(1225.,32.572174307517,-100.31120637567));
#6757=CARTESIAN_POINT('Ctrl Pts',(0.,31.4787146600278,-85.1197339869532));
#6758=CARTESIAN_POINT('Ctrl Pts',(1225.,31.4787146600278,-85.1197339869532));
#6759=CARTESIAN_POINT('Ctrl Pts',(0.,29.2161090680932,-65.9844229593376));
#6760=CARTESIAN_POINT('Ctrl Pts',(1225.,29.2161090680932,-65.9844229593376));
#6761=CARTESIAN_POINT('Ctrl Pts',(0.,26.7661902336552,-51.5393720618797));
#6762=CARTESIAN_POINT('Ctrl Pts',(1225.,26.7661902336552,-51.5393720618797));
#6763=CARTESIAN_POINT('Ctrl Pts',(0.,22.2069184142093,-33.7095873785944));
#6764=CARTESIAN_POINT('Ctrl Pts',(1225.,22.2069184142093,-33.7095873785944));
#6765=CARTESIAN_POINT('Ctrl Pts',(0.,19.3158500368011,-25.6495689043505));
#6766=CARTESIAN_POINT('Ctrl Pts',(1225.,19.3158500368011,-25.6495689043505));
#6767=CARTESIAN_POINT('Ctrl Pts',(0.,16.4902069465223,-17.4700986677718));
#6768=CARTESIAN_POINT('Ctrl Pts',(1225.,16.4902069465223,-17.4700986677718));
#6769=CARTESIAN_POINT('Ctrl Pts',(0.,10.7156213917761,-7.517737344979));
#6770=CARTESIAN_POINT('Ctrl Pts',(1225.,10.7156213917761,-7.517737344979));
#6771=CARTESIAN_POINT('Ctrl Pts',(0.,9.59210666071061,-5.06402799233127));
#6772=CARTESIAN_POINT('Ctrl Pts',(1225.,9.59210666071061,-5.06402799233127));
#6773=CARTESIAN_POINT('Ctrl Pts',(0.,-0.302237819680045,3.33162846574542));
#6774=CARTESIAN_POINT('Ctrl Pts',(1225.,-0.302237819680045,3.33162846574542));
#6775=CARTESIAN_POINT('Ctrl Pts',(0.,-5.37497260826862,-4.87193710665857));
#6776=CARTESIAN_POINT('Ctrl Pts',(1225.,-5.37497260826862,-4.87193710665857));
#6777=CARTESIAN_POINT('Ctrl Pts',(0.,-6.46637703842694,-7.76012590636975));
#6778=CARTESIAN_POINT('Ctrl Pts',(1225.,-6.46637703842694,-7.76012590636975));
#6779=CARTESIAN_POINT('Ctrl Pts',(0.,-8.72369290817783,-17.7139508712063));
#6780=CARTESIAN_POINT('Ctrl Pts',(1225.,-8.72369290817783,-17.7139508712063));
#6781=CARTESIAN_POINT('Ctrl Pts',(0.,-9.05735289519721,-25.7605611516216));
#6782=CARTESIAN_POINT('Ctrl Pts',(1225.,-9.05735289519721,-25.7605611516216));
#6783=CARTESIAN_POINT('Ctrl Pts',(0.,-9.65183932786034,-33.8874038470446));
#6784=CARTESIAN_POINT('Ctrl Pts',(1225.,-9.65183932786034,-33.8874038470446));
#6785=CARTESIAN_POINT('Ctrl Pts',(0.,-9.54958439734114,-51.7302428410842));
#6786=CARTESIAN_POINT('Ctrl Pts',(1225.,-9.54958439734114,-51.7302428410842));
#6787=CARTESIAN_POINT('Ctrl Pts',(0.,-9.12188646984469,-66.089055457432));
#6788=CARTESIAN_POINT('Ctrl Pts',(1225.,-9.12188646984469,-66.089055457432));
#6789=CARTESIAN_POINT('Ctrl Pts',(0.,-8.0807090947879,-85.1902133730808));
#6790=CARTESIAN_POINT('Ctrl Pts',(1225.,-8.0807090947879,-85.1902133730808));
#6791=CARTESIAN_POINT('Ctrl Pts',(0.,-7.41482789593825,-100.342950195034));
#6792=CARTESIAN_POINT('Ctrl Pts',(1225.,-7.41482789593825,-100.342950195034));
#6793=CARTESIAN_POINT('Ctrl Pts',(0.,-5.65487802201598,-136.527375623599));
#6794=CARTESIAN_POINT('Ctrl Pts',(1225.,-5.65487802201598,-136.527375623599));
#6795=CARTESIAN_POINT('Ctrl Pts',(0.,-4.681813072762,-164.837141179113));
#6796=CARTESIAN_POINT('Ctrl Pts',(1225.,-4.681813072762,-164.837141179113));
#6797=CARTESIAN_POINT('Ctrl Pts',(0.,-3.23576762517493,-198.076224064099));
#6798=CARTESIAN_POINT('Ctrl Pts',(1225.,-3.23576762517493,-198.076224064099));
#6799=CARTESIAN_POINT('Ctrl Pts',(0.,-2.10280368750388,-230.910800461435));
#6800=CARTESIAN_POINT('Ctrl Pts',(1225.,-2.10280368750388,-230.910800461435));
#6801=CARTESIAN_POINT('Ctrl Pts',(0.,-1.0506280543582,-268.755665480008));
#6802=CARTESIAN_POINT('Ctrl Pts',(1225.,-1.0506280543582,-268.755665480008));
#6803=CARTESIAN_POINT('Ctrl Pts',(0.,-0.545054891565593,-309.707874258144));
#6804=CARTESIAN_POINT('Ctrl Pts',(1225.,-0.545054891565593,-309.707874258144));
#6805=CARTESIAN_POINT('Ctrl Pts',(0.,-0.494719603944063,-314.653924811271));
#6806=CARTESIAN_POINT('Ctrl Pts',(1225.,-0.494719603944063,-314.653924811271));
#6807=CARTESIAN_POINT('Ctrl Pts',(0.,-0.428999999999996,-330.));
#6808=CARTESIAN_POINT('Ctrl Pts',(1225.,-0.428999999999996,-330.));
#6809=CARTESIAN_POINT('',(305.,32.4806917293808,-110.));
#6810=CARTESIAN_POINT('Ctrl Pts',(305.,25.2905110875166,-209.800883677513));
#6811=CARTESIAN_POINT('Ctrl Pts',(305.,27.1048471960618,-196.930125323644));
#6812=CARTESIAN_POINT('Ctrl Pts',(305.,28.1521541071083,-187.418137551156));
#6813=CARTESIAN_POINT('Ctrl Pts',(305.,29.9776262230741,-169.300279836149));
#6814=CARTESIAN_POINT('Ctrl Pts',(305.,31.1833390087192,-156.125303133739));
#6815=CARTESIAN_POINT('Ctrl Pts',(305.,32.4674064205803,-133.187162522842));
#6816=CARTESIAN_POINT('Ctrl Pts',(305.,32.6196557006576,-120.652205447288));
#6817=CARTESIAN_POINT('Ctrl Pts',(305.,32.4806917293808,-110.));
#6818=CARTESIAN_POINT('',(260.894890312146,32.4806917293808,-110.));
#6819=CARTESIAN_POINT('Ctrl Pts',(305.,32.4806917293808,-110.));
#6820=CARTESIAN_POINT('Ctrl Pts',(290.298296770715,32.4806917293808,-110.));
#6821=CARTESIAN_POINT('Ctrl Pts',(275.59659354143,32.4806917293808,-110.));
#6822=CARTESIAN_POINT('Ctrl Pts',(260.894890312146,32.4806917293808,-110.));
#6823=CARTESIAN_POINT('Ctrl Pts',(260.894890312145,32.4806917293808,-110.));
#6824=CARTESIAN_POINT('Ctrl Pts',(256.358379571704,32.5303507507195,-113.806584489136));
#6825=CARTESIAN_POINT('Ctrl Pts',(251.570074238867,32.5433480896745,-117.824449727884));
#6826=CARTESIAN_POINT('Ctrl Pts',(246.75,32.5126521413652,-121.868972243964));
#6827=CARTESIAN_POINT('Ctrl Pts',(0.,0.692436863172455,-330.));
#6828=CARTESIAN_POINT('Ctrl Pts',(1225.,0.692436863172455,-330.));
#6829=CARTESIAN_POINT('Ctrl Pts',(0.,5.36729010756762,-315.060779002508));
#6830=CARTESIAN_POINT('Ctrl Pts',(1225.,5.36729010756762,-315.060779002508));
#6831=CARTESIAN_POINT('Ctrl Pts',(0.,7.73616191059256,-309.282020228319));
#6832=CARTESIAN_POINT('Ctrl Pts',(1225.,7.73616191059256,-309.282020228319));
#6833=CARTESIAN_POINT('Ctrl Pts',(0.,15.7980112916491,-269.263660760413));
#6834=CARTESIAN_POINT('Ctrl Pts',(1225.,15.7980112916491,-269.263660760413));
#6835=CARTESIAN_POINT('Ctrl Pts',(0.,22.1706115435568,-230.911398635869));
#6836=CARTESIAN_POINT('Ctrl Pts',(1225.,22.1706115435568,-230.911398635869));
#6837=CARTESIAN_POINT('Ctrl Pts',(0.,27.2402918752549,-198.214185048207));
#6838=CARTESIAN_POINT('Ctrl Pts',(1225.,27.2402918752549,-198.214185048207));
#6839=CARTESIAN_POINT('Ctrl Pts',(0.,30.4361456778927,-164.898177192353));
#6840=CARTESIAN_POINT('Ctrl Pts',(1225.,30.4361456778927,-164.898177192353));
#6841=CARTESIAN_POINT('Ctrl Pts',(0.,32.7767416046338,-136.57512421457));
#6842=CARTESIAN_POINT('Ctrl Pts',(1225.,32.7767416046338,-136.57512421457));
#6843=CARTESIAN_POINT('Ctrl Pts',(0.,32.572174307517,-100.31120637567));
#6844=CARTESIAN_POINT('Ctrl Pts',(1225.,32.572174307517,-100.31120637567));
#6845=CARTESIAN_POINT('Ctrl Pts',(0.,31.4787146600278,-85.1197339869532));
#6846=CARTESIAN_POINT('Ctrl Pts',(1225.,31.4787146600278,-85.1197339869532));
#6847=CARTESIAN_POINT('Ctrl Pts',(0.,29.2161090680932,-65.9844229593376));
#6848=CARTESIAN_POINT('Ctrl Pts',(1225.,29.2161090680932,-65.9844229593376));
#6849=CARTESIAN_POINT('Ctrl Pts',(0.,26.7661902336552,-51.5393720618797));
#6850=CARTESIAN_POINT('Ctrl Pts',(1225.,26.7661902336552,-51.5393720618797));
#6851=CARTESIAN_POINT('Ctrl Pts',(0.,22.2069184142093,-33.7095873785944));
#6852=CARTESIAN_POINT('Ctrl Pts',(1225.,22.2069184142093,-33.7095873785944));
#6853=CARTESIAN_POINT('Ctrl Pts',(0.,19.3158500368011,-25.6495689043505));
#6854=CARTESIAN_POINT('Ctrl Pts',(1225.,19.3158500368011,-25.6495689043505));
#6855=CARTESIAN_POINT('Ctrl Pts',(0.,16.4902069465223,-17.4700986677718));
#6856=CARTESIAN_POINT('Ctrl Pts',(1225.,16.4902069465223,-17.4700986677718));
#6857=CARTESIAN_POINT('Ctrl Pts',(0.,10.7156213917761,-7.517737344979));
#6858=CARTESIAN_POINT('Ctrl Pts',(1225.,10.7156213917761,-7.517737344979));
#6859=CARTESIAN_POINT('Ctrl Pts',(0.,9.59210666071061,-5.06402799233127));
#6860=CARTESIAN_POINT('Ctrl Pts',(1225.,9.59210666071061,-5.06402799233127));
#6861=CARTESIAN_POINT('Ctrl Pts',(0.,-0.302237819680045,3.33162846574542));
#6862=CARTESIAN_POINT('Ctrl Pts',(1225.,-0.302237819680045,3.33162846574542));
#6863=CARTESIAN_POINT('Ctrl Pts',(0.,-5.37497260826862,-4.87193710665857));
#6864=CARTESIAN_POINT('Ctrl Pts',(1225.,-5.37497260826862,-4.87193710665857));
#6865=CARTESIAN_POINT('Ctrl Pts',(0.,-6.46637703842694,-7.76012590636975));
#6866=CARTESIAN_POINT('Ctrl Pts',(1225.,-6.46637703842694,-7.76012590636975));
#6867=CARTESIAN_POINT('Ctrl Pts',(0.,-8.72369290817783,-17.7139508712063));
#6868=CARTESIAN_POINT('Ctrl Pts',(1225.,-8.72369290817783,-17.7139508712063));
#6869=CARTESIAN_POINT('Ctrl Pts',(0.,-9.05735289519721,-25.7605611516216));
#6870=CARTESIAN_POINT('Ctrl Pts',(1225.,-9.05735289519721,-25.7605611516216));
#6871=CARTESIAN_POINT('Ctrl Pts',(0.,-9.65183932786034,-33.8874038470446));
#6872=CARTESIAN_POINT('Ctrl Pts',(1225.,-9.65183932786034,-33.8874038470446));
#6873=CARTESIAN_POINT('Ctrl Pts',(0.,-9.54958439734114,-51.7302428410842));
#6874=CARTESIAN_POINT('Ctrl Pts',(1225.,-9.54958439734114,-51.7302428410842));
#6875=CARTESIAN_POINT('Ctrl Pts',(0.,-9.12188646984469,-66.089055457432));
#6876=CARTESIAN_POINT('Ctrl Pts',(1225.,-9.12188646984469,-66.089055457432));
#6877=CARTESIAN_POINT('Ctrl Pts',(0.,-8.0807090947879,-85.1902133730808));
#6878=CARTESIAN_POINT('Ctrl Pts',(1225.,-8.0807090947879,-85.1902133730808));
#6879=CARTESIAN_POINT('Ctrl Pts',(0.,-7.41482789593825,-100.342950195034));
#6880=CARTESIAN_POINT('Ctrl Pts',(1225.,-7.41482789593825,-100.342950195034));
#6881=CARTESIAN_POINT('Ctrl Pts',(0.,-5.65487802201598,-136.527375623599));
#6882=CARTESIAN_POINT('Ctrl Pts',(1225.,-5.65487802201598,-136.527375623599));
#6883=CARTESIAN_POINT('Ctrl Pts',(0.,-4.681813072762,-164.837141179113));
#6884=CARTESIAN_POINT('Ctrl Pts',(1225.,-4.681813072762,-164.837141179113));
#6885=CARTESIAN_POINT('Ctrl Pts',(0.,-3.23576762517493,-198.076224064099));
#6886=CARTESIAN_POINT('Ctrl Pts',(1225.,-3.23576762517493,-198.076224064099));
#6887=CARTESIAN_POINT('Ctrl Pts',(0.,-2.10280368750388,-230.910800461435));
#6888=CARTESIAN_POINT('Ctrl Pts',(1225.,-2.10280368750388,-230.910800461435));
#6889=CARTESIAN_POINT('Ctrl Pts',(0.,-1.0506280543582,-268.755665480008));
#6890=CARTESIAN_POINT('Ctrl Pts',(1225.,-1.0506280543582,-268.755665480008));
#6891=CARTESIAN_POINT('Ctrl Pts',(0.,-0.545054891565593,-309.707874258144));
#6892=CARTESIAN_POINT('Ctrl Pts',(1225.,-0.545054891565593,-309.707874258144));
#6893=CARTESIAN_POINT('Ctrl Pts',(0.,-0.494719603944063,-314.653924811271));
#6894=CARTESIAN_POINT('Ctrl Pts',(1225.,-0.494719603944063,-314.653924811271));
#6895=CARTESIAN_POINT('Ctrl Pts',(0.,-0.428999999999996,-330.));
#6896=CARTESIAN_POINT('Ctrl Pts',(1225.,-0.428999999999996,-330.));
#6897=CARTESIAN_POINT('',(305.,32.2453042268182,-99.9999999999999));
#6898=CARTESIAN_POINT('',(305.,29.9766298370876,-72.9914187278876));
#6899=CARTESIAN_POINT('Ctrl Pts',(305.,32.2453042268182,-100.));
#6900=CARTESIAN_POINT('Ctrl Pts',(305.,32.2316208669324,-99.6179470937511));
#6901=CARTESIAN_POINT('Ctrl Pts',(305.,32.2174712269439,-99.2407229549474));
#6902=CARTESIAN_POINT('Ctrl Pts',(305.,32.2028548535553,-98.868165608972));
#6903=CARTESIAN_POINT('Ctrl Pts',(305.,32.1882384801665,-98.4956082629944));
#6904=CARTESIAN_POINT('Ctrl Pts',(305.,32.1731553733775,-98.1277177098452));
#6905=CARTESIAN_POINT('Ctrl Pts',(305.,32.1576033264968,-97.7642798760045));
#6906=CARTESIAN_POINT('Ctrl Pts',(305.,32.1420512796162,-97.4008420421678));
#6907=CARTESIAN_POINT('Ctrl Pts',(305.,32.1260302926439,-97.0418569276395));
#6908=CARTESIAN_POINT('Ctrl Pts',(305.,32.1095364054946,-96.6870583599967));
#6909=CARTESIAN_POINT('Ctrl Pts',(305.,32.0930425183451,-96.3322597923503));
#6910=CARTESIAN_POINT('Ctrl Pts',(305.,32.0760757310185,-95.9816477715895));
#6911=CARTESIAN_POINT('Ctrl Pts',(305.,32.0586303300356,-95.6349040263884));
#6912=CARTESIAN_POINT('Ctrl Pts',(305.,32.0411849290529,-95.2881602811893));
#6913=CARTESIAN_POINT('Ctrl Pts',(305.,32.0232609144139,-94.9452848115499));
#6914=CARTESIAN_POINT('Ctrl Pts',(305.,32.0048508192456,-94.6059072472412));
#6915=CARTESIAN_POINT('Ctrl Pts',(305.,31.9864407240772,-94.2665296829312));
#6916=CARTESIAN_POINT('Ctrl Pts',(305.,31.9675445483795,-93.9306500239518));
#6917=CARTESIAN_POINT('Ctrl Pts',(305.,31.9481530718857,-93.5978458011714));
#6918=CARTESIAN_POINT('Ctrl Pts',(305.,31.9287615953918,-93.2650415783903));
#6919=CARTESIAN_POINT('Ctrl Pts',(305.,31.9088748181018,-92.9353127918081));
#6920=CARTESIAN_POINT('Ctrl Pts',(305.,31.8884817663548,-92.6081848733898));
#6921=CARTESIAN_POINT('Ctrl Pts',(305.,31.8624934826792,-92.1913030232582));
#6922=CARTESIAN_POINT('Ctrl Pts',(305.,31.8356828080309,-91.7786407675294));
#6923=CARTESIAN_POINT('Ctrl Pts',(305.,31.8080241771531,-91.3691257045507));
#6924=CARTESIAN_POINT('Ctrl Pts',(305.,31.7851474395362,-91.0304115907777));
#6925=CARTESIAN_POINT('Ctrl Pts',(305.,31.7616905754724,-90.6938493905697));
#6926=CARTESIAN_POINT('Ctrl Pts',(305.,31.7376414271353,-90.3588808286499));
#6927=CARTESIAN_POINT('Ctrl Pts',(305.,31.7135922787981,-90.0239122667304));
#6928=CARTESIAN_POINT('Ctrl Pts',(305.,31.6889508461875,-89.6905373430992));
#6929=CARTESIAN_POINT('Ctrl Pts',(305.,31.6637073807646,-89.3582498551734));
#6930=CARTESIAN_POINT('Ctrl Pts',(305.,31.6382502459092,-89.0231497708859));
#6931=CARTESIAN_POINT('Ctrl Pts',(305.,31.6121808400092,-88.6891555340528));
#6932=CARTESIAN_POINT('Ctrl Pts',(305.,31.5854916463232,-88.3558016111871));
#6933=CARTESIAN_POINT('Ctrl Pts',(305.,31.5590264631124,-88.0252456286231));
#6934=CARTESIAN_POINT('Ctrl Pts',(305.,31.5319518559991,-87.6953193302086));
#6935=CARTESIAN_POINT('Ctrl Pts',(305.,31.504262915413,-87.3656210995089));
#6936=CARTESIAN_POINT('Ctrl Pts',(305.,31.4765739748269,-87.0359228688098));
#6937=CARTESIAN_POINT('Ctrl Pts',(305.,31.448270700768,-86.7064527058257));
#6938=CARTESIAN_POINT('Ctrl Pts',(305.,31.4193505929538,-86.3768610668156));
#6939=CARTESIAN_POINT('Ctrl Pts',(305.,31.3904304851395,-86.0472694278051));
#6940=CARTESIAN_POINT('Ctrl Pts',(305.,31.3608935435698,-85.7175563127688));
#6941=CARTESIAN_POINT('Ctrl Pts',(305.,31.3307396772498,-85.3874242506593));
#6942=CARTESIAN_POINT('Ctrl Pts',(305.,31.3005858109301,-85.0572921885527));
#6943=CARTESIAN_POINT('Ctrl Pts',(305.,31.2698150198601,-84.726741179373));
#6944=CARTESIAN_POINT('Ctrl Pts',(305.,31.2384296223327,-84.3955258247666));
#6945=CARTESIAN_POINT('Ctrl Pts',(305.,31.2070442248052,-84.0643104701585));
#6946=CARTESIAN_POINT('Ctrl Pts',(305.,31.1750442208202,-83.7324307701235));
#6947=CARTESIAN_POINT('Ctrl Pts',(305.,31.1424343379584,-83.3996933990018));
#6948=CARTESIAN_POINT('Ctrl Pts',(305.,31.1098244550965,-83.0669560278789));
#6949=CARTESIAN_POINT('Ctrl Pts',(305.,31.0766046933578,-82.7333609856692));
#6950=CARTESIAN_POINT('Ctrl Pts',(305.,31.0427821896105,-82.3987670194062));
#6951=CARTESIAN_POINT('Ctrl Pts',(305.,31.0089596858635,-82.0641730531458));
#6952=CARTESIAN_POINT('Ctrl Pts',(305.,30.974534440108,-81.7285801628322));
#6953=CARTESIAN_POINT('Ctrl Pts',(305.,30.9395159985,-81.3918991681925));
#6954=CARTESIAN_POINT('Ctrl Pts',(305.,30.9039417914866,-81.0498748275648));
#6955=CARTESIAN_POINT('Ctrl Pts',(305.,30.8677554037725,-80.7067274274253));
#6956=CARTESIAN_POINT('Ctrl Pts',(305.,30.8309693891483,-80.362418498444));
#6957=CARTESIAN_POINT('Ctrl Pts',(305.,30.7947580716443,-80.0234886069024));
#6958=CARTESIAN_POINT('Ctrl Pts',(305.,30.7579657228941,-79.6834333343058));
#6959=CARTESIAN_POINT('Ctrl Pts',(305.,30.7206067458662,-79.3422684721962));
#6960=CARTESIAN_POINT('Ctrl Pts',(305.,30.6832477688383,-79.0011036100862));
#6961=CARTESIAN_POINT('Ctrl Pts',(305.,30.6453221635326,-78.6588291584631));
#6962=CARTESIAN_POINT('Ctrl Pts',(305.,30.6068467422055,-78.3155129815624));
#6963=CARTESIAN_POINT('Ctrl Pts',(305.,30.5683713208784,-77.9721968046623));
#6964=CARTESIAN_POINT('Ctrl Pts',(305.,30.5293460835298,-77.6278389024845));
#6965=CARTESIAN_POINT('Ctrl Pts',(305.,30.4897902517035,-77.2825592119581));
#6966=CARTESIAN_POINT('Ctrl Pts',(305.,30.4491358105929,-76.9276898489049));
#6967=CARTESIAN_POINT('Ctrl Pts',(305.,30.4079208806972,-76.571846525478));
#6968=CARTESIAN_POINT('Ctrl Pts',(305.,30.3661689819917,-76.215216770099));
#6969=CARTESIAN_POINT('Ctrl Pts',(305.,30.3255453492837,-75.8682242585139));
#6970=CARTESIAN_POINT('Ctrl Pts',(305.,30.2844133880832,-75.5204874887434));
#6971=CARTESIAN_POINT('Ctrl Pts',(305.,30.2427972054241,-75.1722319893517));
#6972=CARTESIAN_POINT('Ctrl Pts',(305.,30.1997497362151,-74.8119990960623));
#6973=CARTESIAN_POINT('Ctrl Pts',(305.,30.1561841661745,-74.4512109948784));
#6974=CARTESIAN_POINT('Ctrl Pts',(305.,30.112129839416,-74.0901754736486));
#6975=CARTESIAN_POINT('Ctrl Pts',(305.,30.0674564387239,-73.7240664966028));
#6976=CARTESIAN_POINT('Ctrl Pts',(305.,30.0222813505322,-73.3577111503107));
#6977=CARTESIAN_POINT('Ctrl Pts',(305.,29.9766298370875,-72.9914187278869));
#6978=CARTESIAN_POINT('',(272.812426238088,32.2453042268182,-99.9999999999999));
#6979=CARTESIAN_POINT('Ctrl Pts',(305.,29.9766298370876,-72.9914187278876));
#6980=CARTESIAN_POINT('Ctrl Pts',(303.019726190397,30.18372312316,-74.6530657511559));
#6981=CARTESIAN_POINT('Ctrl Pts',(301.050540814738,30.3797202546691,-76.3054084720342));
#6982=CARTESIAN_POINT('Ctrl Pts',(289.037304403452,31.5198095894873,-86.3857107139898));
#6983=CARTESIAN_POINT('Ctrl Pts',(281.407309179222,31.9870052188859,-92.7880368940819));
#6984=CARTESIAN_POINT('Ctrl Pts',(272.812426238088,32.2453042268182,-99.9999999999999));
#6985=CARTESIAN_POINT('Ctrl Pts',(272.812426238088,32.2453042268182,-99.9999999999999));
#6986=CARTESIAN_POINT('Ctrl Pts',(283.541617492058,32.2453042268182,-99.9999999999999));
#6987=CARTESIAN_POINT('Ctrl Pts',(294.270808746029,32.2453042268182,-99.9999999999999));
#6988=CARTESIAN_POINT('Ctrl Pts',(305.,32.2453042268182,-99.9999999999999));
#6989=CARTESIAN_POINT('Origin',(320.0625,0.290511087516672,-350.));
#6990=CARTESIAN_POINT('',(320.0625,23.2905110875167,-120.));
#6991=CARTESIAN_POINT('',(320.0625,23.2905110875167,-223.287540094442));
#6992=CARTESIAN_POINT('',(320.0625,23.2905110875167,-350.));
#6993=CARTESIAN_POINT('',(320.0625,4.66551108751666,-120.));
#6994=CARTESIAN_POINT('',(320.0625,0.290511087516672,-120.));
#6995=CARTESIAN_POINT('',(320.0625,4.66551108751664,-246.407525488785));
#6996=CARTESIAN_POINT('Ctrl Pts',(320.0625,23.2905110875166,-223.287540094442));
#6997=CARTESIAN_POINT('Ctrl Pts',(320.0625,23.1712491419775,-224.059267242189));
#6998=CARTESIAN_POINT('Ctrl Pts',(320.0625,23.0514875027026,-224.829702414361));
#6999=CARTESIAN_POINT('Ctrl Pts',(320.0625,22.9312640027224,-225.598953549135));
#7000=CARTESIAN_POINT('Ctrl Pts',(320.0625,22.8110405027423,-226.368204683908));
#7001=CARTESIAN_POINT('Ctrl Pts',(320.0625,22.690355142057,-227.136271781284));
#7002=CARTESIAN_POINT('Ctrl Pts',(320.0625,22.569227569908,-227.903311633511));
#7003=CARTESIAN_POINT('Ctrl Pts',(320.0625,22.4480999977591,-228.670351485737));
#7004=CARTESIAN_POINT('Ctrl Pts',(320.0625,22.3265302141466,-229.436364092814));
#7005=CARTESIAN_POINT('Ctrl Pts',(320.0625,22.2045196845236,-230.201555101056));
#7006=CARTESIAN_POINT('Ctrl Pts',(320.0625,22.0825091549007,-230.966746109297));
#7007=CARTESIAN_POINT('Ctrl Pts',(320.0625,21.9600578792673,-231.731115518704));
#7008=CARTESIAN_POINT('Ctrl Pts',(320.0625,21.8371491392878,-232.494917829659));
#7009=CARTESIAN_POINT('Ctrl Pts',(320.0625,21.7142403993087,-233.258720140611));
#7010=CARTESIAN_POINT('Ctrl Pts',(320.0625,21.5908741949836,-234.021955353111));
#7011=CARTESIAN_POINT('Ctrl Pts',(320.0625,21.4670156241883,-234.784926821609));
#7012=CARTESIAN_POINT('Ctrl Pts',(320.0625,21.343157053391,-235.547898290118));
#7013=CARTESIAN_POINT('Ctrl Pts',(320.0625,21.2188061161235,-236.310606014625));
#7014=CARTESIAN_POINT('Ctrl Pts',(320.0625,21.0939097264729,-237.073402203647));
#7015=CARTESIAN_POINT('Ctrl Pts',(320.0625,20.9690133368236,-237.836198392661));
#7016=CARTESIAN_POINT('Ctrl Pts',(320.0625,20.8435714947912,-238.59908304619));
#7017=CARTESIAN_POINT('Ctrl Pts',(320.0625,20.7175129306742,-239.362457226819));
#7018=CARTESIAN_POINT('Ctrl Pts',(320.0625,20.5910418077575,-240.128329744138));
#7019=CARTESIAN_POINT('Ctrl Pts',(320.0625,20.4639499293898,-240.894694971138));
#7020=CARTESIAN_POINT('Ctrl Pts',(320.0625,20.3361469308768,-241.662007337076));
#7021=CARTESIAN_POINT('Ctrl Pts',(320.0625,20.2087608358468,-242.426816669427));
#7022=CARTESIAN_POINT('Ctrl Pts',(320.0625,20.0806682426298,-243.192566998202));
#7023=CARTESIAN_POINT('Ctrl Pts',(320.0625,19.9517614544359,-243.95975725401));
#7024=CARTESIAN_POINT('Ctrl Pts',(320.0625,19.8208031877924,-244.739156907775));
#7025=CARTESIAN_POINT('Ctrl Pts',(320.0625,19.6890046552329,-245.520042549705));
#7026=CARTESIAN_POINT('Ctrl Pts',(320.0625,19.5562337183614,-246.302988943539));
#7027=CARTESIAN_POINT('Ctrl Pts',(320.0625,19.4508741706909,-246.924291164103));
#7028=CARTESIAN_POINT('Ctrl Pts',(320.0625,19.344901275141,-247.54689477849));
#7029=CARTESIAN_POINT('Ctrl Pts',(320.0625,19.2382426463511,-248.171100456672));
#7030=CARTESIAN_POINT('Ctrl Pts',(320.0625,19.1403435135431,-248.744042330023));
#7031=CARTESIAN_POINT('Ctrl Pts',(320.0625,19.0418663880639,-249.318334933955));
#7032=CARTESIAN_POINT('Ctrl Pts',(320.0625,18.9427644157727,-249.894163218139));
#7033=CARTESIAN_POINT('Ctrl Pts',(320.0625,18.8436624434824,-250.469991502319));
#7034=CARTESIAN_POINT('Ctrl Pts',(320.0625,18.7439356243801,-251.047355466753));
#7035=CARTESIAN_POINT('Ctrl Pts',(320.0625,18.643547161573,-251.626388912096));
#7036=CARTESIAN_POINT('Ctrl Pts',(320.0625,18.5431586987655,-252.205422357442));
#7037=CARTESIAN_POINT('Ctrl Pts',(320.0625,18.4421085922532,-252.786125283697));
#7038=CARTESIAN_POINT('Ctrl Pts',(320.0625,18.340370102391,-253.368580342503));
#7039=CARTESIAN_POINT('Ctrl Pts',(320.0625,18.2386316125285,-253.95103540131));
#7040=CARTESIAN_POINT('Ctrl Pts',(320.0625,18.136204739316,-254.535242592668));
#7041=CARTESIAN_POINT('Ctrl Pts',(320.0625,18.0330728003564,-255.1212334192));
#7042=CARTESIAN_POINT('Ctrl Pts',(320.0625,17.929940861397,-255.707224245731));
#7043=CARTESIAN_POINT('Ctrl Pts',(320.0625,17.8261038566905,-256.294998707437));
#7044=CARTESIAN_POINT('Ctrl Pts',(320.0625,17.7215551610872,-256.884537157925));
#7045=CARTESIAN_POINT('Ctrl Pts',(320.0625,17.6507694627845,-257.28368982696));
#7046=CARTESIAN_POINT('Ctrl Pts',(320.0625,17.5796577265436,-257.683650067341));
#7047=CARTESIAN_POINT('Ctrl Pts',(320.0625,17.5082205135622,-258.084398469614));
#7048=CARTESIAN_POINT('Origin',(329.9375,4.66551108751664,-142.815050977571));
#7049=CARTESIAN_POINT('',(339.8125,4.66551108751666,-120.));
#7050=CARTESIAN_POINT('',(339.8125,4.66551108751664,-165.630101955142));
#7051=CARTESIAN_POINT('',(339.8125,4.66551108751666,-120.));
#7052=CARTESIAN_POINT('Origin',(320.0625,25.2905110875167,-350.));
#7053=CARTESIAN_POINT('',(318.0625,25.2905110875167,-209.800883677513));
#7054=CARTESIAN_POINT('',(318.0625,25.2905110875167,-120.));
#7055=CARTESIAN_POINT('',(318.0625,25.2905110875167,-350.));
#7056=CARTESIAN_POINT('',(310.,25.2905110875167,-209.800883677513));
#7057=CARTESIAN_POINT('Ctrl Pts',(310.,25.2905110875167,-209.800883677513));
#7058=CARTESIAN_POINT('Ctrl Pts',(312.6875,25.2905110875167,-209.800883677513));
#7059=CARTESIAN_POINT('Ctrl Pts',(315.375,25.2905110875167,-209.800883677513));
#7060=CARTESIAN_POINT('Ctrl Pts',(318.0625,25.2905110875167,-209.800883677513));
#7061=CARTESIAN_POINT('',(310.,25.2905110875167,-120.));
#7062=CARTESIAN_POINT('',(310.,25.2905110875167,-175.));
#7063=CARTESIAN_POINT('',(320.0625,25.2905110875167,-120.));
#7064=CARTESIAN_POINT('Origin',(318.0625,23.2905110875167,-350.));
#7065=CARTESIAN_POINT('Origin',(318.0625,23.2905110875167,-120.));
#7066=CARTESIAN_POINT('Ctrl Pts',(318.0625,25.2905110881539,-209.800883672992));
#7067=CARTESIAN_POINT('Ctrl Pts',(318.065574148573,25.2905110877843,-209.800883675614));
#7068=CARTESIAN_POINT('Ctrl Pts',(318.068655383147,25.2905039997336,-209.800933957725));
#7069=CARTESIAN_POINT('Ctrl Pts',(318.071743660363,25.2904897260883,-209.801035213712));
#7070=CARTESIAN_POINT('Ctrl Pts',(318.11280802869,25.2902999315243,-209.802381599696));
#7071=CARTESIAN_POINT('Ctrl Pts',(318.152113791651,25.288853615952,-209.812642295899));
#7072=CARTESIAN_POINT('Ctrl Pts',(318.18950139989,25.2864746754676,-209.829514055494));
#7073=CARTESIAN_POINT('Ctrl Pts',(318.252510098007,25.2824654876676,-209.857947744011));
#7074=CARTESIAN_POINT('Ctrl Pts',(318.308522463453,25.2759005299343,-209.904493450893));
#7075=CARTESIAN_POINT('Ctrl Pts',(318.355944129895,25.2688666022385,-209.954324278167));
#7076=CARTESIAN_POINT('Ctrl Pts',(318.448710247059,25.2551068546439,-210.051803188296));
#7077=CARTESIAN_POINT('Ctrl Pts',(318.532930410489,25.2359505099705,-210.187372793292));
#7078=CARTESIAN_POINT('Ctrl Pts',(318.607618514483,25.2147918791221,-210.336768815609));
#7079=CARTESIAN_POINT('Ctrl Pts',(318.655715441379,25.2011663475219,-210.432975429242));
#7080=CARTESIAN_POINT('Ctrl Pts',(318.699859443686,25.1867108846004,-210.534916187784));
#7081=CARTESIAN_POINT('Ctrl Pts',(318.739787178786,25.1723405371353,-210.636120083945));
#7082=CARTESIAN_POINT('Ctrl Pts',(318.844980939937,25.1344803656251,-210.902752249621));
#7083=CARTESIAN_POINT('Ctrl Pts',(318.94613517473,25.0881207138011,-211.228344093633));
#7084=CARTESIAN_POINT('Ctrl Pts',(319.042389717763,25.034024374764,-211.606212401058));
#7085=CARTESIAN_POINT('Ctrl Pts',(319.14680615268,24.9753409434547,-212.016122004138));
#7086=CARTESIAN_POINT('Ctrl Pts',(319.245456728722,24.907550377335,-212.48754879331));
#7087=CARTESIAN_POINT('Ctrl Pts',(319.337243388993,24.8316247456457,-213.011901752059));
#7088=CARTESIAN_POINT('Ctrl Pts',(319.42436507499,24.7595579657487,-213.509604944323));
#7089=CARTESIAN_POINT('Ctrl Pts',(319.505302819775,24.680160089825,-214.054989245343));
#7090=CARTESIAN_POINT('Ctrl Pts',(319.579117624726,24.5942959607142,-214.640678370789));
#7091=CARTESIAN_POINT('Ctrl Pts',(319.649442456836,24.5124914979379,-215.198676044057));
#7092=CARTESIAN_POINT('Ctrl Pts',(319.713301973325,24.4248179007394,-215.793254663777));
#7093=CARTESIAN_POINT('Ctrl Pts',(319.769884165577,24.3320685141544,-216.418038456713));
#7094=CARTESIAN_POINT('Ctrl Pts',(319.820851215768,24.2485234542493,-216.980819530858));
#7095=CARTESIAN_POINT('Ctrl Pts',(319.865913656438,24.1608606489963,-217.568106987319));
#7096=CARTESIAN_POINT('Ctrl Pts',(319.904478029812,24.0696913036529,-218.175269785289));
#7097=CARTESIAN_POINT('Ctrl Pts',(319.920194711447,24.0325357777022,-218.422715382396));
#7098=CARTESIAN_POINT('Ctrl Pts',(319.934832114998,23.9947981817018,-218.673462567124));
#7099=CARTESIAN_POINT('Ctrl Pts',(319.948350069379,23.9565212345389,-218.92720006612));
#7100=CARTESIAN_POINT('Ctrl Pts',(319.97798742347,23.8726011823908,-219.483505250469));
#7101=CARTESIAN_POINT('Ctrl Pts',(320.001753093501,23.7874987692555,-220.044826891518));
#7102=CARTESIAN_POINT('Ctrl Pts',(320.019763990833,23.7017859973095,-220.607466197556));
#7103=CARTESIAN_POINT('Ctrl Pts',(320.037928515791,23.615342120777,-221.174904650418));
#7104=CARTESIAN_POINT('Ctrl Pts',(320.05023967634,23.5282776475635,-221.743683248991));
#7105=CARTESIAN_POINT('Ctrl Pts',(320.056817401092,23.4411913652872,-222.31006006192));
#7106=CARTESIAN_POINT('Ctrl Pts',(320.060613484262,23.3909328362335,-222.636922855506));
#7107=CARTESIAN_POINT('Ctrl Pts',(320.0625,23.3406672457515,-222.962986702648));
#7108=CARTESIAN_POINT('Ctrl Pts',(320.0625,23.2905110875166,-223.287540094442));
#7109=CARTESIAN_POINT('Origin',(321.793604820404,0.,-54.3309856042871));
#7110=CARTESIAN_POINT('',(305.,0.,-40.2394779933496));
#7111=CARTESIAN_POINT('Origin',(305.,0.,-330.004282463138));
#7112=CARTESIAN_POINT('',(305.,0.,-68.4224932152246));
#7113=CARTESIAN_POINT('Origin',(2.85747902802974E-13,0.,-99.9999999999999));
#7114=CARTESIAN_POINT('',(267.367392844076,22.8389322104712,-99.9999999999999));
#7115=CARTESIAN_POINT('',(1.77635813332897E-13,22.8389322104712,-99.9999999999999));
#7116=CARTESIAN_POINT('',(267.367392844076,0.,-99.9999999999999));
#7117=CARTESIAN_POINT('Origin',(1380.,0.,-110.));
#7118=CARTESIAN_POINT('',(255.449856918134,22.8389322104712,-110.));
#7119=CARTESIAN_POINT('',(690.,22.8389322104712,-110.));
#7120=CARTESIAN_POINT('',(255.449856918134,0.,-110.));
#7121=CARTESIAN_POINT('Origin',(1380.,0.,-110.));
#7122=CARTESIAN_POINT('',(255.449856918134,2.58893221047122,-110.));
#7123=CARTESIAN_POINT('',(690.,2.58893221047122,-110.));
#7124=CARTESIAN_POINT('',(255.449856918134,0.,-110.));
#7125=CARTESIAN_POINT('Origin',(199.516121517409,0.,-156.933976745116));
#7126=CARTESIAN_POINT('Origin',(244.277166987563,17.8389322104712,-119.375));
#7127=CARTESIAN_POINT('',(252.321503737574,2.58893221047122,-112.625));
#7128=CARTESIAN_POINT('',(156.87023361517,2.58893221047117,-192.718125555112));
#7129=CARTESIAN_POINT('',(252.321503737574,22.8389322104712,-112.625));
#7130=CARTESIAN_POINT('',(252.321503737574,1.29446610523561,-112.625));
#7131=CARTESIAN_POINT('',(151.884644365546,22.8389322104712,-196.901531655673));
#7132=CARTESIAN_POINT('Origin',(6.65945476868281E-14,2.58893221047122,-112.625));
#7133=CARTESIAN_POINT('',(257.766537131585,22.8389322104712,-112.625));
#7134=CARTESIAN_POINT('',(257.766537131585,2.58893221047122,-112.625));
#7135=CARTESIAN_POINT('',(257.766537131585,1.29446610523561,-112.625));
#7136=CARTESIAN_POINT('',(6.65945476868281E-14,22.8389322104712,-112.625));
#7137=CARTESIAN_POINT('',(6.65945476868281E-14,2.58893221047122,-112.625));
#7138=CARTESIAN_POINT('Origin',(324.516121517409,0.,-56.6154483606187));
#7139=CARTESIAN_POINT('',(260.894890312146,2.58893221047122,-110.));
#7140=CARTESIAN_POINT('',(220.495111932122,2.5889322104712,-143.899439138322));
#7141=CARTESIAN_POINT('',(260.894890312146,-6.9413900750903,-110.));
#7142=CARTESIAN_POINT('',(260.894890312146,0.,-110.));
#7143=CARTESIAN_POINT('Ctrl Pts',(246.75,-6.39074869742608,-121.868972243964));
#7144=CARTESIAN_POINT('Ctrl Pts',(247.635186030878,-6.42460509890286,-121.126212971932));
#7145=CARTESIAN_POINT('Ctrl Pts',(248.527337478791,-6.45888121303476,-120.377609021033));
#7146=CARTESIAN_POINT('Ctrl Pts',(253.707745623544,-6.65870822850486,-116.030730457423));
#7147=CARTESIAN_POINT('Ctrl Pts',(256.678994095474,-6.77546009832884,-113.537556960491));
#7148=CARTESIAN_POINT('Ctrl Pts',(260.894890312145,-6.9413900750903,-110.));
#7149=CARTESIAN_POINT('',(260.894890312146,22.8389322104712,-110.));
#7150=CARTESIAN_POINT('',(260.894890312146,0.,-110.));
#7151=CARTESIAN_POINT('',(215.509522682497,22.8389322104712,-148.082845238883));
#7152=CARTESIAN_POINT('Origin',(7.27879715043928E-14,22.8389322104712,-92.375));
#7153=CARTESIAN_POINT('',(281.899547381618,2.58893221047123,-92.3750000000001));
#7154=CARTESIAN_POINT('',(281.899547381618,22.8389322104712,-92.3750000000001));
#7155=CARTESIAN_POINT('',(281.899547381618,11.4194661052357,-92.3750000000001));
#7156=CARTESIAN_POINT('',(276.454513987607,2.58893221047123,-92.3750000000001));
#7157=CARTESIAN_POINT('',(7.27879715043928E-14,2.58893221047123,-92.375));
#7158=CARTESIAN_POINT('',(276.454513987607,22.8389322104712,-92.3750000000001));
#7159=CARTESIAN_POINT('',(276.454513987607,11.4194661052357,-92.3750000000001));
#7160=CARTESIAN_POINT('',(7.27879715043928E-14,22.8389322104712,-92.375));
#7161=CARTESIAN_POINT('Origin',(199.516121517409,0.,-156.933976745116));
#7162=CARTESIAN_POINT('',(151.884644365546,22.8389322104712,-196.901531655673));
#7163=CARTESIAN_POINT('',(267.367392844076,2.58893221047123,-99.9999999999999));
#7164=CARTESIAN_POINT('',(156.87023361517,2.58893221047117,-192.718125555112));
#7165=CARTESIAN_POINT('',(267.367392844076,0.,-99.9999999999999));
#7166=CARTESIAN_POINT('Origin',(2.85747902802974E-13,0.,-99.9999999999999));
#7167=CARTESIAN_POINT('',(1.78383383952023E-13,2.58893221047123,-99.9999999999999));
#7168=CARTESIAN_POINT('Ctrl Pts',(0.,0.692436863172455,-330.));
#7169=CARTESIAN_POINT('Ctrl Pts',(1225.,0.692436863172455,-330.));
#7170=CARTESIAN_POINT('Ctrl Pts',(0.,5.36729010756762,-315.060779002508));
#7171=CARTESIAN_POINT('Ctrl Pts',(1225.,5.36729010756762,-315.060779002508));
#7172=CARTESIAN_POINT('Ctrl Pts',(0.,7.73616191059256,-309.282020228319));
#7173=CARTESIAN_POINT('Ctrl Pts',(1225.,7.73616191059256,-309.282020228319));
#7174=CARTESIAN_POINT('Ctrl Pts',(0.,15.7980112916491,-269.263660760413));
#7175=CARTESIAN_POINT('Ctrl Pts',(1225.,15.7980112916491,-269.263660760413));
#7176=CARTESIAN_POINT('Ctrl Pts',(0.,22.1706115435568,-230.911398635869));
#7177=CARTESIAN_POINT('Ctrl Pts',(1225.,22.1706115435568,-230.911398635869));
#7178=CARTESIAN_POINT('Ctrl Pts',(0.,27.2402918752549,-198.214185048207));
#7179=CARTESIAN_POINT('Ctrl Pts',(1225.,27.2402918752549,-198.214185048207));
#7180=CARTESIAN_POINT('Ctrl Pts',(0.,30.4361456778927,-164.898177192353));
#7181=CARTESIAN_POINT('Ctrl Pts',(1225.,30.4361456778927,-164.898177192353));
#7182=CARTESIAN_POINT('Ctrl Pts',(0.,32.7767416046338,-136.57512421457));
#7183=CARTESIAN_POINT('Ctrl Pts',(1225.,32.7767416046338,-136.57512421457));
#7184=CARTESIAN_POINT('Ctrl Pts',(0.,32.572174307517,-100.31120637567));
#7185=CARTESIAN_POINT('Ctrl Pts',(1225.,32.572174307517,-100.31120637567));
#7186=CARTESIAN_POINT('Ctrl Pts',(0.,31.4787146600278,-85.1197339869532));
#7187=CARTESIAN_POINT('Ctrl Pts',(1225.,31.4787146600278,-85.1197339869532));
#7188=CARTESIAN_POINT('Ctrl Pts',(0.,29.2161090680932,-65.9844229593376));
#7189=CARTESIAN_POINT('Ctrl Pts',(1225.,29.2161090680932,-65.9844229593376));
#7190=CARTESIAN_POINT('Ctrl Pts',(0.,26.7661902336552,-51.5393720618797));
#7191=CARTESIAN_POINT('Ctrl Pts',(1225.,26.7661902336552,-51.5393720618797));
#7192=CARTESIAN_POINT('Ctrl Pts',(0.,22.2069184142093,-33.7095873785944));
#7193=CARTESIAN_POINT('Ctrl Pts',(1225.,22.2069184142093,-33.7095873785944));
#7194=CARTESIAN_POINT('Ctrl Pts',(0.,19.3158500368011,-25.6495689043505));
#7195=CARTESIAN_POINT('Ctrl Pts',(1225.,19.3158500368011,-25.6495689043505));
#7196=CARTESIAN_POINT('Ctrl Pts',(0.,16.4902069465223,-17.4700986677718));
#7197=CARTESIAN_POINT('Ctrl Pts',(1225.,16.4902069465223,-17.4700986677718));
#7198=CARTESIAN_POINT('Ctrl Pts',(0.,10.7156213917761,-7.517737344979));
#7199=CARTESIAN_POINT('Ctrl Pts',(1225.,10.7156213917761,-7.517737344979));
#7200=CARTESIAN_POINT('Ctrl Pts',(0.,9.59210666071061,-5.06402799233127));
#7201=CARTESIAN_POINT('Ctrl Pts',(1225.,9.59210666071061,-5.06402799233127));
#7202=CARTESIAN_POINT('Ctrl Pts',(0.,-0.302237819680045,3.33162846574542));
#7203=CARTESIAN_POINT('Ctrl Pts',(1225.,-0.302237819680045,3.33162846574542));
#7204=CARTESIAN_POINT('Ctrl Pts',(0.,-5.37497260826862,-4.87193710665857));
#7205=CARTESIAN_POINT('Ctrl Pts',(1225.,-5.37497260826862,-4.87193710665857));
#7206=CARTESIAN_POINT('Ctrl Pts',(0.,-6.46637703842694,-7.76012590636975));
#7207=CARTESIAN_POINT('Ctrl Pts',(1225.,-6.46637703842694,-7.76012590636975));
#7208=CARTESIAN_POINT('Ctrl Pts',(0.,-8.72369290817783,-17.7139508712063));
#7209=CARTESIAN_POINT('Ctrl Pts',(1225.,-8.72369290817783,-17.7139508712063));
#7210=CARTESIAN_POINT('Ctrl Pts',(0.,-9.05735289519721,-25.7605611516216));
#7211=CARTESIAN_POINT('Ctrl Pts',(1225.,-9.05735289519721,-25.7605611516216));
#7212=CARTESIAN_POINT('Ctrl Pts',(0.,-9.65183932786034,-33.8874038470446));
#7213=CARTESIAN_POINT('Ctrl Pts',(1225.,-9.65183932786034,-33.8874038470446));
#7214=CARTESIAN_POINT('Ctrl Pts',(0.,-9.54958439734114,-51.7302428410842));
#7215=CARTESIAN_POINT('Ctrl Pts',(1225.,-9.54958439734114,-51.7302428410842));
#7216=CARTESIAN_POINT('Ctrl Pts',(0.,-9.12188646984469,-66.089055457432));
#7217=CARTESIAN_POINT('Ctrl Pts',(1225.,-9.12188646984469,-66.089055457432));
#7218=CARTESIAN_POINT('Ctrl Pts',(0.,-8.0807090947879,-85.1902133730808));
#7219=CARTESIAN_POINT('Ctrl Pts',(1225.,-8.0807090947879,-85.1902133730808));
#7220=CARTESIAN_POINT('Ctrl Pts',(0.,-7.41482789593825,-100.342950195034));
#7221=CARTESIAN_POINT('Ctrl Pts',(1225.,-7.41482789593825,-100.342950195034));
#7222=CARTESIAN_POINT('Ctrl Pts',(0.,-5.65487802201598,-136.527375623599));
#7223=CARTESIAN_POINT('Ctrl Pts',(1225.,-5.65487802201598,-136.527375623599));
#7224=CARTESIAN_POINT('Ctrl Pts',(0.,-4.681813072762,-164.837141179113));
#7225=CARTESIAN_POINT('Ctrl Pts',(1225.,-4.681813072762,-164.837141179113));
#7226=CARTESIAN_POINT('Ctrl Pts',(0.,-3.23576762517493,-198.076224064099));
#7227=CARTESIAN_POINT('Ctrl Pts',(1225.,-3.23576762517493,-198.076224064099));
#7228=CARTESIAN_POINT('Ctrl Pts',(0.,-2.10280368750388,-230.910800461435));
#7229=CARTESIAN_POINT('Ctrl Pts',(1225.,-2.10280368750388,-230.910800461435));
#7230=CARTESIAN_POINT('Ctrl Pts',(0.,-1.0506280543582,-268.755665480008));
#7231=CARTESIAN_POINT('Ctrl Pts',(1225.,-1.0506280543582,-268.755665480008));
#7232=CARTESIAN_POINT('Ctrl Pts',(0.,-0.545054891565593,-309.707874258144));
#7233=CARTESIAN_POINT('Ctrl Pts',(1225.,-0.545054891565593,-309.707874258144));
#7234=CARTESIAN_POINT('Ctrl Pts',(0.,-0.494719603944063,-314.653924811271));
#7235=CARTESIAN_POINT('Ctrl Pts',(1225.,-0.494719603944063,-314.653924811271));
#7236=CARTESIAN_POINT('Ctrl Pts',(0.,-0.428999999999996,-330.));
#7237=CARTESIAN_POINT('Ctrl Pts',(1225.,-0.428999999999996,-330.));
#7238=CARTESIAN_POINT('',(310.,32.2453042268182,-99.9999999999999));
#7239=CARTESIAN_POINT('',(376.219816796731,32.2453042268182,-99.9999999999999));
#7240=CARTESIAN_POINT('Ctrl Pts',(310.,32.2453042268182,-99.9999999999999));
#7241=CARTESIAN_POINT('Ctrl Pts',(332.073272265577,32.2453042268182,-99.9999999999999));
#7242=CARTESIAN_POINT('Ctrl Pts',(354.146544531154,32.2453042268182,-99.9999999999999));
#7243=CARTESIAN_POINT('Ctrl Pts',(376.219816796731,32.2453042268182,-99.9999999999999));
#7244=CARTESIAN_POINT('',(324.516121517409,27.4988230717232,-56.6154483606186));
#7245=CARTESIAN_POINT('Ctrl Pts',(376.219816796731,32.2453042268182,-100.));
#7246=CARTESIAN_POINT('Ctrl Pts',(374.450844359378,32.1921419174817,-98.5156558802544));
#7247=CARTESIAN_POINT('Ctrl Pts',(372.877454442551,32.1350171326648,-97.195424981347));
#7248=CARTESIAN_POINT('Ctrl Pts',(363.098796776592,31.7351385293519,-88.9901569404318));
#7249=CARTESIAN_POINT('Ctrl Pts',(355.069093695764,31.0717231526629,-82.2524360468457));
#7250=CARTESIAN_POINT('Ctrl Pts',(344.090600285733,29.9951488588514,-73.0403862756066));
#7251=CARTESIAN_POINT('Ctrl Pts',(339.892587439586,29.5461534664873,-69.5178352422645));
#7252=CARTESIAN_POINT('Ctrl Pts',(332.148789972735,28.6113613791405,-63.0200176439186));
#7253=CARTESIAN_POINT('Ctrl Pts',(328.36625676104,28.1029127074556,-59.846095423532));
#7254=CARTESIAN_POINT('Ctrl Pts',(324.516121517409,27.4988230717232,-56.6154483606186));
#7255=CARTESIAN_POINT('',(310.,29.4313621275938,-68.7959205720012));
#7256=CARTESIAN_POINT('Ctrl Pts',(324.516121517409,27.4988230717232,-56.6154483606187));
#7257=CARTESIAN_POINT('Ctrl Pts',(320.184763649004,28.1784169642442,-60.2498891504941));
#7258=CARTESIAN_POINT('Ctrl Pts',(315.916336572108,28.7396160242683,-63.8315247364245));
#7259=CARTESIAN_POINT('Ctrl Pts',(311.128637020503,29.3019004086734,-67.8488816643643));
#7260=CARTESIAN_POINT('Ctrl Pts',(310.566242793598,29.366907053895,-68.3207864527361));
#7261=CARTESIAN_POINT('Ctrl Pts',(310.,29.4313621275938,-68.7959205720012));
#7262=CARTESIAN_POINT('Ctrl Pts',(310.,29.4313621275938,-68.7959205720012));
#7263=CARTESIAN_POINT('Ctrl Pts',(310.,30.0925912527094,-73.670207419652));
#7264=CARTESIAN_POINT('Ctrl Pts',(310.,30.7516474062922,-79.2899849285001));
#7265=CARTESIAN_POINT('Ctrl Pts',(310.,31.7513851066662,-89.7744364232948));
#7266=CARTESIAN_POINT('Ctrl Pts',(310.,32.0527488178664,-94.6236630317627));
#7267=CARTESIAN_POINT('Ctrl Pts',(310.,32.2453042268182,-99.9999999999999));
#7268=CARTESIAN_POINT('Origin',(324.516121517409,0.,-56.6154483606187));
#7269=CARTESIAN_POINT('',(324.516121517409,-9.36294601491964,-56.6154483606186));
#7270=CARTESIAN_POINT('',(324.516121517409,0.,-56.6154483606186));
#7271=CARTESIAN_POINT('',(310.,-8.92059430063183,-68.7959205720012));
#7272=CARTESIAN_POINT('Ctrl Pts',(310.,-8.92059430063183,-68.7959205720012));
#7273=CARTESIAN_POINT('Ctrl Pts',(310.587594454038,-8.94278967206935,-68.302870282336));
#7274=CARTESIAN_POINT('Ctrl Pts',(311.163307506007,-8.96415245497236,-67.8197896761796));
#7275=CARTESIAN_POINT('Ctrl Pts',(316.053346902497,-9.14224422651018,-63.7165594221421));
#7276=CARTESIAN_POINT('Ctrl Pts',(320.156957519002,-9.26802538283169,-60.2732212639237));
#7277=CARTESIAN_POINT('Ctrl Pts',(324.516121517409,-9.36294601491964,-56.6154483606187));
#7278=CARTESIAN_POINT('',(310.,0.,-68.7959205720012));
#7279=CARTESIAN_POINT('Origin',(324.516121517409,0.,-261.821430642276));
#7280=CARTESIAN_POINT('',(446.793604820404,30.8173067195324,-159.218439501447));
#7281=CARTESIAN_POINT('Ctrl Pts',(324.516121517409,16.8366812538543,-261.821430642276));
#7282=CARTESIAN_POINT('Ctrl Pts',(335.03970644761,18.436222445691,-252.991094408682));
#7283=CARTESIAN_POINT('Ctrl Pts',(346.244042875339,20.0399170964131,-243.589539844588));
#7284=CARTESIAN_POINT('Ctrl Pts',(357.2142032847,21.5319733600661,-234.384482291137));
#7285=CARTESIAN_POINT('Ctrl Pts',(365.441823591721,22.6510155578058,-227.480689126049));
#7286=CARTESIAN_POINT('Ctrl Pts',(373.537566893245,23.7099035515442,-220.687553907635));
#7287=CARTESIAN_POINT('Ctrl Pts',(381.117046323006,24.6401391867697,-214.327615513606));
#7288=CARTESIAN_POINT('Ctrl Pts',(387.770911478205,25.4567734341096,-208.744359715975));
#7289=CARTESIAN_POINT('Ctrl Pts',(393.986871605253,26.1682343427746,-203.528549865957));
#7290=CARTESIAN_POINT('Ctrl Pts',(400.212233787624,26.8238061350646,-198.304850754784));
#7291=CARTESIAN_POINT('Ctrl Pts',(404.830295044823,27.3101185144246,-194.429837257115));
#7292=CARTESIAN_POINT('Ctrl Pts',(409.439422246807,27.7641378956951,-190.562320321881));
#7293=CARTESIAN_POINT('Ctrl Pts',(414.183469404397,28.2011597293214,-186.581592101659));
#7294=CARTESIAN_POINT('Ctrl Pts',(418.522276979377,28.6008508747047,-182.940900265745));
#7295=CARTESIAN_POINT('Ctrl Pts',(423.031805398828,28.9906969277586,-179.1569566322));
#7296=CARTESIAN_POINT('Ctrl Pts',(427.447363355274,29.3536013405349,-175.451863579504));
#7297=CARTESIAN_POINT('Ctrl Pts',(430.328609829535,29.5904042701123,-173.034210725621));
#7298=CARTESIAN_POINT('Ctrl Pts',(433.113358923963,29.8117162303583,-170.697528787565));
#7299=CARTESIAN_POINT('Ctrl Pts',(435.981204668964,30.0316018921006,-168.291120480661));
#7300=CARTESIAN_POINT('Ctrl Pts',(439.572404738184,30.3069491296728,-165.277745827095));
#7301=CARTESIAN_POINT('Ctrl Pts',(443.233412184962,30.5745675667655,-162.205795828767));
#7302=CARTESIAN_POINT('Ctrl Pts',(446.793604820404,30.8173067195324,-159.218439501447));
#7303=CARTESIAN_POINT('',(446.793604820404,-4.84563363629416,-159.218439501447));
#7304=CARTESIAN_POINT('Ctrl Pts',(446.793604820404,-4.84563363629416,-159.218439501447));
#7305=CARTESIAN_POINT('Ctrl Pts',(441.387230720238,-4.66961381519633,-163.754926014902));
#7306=CARTESIAN_POINT('Ctrl Pts',(437.171077990606,-4.53061555969033,-167.292698214938));
#7307=CARTESIAN_POINT('Ctrl Pts',(414.840583176485,-3.78068036899783,-186.030208177473));
#7308=CARTESIAN_POINT('Ctrl Pts',(397.997062263722,-3.18332470878782,-200.163600363485));
#7309=CARTESIAN_POINT('Ctrl Pts',(361.812493507164,-2.13832277151439,-230.526058661422));
#7310=CARTESIAN_POINT('Ctrl Pts',(343.461842112506,-1.67148693240987,-245.924083478542));
#7311=CARTESIAN_POINT('Ctrl Pts',(324.516121517409,-1.3327146695958,-261.821430642276));
#7312=CARTESIAN_POINT('',(446.793604820404,0.,-159.218439501447));
#7313=CARTESIAN_POINT('Ctrl Pts',(0.,0.692436863172455,-330.));
#7314=CARTESIAN_POINT('Ctrl Pts',(1225.,0.692436863172455,-330.));
#7315=CARTESIAN_POINT('Ctrl Pts',(0.,5.36729010756762,-315.060779002508));
#7316=CARTESIAN_POINT('Ctrl Pts',(1225.,5.36729010756762,-315.060779002508));
#7317=CARTESIAN_POINT('Ctrl Pts',(0.,7.73616191059256,-309.282020228319));
#7318=CARTESIAN_POINT('Ctrl Pts',(1225.,7.73616191059256,-309.282020228319));
#7319=CARTESIAN_POINT('Ctrl Pts',(0.,15.7980112916491,-269.263660760413));
#7320=CARTESIAN_POINT('Ctrl Pts',(1225.,15.7980112916491,-269.263660760413));
#7321=CARTESIAN_POINT('Ctrl Pts',(0.,22.1706115435568,-230.911398635869));
#7322=CARTESIAN_POINT('Ctrl Pts',(1225.,22.1706115435568,-230.911398635869));
#7323=CARTESIAN_POINT('Ctrl Pts',(0.,27.2402918752549,-198.214185048207));
#7324=CARTESIAN_POINT('Ctrl Pts',(1225.,27.2402918752549,-198.214185048207));
#7325=CARTESIAN_POINT('Ctrl Pts',(0.,30.4361456778927,-164.898177192353));
#7326=CARTESIAN_POINT('Ctrl Pts',(1225.,30.4361456778927,-164.898177192353));
#7327=CARTESIAN_POINT('Ctrl Pts',(0.,32.7767416046338,-136.57512421457));
#7328=CARTESIAN_POINT('Ctrl Pts',(1225.,32.7767416046338,-136.57512421457));
#7329=CARTESIAN_POINT('Ctrl Pts',(0.,32.572174307517,-100.31120637567));
#7330=CARTESIAN_POINT('Ctrl Pts',(1225.,32.572174307517,-100.31120637567));
#7331=CARTESIAN_POINT('Ctrl Pts',(0.,31.4787146600278,-85.1197339869532));
#7332=CARTESIAN_POINT('Ctrl Pts',(1225.,31.4787146600278,-85.1197339869532));
#7333=CARTESIAN_POINT('Ctrl Pts',(0.,29.2161090680932,-65.9844229593376));
#7334=CARTESIAN_POINT('Ctrl Pts',(1225.,29.2161090680932,-65.9844229593376));
#7335=CARTESIAN_POINT('Ctrl Pts',(0.,26.7661902336552,-51.5393720618797));
#7336=CARTESIAN_POINT('Ctrl Pts',(1225.,26.7661902336552,-51.5393720618797));
#7337=CARTESIAN_POINT('Ctrl Pts',(0.,22.2069184142093,-33.7095873785944));
#7338=CARTESIAN_POINT('Ctrl Pts',(1225.,22.2069184142093,-33.7095873785944));
#7339=CARTESIAN_POINT('Ctrl Pts',(0.,19.3158500368011,-25.6495689043505));
#7340=CARTESIAN_POINT('Ctrl Pts',(1225.,19.3158500368011,-25.6495689043505));
#7341=CARTESIAN_POINT('Ctrl Pts',(0.,16.4902069465223,-17.4700986677718));
#7342=CARTESIAN_POINT('Ctrl Pts',(1225.,16.4902069465223,-17.4700986677718));
#7343=CARTESIAN_POINT('Ctrl Pts',(0.,10.7156213917761,-7.517737344979));
#7344=CARTESIAN_POINT('Ctrl Pts',(1225.,10.7156213917761,-7.517737344979));
#7345=CARTESIAN_POINT('Ctrl Pts',(0.,9.59210666071061,-5.06402799233127));
#7346=CARTESIAN_POINT('Ctrl Pts',(1225.,9.59210666071061,-5.06402799233127));
#7347=CARTESIAN_POINT('Ctrl Pts',(0.,-0.302237819680045,3.33162846574542));
#7348=CARTESIAN_POINT('Ctrl Pts',(1225.,-0.302237819680045,3.33162846574542));
#7349=CARTESIAN_POINT('Ctrl Pts',(0.,-5.37497260826862,-4.87193710665857));
#7350=CARTESIAN_POINT('Ctrl Pts',(1225.,-5.37497260826862,-4.87193710665857));
#7351=CARTESIAN_POINT('Ctrl Pts',(0.,-6.46637703842694,-7.76012590636975));
#7352=CARTESIAN_POINT('Ctrl Pts',(1225.,-6.46637703842694,-7.76012590636975));
#7353=CARTESIAN_POINT('Ctrl Pts',(0.,-8.72369290817783,-17.7139508712063));
#7354=CARTESIAN_POINT('Ctrl Pts',(1225.,-8.72369290817783,-17.7139508712063));
#7355=CARTESIAN_POINT('Ctrl Pts',(0.,-9.05735289519721,-25.7605611516216));
#7356=CARTESIAN_POINT('Ctrl Pts',(1225.,-9.05735289519721,-25.7605611516216));
#7357=CARTESIAN_POINT('Ctrl Pts',(0.,-9.65183932786034,-33.8874038470446));
#7358=CARTESIAN_POINT('Ctrl Pts',(1225.,-9.65183932786034,-33.8874038470446));
#7359=CARTESIAN_POINT('Ctrl Pts',(0.,-9.54958439734114,-51.7302428410842));
#7360=CARTESIAN_POINT('Ctrl Pts',(1225.,-9.54958439734114,-51.7302428410842));
#7361=CARTESIAN_POINT('Ctrl Pts',(0.,-9.12188646984469,-66.089055457432));
#7362=CARTESIAN_POINT('Ctrl Pts',(1225.,-9.12188646984469,-66.089055457432));
#7363=CARTESIAN_POINT('Ctrl Pts',(0.,-8.0807090947879,-85.1902133730808));
#7364=CARTESIAN_POINT('Ctrl Pts',(1225.,-8.0807090947879,-85.1902133730808));
#7365=CARTESIAN_POINT('Ctrl Pts',(0.,-7.41482789593825,-100.342950195034));
#7366=CARTESIAN_POINT('Ctrl Pts',(1225.,-7.41482789593825,-100.342950195034));
#7367=CARTESIAN_POINT('Ctrl Pts',(0.,-5.65487802201598,-136.527375623599));
#7368=CARTESIAN_POINT('Ctrl Pts',(1225.,-5.65487802201598,-136.527375623599));
#7369=CARTESIAN_POINT('Ctrl Pts',(0.,-4.681813072762,-164.837141179113));
#7370=CARTESIAN_POINT('Ctrl Pts',(1225.,-4.681813072762,-164.837141179113));
#7371=CARTESIAN_POINT('Ctrl Pts',(0.,-3.23576762517493,-198.076224064099));
#7372=CARTESIAN_POINT('Ctrl Pts',(1225.,-3.23576762517493,-198.076224064099));
#7373=CARTESIAN_POINT('Ctrl Pts',(0.,-2.10280368750388,-230.910800461435));
#7374=CARTESIAN_POINT('Ctrl Pts',(1225.,-2.10280368750388,-230.910800461435));
#7375=CARTESIAN_POINT('Ctrl Pts',(0.,-1.0506280543582,-268.755665480008));
#7376=CARTESIAN_POINT('Ctrl Pts',(1225.,-1.0506280543582,-268.755665480008));
#7377=CARTESIAN_POINT('Ctrl Pts',(0.,-0.545054891565593,-309.707874258144));
#7378=CARTESIAN_POINT('Ctrl Pts',(1225.,-0.545054891565593,-309.707874258144));
#7379=CARTESIAN_POINT('Ctrl Pts',(0.,-0.494719603944063,-314.653924811271));
#7380=CARTESIAN_POINT('Ctrl Pts',(1225.,-0.494719603944063,-314.653924811271));
#7381=CARTESIAN_POINT('Ctrl Pts',(0.,-0.428999999999996,-330.));
#7382=CARTESIAN_POINT('Ctrl Pts',(1225.,-0.428999999999996,-330.));
#7383=CARTESIAN_POINT('',(388.137352722673,32.4806917293808,-110.));
#7384=CARTESIAN_POINT('Ctrl Pts',(446.793604820404,30.8173067195324,-159.218439501447));
#7385=CARTESIAN_POINT('Ctrl Pts',(441.394384787319,31.1854334560989,-154.687955963041));
#7386=CARTESIAN_POINT('Ctrl Pts',(435.887345051521,31.5198256667974,-150.067000972158));
#7387=CARTESIAN_POINT('Ctrl Pts',(414.968382898241,32.5122354787902,-132.51390754473));
#7388=CARTESIAN_POINT('Ctrl Pts',(399.849868127187,32.6089030542692,-119.827967356086));
#7389=CARTESIAN_POINT('Ctrl Pts',(388.137352722673,32.4806917293808,-110.));
#7390=CARTESIAN_POINT('',(310.,32.4806917293808,-110.));
#7391=CARTESIAN_POINT('Ctrl Pts',(388.137352722673,32.4806917293808,-110.));
#7392=CARTESIAN_POINT('Ctrl Pts',(362.091568481782,32.4806917293808,-110.));
#7393=CARTESIAN_POINT('Ctrl Pts',(336.045784240891,32.4806917293808,-110.));
#7394=CARTESIAN_POINT('Ctrl Pts',(310.,32.4806917293808,-110.));
#7395=CARTESIAN_POINT('Ctrl Pts',(310.,32.4806917293808,-110.));
#7396=CARTESIAN_POINT('Ctrl Pts',(310.,32.5919590233914,-118.529132151843));
#7397=CARTESIAN_POINT('Ctrl Pts',(310.,32.5149105624155,-127.039446229465));
#7398=CARTESIAN_POINT('Ctrl Pts',(310.,32.2492196702156,-135.013440857939));
#7399=CARTESIAN_POINT('Ctrl Pts',(310.,32.1594109764179,-137.708806273003));
#7400=CARTESIAN_POINT('Ctrl Pts',(310.,32.0478944610207,-140.342831534938));
#7401=CARTESIAN_POINT('Ctrl Pts',(310.,31.9180804393333,-142.89561930172));
#7402=CARTESIAN_POINT('Ctrl Pts',(310.,31.8064072610176,-145.091668078086));
#7403=CARTESIAN_POINT('Ctrl Pts',(310.,31.6852835558185,-147.174877917493));
#7404=CARTESIAN_POINT('Ctrl Pts',(310.,31.538227729778,-149.436227419015));
#7405=CARTESIAN_POINT('Ctrl Pts',(310.,30.938642408002,-158.656344737895));
#7406=CARTESIAN_POINT('Ctrl Pts',(310.,29.9327273490241,-169.95940395232));
#7407=CARTESIAN_POINT('Ctrl Pts',(310.,28.8308860411215,-180.65719155327));
#7408=CARTESIAN_POINT('Ctrl Pts',(310.,28.2041674243496,-186.742008486253));
#7409=CARTESIAN_POINT('Ctrl Pts',(310.,27.5324279258277,-192.629559943042));
#7410=CARTESIAN_POINT('Ctrl Pts',(310.,26.8836916426206,-197.826402582851));
#7411=CARTESIAN_POINT('Ctrl Pts',(310.,26.6466710974013,-199.725107045344));
#7412=CARTESIAN_POINT('Ctrl Pts',(310.,26.4026363641501,-201.620104181252));
#7413=CARTESIAN_POINT('Ctrl Pts',(310.,26.146947116687,-203.546097273467));
#7414=CARTESIAN_POINT('Ctrl Pts',(310.,25.8720845096289,-205.616514734328));
#7415=CARTESIAN_POINT('Ctrl Pts',(310.,25.5858371359831,-207.70586380357));
#7416=CARTESIAN_POINT('Ctrl Pts',(310.,25.2905110875167,-209.800883677513));
#7417=CARTESIAN_POINT('Ctrl Pts',(0.,0.692436863172455,-330.));
#7418=CARTESIAN_POINT('Ctrl Pts',(1225.,0.692436863172455,-330.));
#7419=CARTESIAN_POINT('Ctrl Pts',(0.,5.36729010756762,-315.060779002508));
#7420=CARTESIAN_POINT('Ctrl Pts',(1225.,5.36729010756762,-315.060779002508));
#7421=CARTESIAN_POINT('Ctrl Pts',(0.,7.73616191059256,-309.282020228319));
#7422=CARTESIAN_POINT('Ctrl Pts',(1225.,7.73616191059256,-309.282020228319));
#7423=CARTESIAN_POINT('Ctrl Pts',(0.,15.7980112916491,-269.263660760413));
#7424=CARTESIAN_POINT('Ctrl Pts',(1225.,15.7980112916491,-269.263660760413));
#7425=CARTESIAN_POINT('Ctrl Pts',(0.,22.1706115435568,-230.911398635869));
#7426=CARTESIAN_POINT('Ctrl Pts',(1225.,22.1706115435568,-230.911398635869));
#7427=CARTESIAN_POINT('Ctrl Pts',(0.,27.2402918752549,-198.214185048207));
#7428=CARTESIAN_POINT('Ctrl Pts',(1225.,27.2402918752549,-198.214185048207));
#7429=CARTESIAN_POINT('Ctrl Pts',(0.,30.4361456778927,-164.898177192353));
#7430=CARTESIAN_POINT('Ctrl Pts',(1225.,30.4361456778927,-164.898177192353));
#7431=CARTESIAN_POINT('Ctrl Pts',(0.,32.7767416046338,-136.57512421457));
#7432=CARTESIAN_POINT('Ctrl Pts',(1225.,32.7767416046338,-136.57512421457));
#7433=CARTESIAN_POINT('Ctrl Pts',(0.,32.572174307517,-100.31120637567));
#7434=CARTESIAN_POINT('Ctrl Pts',(1225.,32.572174307517,-100.31120637567));
#7435=CARTESIAN_POINT('Ctrl Pts',(0.,31.4787146600278,-85.1197339869532));
#7436=CARTESIAN_POINT('Ctrl Pts',(1225.,31.4787146600278,-85.1197339869532));
#7437=CARTESIAN_POINT('Ctrl Pts',(0.,29.2161090680932,-65.9844229593376));
#7438=CARTESIAN_POINT('Ctrl Pts',(1225.,29.2161090680932,-65.9844229593376));
#7439=CARTESIAN_POINT('Ctrl Pts',(0.,26.7661902336552,-51.5393720618797));
#7440=CARTESIAN_POINT('Ctrl Pts',(1225.,26.7661902336552,-51.5393720618797));
#7441=CARTESIAN_POINT('Ctrl Pts',(0.,22.2069184142093,-33.7095873785944));
#7442=CARTESIAN_POINT('Ctrl Pts',(1225.,22.2069184142093,-33.7095873785944));
#7443=CARTESIAN_POINT('Ctrl Pts',(0.,19.3158500368011,-25.6495689043505));
#7444=CARTESIAN_POINT('Ctrl Pts',(1225.,19.3158500368011,-25.6495689043505));
#7445=CARTESIAN_POINT('Ctrl Pts',(0.,16.4902069465223,-17.4700986677718));
#7446=CARTESIAN_POINT('Ctrl Pts',(1225.,16.4902069465223,-17.4700986677718));
#7447=CARTESIAN_POINT('Ctrl Pts',(0.,10.7156213917761,-7.517737344979));
#7448=CARTESIAN_POINT('Ctrl Pts',(1225.,10.7156213917761,-7.517737344979));
#7449=CARTESIAN_POINT('Ctrl Pts',(0.,9.59210666071061,-5.06402799233127));
#7450=CARTESIAN_POINT('Ctrl Pts',(1225.,9.59210666071061,-5.06402799233127));
#7451=CARTESIAN_POINT('Ctrl Pts',(0.,-0.302237819680045,3.33162846574542));
#7452=CARTESIAN_POINT('Ctrl Pts',(1225.,-0.302237819680045,3.33162846574542));
#7453=CARTESIAN_POINT('Ctrl Pts',(0.,-5.37497260826862,-4.87193710665857));
#7454=CARTESIAN_POINT('Ctrl Pts',(1225.,-5.37497260826862,-4.87193710665857));
#7455=CARTESIAN_POINT('Ctrl Pts',(0.,-6.46637703842694,-7.76012590636975));
#7456=CARTESIAN_POINT('Ctrl Pts',(1225.,-6.46637703842694,-7.76012590636975));
#7457=CARTESIAN_POINT('Ctrl Pts',(0.,-8.72369290817783,-17.7139508712063));
#7458=CARTESIAN_POINT('Ctrl Pts',(1225.,-8.72369290817783,-17.7139508712063));
#7459=CARTESIAN_POINT('Ctrl Pts',(0.,-9.05735289519721,-25.7605611516216));
#7460=CARTESIAN_POINT('Ctrl Pts',(1225.,-9.05735289519721,-25.7605611516216));
#7461=CARTESIAN_POINT('Ctrl Pts',(0.,-9.65183932786034,-33.8874038470446));
#7462=CARTESIAN_POINT('Ctrl Pts',(1225.,-9.65183932786034,-33.8874038470446));
#7463=CARTESIAN_POINT('Ctrl Pts',(0.,-9.54958439734114,-51.7302428410842));
#7464=CARTESIAN_POINT('Ctrl Pts',(1225.,-9.54958439734114,-51.7302428410842));
#7465=CARTESIAN_POINT('Ctrl Pts',(0.,-9.12188646984469,-66.089055457432));
#7466=CARTESIAN_POINT('Ctrl Pts',(1225.,-9.12188646984469,-66.089055457432));
#7467=CARTESIAN_POINT('Ctrl Pts',(0.,-8.0807090947879,-85.1902133730808));
#7468=CARTESIAN_POINT('Ctrl Pts',(1225.,-8.0807090947879,-85.1902133730808));
#7469=CARTESIAN_POINT('Ctrl Pts',(0.,-7.41482789593825,-100.342950195034));
#7470=CARTESIAN_POINT('Ctrl Pts',(1225.,-7.41482789593825,-100.342950195034));
#7471=CARTESIAN_POINT('Ctrl Pts',(0.,-5.65487802201598,-136.527375623599));
#7472=CARTESIAN_POINT('Ctrl Pts',(1225.,-5.65487802201598,-136.527375623599));
#7473=CARTESIAN_POINT('Ctrl Pts',(0.,-4.681813072762,-164.837141179113));
#7474=CARTESIAN_POINT('Ctrl Pts',(1225.,-4.681813072762,-164.837141179113));
#7475=CARTESIAN_POINT('Ctrl Pts',(0.,-3.23576762517493,-198.076224064099));
#7476=CARTESIAN_POINT('Ctrl Pts',(1225.,-3.23576762517493,-198.076224064099));
#7477=CARTESIAN_POINT('Ctrl Pts',(0.,-2.10280368750388,-230.910800461435));
#7478=CARTESIAN_POINT('Ctrl Pts',(1225.,-2.10280368750388,-230.910800461435));
#7479=CARTESIAN_POINT('Ctrl Pts',(0.,-1.0506280543582,-268.755665480008));
#7480=CARTESIAN_POINT('Ctrl Pts',(1225.,-1.0506280543582,-268.755665480008));
#7481=CARTESIAN_POINT('Ctrl Pts',(0.,-0.545054891565593,-309.707874258144));
#7482=CARTESIAN_POINT('Ctrl Pts',(1225.,-0.545054891565593,-309.707874258144));
#7483=CARTESIAN_POINT('Ctrl Pts',(0.,-0.494719603944063,-314.653924811271));
#7484=CARTESIAN_POINT('Ctrl Pts',(1225.,-0.494719603944063,-314.653924811271));
#7485=CARTESIAN_POINT('Ctrl Pts',(0.,-0.428999999999996,-330.));
#7486=CARTESIAN_POINT('Ctrl Pts',(1225.,-0.428999999999996,-330.));
#7487=CARTESIAN_POINT('',(393.582386116684,-6.9413900750903,-110.));
#7488=CARTESIAN_POINT('',(488.25,-6.9413900750903,-110.));
#7489=CARTESIAN_POINT('Ctrl Pts',(393.582386116684,-6.9413900750903,-110.));
#7490=CARTESIAN_POINT('Ctrl Pts',(425.138257411123,-6.9413900750903,-110.));
#7491=CARTESIAN_POINT('Ctrl Pts',(456.694128705561,-6.9413900750903,-110.));
#7492=CARTESIAN_POINT('Ctrl Pts',(488.25,-6.9413900750903,-110.));
#7493=CARTESIAN_POINT('',(488.25,-6.27453888944129,-124.432393596308));
#7494=CARTESIAN_POINT('Ctrl Pts',(488.25,-6.9413900750903,-110.));
#7495=CARTESIAN_POINT('Ctrl Pts',(488.25,-6.73287902714597,-114.445367397689));
#7496=CARTESIAN_POINT('Ctrl Pts',(488.25,-6.49409486896268,-119.561519849775));
#7497=CARTESIAN_POINT('Ctrl Pts',(488.25,-6.27453888944129,-124.432393596308));
#7498=CARTESIAN_POINT('',(449.516121517409,-4.93415109829321,-156.933976745116));
#7499=CARTESIAN_POINT('Ctrl Pts',(488.25,-6.27453888944129,-124.432393596308));
#7500=CARTESIAN_POINT('Ctrl Pts',(478.386005898712,-5.90145651617439,-132.709267408634));
#7501=CARTESIAN_POINT('Ctrl Pts',(467.44600981816,-5.51649789301566,-141.889014084906));
#7502=CARTESIAN_POINT('Ctrl Pts',(449.516121517409,-4.93415109829321,-156.933976745116));
#7503=CARTESIAN_POINT('Ctrl Pts',(449.516121517409,-4.93415109829321,-156.933976745116));
#7504=CARTESIAN_POINT('Ctrl Pts',(426.716594170716,-5.67465942990271,-137.802901757489));
#7505=CARTESIAN_POINT('Ctrl Pts',(413.367308448892,-6.16269165983326,-126.601521031826));
#7506=CARTESIAN_POINT('Ctrl Pts',(393.582386116684,-6.9413900750903,-110.));
#7507=CARTESIAN_POINT('Origin',(449.516121517409,0.,-156.933976745116));
#7508=CARTESIAN_POINT('',(449.516121517409,30.9993345346112,-156.933976745116));
#7509=CARTESIAN_POINT('',(488.25,32.4872825399755,-124.432393596308));
#7510=CARTESIAN_POINT('Ctrl Pts',(449.516121517409,30.9993345346112,-156.933976745116));
#7511=CARTESIAN_POINT('Ctrl Pts',(457.370852674799,31.5137649752964,-150.343074727953));
#7512=CARTESIAN_POINT('Ctrl Pts',(464.868781763606,31.9084218022977,-144.051565206127));
#7513=CARTESIAN_POINT('Ctrl Pts',(477.548941120508,32.3164958047279,-133.411648166481));
#7514=CARTESIAN_POINT('Ctrl Pts',(482.782271775745,32.4311723918948,-129.020362332659));
#7515=CARTESIAN_POINT('Ctrl Pts',(488.25,32.4872825399755,-124.432393596308));
#7516=CARTESIAN_POINT('',(449.516121517409,0.,-156.933976745116));
#7517=CARTESIAN_POINT('',(488.25,0.,-124.432393596308));
#7518=CARTESIAN_POINT('Ctrl Pts',(0.,0.692436863172455,-330.));
#7519=CARTESIAN_POINT('Ctrl Pts',(1225.,0.692436863172455,-330.));
#7520=CARTESIAN_POINT('Ctrl Pts',(0.,5.36729010756762,-315.060779002508));
#7521=CARTESIAN_POINT('Ctrl Pts',(1225.,5.36729010756762,-315.060779002508));
#7522=CARTESIAN_POINT('Ctrl Pts',(0.,7.73616191059256,-309.282020228319));
#7523=CARTESIAN_POINT('Ctrl Pts',(1225.,7.73616191059256,-309.282020228319));
#7524=CARTESIAN_POINT('Ctrl Pts',(0.,15.7980112916491,-269.263660760413));
#7525=CARTESIAN_POINT('Ctrl Pts',(1225.,15.7980112916491,-269.263660760413));
#7526=CARTESIAN_POINT('Ctrl Pts',(0.,22.1706115435568,-230.911398635869));
#7527=CARTESIAN_POINT('Ctrl Pts',(1225.,22.1706115435568,-230.911398635869));
#7528=CARTESIAN_POINT('Ctrl Pts',(0.,27.2402918752549,-198.214185048207));
#7529=CARTESIAN_POINT('Ctrl Pts',(1225.,27.2402918752549,-198.214185048207));
#7530=CARTESIAN_POINT('Ctrl Pts',(0.,30.4361456778927,-164.898177192353));
#7531=CARTESIAN_POINT('Ctrl Pts',(1225.,30.4361456778927,-164.898177192353));
#7532=CARTESIAN_POINT('Ctrl Pts',(0.,32.7767416046338,-136.57512421457));
#7533=CARTESIAN_POINT('Ctrl Pts',(1225.,32.7767416046338,-136.57512421457));
#7534=CARTESIAN_POINT('Ctrl Pts',(0.,32.572174307517,-100.31120637567));
#7535=CARTESIAN_POINT('Ctrl Pts',(1225.,32.572174307517,-100.31120637567));
#7536=CARTESIAN_POINT('Ctrl Pts',(0.,31.4787146600278,-85.1197339869532));
#7537=CARTESIAN_POINT('Ctrl Pts',(1225.,31.4787146600278,-85.1197339869532));
#7538=CARTESIAN_POINT('Ctrl Pts',(0.,29.2161090680932,-65.9844229593376));
#7539=CARTESIAN_POINT('Ctrl Pts',(1225.,29.2161090680932,-65.9844229593376));
#7540=CARTESIAN_POINT('Ctrl Pts',(0.,26.7661902336552,-51.5393720618797));
#7541=CARTESIAN_POINT('Ctrl Pts',(1225.,26.7661902336552,-51.5393720618797));
#7542=CARTESIAN_POINT('Ctrl Pts',(0.,22.2069184142093,-33.7095873785944));
#7543=CARTESIAN_POINT('Ctrl Pts',(1225.,22.2069184142093,-33.7095873785944));
#7544=CARTESIAN_POINT('Ctrl Pts',(0.,19.3158500368011,-25.6495689043505));
#7545=CARTESIAN_POINT('Ctrl Pts',(1225.,19.3158500368011,-25.6495689043505));
#7546=CARTESIAN_POINT('Ctrl Pts',(0.,16.4902069465223,-17.4700986677718));
#7547=CARTESIAN_POINT('Ctrl Pts',(1225.,16.4902069465223,-17.4700986677718));
#7548=CARTESIAN_POINT('Ctrl Pts',(0.,10.7156213917761,-7.517737344979));
#7549=CARTESIAN_POINT('Ctrl Pts',(1225.,10.7156213917761,-7.517737344979));
#7550=CARTESIAN_POINT('Ctrl Pts',(0.,9.59210666071061,-5.06402799233127));
#7551=CARTESIAN_POINT('Ctrl Pts',(1225.,9.59210666071061,-5.06402799233127));
#7552=CARTESIAN_POINT('Ctrl Pts',(0.,-0.302237819680045,3.33162846574542));
#7553=CARTESIAN_POINT('Ctrl Pts',(1225.,-0.302237819680045,3.33162846574542));
#7554=CARTESIAN_POINT('Ctrl Pts',(0.,-5.37497260826862,-4.87193710665857));
#7555=CARTESIAN_POINT('Ctrl Pts',(1225.,-5.37497260826862,-4.87193710665857));
#7556=CARTESIAN_POINT('Ctrl Pts',(0.,-6.46637703842694,-7.76012590636975));
#7557=CARTESIAN_POINT('Ctrl Pts',(1225.,-6.46637703842694,-7.76012590636975));
#7558=CARTESIAN_POINT('Ctrl Pts',(0.,-8.72369290817783,-17.7139508712063));
#7559=CARTESIAN_POINT('Ctrl Pts',(1225.,-8.72369290817783,-17.7139508712063));
#7560=CARTESIAN_POINT('Ctrl Pts',(0.,-9.05735289519721,-25.7605611516216));
#7561=CARTESIAN_POINT('Ctrl Pts',(1225.,-9.05735289519721,-25.7605611516216));
#7562=CARTESIAN_POINT('Ctrl Pts',(0.,-9.65183932786034,-33.8874038470446));
#7563=CARTESIAN_POINT('Ctrl Pts',(1225.,-9.65183932786034,-33.8874038470446));
#7564=CARTESIAN_POINT('Ctrl Pts',(0.,-9.54958439734114,-51.7302428410842));
#7565=CARTESIAN_POINT('Ctrl Pts',(1225.,-9.54958439734114,-51.7302428410842));
#7566=CARTESIAN_POINT('Ctrl Pts',(0.,-9.12188646984469,-66.089055457432));
#7567=CARTESIAN_POINT('Ctrl Pts',(1225.,-9.12188646984469,-66.089055457432));
#7568=CARTESIAN_POINT('Ctrl Pts',(0.,-8.0807090947879,-85.1902133730808));
#7569=CARTESIAN_POINT('Ctrl Pts',(1225.,-8.0807090947879,-85.1902133730808));
#7570=CARTESIAN_POINT('Ctrl Pts',(0.,-7.41482789593825,-100.342950195034));
#7571=CARTESIAN_POINT('Ctrl Pts',(1225.,-7.41482789593825,-100.342950195034));
#7572=CARTESIAN_POINT('Ctrl Pts',(0.,-5.65487802201598,-136.527375623599));
#7573=CARTESIAN_POINT('Ctrl Pts',(1225.,-5.65487802201598,-136.527375623599));
#7574=CARTESIAN_POINT('Ctrl Pts',(0.,-4.681813072762,-164.837141179113));
#7575=CARTESIAN_POINT('Ctrl Pts',(1225.,-4.681813072762,-164.837141179113));
#7576=CARTESIAN_POINT('Ctrl Pts',(0.,-3.23576762517493,-198.076224064099));
#7577=CARTESIAN_POINT('Ctrl Pts',(1225.,-3.23576762517493,-198.076224064099));
#7578=CARTESIAN_POINT('Ctrl Pts',(0.,-2.10280368750388,-230.910800461435));
#7579=CARTESIAN_POINT('Ctrl Pts',(1225.,-2.10280368750388,-230.910800461435));
#7580=CARTESIAN_POINT('Ctrl Pts',(0.,-1.0506280543582,-268.755665480008));
#7581=CARTESIAN_POINT('Ctrl Pts',(1225.,-1.0506280543582,-268.755665480008));
#7582=CARTESIAN_POINT('Ctrl Pts',(0.,-0.545054891565593,-309.707874258144));
#7583=CARTESIAN_POINT('Ctrl Pts',(1225.,-0.545054891565593,-309.707874258144));
#7584=CARTESIAN_POINT('Ctrl Pts',(0.,-0.494719603944063,-314.653924811271));
#7585=CARTESIAN_POINT('Ctrl Pts',(1225.,-0.494719603944063,-314.653924811271));
#7586=CARTESIAN_POINT('Ctrl Pts',(0.,-0.428999999999996,-330.));
#7587=CARTESIAN_POINT('Ctrl Pts',(1225.,-0.428999999999996,-330.));
#7588=CARTESIAN_POINT('',(488.25,32.4806917293808,-110.));
#7589=CARTESIAN_POINT('',(393.582386116684,32.4806917293808,-110.));
#7590=CARTESIAN_POINT('Ctrl Pts',(488.25,32.4806917293808,-110.));
#7591=CARTESIAN_POINT('Ctrl Pts',(456.694128705561,32.4806917293808,-110.));
#7592=CARTESIAN_POINT('Ctrl Pts',(425.138257411123,32.4806917293808,-110.));
#7593=CARTESIAN_POINT('Ctrl Pts',(393.582386116684,32.4806917293808,-110.));
#7594=CARTESIAN_POINT('Ctrl Pts',(393.582386116684,32.4806917293808,-110.));
#7595=CARTESIAN_POINT('Ctrl Pts',(400.927126041529,32.5610910974245,-116.16296856203));
#7596=CARTESIAN_POINT('Ctrl Pts',(408.545992225288,32.5402857033469,-122.555956366811));
#7597=CARTESIAN_POINT('Ctrl Pts',(427.316116250059,32.2268680840127,-138.305960513148));
#7598=CARTESIAN_POINT('Ctrl Pts',(437.469506897619,31.7883042833457,-146.825666860715));
#7599=CARTESIAN_POINT('Ctrl Pts',(449.516121517409,30.9993345346112,-156.933976745116));
#7600=CARTESIAN_POINT('Ctrl Pts',(488.25,32.4872825399755,-124.43239359631));
#7601=CARTESIAN_POINT('Ctrl Pts',(488.25,32.4941643390996,-123.869688269177));
#7602=CARTESIAN_POINT('Ctrl Pts',(488.25,32.5001697146166,-123.307107723404));
#7603=CARTESIAN_POINT('Ctrl Pts',(488.25,32.5053160630195,-122.745179995274));
#7604=CARTESIAN_POINT('Ctrl Pts',(488.25,32.5104624114225,-122.183252267137));
#7605=CARTESIAN_POINT('Ctrl Pts',(488.25,32.5147497327113,-121.621977356643));
#7606=CARTESIAN_POINT('Ctrl Pts',(488.25,32.5181990042376,-121.06193530534));
#7607=CARTESIAN_POINT('Ctrl Pts',(488.25,32.5216482757639,-120.501893254041));
#7608=CARTESIAN_POINT('Ctrl Pts',(488.25,32.5242594975278,-119.943084061933));
#7609=CARTESIAN_POINT('Ctrl Pts',(488.25,32.5260572277394,-119.386139775829));
#7610=CARTESIAN_POINT('Ctrl Pts',(488.25,32.527854994768,-118.829184083665));
#7611=CARTESIAN_POINT('Ctrl Pts',(488.25,32.5288392369117,-118.274093373713));
#7612=CARTESIAN_POINT('Ctrl Pts',(488.25,32.529038095005,-117.721551740611));
#7613=CARTESIAN_POINT('Ctrl Pts',(488.25,32.5292498200496,-117.133258350249));
#7614=CARTESIAN_POINT('Ctrl Pts',(488.25,32.5285714025705,-116.547858363002));
#7615=CARTESIAN_POINT('Ctrl Pts',(488.25,32.5270405133937,-115.966226282098));
#7616=CARTESIAN_POINT('Ctrl Pts',(488.25,32.525694121515,-115.454690423065));
#7617=CARTESIAN_POINT('Ctrl Pts',(488.25,32.5236884639158,-114.946070966719));
#7618=CARTESIAN_POINT('Ctrl Pts',(488.25,32.5210474293693,-114.440906680098));
#7619=CARTESIAN_POINT('Ctrl Pts',(488.25,32.5185279030627,-113.958983900625));
#7620=CARTESIAN_POINT('Ctrl Pts',(488.25,32.5154301050764,-113.480205245996));
#7621=CARTESIAN_POINT('Ctrl Pts',(488.25,32.5117729806697,-113.004985134369));
#7622=CARTESIAN_POINT('Ctrl Pts',(488.25,32.5081158562628,-112.529765022726));
#7623=CARTESIAN_POINT('Ctrl Pts',(488.25,32.5038994054356,-112.058103454084));
#7624=CARTESIAN_POINT('Ctrl Pts',(488.25,32.4991408200535,-111.590362747697));
#7625=CARTESIAN_POINT('Ctrl Pts',(488.25,32.4943822346715,-111.122622041329));
#7626=CARTESIAN_POINT('Ctrl Pts',(488.25,32.4890815147348,-110.658802197216));
#7627=CARTESIAN_POINT('Ctrl Pts',(488.25,32.4832540987148,-110.199213435707));
#7628=CARTESIAN_POINT('Ctrl Pts',(488.25,32.4824109889668,-110.13272019692));
#7629=CARTESIAN_POINT('Ctrl Pts',(488.25,32.4815568512835,-110.066315435288));
#7630=CARTESIAN_POINT('Ctrl Pts',(488.25,32.4806917293808,-110.000000000003));
#7631=CARTESIAN_POINT('Ctrl Pts',(0.,0.692436863172455,-330.));
#7632=CARTESIAN_POINT('Ctrl Pts',(1225.,0.692436863172455,-330.));
#7633=CARTESIAN_POINT('Ctrl Pts',(0.,5.36729010756762,-315.060779002508));
#7634=CARTESIAN_POINT('Ctrl Pts',(1225.,5.36729010756762,-315.060779002508));
#7635=CARTESIAN_POINT('Ctrl Pts',(0.,7.73616191059256,-309.282020228319));
#7636=CARTESIAN_POINT('Ctrl Pts',(1225.,7.73616191059256,-309.282020228319));
#7637=CARTESIAN_POINT('Ctrl Pts',(0.,15.7980112916491,-269.263660760413));
#7638=CARTESIAN_POINT('Ctrl Pts',(1225.,15.7980112916491,-269.263660760413));
#7639=CARTESIAN_POINT('Ctrl Pts',(0.,22.1706115435568,-230.911398635869));
#7640=CARTESIAN_POINT('Ctrl Pts',(1225.,22.1706115435568,-230.911398635869));
#7641=CARTESIAN_POINT('Ctrl Pts',(0.,27.2402918752549,-198.214185048207));
#7642=CARTESIAN_POINT('Ctrl Pts',(1225.,27.2402918752549,-198.214185048207));
#7643=CARTESIAN_POINT('Ctrl Pts',(0.,30.4361456778927,-164.898177192353));
#7644=CARTESIAN_POINT('Ctrl Pts',(1225.,30.4361456778927,-164.898177192353));
#7645=CARTESIAN_POINT('Ctrl Pts',(0.,32.7767416046338,-136.57512421457));
#7646=CARTESIAN_POINT('Ctrl Pts',(1225.,32.7767416046338,-136.57512421457));
#7647=CARTESIAN_POINT('Ctrl Pts',(0.,32.572174307517,-100.31120637567));
#7648=CARTESIAN_POINT('Ctrl Pts',(1225.,32.572174307517,-100.31120637567));
#7649=CARTESIAN_POINT('Ctrl Pts',(0.,31.4787146600278,-85.1197339869532));
#7650=CARTESIAN_POINT('Ctrl Pts',(1225.,31.4787146600278,-85.1197339869532));
#7651=CARTESIAN_POINT('Ctrl Pts',(0.,29.2161090680932,-65.9844229593376));
#7652=CARTESIAN_POINT('Ctrl Pts',(1225.,29.2161090680932,-65.9844229593376));
#7653=CARTESIAN_POINT('Ctrl Pts',(0.,26.7661902336552,-51.5393720618797));
#7654=CARTESIAN_POINT('Ctrl Pts',(1225.,26.7661902336552,-51.5393720618797));
#7655=CARTESIAN_POINT('Ctrl Pts',(0.,22.2069184142093,-33.7095873785944));
#7656=CARTESIAN_POINT('Ctrl Pts',(1225.,22.2069184142093,-33.7095873785944));
#7657=CARTESIAN_POINT('Ctrl Pts',(0.,19.3158500368011,-25.6495689043505));
#7658=CARTESIAN_POINT('Ctrl Pts',(1225.,19.3158500368011,-25.6495689043505));
#7659=CARTESIAN_POINT('Ctrl Pts',(0.,16.4902069465223,-17.4700986677718));
#7660=CARTESIAN_POINT('Ctrl Pts',(1225.,16.4902069465223,-17.4700986677718));
#7661=CARTESIAN_POINT('Ctrl Pts',(0.,10.7156213917761,-7.517737344979));
#7662=CARTESIAN_POINT('Ctrl Pts',(1225.,10.7156213917761,-7.517737344979));
#7663=CARTESIAN_POINT('Ctrl Pts',(0.,9.59210666071061,-5.06402799233127));
#7664=CARTESIAN_POINT('Ctrl Pts',(1225.,9.59210666071061,-5.06402799233127));
#7665=CARTESIAN_POINT('Ctrl Pts',(0.,-0.302237819680045,3.33162846574542));
#7666=CARTESIAN_POINT('Ctrl Pts',(1225.,-0.302237819680045,3.33162846574542));
#7667=CARTESIAN_POINT('Ctrl Pts',(0.,-5.37497260826862,-4.87193710665857));
#7668=CARTESIAN_POINT('Ctrl Pts',(1225.,-5.37497260826862,-4.87193710665857));
#7669=CARTESIAN_POINT('Ctrl Pts',(0.,-6.46637703842694,-7.76012590636975));
#7670=CARTESIAN_POINT('Ctrl Pts',(1225.,-6.46637703842694,-7.76012590636975));
#7671=CARTESIAN_POINT('Ctrl Pts',(0.,-8.72369290817783,-17.7139508712063));
#7672=CARTESIAN_POINT('Ctrl Pts',(1225.,-8.72369290817783,-17.7139508712063));
#7673=CARTESIAN_POINT('Ctrl Pts',(0.,-9.05735289519721,-25.7605611516216));
#7674=CARTESIAN_POINT('Ctrl Pts',(1225.,-9.05735289519721,-25.7605611516216));
#7675=CARTESIAN_POINT('Ctrl Pts',(0.,-9.65183932786034,-33.8874038470446));
#7676=CARTESIAN_POINT('Ctrl Pts',(1225.,-9.65183932786034,-33.8874038470446));
#7677=CARTESIAN_POINT('Ctrl Pts',(0.,-9.54958439734114,-51.7302428410842));
#7678=CARTESIAN_POINT('Ctrl Pts',(1225.,-9.54958439734114,-51.7302428410842));
#7679=CARTESIAN_POINT('Ctrl Pts',(0.,-9.12188646984469,-66.089055457432));
#7680=CARTESIAN_POINT('Ctrl Pts',(1225.,-9.12188646984469,-66.089055457432));
#7681=CARTESIAN_POINT('Ctrl Pts',(0.,-8.0807090947879,-85.1902133730808));
#7682=CARTESIAN_POINT('Ctrl Pts',(1225.,-8.0807090947879,-85.1902133730808));
#7683=CARTESIAN_POINT('Ctrl Pts',(0.,-7.41482789593825,-100.342950195034));
#7684=CARTESIAN_POINT('Ctrl Pts',(1225.,-7.41482789593825,-100.342950195034));
#7685=CARTESIAN_POINT('Ctrl Pts',(0.,-5.65487802201598,-136.527375623599));
#7686=CARTESIAN_POINT('Ctrl Pts',(1225.,-5.65487802201598,-136.527375623599));
#7687=CARTESIAN_POINT('Ctrl Pts',(0.,-4.681813072762,-164.837141179113));
#7688=CARTESIAN_POINT('Ctrl Pts',(1225.,-4.681813072762,-164.837141179113));
#7689=CARTESIAN_POINT('Ctrl Pts',(0.,-3.23576762517493,-198.076224064099));
#7690=CARTESIAN_POINT('Ctrl Pts',(1225.,-3.23576762517493,-198.076224064099));
#7691=CARTESIAN_POINT('Ctrl Pts',(0.,-2.10280368750388,-230.910800461435));
#7692=CARTESIAN_POINT('Ctrl Pts',(1225.,-2.10280368750388,-230.910800461435));
#7693=CARTESIAN_POINT('Ctrl Pts',(0.,-1.0506280543582,-268.755665480008));
#7694=CARTESIAN_POINT('Ctrl Pts',(1225.,-1.0506280543582,-268.755665480008));
#7695=CARTESIAN_POINT('Ctrl Pts',(0.,-0.545054891565593,-309.707874258144));
#7696=CARTESIAN_POINT('Ctrl Pts',(1225.,-0.545054891565593,-309.707874258144));
#7697=CARTESIAN_POINT('Ctrl Pts',(0.,-0.494719603944063,-314.653924811271));
#7698=CARTESIAN_POINT('Ctrl Pts',(1225.,-0.494719603944063,-314.653924811271));
#7699=CARTESIAN_POINT('Ctrl Pts',(0.,-0.428999999999996,-330.));
#7700=CARTESIAN_POINT('Ctrl Pts',(1225.,-0.428999999999996,-330.));
#7701=CARTESIAN_POINT('',(337.749999998927,-7.41106778952877,-99.9999999999999));
#7702=CARTESIAN_POINT('',(337.749999998927,-7.73386468724869,-93.1301019551386));
#7703=CARTESIAN_POINT('Ctrl Pts',(337.749999998927,-7.41106778952877,-100.));
#7704=CARTESIAN_POINT('Ctrl Pts',(337.749999998927,-7.42896531005025,-99.6186932353751));
#7705=CARTESIAN_POINT('Ctrl Pts',(337.749999998927,-7.44663458039576,-99.2421929215106));
#7706=CARTESIAN_POINT('Ctrl Pts',(337.749999998927,-7.46408488902223,-98.8703347403164));
#7707=CARTESIAN_POINT('Ctrl Pts',(337.749999998927,-7.48153519764836,-98.4984765591294));
#7708=CARTESIAN_POINT('Ctrl Pts',(337.749999998927,-7.49876654455545,-98.1312605106125));
#7709=CARTESIAN_POINT('Ctrl Pts',(337.749999998927,-7.51579144262423,-97.7684702480952));
#7710=CARTESIAN_POINT('Ctrl Pts',(337.749999998927,-7.53281634069198,-97.4056799856001));
#7711=CARTESIAN_POINT('Ctrl Pts',(337.749999998927,-7.54963478992144,-97.0473155091041));
#7712=CARTESIAN_POINT('Ctrl Pts',(337.749999998927,-7.56626252761715,-96.6931084433563));
#7713=CARTESIAN_POINT('Ctrl Pts',(337.749999998927,-7.58289026531382,-96.3389013775882));
#7714=CARTESIAN_POINT('Ctrl Pts',(337.749999998927,-7.59932729147672,-95.9888517225688));
#7715=CARTESIAN_POINT('Ctrl Pts',(337.749999998927,-7.6155925678342,-95.6426390744669));
#7716=CARTESIAN_POINT('Ctrl Pts',(337.749999998927,-7.63185784419152,-95.2964264263682));
#7717=CARTESIAN_POINT('Ctrl Pts',(337.749999998927,-7.64795137074342,-94.954050785187));
#7718=CARTESIAN_POINT('Ctrl Pts',(337.749999998927,-7.66389533364206,-94.6151397185115));
#7719=CARTESIAN_POINT('Ctrl Pts',(337.749999998927,-7.67983929654099,-94.2762286518298));
#7720=CARTESIAN_POINT('Ctrl Pts',(337.749999998927,-7.69563369578665,-93.940782159654));
#7721=CARTESIAN_POINT('Ctrl Pts',(337.749999998927,-7.71130394195499,-93.6083757809921));
#7722=CARTESIAN_POINT('Ctrl Pts',(337.749999998927,-7.71885191183209,-93.4482638525552));
#7723=CARTESIAN_POINT('Ctrl Pts',(337.749999998927,-7.72637112470059,-93.2888564915156));
#7724=CARTESIAN_POINT('Ctrl Pts',(337.749999998927,-7.73386468724869,-93.1301019551386));
#7725=CARTESIAN_POINT('',(310.,-7.73386468724869,-93.1301019551387));
#7726=CARTESIAN_POINT('Ctrl Pts',(337.749999998927,-7.73386468724869,-93.1301019551386));
#7727=CARTESIAN_POINT('Ctrl Pts',(328.499999999285,-7.73386468724869,-93.1301019551386));
#7728=CARTESIAN_POINT('Ctrl Pts',(319.249999999642,-7.73386468724869,-93.1301019551386));
#7729=CARTESIAN_POINT('Ctrl Pts',(310.,-7.73386468724869,-93.1301019551386));
#7730=CARTESIAN_POINT('Ctrl Pts',(310.,-7.73386468724869,-93.1301019551387));
#7731=CARTESIAN_POINT('Ctrl Pts',(310.,-7.87378936616116,-90.1657338877654));
#7732=CARTESIAN_POINT('Ctrl Pts',(310.,-8.01639530432504,-87.20149414768));
#7733=CARTESIAN_POINT('Ctrl Pts',(310.,-8.46258911985801,-78.2078173670704));
#7734=CARTESIAN_POINT('Ctrl Pts',(310.,-8.69765281792772,-73.7483658570498));
#7735=CARTESIAN_POINT('Ctrl Pts',(310.,-8.92059430063183,-68.7959205720012));
#7736=CARTESIAN_POINT('',(376.219816796731,-7.41106778952877,-99.9999999999999));
#7737=CARTESIAN_POINT('Ctrl Pts',(324.516121517409,-9.36294601491965,-56.6154483606186));
#7738=CARTESIAN_POINT('Ctrl Pts',(330.237550859823,-9.23836210620988,-61.416297611645));
#7739=CARTESIAN_POINT('Ctrl Pts',(335.530252358578,-9.05918602289514,-65.8574014873438));
#7740=CARTESIAN_POINT('Ctrl Pts',(347.906884064304,-8.57438489276892,-76.2426285868354));
#7741=CARTESIAN_POINT('Ctrl Pts',(353.606745885659,-8.30168571897807,-81.0253805387338));
#7742=CARTESIAN_POINT('Ctrl Pts',(376.219816796731,-7.41106778952878,-99.9999999999999));
#7743=CARTESIAN_POINT('Ctrl Pts',(376.219816796731,-7.41106778952877,-99.9999999999999));
#7744=CARTESIAN_POINT('Ctrl Pts',(363.396544530796,-7.41106778952877,-99.9999999999999));
#7745=CARTESIAN_POINT('Ctrl Pts',(350.573272264862,-7.41106778952877,-99.9999999999999));
#7746=CARTESIAN_POINT('Ctrl Pts',(337.749999998927,-7.41106778952877,-99.9999999999999));
#7747=CARTESIAN_POINT('Origin',(7.27879715043928E-14,2.58893221047123,-92.375));
#7748=CARTESIAN_POINT('',(310.,2.58893221047123,-93.1301019551386));
#7749=CARTESIAN_POINT('',(305.,2.58893221047123,-93.1301019551386));
#7750=CARTESIAN_POINT('',(138.624999999463,2.58893221047123,-93.1301019551386));
#7751=CARTESIAN_POINT('',(305.,2.58893221047123,-92.3750000000001));
#7752=CARTESIAN_POINT('',(305.,2.58893221047116,-211.189641231569));
#7753=CARTESIAN_POINT('',(310.,2.58893221047123,-92.3750000000001));
#7754=CARTESIAN_POINT('',(7.27879715043928E-14,2.58893221047123,-92.375));
#7755=CARTESIAN_POINT('',(310.,2.58893221047126,-46.1875));
#7756=CARTESIAN_POINT('Ctrl Pts',(0.,0.692436863172455,-330.));
#7757=CARTESIAN_POINT('Ctrl Pts',(1225.,0.692436863172455,-330.));
#7758=CARTESIAN_POINT('Ctrl Pts',(0.,5.36729010756762,-315.060779002508));
#7759=CARTESIAN_POINT('Ctrl Pts',(1225.,5.36729010756762,-315.060779002508));
#7760=CARTESIAN_POINT('Ctrl Pts',(0.,7.73616191059256,-309.282020228319));
#7761=CARTESIAN_POINT('Ctrl Pts',(1225.,7.73616191059256,-309.282020228319));
#7762=CARTESIAN_POINT('Ctrl Pts',(0.,15.7980112916491,-269.263660760413));
#7763=CARTESIAN_POINT('Ctrl Pts',(1225.,15.7980112916491,-269.263660760413));
#7764=CARTESIAN_POINT('Ctrl Pts',(0.,22.1706115435568,-230.911398635869));
#7765=CARTESIAN_POINT('Ctrl Pts',(1225.,22.1706115435568,-230.911398635869));
#7766=CARTESIAN_POINT('Ctrl Pts',(0.,27.2402918752549,-198.214185048207));
#7767=CARTESIAN_POINT('Ctrl Pts',(1225.,27.2402918752549,-198.214185048207));
#7768=CARTESIAN_POINT('Ctrl Pts',(0.,30.4361456778927,-164.898177192353));
#7769=CARTESIAN_POINT('Ctrl Pts',(1225.,30.4361456778927,-164.898177192353));
#7770=CARTESIAN_POINT('Ctrl Pts',(0.,32.7767416046338,-136.57512421457));
#7771=CARTESIAN_POINT('Ctrl Pts',(1225.,32.7767416046338,-136.57512421457));
#7772=CARTESIAN_POINT('Ctrl Pts',(0.,32.572174307517,-100.31120637567));
#7773=CARTESIAN_POINT('Ctrl Pts',(1225.,32.572174307517,-100.31120637567));
#7774=CARTESIAN_POINT('Ctrl Pts',(0.,31.4787146600278,-85.1197339869532));
#7775=CARTESIAN_POINT('Ctrl Pts',(1225.,31.4787146600278,-85.1197339869532));
#7776=CARTESIAN_POINT('Ctrl Pts',(0.,29.2161090680932,-65.9844229593376));
#7777=CARTESIAN_POINT('Ctrl Pts',(1225.,29.2161090680932,-65.9844229593376));
#7778=CARTESIAN_POINT('Ctrl Pts',(0.,26.7661902336552,-51.5393720618797));
#7779=CARTESIAN_POINT('Ctrl Pts',(1225.,26.7661902336552,-51.5393720618797));
#7780=CARTESIAN_POINT('Ctrl Pts',(0.,22.2069184142093,-33.7095873785944));
#7781=CARTESIAN_POINT('Ctrl Pts',(1225.,22.2069184142093,-33.7095873785944));
#7782=CARTESIAN_POINT('Ctrl Pts',(0.,19.3158500368011,-25.6495689043505));
#7783=CARTESIAN_POINT('Ctrl Pts',(1225.,19.3158500368011,-25.6495689043505));
#7784=CARTESIAN_POINT('Ctrl Pts',(0.,16.4902069465223,-17.4700986677718));
#7785=CARTESIAN_POINT('Ctrl Pts',(1225.,16.4902069465223,-17.4700986677718));
#7786=CARTESIAN_POINT('Ctrl Pts',(0.,10.7156213917761,-7.517737344979));
#7787=CARTESIAN_POINT('Ctrl Pts',(1225.,10.7156213917761,-7.517737344979));
#7788=CARTESIAN_POINT('Ctrl Pts',(0.,9.59210666071061,-5.06402799233127));
#7789=CARTESIAN_POINT('Ctrl Pts',(1225.,9.59210666071061,-5.06402799233127));
#7790=CARTESIAN_POINT('Ctrl Pts',(0.,-0.302237819680045,3.33162846574542));
#7791=CARTESIAN_POINT('Ctrl Pts',(1225.,-0.302237819680045,3.33162846574542));
#7792=CARTESIAN_POINT('Ctrl Pts',(0.,-5.37497260826862,-4.87193710665857));
#7793=CARTESIAN_POINT('Ctrl Pts',(1225.,-5.37497260826862,-4.87193710665857));
#7794=CARTESIAN_POINT('Ctrl Pts',(0.,-6.46637703842694,-7.76012590636975));
#7795=CARTESIAN_POINT('Ctrl Pts',(1225.,-6.46637703842694,-7.76012590636975));
#7796=CARTESIAN_POINT('Ctrl Pts',(0.,-8.72369290817783,-17.7139508712063));
#7797=CARTESIAN_POINT('Ctrl Pts',(1225.,-8.72369290817783,-17.7139508712063));
#7798=CARTESIAN_POINT('Ctrl Pts',(0.,-9.05735289519721,-25.7605611516216));
#7799=CARTESIAN_POINT('Ctrl Pts',(1225.,-9.05735289519721,-25.7605611516216));
#7800=CARTESIAN_POINT('Ctrl Pts',(0.,-9.65183932786034,-33.8874038470446));
#7801=CARTESIAN_POINT('Ctrl Pts',(1225.,-9.65183932786034,-33.8874038470446));
#7802=CARTESIAN_POINT('Ctrl Pts',(0.,-9.54958439734114,-51.7302428410842));
#7803=CARTESIAN_POINT('Ctrl Pts',(1225.,-9.54958439734114,-51.7302428410842));
#7804=CARTESIAN_POINT('Ctrl Pts',(0.,-9.12188646984469,-66.089055457432));
#7805=CARTESIAN_POINT('Ctrl Pts',(1225.,-9.12188646984469,-66.089055457432));
#7806=CARTESIAN_POINT('Ctrl Pts',(0.,-8.0807090947879,-85.1902133730808));
#7807=CARTESIAN_POINT('Ctrl Pts',(1225.,-8.0807090947879,-85.1902133730808));
#7808=CARTESIAN_POINT('Ctrl Pts',(0.,-7.41482789593825,-100.342950195034));
#7809=CARTESIAN_POINT('Ctrl Pts',(1225.,-7.41482789593825,-100.342950195034));
#7810=CARTESIAN_POINT('Ctrl Pts',(0.,-5.65487802201598,-136.527375623599));
#7811=CARTESIAN_POINT('Ctrl Pts',(1225.,-5.65487802201598,-136.527375623599));
#7812=CARTESIAN_POINT('Ctrl Pts',(0.,-4.681813072762,-164.837141179113));
#7813=CARTESIAN_POINT('Ctrl Pts',(1225.,-4.681813072762,-164.837141179113));
#7814=CARTESIAN_POINT('Ctrl Pts',(0.,-3.23576762517493,-198.076224064099));
#7815=CARTESIAN_POINT('Ctrl Pts',(1225.,-3.23576762517493,-198.076224064099));
#7816=CARTESIAN_POINT('Ctrl Pts',(0.,-2.10280368750388,-230.910800461435));
#7817=CARTESIAN_POINT('Ctrl Pts',(1225.,-2.10280368750388,-230.910800461435));
#7818=CARTESIAN_POINT('Ctrl Pts',(0.,-1.0506280543582,-268.755665480008));
#7819=CARTESIAN_POINT('Ctrl Pts',(1225.,-1.0506280543582,-268.755665480008));
#7820=CARTESIAN_POINT('Ctrl Pts',(0.,-0.545054891565593,-309.707874258144));
#7821=CARTESIAN_POINT('Ctrl Pts',(1225.,-0.545054891565593,-309.707874258144));
#7822=CARTESIAN_POINT('Ctrl Pts',(0.,-0.494719603944063,-314.653924811271));
#7823=CARTESIAN_POINT('Ctrl Pts',(1225.,-0.494719603944063,-314.653924811271));
#7824=CARTESIAN_POINT('Ctrl Pts',(0.,-0.428999999999996,-330.));
#7825=CARTESIAN_POINT('Ctrl Pts',(1225.,-0.428999999999996,-330.));
#7826=CARTESIAN_POINT('',(305.,-7.73386468724869,-93.1301019551386));
#7827=CARTESIAN_POINT('',(280.999651913807,-7.73386468724869,-93.1301019551387));
#7828=CARTESIAN_POINT('Ctrl Pts',(305.,-7.73386468724869,-93.1301019551386));
#7829=CARTESIAN_POINT('Ctrl Pts',(296.999883971269,-7.73386468724869,-93.1301019551386));
#7830=CARTESIAN_POINT('Ctrl Pts',(288.999767942538,-7.73386468724869,-93.1301019551387));
#7831=CARTESIAN_POINT('Ctrl Pts',(280.999651913807,-7.73386468724869,-93.1301019551387));
#7832=CARTESIAN_POINT('',(305.,-8.72388101162319,-72.9914187278876));
#7833=CARTESIAN_POINT('Ctrl Pts',(280.999651913807,-7.73386468724869,-93.1301019551387));
#7834=CARTESIAN_POINT('Ctrl Pts',(286.771399263477,-7.96246827133406,-88.2870308827822));
#7835=CARTESIAN_POINT('Ctrl Pts',(292.542881119594,-8.20242666519756,-83.4441825859679));
#7836=CARTESIAN_POINT('Ctrl Pts',(300.059351769955,-8.51926382808039,-77.1371148354955));
#7837=CARTESIAN_POINT('Ctrl Pts',(302.463533066635,-8.62077089939409,-75.1197671961672));
#7838=CARTESIAN_POINT('Ctrl Pts',(305.,-8.72388101162319,-72.9914187278876));
#7839=CARTESIAN_POINT('Ctrl Pts',(305.,-8.72388101162251,-72.9914187279016));
#7840=CARTESIAN_POINT('Ctrl Pts',(305.,-8.70604701164647,-73.3595394263639));
#7841=CARTESIAN_POINT('Ctrl Pts',(305.,-8.68808850857054,-73.727728092222));
#7842=CARTESIAN_POINT('Ctrl Pts',(305.,-8.6700445603988,-74.0956705071497));
#7843=CARTESIAN_POINT('Ctrl Pts',(305.,-8.6523055695019,-74.4573943985543));
#7844=CARTESIAN_POINT('Ctrl Pts',(305.,-8.63448455469039,-74.8188725644229));
#7845=CARTESIAN_POINT('Ctrl Pts',(305.,-8.61661927997784,-75.1797916694063));
#7846=CARTESIAN_POINT('Ctrl Pts',(305.,-8.59938633153418,-75.5279363483201));
#7847=CARTESIAN_POINT('Ctrl Pts',(305.,-8.58211218936749,-75.8755609687742));
#7848=CARTESIAN_POINT('Ctrl Pts',(305.,-8.56482660287955,-76.222436623889));
#7849=CARTESIAN_POINT('Ctrl Pts',(305.,-8.54669444207208,-76.5863007694954));
#7850=CARTESIAN_POINT('Ctrl Pts',(305.,-8.52854972634886,-76.9493403128458));
#7851=CARTESIAN_POINT('Ctrl Pts',(305.,-8.51042193032965,-77.3113524903041));
#7852=CARTESIAN_POINT('Ctrl Pts',(305.,-8.49314050484224,-77.6564626439959));
#7853=CARTESIAN_POINT('Ctrl Pts',(305.,-8.47587442161716,-78.0006395604178));
#7854=CARTESIAN_POINT('Ctrl Pts',(305.,-8.45864500313664,-78.3437608095711));
#7855=CARTESIAN_POINT('Ctrl Pts',(305.,-8.44141558465629,-78.6868820587212));
#7856=CARTESIAN_POINT('Ctrl Pts',(305.,-8.42422283092051,-79.0289476406026));
#7857=CARTESIAN_POINT('Ctrl Pts',(305.,-8.4070839516642,-79.3698870911224));
#7858=CARTESIAN_POINT('Ctrl Pts',(305.,-8.38994507240772,-79.7108265416454));
#7859=CARTESIAN_POINT('Ctrl Pts',(305.,-8.37286006763071,-80.0506398608069));
#7860=CARTESIAN_POINT('Ctrl Pts',(305.,-8.35584203432072,-80.3893085504201));
#7861=CARTESIAN_POINT('Ctrl Pts',(305.,-8.33882400101063,-80.727977240035));
#7862=CARTESIAN_POINT('Ctrl Pts',(305.,-8.32187293916756,-81.0655013001015));
#7863=CARTESIAN_POINT('Ctrl Pts',(305.,-8.30499783303168,-81.401914198339));
#7864=CARTESIAN_POINT('Ctrl Pts',(305.,-8.28812272689613,-81.7383270965701));
#7865=CARTESIAN_POINT('Ctrl Pts',(305.,-8.27132357646777,-82.0736288329723));
#7866=CARTESIAN_POINT('Ctrl Pts',(305.,-8.25460525323945,-82.4079048411708));
#7867=CARTESIAN_POINT('Ctrl Pts',(305.,-8.23788693001054,-82.742180849381));
#7868=CARTESIAN_POINT('Ctrl Pts',(305.,-8.22124943398168,-83.0754311293875));
#7869=CARTESIAN_POINT('Ctrl Pts',(305.,-8.20469352389834,-83.4077930807218));
#7870=CARTESIAN_POINT('Ctrl Pts',(305.,-8.18813761381561,-83.740155032044));
#7871=CARTESIAN_POINT('Ctrl Pts',(305.,-8.17166328967839,-84.0716286546942));
#7872=CARTESIAN_POINT('Ctrl Pts',(305.,-8.15526719748483,-84.4024033141097));
#7873=CARTESIAN_POINT('Ctrl Pts',(305.,-8.13887110529078,-84.733177973535));
#7874=CARTESIAN_POINT('Ctrl Pts',(305.,-8.12255324504039,-85.0632536697258));
#7875=CARTESIAN_POINT('Ctrl Pts',(305.,-8.10630614998444,-85.3928717340255));
#7876=CARTESIAN_POINT('Ctrl Pts',(305.,-8.09005905492871,-85.7224897983208));
#7877=CARTESIAN_POINT('Ctrl Pts',(305.,-8.07388272506741,-86.0516502307252));
#7878=CARTESIAN_POINT('Ctrl Pts',(305.,-8.05776558090398,-86.3806463284884));
#7879=CARTESIAN_POINT('Ctrl Pts',(305.,-8.04164843674059,-86.7096424262506));
#7880=CARTESIAN_POINT('Ctrl Pts',(305.,-8.02559047827507,-87.0384741893717));
#7881=CARTESIAN_POINT('Ctrl Pts',(305.,-8.00957601326348,-87.3674868810074));
#7882=CARTESIAN_POINT('Ctrl Pts',(305.,-7.99356154825193,-87.6964995726424));
#7883=CARTESIAN_POINT('Ctrl Pts',(305.,-7.97759057669432,-88.025693192792));
#7884=CARTESIAN_POINT('Ctrl Pts',(305.,-7.96164329359937,-88.3554649705183));
#7885=CARTESIAN_POINT('Ctrl Pts',(305.,-7.94569601050429,-88.6852367482471));
#7886=CARTESIAN_POINT('Ctrl Pts',(305.,-7.92977241587187,-89.0155866835525));
#7887=CARTESIAN_POINT('Ctrl Pts',(305.,-7.91384859196348,-89.3469639714026));
#7888=CARTESIAN_POINT('Ctrl Pts',(305.,-7.89792476805514,-89.6783412592517));
#7889=CARTESIAN_POINT('Ctrl Pts',(305.,-7.88200071487083,-90.0107458996454));
#7890=CARTESIAN_POINT('Ctrl Pts',(305.,-7.86604840192456,-90.3446790534579));
#7891=CARTESIAN_POINT('Ctrl Pts',(305.,-7.85009608897805,-90.6786122072753));
#7892=CARTESIAN_POINT('Ctrl Pts',(305.,-7.83411551626959,-91.0140738745116));
#7893=CARTESIAN_POINT('Ctrl Pts',(305.,-7.81807454056583,-91.3516171819469));
#7894=CARTESIAN_POINT('Ctrl Pts',(305.,-7.79760092583189,-91.7824345935606));
#7895=CARTESIAN_POINT('Ctrl Pts',(305.,-7.77702888147422,-92.2166441034867));
#7896=CARTESIAN_POINT('Ctrl Pts',(305.,-7.75628317411412,-92.6554996412228));
#7897=CARTESIAN_POINT('Ctrl Pts',(305.,-7.74883383160632,-92.8130833357817));
#7898=CARTESIAN_POINT('Ctrl Pts',(305.,-7.74136209777002,-92.9712658976957));
#7899=CARTESIAN_POINT('Ctrl Pts',(305.,-7.7338646872486,-93.1301019551404));
#7900=CARTESIAN_POINT('Origin',(324.516121517409,0.,-56.6154483606187));
#7901=CARTESIAN_POINT('',(280.999651913807,2.58893221047123,-93.1301019551386));
#7902=CARTESIAN_POINT('',(280.999651913807,-10.,-93.1301019551386));
#7903=CARTESIAN_POINT('',(220.495111932122,2.5889322104712,-143.899439138322));
#7904=CARTESIAN_POINT('',(272.812426238088,22.8389322104712,-99.9999999999999));
#7905=CARTESIAN_POINT('',(215.509522682497,22.8389322104712,-148.082845238883));
#7906=CARTESIAN_POINT('',(272.812426238088,0.,-99.9999999999999));
#7907=CARTESIAN_POINT('',(305.,0.,-72.9914187278876));
#7908=CARTESIAN_POINT('Origin',(324.516121517409,0.,-56.6154483606187));
#7909=CARTESIAN_POINT('',(277.249999998927,2.58893221047123,-96.2764334939577));
#7910=CARTESIAN_POINT('',(277.249999998927,-7.5858250530044,-96.2764334939577));
#7911=CARTESIAN_POINT('',(277.249999998927,-10.,-96.2764334939577));
#7912=CARTESIAN_POINT('',(272.812426238088,-7.41106778952878,-99.9999999999999));
#7913=CARTESIAN_POINT('Ctrl Pts',(272.812426238088,-7.41106778952877,-99.9999999999999));
#7914=CARTESIAN_POINT('Ctrl Pts',(274.291617159698,-7.46932586341205,-98.7588114432357));
#7915=CARTESIAN_POINT('Ctrl Pts',(275.770809291408,-7.52754468349865,-97.517621871078));
#7916=CARTESIAN_POINT('Ctrl Pts',(277.249999998927,-7.5858250530044,-96.2764334939577));
#7917=CARTESIAN_POINT('',(272.812426238088,2.58893221047123,-99.9999999999999));
#7918=CARTESIAN_POINT('',(272.812426238088,0.,-99.9999999999999));
#7919=CARTESIAN_POINT('',(220.495111932122,2.5889322104712,-143.899439138322));
#7920=CARTESIAN_POINT('Ctrl Pts',(0.,0.692436863172455,-330.));
#7921=CARTESIAN_POINT('Ctrl Pts',(1225.,0.692436863172455,-330.));
#7922=CARTESIAN_POINT('Ctrl Pts',(0.,5.36729010756762,-315.060779002508));
#7923=CARTESIAN_POINT('Ctrl Pts',(1225.,5.36729010756762,-315.060779002508));
#7924=CARTESIAN_POINT('Ctrl Pts',(0.,7.73616191059256,-309.282020228319));
#7925=CARTESIAN_POINT('Ctrl Pts',(1225.,7.73616191059256,-309.282020228319));
#7926=CARTESIAN_POINT('Ctrl Pts',(0.,15.7980112916491,-269.263660760413));
#7927=CARTESIAN_POINT('Ctrl Pts',(1225.,15.7980112916491,-269.263660760413));
#7928=CARTESIAN_POINT('Ctrl Pts',(0.,22.1706115435568,-230.911398635869));
#7929=CARTESIAN_POINT('Ctrl Pts',(1225.,22.1706115435568,-230.911398635869));
#7930=CARTESIAN_POINT('Ctrl Pts',(0.,27.2402918752549,-198.214185048207));
#7931=CARTESIAN_POINT('Ctrl Pts',(1225.,27.2402918752549,-198.214185048207));
#7932=CARTESIAN_POINT('Ctrl Pts',(0.,30.4361456778927,-164.898177192353));
#7933=CARTESIAN_POINT('Ctrl Pts',(1225.,30.4361456778927,-164.898177192353));
#7934=CARTESIAN_POINT('Ctrl Pts',(0.,32.7767416046338,-136.57512421457));
#7935=CARTESIAN_POINT('Ctrl Pts',(1225.,32.7767416046338,-136.57512421457));
#7936=CARTESIAN_POINT('Ctrl Pts',(0.,32.572174307517,-100.31120637567));
#7937=CARTESIAN_POINT('Ctrl Pts',(1225.,32.572174307517,-100.31120637567));
#7938=CARTESIAN_POINT('Ctrl Pts',(0.,31.4787146600278,-85.1197339869532));
#7939=CARTESIAN_POINT('Ctrl Pts',(1225.,31.4787146600278,-85.1197339869532));
#7940=CARTESIAN_POINT('Ctrl Pts',(0.,29.2161090680932,-65.9844229593376));
#7941=CARTESIAN_POINT('Ctrl Pts',(1225.,29.2161090680932,-65.9844229593376));
#7942=CARTESIAN_POINT('Ctrl Pts',(0.,26.7661902336552,-51.5393720618797));
#7943=CARTESIAN_POINT('Ctrl Pts',(1225.,26.7661902336552,-51.5393720618797));
#7944=CARTESIAN_POINT('Ctrl Pts',(0.,22.2069184142093,-33.7095873785944));
#7945=CARTESIAN_POINT('Ctrl Pts',(1225.,22.2069184142093,-33.7095873785944));
#7946=CARTESIAN_POINT('Ctrl Pts',(0.,19.3158500368011,-25.6495689043505));
#7947=CARTESIAN_POINT('Ctrl Pts',(1225.,19.3158500368011,-25.6495689043505));
#7948=CARTESIAN_POINT('Ctrl Pts',(0.,16.4902069465223,-17.4700986677718));
#7949=CARTESIAN_POINT('Ctrl Pts',(1225.,16.4902069465223,-17.4700986677718));
#7950=CARTESIAN_POINT('Ctrl Pts',(0.,10.7156213917761,-7.517737344979));
#7951=CARTESIAN_POINT('Ctrl Pts',(1225.,10.7156213917761,-7.517737344979));
#7952=CARTESIAN_POINT('Ctrl Pts',(0.,9.59210666071061,-5.06402799233127));
#7953=CARTESIAN_POINT('Ctrl Pts',(1225.,9.59210666071061,-5.06402799233127));
#7954=CARTESIAN_POINT('Ctrl Pts',(0.,-0.302237819680045,3.33162846574542));
#7955=CARTESIAN_POINT('Ctrl Pts',(1225.,-0.302237819680045,3.33162846574542));
#7956=CARTESIAN_POINT('Ctrl Pts',(0.,-5.37497260826862,-4.87193710665857));
#7957=CARTESIAN_POINT('Ctrl Pts',(1225.,-5.37497260826862,-4.87193710665857));
#7958=CARTESIAN_POINT('Ctrl Pts',(0.,-6.46637703842694,-7.76012590636975));
#7959=CARTESIAN_POINT('Ctrl Pts',(1225.,-6.46637703842694,-7.76012590636975));
#7960=CARTESIAN_POINT('Ctrl Pts',(0.,-8.72369290817783,-17.7139508712063));
#7961=CARTESIAN_POINT('Ctrl Pts',(1225.,-8.72369290817783,-17.7139508712063));
#7962=CARTESIAN_POINT('Ctrl Pts',(0.,-9.05735289519721,-25.7605611516216));
#7963=CARTESIAN_POINT('Ctrl Pts',(1225.,-9.05735289519721,-25.7605611516216));
#7964=CARTESIAN_POINT('Ctrl Pts',(0.,-9.65183932786034,-33.8874038470446));
#7965=CARTESIAN_POINT('Ctrl Pts',(1225.,-9.65183932786034,-33.8874038470446));
#7966=CARTESIAN_POINT('Ctrl Pts',(0.,-9.54958439734114,-51.7302428410842));
#7967=CARTESIAN_POINT('Ctrl Pts',(1225.,-9.54958439734114,-51.7302428410842));
#7968=CARTESIAN_POINT('Ctrl Pts',(0.,-9.12188646984469,-66.089055457432));
#7969=CARTESIAN_POINT('Ctrl Pts',(1225.,-9.12188646984469,-66.089055457432));
#7970=CARTESIAN_POINT('Ctrl Pts',(0.,-8.0807090947879,-85.1902133730808));
#7971=CARTESIAN_POINT('Ctrl Pts',(1225.,-8.0807090947879,-85.1902133730808));
#7972=CARTESIAN_POINT('Ctrl Pts',(0.,-7.41482789593825,-100.342950195034));
#7973=CARTESIAN_POINT('Ctrl Pts',(1225.,-7.41482789593825,-100.342950195034));
#7974=CARTESIAN_POINT('Ctrl Pts',(0.,-5.65487802201598,-136.527375623599));
#7975=CARTESIAN_POINT('Ctrl Pts',(1225.,-5.65487802201598,-136.527375623599));
#7976=CARTESIAN_POINT('Ctrl Pts',(0.,-4.681813072762,-164.837141179113));
#7977=CARTESIAN_POINT('Ctrl Pts',(1225.,-4.681813072762,-164.837141179113));
#7978=CARTESIAN_POINT('Ctrl Pts',(0.,-3.23576762517493,-198.076224064099));
#7979=CARTESIAN_POINT('Ctrl Pts',(1225.,-3.23576762517493,-198.076224064099));
#7980=CARTESIAN_POINT('Ctrl Pts',(0.,-2.10280368750388,-230.910800461435));
#7981=CARTESIAN_POINT('Ctrl Pts',(1225.,-2.10280368750388,-230.910800461435));
#7982=CARTESIAN_POINT('Ctrl Pts',(0.,-1.0506280543582,-268.755665480008));
#7983=CARTESIAN_POINT('Ctrl Pts',(1225.,-1.0506280543582,-268.755665480008));
#7984=CARTESIAN_POINT('Ctrl Pts',(0.,-0.545054891565593,-309.707874258144));
#7985=CARTESIAN_POINT('Ctrl Pts',(1225.,-0.545054891565593,-309.707874258144));
#7986=CARTESIAN_POINT('Ctrl Pts',(0.,-0.494719603944063,-314.653924811271));
#7987=CARTESIAN_POINT('Ctrl Pts',(1225.,-0.494719603944063,-314.653924811271));
#7988=CARTESIAN_POINT('Ctrl Pts',(0.,-0.428999999999996,-330.));
#7989=CARTESIAN_POINT('Ctrl Pts',(1225.,-0.428999999999996,-330.));
#7990=CARTESIAN_POINT('',(277.249999998927,-7.41106778952877,-99.9999999999999));
#7991=CARTESIAN_POINT('Ctrl Pts',(277.249999998927,-7.58582505300428,-96.2764334939603));
#7992=CARTESIAN_POINT('Ctrl Pts',(277.249999998927,-7.56934459669227,-96.6274153253655));
#7993=CARTESIAN_POINT('Ctrl Pts',(277.249999998927,-7.55268051337924,-96.9824345642085));
#7994=CARTESIAN_POINT('Ctrl Pts',(277.249999998927,-7.53581579558876,-97.341780080949));
#7995=CARTESIAN_POINT('Ctrl Pts',(277.249999998927,-7.51895107779702,-97.7011255977165));
#7996=CARTESIAN_POINT('Ctrl Pts',(277.249999998927,-7.50188572552781,-98.0647973923821));
#7997=CARTESIAN_POINT('Ctrl Pts',(277.249999998927,-7.48460595572853,-98.4330323068252));
#7998=CARTESIAN_POINT('Ctrl Pts',(277.249999998927,-7.46732618593037,-98.8012672212446));
#7999=CARTESIAN_POINT('Ctrl Pts',(277.249999998927,-7.44983199860216,-99.174065255441));
#8000=CARTESIAN_POINT('Ctrl Pts',(277.249999998927,-7.43211283511512,-99.551611222713));
#8001=CARTESIAN_POINT('Ctrl Pts',(277.249999998927,-7.4251328644992,-99.7003349341707));
#8002=CARTESIAN_POINT('Ctrl Pts',(277.249999998927,-7.41811801851349,-99.8497948360615));
#8003=CARTESIAN_POINT('Ctrl Pts',(277.249999998927,-7.41106778911354,-100.000000008846));
#8004=CARTESIAN_POINT('Ctrl Pts',(277.249999998927,-7.41106778952877,-99.9999999999999));
#8005=CARTESIAN_POINT('Ctrl Pts',(275.770808745314,-7.41106778952877,-99.9999999999999));
#8006=CARTESIAN_POINT('Ctrl Pts',(274.291617491701,-7.41106778952878,-99.9999999999999));
#8007=CARTESIAN_POINT('Ctrl Pts',(272.812426238088,-7.41106778952878,-99.9999999999999));
#8008=CARTESIAN_POINT('Origin',(2.85747902802974E-13,0.,-99.9999999999999));
#8009=CARTESIAN_POINT('',(277.249999998927,2.58893221047123,-99.9999999999999));
#8010=CARTESIAN_POINT('',(277.249999998927,-10.,-99.9999999999999));
#8011=CARTESIAN_POINT('',(1.78383383952023E-13,2.58893221047123,-99.9999999999999));
#8012=CARTESIAN_POINT('Origin',(1380.,0.,-110.));
#8013=CARTESIAN_POINT('',(277.249999998927,2.58893221047122,-110.));
#8014=CARTESIAN_POINT('',(277.249999998927,-6.9413900750903,-110.));
#8015=CARTESIAN_POINT('',(277.249999998927,-10.,-110.));
#8016=CARTESIAN_POINT('Ctrl Pts',(260.894890312146,-6.9413900750903,-110.));
#8017=CARTESIAN_POINT('Ctrl Pts',(266.346593541073,-6.9413900750903,-110.));
#8018=CARTESIAN_POINT('Ctrl Pts',(271.79829677,-6.9413900750903,-110.));
#8019=CARTESIAN_POINT('Ctrl Pts',(277.249999998927,-6.9413900750903,-110.));
#8020=CARTESIAN_POINT('',(690.,2.58893221047122,-110.));
#8021=CARTESIAN_POINT('Origin',(329.9375,2.66551108751665,-142.815050977571));
#8022=CARTESIAN_POINT('',(339.8125,2.66551108751666,-120.));
#8023=CARTESIAN_POINT('',(339.8125,2.66551108751664,-165.630101955142));
#8024=CARTESIAN_POINT('',(317.8125,2.66551108751666,-120.));
#8025=CARTESIAN_POINT('',(339.8125,2.66551108751666,-120.));
#8026=CARTESIAN_POINT('',(317.8125,2.66551108751665,-130.907525488785));
#8027=CARTESIAN_POINT('Origin',(339.8125,2.66551108751666,-120.));
#8028=CARTESIAN_POINT('Ctrl Pts',(339.812499998927,-4.59521597650296,-165.630101955139));
#8029=CARTESIAN_POINT('Ctrl Pts',(339.812499998927,-4.62149730794917,-164.962511254291));
#8030=CARTESIAN_POINT('Ctrl Pts',(339.812499998927,-4.64766593966245,-164.295926582312));
#8031=CARTESIAN_POINT('Ctrl Pts',(339.812499998927,-4.67373826680319,-163.630101955139));
#8032=CARTESIAN_POINT('',(339.8125,2.66551108751666,-120.));
#8033=CARTESIAN_POINT('Ctrl Pts',(0.,0.692436863172455,-330.));
#8034=CARTESIAN_POINT('Ctrl Pts',(1225.,0.692436863172455,-330.));
#8035=CARTESIAN_POINT('Ctrl Pts',(0.,5.36729010756762,-315.060779002508));
#8036=CARTESIAN_POINT('Ctrl Pts',(1225.,5.36729010756762,-315.060779002508));
#8037=CARTESIAN_POINT('Ctrl Pts',(0.,7.73616191059256,-309.282020228319));
#8038=CARTESIAN_POINT('Ctrl Pts',(1225.,7.73616191059256,-309.282020228319));
#8039=CARTESIAN_POINT('Ctrl Pts',(0.,15.7980112916491,-269.263660760413));
#8040=CARTESIAN_POINT('Ctrl Pts',(1225.,15.7980112916491,-269.263660760413));
#8041=CARTESIAN_POINT('Ctrl Pts',(0.,22.1706115435568,-230.911398635869));
#8042=CARTESIAN_POINT('Ctrl Pts',(1225.,22.1706115435568,-230.911398635869));
#8043=CARTESIAN_POINT('Ctrl Pts',(0.,27.2402918752549,-198.214185048207));
#8044=CARTESIAN_POINT('Ctrl Pts',(1225.,27.2402918752549,-198.214185048207));
#8045=CARTESIAN_POINT('Ctrl Pts',(0.,30.4361456778927,-164.898177192353));
#8046=CARTESIAN_POINT('Ctrl Pts',(1225.,30.4361456778927,-164.898177192353));
#8047=CARTESIAN_POINT('Ctrl Pts',(0.,32.7767416046338,-136.57512421457));
#8048=CARTESIAN_POINT('Ctrl Pts',(1225.,32.7767416046338,-136.57512421457));
#8049=CARTESIAN_POINT('Ctrl Pts',(0.,32.572174307517,-100.31120637567));
#8050=CARTESIAN_POINT('Ctrl Pts',(1225.,32.572174307517,-100.31120637567));
#8051=CARTESIAN_POINT('Ctrl Pts',(0.,31.4787146600278,-85.1197339869532));
#8052=CARTESIAN_POINT('Ctrl Pts',(1225.,31.4787146600278,-85.1197339869532));
#8053=CARTESIAN_POINT('Ctrl Pts',(0.,29.2161090680932,-65.9844229593376));
#8054=CARTESIAN_POINT('Ctrl Pts',(1225.,29.2161090680932,-65.9844229593376));
#8055=CARTESIAN_POINT('Ctrl Pts',(0.,26.7661902336552,-51.5393720618797));
#8056=CARTESIAN_POINT('Ctrl Pts',(1225.,26.7661902336552,-51.5393720618797));
#8057=CARTESIAN_POINT('Ctrl Pts',(0.,22.2069184142093,-33.7095873785944));
#8058=CARTESIAN_POINT('Ctrl Pts',(1225.,22.2069184142093,-33.7095873785944));
#8059=CARTESIAN_POINT('Ctrl Pts',(0.,19.3158500368011,-25.6495689043505));
#8060=CARTESIAN_POINT('Ctrl Pts',(1225.,19.3158500368011,-25.6495689043505));
#8061=CARTESIAN_POINT('Ctrl Pts',(0.,16.4902069465223,-17.4700986677718));
#8062=CARTESIAN_POINT('Ctrl Pts',(1225.,16.4902069465223,-17.4700986677718));
#8063=CARTESIAN_POINT('Ctrl Pts',(0.,10.7156213917761,-7.517737344979));
#8064=CARTESIAN_POINT('Ctrl Pts',(1225.,10.7156213917761,-7.517737344979));
#8065=CARTESIAN_POINT('Ctrl Pts',(0.,9.59210666071061,-5.06402799233127));
#8066=CARTESIAN_POINT('Ctrl Pts',(1225.,9.59210666071061,-5.06402799233127));
#8067=CARTESIAN_POINT('Ctrl Pts',(0.,-0.302237819680045,3.33162846574542));
#8068=CARTESIAN_POINT('Ctrl Pts',(1225.,-0.302237819680045,3.33162846574542));
#8069=CARTESIAN_POINT('Ctrl Pts',(0.,-5.37497260826862,-4.87193710665857));
#8070=CARTESIAN_POINT('Ctrl Pts',(1225.,-5.37497260826862,-4.87193710665857));
#8071=CARTESIAN_POINT('Ctrl Pts',(0.,-6.46637703842694,-7.76012590636975));
#8072=CARTESIAN_POINT('Ctrl Pts',(1225.,-6.46637703842694,-7.76012590636975));
#8073=CARTESIAN_POINT('Ctrl Pts',(0.,-8.72369290817783,-17.7139508712063));
#8074=CARTESIAN_POINT('Ctrl Pts',(1225.,-8.72369290817783,-17.7139508712063));
#8075=CARTESIAN_POINT('Ctrl Pts',(0.,-9.05735289519721,-25.7605611516216));
#8076=CARTESIAN_POINT('Ctrl Pts',(1225.,-9.05735289519721,-25.7605611516216));
#8077=CARTESIAN_POINT('Ctrl Pts',(0.,-9.65183932786034,-33.8874038470446));
#8078=CARTESIAN_POINT('Ctrl Pts',(1225.,-9.65183932786034,-33.8874038470446));
#8079=CARTESIAN_POINT('Ctrl Pts',(0.,-9.54958439734114,-51.7302428410842));
#8080=CARTESIAN_POINT('Ctrl Pts',(1225.,-9.54958439734114,-51.7302428410842));
#8081=CARTESIAN_POINT('Ctrl Pts',(0.,-9.12188646984469,-66.089055457432));
#8082=CARTESIAN_POINT('Ctrl Pts',(1225.,-9.12188646984469,-66.089055457432));
#8083=CARTESIAN_POINT('Ctrl Pts',(0.,-8.0807090947879,-85.1902133730808));
#8084=CARTESIAN_POINT('Ctrl Pts',(1225.,-8.0807090947879,-85.1902133730808));
#8085=CARTESIAN_POINT('Ctrl Pts',(0.,-7.41482789593825,-100.342950195034));
#8086=CARTESIAN_POINT('Ctrl Pts',(1225.,-7.41482789593825,-100.342950195034));
#8087=CARTESIAN_POINT('Ctrl Pts',(0.,-5.65487802201598,-136.527375623599));
#8088=CARTESIAN_POINT('Ctrl Pts',(1225.,-5.65487802201598,-136.527375623599));
#8089=CARTESIAN_POINT('Ctrl Pts',(0.,-4.681813072762,-164.837141179113));
#8090=CARTESIAN_POINT('Ctrl Pts',(1225.,-4.681813072762,-164.837141179113));
#8091=CARTESIAN_POINT('Ctrl Pts',(0.,-3.23576762517493,-198.076224064099));
#8092=CARTESIAN_POINT('Ctrl Pts',(1225.,-3.23576762517493,-198.076224064099));
#8093=CARTESIAN_POINT('Ctrl Pts',(0.,-2.10280368750388,-230.910800461435));
#8094=CARTESIAN_POINT('Ctrl Pts',(1225.,-2.10280368750388,-230.910800461435));
#8095=CARTESIAN_POINT('Ctrl Pts',(0.,-1.0506280543582,-268.755665480008));
#8096=CARTESIAN_POINT('Ctrl Pts',(1225.,-1.0506280543582,-268.755665480008));
#8097=CARTESIAN_POINT('Ctrl Pts',(0.,-0.545054891565593,-309.707874258144));
#8098=CARTESIAN_POINT('Ctrl Pts',(1225.,-0.545054891565593,-309.707874258144));
#8099=CARTESIAN_POINT('Ctrl Pts',(0.,-0.494719603944063,-314.653924811271));
#8100=CARTESIAN_POINT('Ctrl Pts',(1225.,-0.494719603944063,-314.653924811271));
#8101=CARTESIAN_POINT('Ctrl Pts',(0.,-0.428999999999996,-330.));
#8102=CARTESIAN_POINT('Ctrl Pts',(1225.,-0.428999999999996,-330.));
#8103=CARTESIAN_POINT('',(337.749999998927,-6.9413900750903,-110.));
#8104=CARTESIAN_POINT('Ctrl Pts',(337.749999998927,-4.67373826680319,-163.630101955139));
#8105=CARTESIAN_POINT('Ctrl Pts',(337.749999998927,-5.65352069247511,-138.608811574615));
#8106=CARTESIAN_POINT('Ctrl Pts',(337.749999998927,-5.75457167283731,-135.302466628827));
#8107=CARTESIAN_POINT('Ctrl Pts',(337.749999998927,-6.9413900750903,-110.));
#8108=CARTESIAN_POINT('',(388.137352722673,-6.9413900750903,-110.));
#8109=CARTESIAN_POINT('Ctrl Pts',(337.749999998927,-6.9413900750903,-110.));
#8110=CARTESIAN_POINT('Ctrl Pts',(354.545784240176,-6.9413900750903,-110.));
#8111=CARTESIAN_POINT('Ctrl Pts',(371.341568481424,-6.9413900750903,-110.));
#8112=CARTESIAN_POINT('Ctrl Pts',(388.137352722673,-6.9413900750903,-110.));
#8113=CARTESIAN_POINT('Ctrl Pts',(388.137352722673,-6.9413900750903,-110.));
#8114=CARTESIAN_POINT('Ctrl Pts',(388.275467590352,-6.9359541260995,-110.115892134529));
#8115=CARTESIAN_POINT('Ctrl Pts',(388.41405089611,-6.93050054205576,-110.232177335284));
#8116=CARTESIAN_POINT('Ctrl Pts',(398.990071012054,-6.51437643844369,-119.106511913896));
#8117=CARTESIAN_POINT('Ctrl Pts',(408.099290271065,-6.1609534085001,-126.750054434439));
#8118=CARTESIAN_POINT('Ctrl Pts',(423.310804622411,-5.62007223540484,-139.514030516302));
#8119=CARTESIAN_POINT('Ctrl Pts',(427.869284930323,-5.46472987912085,-143.339049661594));
#8120=CARTESIAN_POINT('Ctrl Pts',(437.480071205603,-5.14733016455339,-151.403456880505));
#8121=CARTESIAN_POINT('Ctrl Pts',(441.781962617653,-5.00880184248758,-155.013172377527));
#8122=CARTESIAN_POINT('Ctrl Pts',(446.793604820404,-4.84563363629416,-159.218439501447));
#8123=CARTESIAN_POINT('Ctrl Pts',(0.,0.692436863172455,-330.));
#8124=CARTESIAN_POINT('Ctrl Pts',(1225.,0.692436863172455,-330.));
#8125=CARTESIAN_POINT('Ctrl Pts',(0.,5.36729010756762,-315.060779002508));
#8126=CARTESIAN_POINT('Ctrl Pts',(1225.,5.36729010756762,-315.060779002508));
#8127=CARTESIAN_POINT('Ctrl Pts',(0.,7.73616191059256,-309.282020228319));
#8128=CARTESIAN_POINT('Ctrl Pts',(1225.,7.73616191059256,-309.282020228319));
#8129=CARTESIAN_POINT('Ctrl Pts',(0.,15.7980112916491,-269.263660760413));
#8130=CARTESIAN_POINT('Ctrl Pts',(1225.,15.7980112916491,-269.263660760413));
#8131=CARTESIAN_POINT('Ctrl Pts',(0.,22.1706115435568,-230.911398635869));
#8132=CARTESIAN_POINT('Ctrl Pts',(1225.,22.1706115435568,-230.911398635869));
#8133=CARTESIAN_POINT('Ctrl Pts',(0.,27.2402918752549,-198.214185048207));
#8134=CARTESIAN_POINT('Ctrl Pts',(1225.,27.2402918752549,-198.214185048207));
#8135=CARTESIAN_POINT('Ctrl Pts',(0.,30.4361456778927,-164.898177192353));
#8136=CARTESIAN_POINT('Ctrl Pts',(1225.,30.4361456778927,-164.898177192353));
#8137=CARTESIAN_POINT('Ctrl Pts',(0.,32.7767416046338,-136.57512421457));
#8138=CARTESIAN_POINT('Ctrl Pts',(1225.,32.7767416046338,-136.57512421457));
#8139=CARTESIAN_POINT('Ctrl Pts',(0.,32.572174307517,-100.31120637567));
#8140=CARTESIAN_POINT('Ctrl Pts',(1225.,32.572174307517,-100.31120637567));
#8141=CARTESIAN_POINT('Ctrl Pts',(0.,31.4787146600278,-85.1197339869532));
#8142=CARTESIAN_POINT('Ctrl Pts',(1225.,31.4787146600278,-85.1197339869532));
#8143=CARTESIAN_POINT('Ctrl Pts',(0.,29.2161090680932,-65.9844229593376));
#8144=CARTESIAN_POINT('Ctrl Pts',(1225.,29.2161090680932,-65.9844229593376));
#8145=CARTESIAN_POINT('Ctrl Pts',(0.,26.7661902336552,-51.5393720618797));
#8146=CARTESIAN_POINT('Ctrl Pts',(1225.,26.7661902336552,-51.5393720618797));
#8147=CARTESIAN_POINT('Ctrl Pts',(0.,22.2069184142093,-33.7095873785944));
#8148=CARTESIAN_POINT('Ctrl Pts',(1225.,22.2069184142093,-33.7095873785944));
#8149=CARTESIAN_POINT('Ctrl Pts',(0.,19.3158500368011,-25.6495689043505));
#8150=CARTESIAN_POINT('Ctrl Pts',(1225.,19.3158500368011,-25.6495689043505));
#8151=CARTESIAN_POINT('Ctrl Pts',(0.,16.4902069465223,-17.4700986677718));
#8152=CARTESIAN_POINT('Ctrl Pts',(1225.,16.4902069465223,-17.4700986677718));
#8153=CARTESIAN_POINT('Ctrl Pts',(0.,10.7156213917761,-7.517737344979));
#8154=CARTESIAN_POINT('Ctrl Pts',(1225.,10.7156213917761,-7.517737344979));
#8155=CARTESIAN_POINT('Ctrl Pts',(0.,9.59210666071061,-5.06402799233127));
#8156=CARTESIAN_POINT('Ctrl Pts',(1225.,9.59210666071061,-5.06402799233127));
#8157=CARTESIAN_POINT('Ctrl Pts',(0.,-0.302237819680045,3.33162846574542));
#8158=CARTESIAN_POINT('Ctrl Pts',(1225.,-0.302237819680045,3.33162846574542));
#8159=CARTESIAN_POINT('Ctrl Pts',(0.,-5.37497260826862,-4.87193710665857));
#8160=CARTESIAN_POINT('Ctrl Pts',(1225.,-5.37497260826862,-4.87193710665857));
#8161=CARTESIAN_POINT('Ctrl Pts',(0.,-6.46637703842694,-7.76012590636975));
#8162=CARTESIAN_POINT('Ctrl Pts',(1225.,-6.46637703842694,-7.76012590636975));
#8163=CARTESIAN_POINT('Ctrl Pts',(0.,-8.72369290817783,-17.7139508712063));
#8164=CARTESIAN_POINT('Ctrl Pts',(1225.,-8.72369290817783,-17.7139508712063));
#8165=CARTESIAN_POINT('Ctrl Pts',(0.,-9.05735289519721,-25.7605611516216));
#8166=CARTESIAN_POINT('Ctrl Pts',(1225.,-9.05735289519721,-25.7605611516216));
#8167=CARTESIAN_POINT('Ctrl Pts',(0.,-9.65183932786034,-33.8874038470446));
#8168=CARTESIAN_POINT('Ctrl Pts',(1225.,-9.65183932786034,-33.8874038470446));
#8169=CARTESIAN_POINT('Ctrl Pts',(0.,-9.54958439734114,-51.7302428410842));
#8170=CARTESIAN_POINT('Ctrl Pts',(1225.,-9.54958439734114,-51.7302428410842));
#8171=CARTESIAN_POINT('Ctrl Pts',(0.,-9.12188646984469,-66.089055457432));
#8172=CARTESIAN_POINT('Ctrl Pts',(1225.,-9.12188646984469,-66.089055457432));
#8173=CARTESIAN_POINT('Ctrl Pts',(0.,-8.0807090947879,-85.1902133730808));
#8174=CARTESIAN_POINT('Ctrl Pts',(1225.,-8.0807090947879,-85.1902133730808));
#8175=CARTESIAN_POINT('Ctrl Pts',(0.,-7.41482789593825,-100.342950195034));
#8176=CARTESIAN_POINT('Ctrl Pts',(1225.,-7.41482789593825,-100.342950195034));
#8177=CARTESIAN_POINT('Ctrl Pts',(0.,-5.65487802201598,-136.527375623599));
#8178=CARTESIAN_POINT('Ctrl Pts',(1225.,-5.65487802201598,-136.527375623599));
#8179=CARTESIAN_POINT('Ctrl Pts',(0.,-4.681813072762,-164.837141179113));
#8180=CARTESIAN_POINT('Ctrl Pts',(1225.,-4.681813072762,-164.837141179113));
#8181=CARTESIAN_POINT('Ctrl Pts',(0.,-3.23576762517493,-198.076224064099));
#8182=CARTESIAN_POINT('Ctrl Pts',(1225.,-3.23576762517493,-198.076224064099));
#8183=CARTESIAN_POINT('Ctrl Pts',(0.,-2.10280368750388,-230.910800461435));
#8184=CARTESIAN_POINT('Ctrl Pts',(1225.,-2.10280368750388,-230.910800461435));
#8185=CARTESIAN_POINT('Ctrl Pts',(0.,-1.0506280543582,-268.755665480008));
#8186=CARTESIAN_POINT('Ctrl Pts',(1225.,-1.0506280543582,-268.755665480008));
#8187=CARTESIAN_POINT('Ctrl Pts',(0.,-0.545054891565593,-309.707874258144));
#8188=CARTESIAN_POINT('Ctrl Pts',(1225.,-0.545054891565593,-309.707874258144));
#8189=CARTESIAN_POINT('Ctrl Pts',(0.,-0.494719603944063,-314.653924811271));
#8190=CARTESIAN_POINT('Ctrl Pts',(1225.,-0.494719603944063,-314.653924811271));
#8191=CARTESIAN_POINT('Ctrl Pts',(0.,-0.428999999999996,-330.));
#8192=CARTESIAN_POINT('Ctrl Pts',(1225.,-0.428999999999996,-330.));
#8193=CARTESIAN_POINT('Ctrl Pts',(277.249999998927,-6.9413900750903,-110.));
#8194=CARTESIAN_POINT('Ctrl Pts',(277.249999998927,-5.75457167283735,-135.302466628826));
#8195=CARTESIAN_POINT('Ctrl Pts',(277.249999998927,-5.65352069247508,-138.608811574616));
#8196=CARTESIAN_POINT('Ctrl Pts',(277.249999998927,-4.67373826680319,-163.630101955139));
#8197=CARTESIAN_POINT('Ctrl Pts',(275.312499998927,-4.67373826680319,-163.630101955139));
#8198=CARTESIAN_POINT('Ctrl Pts',(275.312499998927,-4.64766593966245,-164.295926582312));
#8199=CARTESIAN_POINT('Ctrl Pts',(275.312499998927,-4.62149730794917,-164.962511254291));
#8200=CARTESIAN_POINT('Ctrl Pts',(275.312499998927,-4.59521597650296,-165.630101955139));
#8201=CARTESIAN_POINT('Origin',(275.3125,2.66551108751664,-165.630101955142));
#8202=CARTESIAN_POINT('',(275.3125,2.66551108751666,-120.));
#8203=CARTESIAN_POINT('',(275.3125,2.66551108751666,-120.));
#8204=CARTESIAN_POINT('',(275.3125,2.66551108751666,-120.));
#8205=CARTESIAN_POINT('Origin',(286.375,2.66551108751665,-142.815050977571));
#8206=CARTESIAN_POINT('',(296.75,2.66551108751666,-120.));
#8207=CARTESIAN_POINT('Origin',(7.27879715043928E-14,22.8389322104712,-92.375));
#8208=CARTESIAN_POINT('',(310.,23.4198058441814,-92.3750000000001));
#8209=CARTESIAN_POINT('',(310.,11.4194661052356,-92.3750000000001));
#8210=CARTESIAN_POINT('',(305.,23.4198058441814,-92.3750000000001));
#8211=CARTESIAN_POINT('',(305.,11.4194661052357,-92.3750000000001));
#8212=CARTESIAN_POINT('',(312.6875,23.4198058441814,-92.3750000000001));
#8213=CARTESIAN_POINT('Origin',(310.,0.,0.));
#8214=CARTESIAN_POINT('',(310.,23.4198058441814,-99.9999999999999));
#8215=CARTESIAN_POINT('',(310.,23.4198058441814,-165.001284738698));
#8216=CARTESIAN_POINT('',(310.,0.,-99.9999999999999));
#8217=CARTESIAN_POINT('',(310.,-10.,-93.1301019551386));
#8218=CARTESIAN_POINT('Origin',(310.,0.,0.));
#8219=CARTESIAN_POINT('',(310.,23.4198058441814,-110.));
#8220=CARTESIAN_POINT('',(310.,23.4198058441814,-120.));
#8221=CARTESIAN_POINT('',(310.,23.4198058441814,-165.001284738698));
#8222=CARTESIAN_POINT('',(310.,6.39525554375833,-120.));
#8223=CARTESIAN_POINT('',(310.,0.,-110.));
#8224=CARTESIAN_POINT('Origin',(307.5625,12.7905110875167,-120.));
#8225=CARTESIAN_POINT('',(305.,23.4198058441814,-120.));
#8226=CARTESIAN_POINT('',(312.6875,23.4198058441814,-120.));
#8227=CARTESIAN_POINT('',(305.,6.39525554375833,-120.));
#8228=CARTESIAN_POINT('Origin',(305.,0.,-330.004282463138));
#8229=CARTESIAN_POINT('',(305.,23.4198058441814,-110.));
#8230=CARTESIAN_POINT('',(305.,23.4198058441814,-330.003425970267));
#8231=CARTESIAN_POINT('',(305.,0.,-110.));
#8232=CARTESIAN_POINT('Origin',(1380.,0.,-110.));
#8233=CARTESIAN_POINT('',(293.432327695194,22.8389322104712,-110.));
#8234=CARTESIAN_POINT('',(297.3125,23.4198058441814,-110.));
#8235=CARTESIAN_POINT('Origin',(293.432327695194,36.0889322104712,-110.000000000001));
#8236=CARTESIAN_POINT('',(690.,22.8389322104712,-110.));
#8237=CARTESIAN_POINT('',(848.90625,23.4198058441814,-110.));
#8238=CARTESIAN_POINT('Origin',(293.432327695194,36.0889322104711,-330.002569477395));
#8239=CARTESIAN_POINT('',(297.3125,23.4198058441814,-99.9999999999999));
#8240=CARTESIAN_POINT('',(293.432327695194,22.8389322104712,-99.9999999999999));
#8241=CARTESIAN_POINT('Origin',(293.432327695194,36.0889322104712,-99.9999999999997));
#8242=CARTESIAN_POINT('',(293.432327695194,22.8389322104711,-330.002569477395));
#8243=CARTESIAN_POINT('',(297.3125,23.4198058441814,-330.002569477395));
#8244=CARTESIAN_POINT('Origin',(2.85747902802974E-13,0.,-99.9999999999999));
#8245=CARTESIAN_POINT('',(305.,23.4198058441814,-99.9999999999999));
#8246=CARTESIAN_POINT('',(158.90625,23.4198058441814,-99.9999999999999));
#8247=CARTESIAN_POINT('',(305.,0.,-99.9999999999999));
#8248=CARTESIAN_POINT('',(1.77635813332897E-13,22.8389322104712,-99.9999999999999));
#8249=CARTESIAN_POINT('Origin',(305.,0.,-330.004282463138));
#8250=CARTESIAN_POINT('',(305.,23.4198058441814,-330.003425970267));
#8251=CARTESIAN_POINT('',(305.,-10.,-93.1301019551386));
#8252=CARTESIAN_POINT('Origin',(307.5625,12.7905110875167,-120.));
#8253=CARTESIAN_POINT('',(317.8125,23.4198058441814,-120.));
#8254=CARTESIAN_POINT('',(312.6875,23.4198058441814,-120.));
#8255=CARTESIAN_POINT('',(317.8125,3.08893221047122,-120.));
#8256=CARTESIAN_POINT('Origin',(7.27879715043928E-14,22.8389322104712,-92.375));
#8257=CARTESIAN_POINT('',(7.27879715043928E-14,22.8389322104712,-92.375));
#8258=CARTESIAN_POINT('',(7.27879715043928E-14,2.58893221047123,-92.375));
#8259=CARTESIAN_POINT('Origin',(6.65945476868281E-14,22.8389322104712,-112.625));
#8260=CARTESIAN_POINT('',(6.65945476868281E-14,22.8389322104712,-112.625));
#8261=CARTESIAN_POINT('Origin',(6.65945476868281E-14,2.58893221047122,-112.625));
#8262=CARTESIAN_POINT('',(6.65945476868281E-14,2.58893221047122,-112.625));
#8263=CARTESIAN_POINT('Origin',(7.27879715043928E-14,2.58893221047123,-92.375));
#8264=CARTESIAN_POINT('',(277.249999998927,2.58893221047123,-93.1301019551386));
#8265=CARTESIAN_POINT('',(138.624999999463,2.58893221047123,-93.1301019551386));
#8266=CARTESIAN_POINT('',(277.249999998927,2.58893221047121,-128.002550977569));
#8267=CARTESIAN_POINT('',(277.249999998927,2.58893221047121,-128.002550977569));
#8268=CARTESIAN_POINT('Origin',(449.516121517409,0.,48.2720055365414));
#8269=CARTESIAN_POINT('',(327.238638214415,-9.4176096478289,-54.3309856042871));
#8270=CARTESIAN_POINT('',(327.238638214415,27.0577875914063,-54.3309856042871));
#8271=CARTESIAN_POINT('Ctrl Pts',(327.238638214415,-9.4176096478289,-54.3309856042871));
#8272=CARTESIAN_POINT('Ctrl Pts',(331.10617389663,-9.48879136601154,-51.0857378397756));
#8273=CARTESIAN_POINT('Ctrl Pts',(336.237660134592,-9.5550401198649,-46.7799096301106));
#8274=CARTESIAN_POINT('Ctrl Pts',(341.501253330531,-9.55937802457841,-42.3632305207304));
#8275=CARTESIAN_POINT('Ctrl Pts',(344.486130499305,-9.5618379625443,-39.8586211893027));
#8276=CARTESIAN_POINT('Ctrl Pts',(347.513511029974,-9.54305453868859,-37.3183473025849));
#8277=CARTESIAN_POINT('Ctrl Pts',(350.376930244054,-9.48916158631906,-34.9156532961445));
#8278=CARTESIAN_POINT('Ctrl Pts',(351.404275686778,-9.46982572423518,-34.0536081140631));
#8279=CARTESIAN_POINT('Ctrl Pts',(352.410512427627,-9.44604514791294,-33.2092752359403));
#8280=CARTESIAN_POINT('Ctrl Pts',(353.386119888521,-9.41811480803597,-32.3906433753298));
#8281=CARTESIAN_POINT('Ctrl Pts',(354.043438044258,-9.39929666628029,-31.8390879532855));
#8282=CARTESIAN_POINT('Ctrl Pts',(354.694362357757,-9.37857418818765,-31.2928976019035));
#8283=CARTESIAN_POINT('Ctrl Pts',(355.416765158686,-9.35285705323306,-30.6867296780831));
#8284=CARTESIAN_POINT('Ctrl Pts',(357.423408906357,-9.28142166012781,-29.0029556495079));
#8285=CARTESIAN_POINT('Ctrl Pts',(359.779777957456,-9.17702834133678,-27.025727247813));
#8286=CARTESIAN_POINT('Ctrl Pts',(362.016788696486,-9.06588160903499,-25.1486523617534));
#8287=CARTESIAN_POINT('Ctrl Pts',(363.626989980039,-8.9858781437442,-23.7975330586027));
#8288=CARTESIAN_POINT('Ctrl Pts',(365.175273733951,-8.89853119202045,-22.4983687317378));
#8289=CARTESIAN_POINT('Ctrl Pts',(366.486407179538,-8.80490446371945,-21.3981971411213));
#8290=CARTESIAN_POINT('Ctrl Pts',(367.526976239457,-8.73059846765216,-20.5250560267284));
#8291=CARTESIAN_POINT('Ctrl Pts',(368.488776091656,-8.64858381921779,-19.718010125482));
#8292=CARTESIAN_POINT('Ctrl Pts',(369.423533851801,-8.55467326706136,-18.9336552337045));
#8293=CARTESIAN_POINT('Ctrl Pts',(371.13828236498,-8.38240084895686,-17.4948103887343));
#8294=CARTESIAN_POINT('Ctrl Pts',(372.747809902585,-8.17511793988439,-16.1442564255603));
#8295=CARTESIAN_POINT('Ctrl Pts',(374.489571104478,-7.90658450135433,-14.6827452434526));
#8296=CARTESIAN_POINT('Ctrl Pts',(376.330274851532,-7.62279674332286,-13.138211408193));
#8297=CARTESIAN_POINT('Ctrl Pts',(378.26600548302,-7.27474055164921,-11.5139405492529));
#8298=CARTESIAN_POINT('Ctrl Pts',(379.997340638889,-6.91720414690982,-10.061177858519));
#8299=CARTESIAN_POINT('Ctrl Pts',(382.255074806642,-6.45096157425754,-8.16671395106117));
#8300=CARTESIAN_POINT('Ctrl Pts',(384.12466345951,-5.97945069328675,-6.59794280198682));
#8301=CARTESIAN_POINT('Ctrl Pts',(385.976356687241,-5.20906072162759,-5.04418769754391));
#8302=CARTESIAN_POINT('Ctrl Pts',(386.623133795571,-4.93997154924514,-4.50147726448998));
#8303=CARTESIAN_POINT('Ctrl Pts',(387.268295180887,-4.64155620852476,-3.96012258402221));
#8304=CARTESIAN_POINT('Ctrl Pts',(387.968947833501,-4.26105316245512,-3.37220520163006));
#8305=CARTESIAN_POINT('Ctrl Pts',(388.811388002889,-3.80354964857097,-2.66531396620811));
#8306=CARTESIAN_POINT('Ctrl Pts',(389.68384019982,-3.2460733431519,-1.93323964954316));
#8307=CARTESIAN_POINT('Ctrl Pts',(390.39167192673,-2.61075784506415,-1.33929830855695));
#8308=CARTESIAN_POINT('Ctrl Pts',(390.802988689888,-2.24157982672699,-0.994162564294774));
#8309=CARTESIAN_POINT('Ctrl Pts',(391.175862236505,-1.83810764876007,-0.681284508852491));
#8310=CARTESIAN_POINT('Ctrl Pts',(391.477611794371,-1.34267333770611,-0.428086566139372));
#8311=CARTESIAN_POINT('Ctrl Pts',(391.833689533751,-0.758039077628785,-0.129301866354891));
#8312=CARTESIAN_POINT('Ctrl Pts',(392.052547774205,-0.0392161227000662,
0.0543420024902245));
#8313=CARTESIAN_POINT('Ctrl Pts',(392.037554754448,0.691592506909096,0.0417613651421462));
#8314=CARTESIAN_POINT('Ctrl Pts',(392.023179735967,1.39227774093041,0.0296992924363413));
#8315=CARTESIAN_POINT('Ctrl Pts',(391.818535975506,2.07622748939836,-0.142017211489359));
#8316=CARTESIAN_POINT('Ctrl Pts',(391.53391179283,2.70014868980428,-0.380845258197036));
#8317=CARTESIAN_POINT('Ctrl Pts',(390.973139989637,3.92940972206043,-0.851388671430297));
#8318=CARTESIAN_POINT('Ctrl Pts',(390.023656959357,5.14421625257543,-1.64809953194781));
#8319=CARTESIAN_POINT('Ctrl Pts',(388.90629846454,6.3167354985515,-2.58567463284138));
#8320=CARTESIAN_POINT('Ctrl Pts',(388.081175601091,7.18259228684024,-3.27803492323764));
#8321=CARTESIAN_POINT('Ctrl Pts',(387.15855609148,8.01168452236394,-4.05220461346894));
#8322=CARTESIAN_POINT('Ctrl Pts',(386.312960475888,8.67185571141499,-4.76174358263754));
#8323=CARTESIAN_POINT('Ctrl Pts',(385.135025393815,9.59149009624143,-5.75014847555583));
#8324=CARTESIAN_POINT('Ctrl Pts',(384.059872590207,10.2454156749679,-6.65230879652228));
#8325=CARTESIAN_POINT('Ctrl Pts',(382.349608879445,11.0915710901262,-8.08739044543897));
#8326=CARTESIAN_POINT('Ctrl Pts',(381.532335858497,11.4959180852626,-8.77316393588741));
#8327=CARTESIAN_POINT('Ctrl Pts',(380.571330027591,11.947987393027,-9.57954357415979));
#8328=CARTESIAN_POINT('Ctrl Pts',(379.386168670414,12.4971870341612,-10.5740120318528));
#8329=CARTESIAN_POINT('Ctrl Pts',(378.709840526109,12.8105951383757,-11.1415187282939));
#8330=CARTESIAN_POINT('Ctrl Pts',(378.017251051105,13.1287858749375,-11.7226703013269));
#8331=CARTESIAN_POINT('Ctrl Pts',(377.347073601953,13.4331384301945,-12.2850159517332));
#8332=CARTESIAN_POINT('Ctrl Pts',(374.792688665753,14.5931798243464,-14.4283994095839));
#8333=CARTESIAN_POINT('Ctrl Pts',(372.370593231365,15.6302763226208,-16.4607787952545));
#8334=CARTESIAN_POINT('Ctrl Pts',(369.925546911985,16.5468152871455,-18.5124162600581));
#8335=CARTESIAN_POINT('Ctrl Pts',(369.015817535334,16.8878323117574,-19.2757698444771));
#8336=CARTESIAN_POINT('Ctrl Pts',(368.111105046689,17.2106841402771,-20.0349137600207));
#8337=CARTESIAN_POINT('Ctrl Pts',(367.089134751253,17.5552456774145,-20.8924486579945));
#8338=CARTESIAN_POINT('Ctrl Pts',(363.902604197277,18.6295977116346,-23.5662652705714));
#8339=CARTESIAN_POINT('Ctrl Pts',(359.916586884069,19.7959301901327,-26.9109309279502));
#8340=CARTESIAN_POINT('Ctrl Pts',(356.290358988026,20.7881218293864,-29.9536974180851));
#8341=CARTESIAN_POINT('Ctrl Pts',(354.46515396031,21.2875259540965,-31.4852262836642));
#8342=CARTESIAN_POINT('Ctrl Pts',(352.729779412556,21.7344961361472,-32.9413784266393));
#8343=CARTESIAN_POINT('Ctrl Pts',(351.23360963487,22.1053958901117,-34.1968139352737));
#8344=CARTESIAN_POINT('Ctrl Pts',(350.472133255728,22.2941655109702,-34.8357684841622));
#8345=CARTESIAN_POINT('Ctrl Pts',(349.70120083296,22.4812790771157,-35.4826575957691));
#8346=CARTESIAN_POINT('Ctrl Pts',(348.917293308879,22.6677822745615,-36.140434110103));
#8347=CARTESIAN_POINT('Ctrl Pts',(342.061205373775,24.2989470262519,-41.8933749677681));
#8348=CARTESIAN_POINT('Ctrl Pts',(334.358987867406,25.8682349556681,-48.3563028366087));
#8349=CARTESIAN_POINT('Ctrl Pts',(327.238638214415,27.0577875914063,-54.3309856042871));
#8350=CARTESIAN_POINT('',(327.238638214415,0.,-54.3309856042871));
#8351=CARTESIAN_POINT('Origin',(1380.,0.,-110.));
#8352=CARTESIAN_POINT('',(488.25,22.8389322104712,-110.));
#8353=CARTESIAN_POINT('',(393.582386116684,22.8389322104712,-110.));
#8354=CARTESIAN_POINT('',(690.,22.8389322104712,-110.));
#8355=CARTESIAN_POINT('',(393.582386116684,0.,-110.));
#8356=CARTESIAN_POINT('',(488.25,0.,-110.));
#8357=CARTESIAN_POINT('Origin',(1380.,0.,-110.));
#8358=CARTESIAN_POINT('',(317.8125,23.4198058441814,-110.));
#8359=CARTESIAN_POINT('',(321.692672304806,22.8389322104712,-110.));
#8360=CARTESIAN_POINT('Origin',(321.692672304806,36.0889322104712,-110.000000000001));
#8361=CARTESIAN_POINT('',(848.90625,23.4198058441814,-110.));
#8362=CARTESIAN_POINT('',(388.137352722673,22.8389322104712,-110.));
#8363=CARTESIAN_POINT('',(388.137352722673,0.,-110.));
#8364=CARTESIAN_POINT('',(690.,22.8389322104712,-110.));
#8365=CARTESIAN_POINT('Origin',(321.692672304806,36.0889322104711,-330.002569477395));
#8366=CARTESIAN_POINT('',(321.692672304806,22.8389322104712,-99.9999999999999));
#8367=CARTESIAN_POINT('',(321.692672304806,22.8389322104711,-330.002569477395));
#8368=CARTESIAN_POINT('',(317.8125,23.4198058441814,-99.9999999999999));
#8369=CARTESIAN_POINT('Origin',(321.692672304806,36.0889322104712,-99.9999999999997));
#8370=CARTESIAN_POINT('',(317.8125,23.4198058441814,-330.002569477395));
#8371=CARTESIAN_POINT('Origin',(2.85747902802974E-13,0.,-99.9999999999999));
#8372=CARTESIAN_POINT('',(376.219816796731,22.8389322104712,-99.9999999999999));
#8373=CARTESIAN_POINT('',(1.77635813332897E-13,22.8389322104712,-99.9999999999999));
#8374=CARTESIAN_POINT('',(376.219816796731,0.,-99.9999999999999));
#8375=CARTESIAN_POINT('',(158.90625,23.4198058441814,-99.9999999999999));
#8376=CARTESIAN_POINT('Origin',(2.85747902802974E-13,0.,-99.9999999999999));
#8377=CARTESIAN_POINT('',(381.664850190742,22.8389322104712,-99.9999999999999));
#8378=CARTESIAN_POINT('',(1.77635813332897E-13,22.8389322104712,-99.9999999999999));
#8379=CARTESIAN_POINT('',(381.664850190742,32.2453042268182,-99.9999999999999));
#8380=CARTESIAN_POINT('Ctrl Pts',(381.664850190742,32.2453042268182,-99.9999999999999));
#8381=CARTESIAN_POINT('Ctrl Pts',(417.193233460495,32.2453042268182,-99.9999999999999));
#8382=CARTESIAN_POINT('Ctrl Pts',(452.721616730248,32.2453042268182,-100.));
#8383=CARTESIAN_POINT('Ctrl Pts',(488.25,32.2453042268182,-100.));
#8384=CARTESIAN_POINT('',(381.664850190742,0.,-99.9999999999999));
#8385=CARTESIAN_POINT('Origin',(2.85747902802974E-13,0.,-99.9999999999999));
#8386=CARTESIAN_POINT('',(381.664850190742,2.58893221047123,-99.9999999999999));
#8387=CARTESIAN_POINT('',(1.78383383952023E-13,2.58893221047123,-99.9999999999999));
#8388=CARTESIAN_POINT('',(381.664850190742,-7.41106778952877,-99.9999999999999));
#8389=CARTESIAN_POINT('',(381.664850190742,0.,-99.9999999999999));
#8390=CARTESIAN_POINT('Ctrl Pts',(488.25,-7.41106778952877,-100.));
#8391=CARTESIAN_POINT('Ctrl Pts',(452.721616730248,-7.41106778952877,-100.));
#8392=CARTESIAN_POINT('Ctrl Pts',(417.193233460495,-7.41106778952877,-99.9999999999999));
#8393=CARTESIAN_POINT('Ctrl Pts',(381.664850190742,-7.41106778952877,-99.9999999999999));
#8394=CARTESIAN_POINT('Origin',(327.238638214415,0.,-54.3309856042872));
#8395=CARTESIAN_POINT('',(372.577729047212,22.8389322104712,-92.3750000000002));
#8396=CARTESIAN_POINT('',(245.574979696552,22.8389322104713,14.1929601386391));
#8397=CARTESIAN_POINT('Ctrl Pts',(327.238638214415,27.0577875914063,-54.3309856042872));
#8398=CARTESIAN_POINT('Ctrl Pts',(331.628931363387,27.7912466266419,-58.0148789663497));
#8399=CARTESIAN_POINT('Ctrl Pts',(335.826527135131,28.3827459657549,-61.5370800302517));
#8400=CARTESIAN_POINT('Ctrl Pts',(347.477614244815,29.8253154107272,-71.3135029268014));
#8401=CARTESIAN_POINT('Ctrl Pts',(356.328804491538,30.7127744356149,-78.7405333983066));
#8402=CARTESIAN_POINT('Ctrl Pts',(369.951446562702,31.7762003698464,-90.1712873358805));
#8403=CARTESIAN_POINT('Ctrl Pts',(375.490282103078,32.0590118736821,-94.8189221949619));
#8404=CARTESIAN_POINT('Ctrl Pts',(381.626364059087,32.2441464744602,-99.9677063011224));
#8405=CARTESIAN_POINT('Ctrl Pts',(381.645604130279,32.2447258317012,-99.9838506377631));
#8406=CARTESIAN_POINT('Ctrl Pts',(381.664850190742,32.2453042268182,-100.));
#8407=CARTESIAN_POINT('Ctrl Pts',(381.664850190742,-7.41106778952877,-100.));
#8408=CARTESIAN_POINT('Ctrl Pts',(379.411186903217,-7.4998285305491,-98.1089519666394));
#8409=CARTESIAN_POINT('Ctrl Pts',(377.130665604008,-7.58950679296896,-96.1953673855815));
#8410=CARTESIAN_POINT('Ctrl Pts',(374.862759147945,-7.67908430050291,-94.2923679147547));
#8411=CARTESIAN_POINT('Ctrl Pts',(370.559923166597,-7.84903721963949,-90.6818598297891));
#8412=CARTESIAN_POINT('Ctrl Pts',(366.257160505627,-8.02224177513725,-87.0714132679258));
#8413=CARTESIAN_POINT('Ctrl Pts',(361.954558634067,-8.20203839136351,-83.4611016243974));
#8414=CARTESIAN_POINT('Ctrl Pts',(359.803303780273,-8.29193477380812,-81.65598447001));
#8415=CARTESIAN_POINT('Ctrl Pts',(357.652078331339,-8.38301817932084,-79.8508919892303));
#8416=CARTESIAN_POINT('Ctrl Pts',(355.500841279771,-8.47360277389523,-78.0457897726845));
#8417=CARTESIAN_POINT('Ctrl Pts',(353.748225345936,-8.54740217396381,-76.5751703890085));
#8418=CARTESIAN_POINT('Ctrl Pts',(351.981603479129,-8.62149381087787,-75.0927986321414));
#8419=CARTESIAN_POINT('Ctrl Pts',(350.150676483119,-8.69641458845268,-73.5564684650767));
#8420=CARTESIAN_POINT('Ctrl Pts',(346.293332551688,-8.8542555113,-70.3197725948886));
#8421=CARTESIAN_POINT('Ctrl Pts',(342.251105989778,-9.01014312094228,-66.927941777655));
#8422=CARTESIAN_POINT('Ctrl Pts',(338.451912122774,-9.1326130469678,-63.7400396050814));
#8423=CARTESIAN_POINT('Ctrl Pts',(334.652718255771,-9.25508297299332,-60.5521374325077));
#8424=CARTESIAN_POINT('Ctrl Pts',(331.052565958171,-9.34741457992726,-57.5312509674101));
#8425=CARTESIAN_POINT('Ctrl Pts',(327.238638214415,-9.4176096478289,-54.3309856042872));
#8426=CARTESIAN_POINT('',(372.577729047212,2.58893221047123,-92.3750000000001));
#8427=CARTESIAN_POINT('',(240.589390446927,2.5889322104713,18.3763662392003));
#8428=CARTESIAN_POINT('',(372.577729047212,11.4194661052355,-92.3750000000002));
#8429=CARTESIAN_POINT('Origin',(7.27879715043928E-14,22.8389322104712,-92.375));
#8430=CARTESIAN_POINT('',(367.1326956532,2.58893221047123,-92.3750000000001));
#8431=CARTESIAN_POINT('',(7.27879715043928E-14,2.58893221047123,-92.375));
#8432=CARTESIAN_POINT('',(367.1326956532,22.8389322104712,-92.3750000000001));
#8433=CARTESIAN_POINT('',(367.1326956532,11.4194661052356,-92.3750000000002));
#8434=CARTESIAN_POINT('',(7.27879715043928E-14,22.8389322104712,-92.375));
#8435=CARTESIAN_POINT('Origin',(446.793604820404,0.,-159.218439501447));
#8436=CARTESIAN_POINT('',(304.227584682595,22.8389322104713,-39.591344585399));
#8437=CARTESIAN_POINT('',(376.219816796731,2.58893221047123,-99.9999999999999));
#8438=CARTESIAN_POINT('',(299.24199543297,2.58893221047127,-35.4079384848379));
#8439=CARTESIAN_POINT('',(376.219816796731,0.,-99.9999999999999));
#8440=CARTESIAN_POINT('Origin',(2.85747902802974E-13,0.,-99.9999999999999));
#8441=CARTESIAN_POINT('',(337.749999998927,2.58893221047123,-99.9999999999999));
#8442=CARTESIAN_POINT('',(337.749999998927,-10.,-99.9999999999999));
#8443=CARTESIAN_POINT('',(1.78383383952023E-13,2.58893221047123,-99.9999999999999));
#8444=CARTESIAN_POINT('Origin',(1380.,0.,-110.));
#8445=CARTESIAN_POINT('',(337.749999998927,2.58893221047122,-110.));
#8446=CARTESIAN_POINT('',(337.749999998927,-10.,-110.));
#8447=CARTESIAN_POINT('',(388.137352722673,2.58893221047122,-110.));
#8448=CARTESIAN_POINT('',(690.,2.58893221047122,-110.));
#8449=CARTESIAN_POINT('',(388.137352722673,0.,-110.));
#8450=CARTESIAN_POINT('Origin',(446.793604820404,0.,-159.218439501447));
#8451=CARTESIAN_POINT('',(391.265705903233,2.58893221047122,-112.625));
#8452=CARTESIAN_POINT('',(299.24199543297,2.58893221047127,-35.4079384848379));
#8453=CARTESIAN_POINT('',(391.265705903233,22.8389322104712,-112.625));
#8454=CARTESIAN_POINT('',(391.265705903233,1.29446610523561,-112.625));
#8455=CARTESIAN_POINT('',(304.227584682595,22.8389322104713,-39.591344585399));
#8456=CARTESIAN_POINT('Origin',(6.65945476868281E-14,2.58893221047122,-112.625));
#8457=CARTESIAN_POINT('',(396.710739297244,22.8389322104712,-112.625));
#8458=CARTESIAN_POINT('',(396.710739297244,2.58893221047122,-112.625));
#8459=CARTESIAN_POINT('',(396.710739297245,1.29446610523561,-112.625));
#8460=CARTESIAN_POINT('',(6.65945476868281E-14,22.8389322104712,-112.625));
#8461=CARTESIAN_POINT('',(6.65945476868281E-14,2.58893221047122,-112.625));
#8462=CARTESIAN_POINT('Origin',(327.238638214415,0.,-54.3309856042872));
#8463=CARTESIAN_POINT('',(393.582386116684,2.58893221047122,-110.));
#8464=CARTESIAN_POINT('',(240.589390446927,2.5889322104713,18.3763662392003));
#8465=CARTESIAN_POINT('',(393.582386116684,0.,-110.));
#8466=CARTESIAN_POINT('',(245.574979696552,22.8389322104713,14.1929601386391));
#8467=CARTESIAN_POINT('Origin',(1380.,0.,-110.));
#8468=CARTESIAN_POINT('',(488.25,2.58893221047122,-110.));
#8469=CARTESIAN_POINT('',(690.,2.58893221047122,-110.));
#8470=CARTESIAN_POINT('',(488.25,0.,-110.));
#8471=CARTESIAN_POINT('Origin',(488.25,0.,-330.004282463138));
#8472=CARTESIAN_POINT('',(488.25,2.58893221047122,-112.625));
#8473=CARTESIAN_POINT('',(488.25,2.58893221047116,-211.189641231569));
#8474=CARTESIAN_POINT('',(488.25,22.8389322104712,-112.625));
#8475=CARTESIAN_POINT('',(488.25,1.29446610523561,-112.625));
#8476=CARTESIAN_POINT('',(488.25,22.8389322104712,-221.314641231569));
#8477=CARTESIAN_POINT('Origin',(337.749999998927,-20.,-93.1301019551386));
#8478=CARTESIAN_POINT('',(337.749999998927,-8.73497824377035,-93.1301019551386));
#8479=CARTESIAN_POINT('Ctrl Pts',(337.749999998927,-8.73497257873106,-93.1301933600375));
#8480=CARTESIAN_POINT('Ctrl Pts',(337.749999998927,-8.5837933901532,-96.3318928849154));
#8481=CARTESIAN_POINT('Ctrl Pts',(337.749999998927,-8.42015197099171,-99.8320048948836));
#8482=CARTESIAN_POINT('Ctrl Pts',(337.749999998927,-8.23169597836005,-103.842908235994));
#8483=CARTESIAN_POINT('Ctrl Pts',(337.749999998927,-8.03507724089976,-108.027539034898));
#8484=CARTESIAN_POINT('Ctrl Pts',(337.749999998927,-7.81136753745331,-112.769478691961));
#8485=CARTESIAN_POINT('Ctrl Pts',(337.749999998927,-7.5803171259152,-117.764951156563));
#8486=CARTESIAN_POINT('Ctrl Pts',(337.749999998927,-7.32524117460321,-123.279872695454));
#8487=CARTESIAN_POINT('Ctrl Pts',(337.749999998927,-7.06767427090638,-129.006740293276));
#8488=CARTESIAN_POINT('Ctrl Pts',(337.749999998927,-6.83363640470257,-134.498020877974));
#8489=CARTESIAN_POINT('Ctrl Pts',(337.749999998927,-6.59265951963939,-140.152113148479));
#8490=CARTESIAN_POINT('Ctrl Pts',(337.749999998927,-6.37679820952984,-145.554014377455));
#8491=CARTESIAN_POINT('Ctrl Pts',(337.749999998927,-6.17309596437536,-150.787240520137));
#8492=CARTESIAN_POINT('Ctrl Pts',(337.749999998927,-6.00494754237547,-155.107068792982));
#8493=CARTESIAN_POINT('Ctrl Pts',(337.749999998927,-5.84094514565557,-159.359732907979));
#8494=CARTESIAN_POINT('Ctrl Pts',(337.749999998927,-5.67374282409001,-163.636889221238));
#8495=CARTESIAN_POINT('',(337.749999998927,-20.,-93.1301019551386));
#8496=CARTESIAN_POINT('',(337.749999998927,2.58893221047123,-92.7525509775695));
#8497=CARTESIAN_POINT('Origin',(277.249999998927,-20.,-93.1301019551386));
#8498=CARTESIAN_POINT('',(277.249999998927,-8.73497824377035,-93.1301019551386));
#8499=CARTESIAN_POINT('Ctrl Pts',(277.249999998927,-8.73497824377035,-93.1301019551386));
#8500=CARTESIAN_POINT('Ctrl Pts',(297.416666665594,-8.73497824377035,-93.1301019551386));
#8501=CARTESIAN_POINT('Ctrl Pts',(317.58333333226,-8.73497824377035,-93.1301019551386));
#8502=CARTESIAN_POINT('Ctrl Pts',(337.749999998927,-8.73497824377035,-93.1301019551386));
#8503=CARTESIAN_POINT('',(277.249999998927,-20.,-93.1301019551386));
#8504=CARTESIAN_POINT('Origin',(277.249999998927,-20.,-163.630101955139));
#8505=CARTESIAN_POINT('Ctrl Pts',(277.249999998927,-5.67374282409001,-163.636889221238));
#8506=CARTESIAN_POINT('Ctrl Pts',(277.249999998927,-5.84094514565557,-159.359732907979));
#8507=CARTESIAN_POINT('Ctrl Pts',(277.249999998927,-6.00494754237547,-155.107068792982));
#8508=CARTESIAN_POINT('Ctrl Pts',(277.249999998927,-6.17309596437536,-150.787240520137));
#8509=CARTESIAN_POINT('Ctrl Pts',(277.249999998927,-6.37679820952984,-145.554014377455));
#8510=CARTESIAN_POINT('Ctrl Pts',(277.249999998927,-6.59265951963939,-140.152113148479));
#8511=CARTESIAN_POINT('Ctrl Pts',(277.249999998927,-6.83363640470258,-134.498020877974));
#8512=CARTESIAN_POINT('Ctrl Pts',(277.249999998927,-7.06767427090638,-129.006740293276));
#8513=CARTESIAN_POINT('Ctrl Pts',(277.249999998927,-7.32524117460321,-123.279872695454));
#8514=CARTESIAN_POINT('Ctrl Pts',(277.249999998927,-7.5803171259152,-117.764951156563));
#8515=CARTESIAN_POINT('Ctrl Pts',(277.249999998927,-7.81136753745331,-112.769478691961));
#8516=CARTESIAN_POINT('Ctrl Pts',(277.249999998927,-8.03507724089976,-108.027539034898));
#8517=CARTESIAN_POINT('Ctrl Pts',(277.249999998927,-8.23169597836005,-103.842908235994));
#8518=CARTESIAN_POINT('Ctrl Pts',(277.249999998927,-8.42015197099171,-99.8320048948836));
#8519=CARTESIAN_POINT('Ctrl Pts',(277.249999998927,-8.5837933901532,-96.3318928849154));
#8520=CARTESIAN_POINT('Ctrl Pts',(277.249999998927,-8.73497257873106,-93.1301933600375));
#8521=CARTESIAN_POINT('Origin',(317.8125,23.4198058441814,-330.002569477395));
#8522=CARTESIAN_POINT('',(317.8125,23.4198058441814,-330.002569477395));
#8523=CARTESIAN_POINT('',(408.90643479835,23.4198058441814,-330.002569477395));
#8524=CARTESIAN_POINT('',(317.8125,23.4198058441814,-330.002569477395));
#8525=CARTESIAN_POINT('Origin',(317.8125,2.91980584418137,-330.002569477395));
#8526=CARTESIAN_POINT('',(317.8125,1.45990292209068,-330.002569477395));
#8527=CARTESIAN_POINT('Origin',(320.0625,0.290511087516672,-350.));
#8528=CARTESIAN_POINT('',(320.0625,23.2905110875167,-330.002569477395));
#8529=CARTESIAN_POINT('',(320.0625,6.54051108751667,-330.002569477395));
#8530=CARTESIAN_POINT('',(320.0625,23.2905110875167,-229.740699445916));
#8531=CARTESIAN_POINT('',(320.0625,23.2905110875167,-350.));
#8532=CARTESIAN_POINT('Ctrl Pts',(320.0625,1.74013909480227,-330.00053438094));
#8533=CARTESIAN_POINT('Ctrl Pts',(320.0625,3.24679708486198,-325.191091642043));
#8534=CARTESIAN_POINT('Ctrl Pts',(320.0625,4.40338830443182,-321.626306370406));
#8535=CARTESIAN_POINT('Ctrl Pts',(320.0625,5.44161546160028,-318.23474338008));
#8536=CARTESIAN_POINT('Ctrl Pts',(320.0625,6.5169989738106,-314.721802213749));
#8537=CARTESIAN_POINT('Ctrl Pts',(320.0625,7.46470855111476,-311.395470933677));
#8538=CARTESIAN_POINT('Ctrl Pts',(320.0625,8.43232739382674,-307.5959938512));
#8539=CARTESIAN_POINT('Ctrl Pts',(320.0625,9.39706096657072,-303.80784614413));
#8540=CARTESIAN_POINT('Ctrl Pts',(320.0625,10.3817799976923,-299.54954628283));
#8541=CARTESIAN_POINT('Ctrl Pts',(320.0625,11.4320429947939,-294.668660332657));
#8542=CARTESIAN_POINT('Ctrl Pts',(320.0625,12.5232524882118,-289.597483779911));
#8543=CARTESIAN_POINT('Ctrl Pts',(320.0625,13.6860652341659,-283.850115495507));
#8544=CARTESIAN_POINT('Ctrl Pts',(320.0625,14.852102593564,-277.839070144047));
#8545=CARTESIAN_POINT('Ctrl Pts',(320.0625,16.0127437122216,-271.855842981736));
#8546=CARTESIAN_POINT('Ctrl Pts',(320.0625,17.1585652664414,-265.701049584801));
#8547=CARTESIAN_POINT('Ctrl Pts',(320.0625,18.2258658896991,-259.751986444007));
#8548=CARTESIAN_POINT('Ctrl Pts',(320.0625,19.4667979274987,-252.835113273099));
#8549=CARTESIAN_POINT('Ctrl Pts',(320.0625,20.6014982483993,-246.200134583022));
#8550=CARTESIAN_POINT('Ctrl Pts',(320.0625,21.6867340659214,-239.630835818206));
#8551=CARTESIAN_POINT('Ctrl Pts',(320.0625,22.2312593925014,-236.33464019182));
#8552=CARTESIAN_POINT('Ctrl Pts',(320.0625,22.7670039345339,-233.040518396516));
#8553=CARTESIAN_POINT('Ctrl Pts',(320.0625,23.2932384509084,-229.733390369699));
#8554=CARTESIAN_POINT('Origin',(318.0625,23.2905110875167,-350.));
#8555=CARTESIAN_POINT('',(318.0625,25.2905110875167,-330.002569477395));
#8556=CARTESIAN_POINT('Origin',(318.0625,23.2905110875167,-330.002569477395));
#8557=CARTESIAN_POINT('',(318.0625,25.2905110875167,-216.771656672951));
#8558=CARTESIAN_POINT('',(318.0625,25.2905110875167,-350.));
#8559=CARTESIAN_POINT('Ctrl Pts',(320.0625,23.2905110875167,-229.740699445916));
#8560=CARTESIAN_POINT('Ctrl Pts',(320.0625,23.8893567394154,-225.97545734437));
#8561=CARTESIAN_POINT('Ctrl Pts',(319.794612035479,24.4419893007098,-222.397950497451));
#8562=CARTESIAN_POINT('Ctrl Pts',(319.236312803699,24.9179628146027,-219.259133461923));
#8563=CARTESIAN_POINT('Ctrl Pts',(319.054743176025,25.0458906584775,-218.409737911372));
#8564=CARTESIAN_POINT('Ctrl Pts',(318.740073450465,25.1740696075895,-217.55306551875));
#8565=CARTESIAN_POINT('Ctrl Pts',(318.64056823872,25.2089055019437,-217.319724706034));
#8566=CARTESIAN_POINT('Ctrl Pts',(318.452349473794,25.2535215301172,-217.020318159056));
#8567=CARTESIAN_POINT('Ctrl Pts',(318.366508701313,25.2696787440474,-216.911743573687));
#8568=CARTESIAN_POINT('Ctrl Pts',(318.2318413773,25.2836874037727,-216.817554169598));
#8569=CARTESIAN_POINT('Ctrl Pts',(318.191106469413,25.2868419884361,-216.796336812579));
#8570=CARTESIAN_POINT('Ctrl Pts',(318.119663074702,25.2898927245488,-216.775816499371));
#8571=CARTESIAN_POINT('Ctrl Pts',(318.09120138195,25.2905110875167,-216.77165667295));
#8572=CARTESIAN_POINT('Ctrl Pts',(318.0625,25.2905110875167,-216.77165667295));
#8573=CARTESIAN_POINT('Origin',(320.0625,25.2905110875167,-350.));
#8574=CARTESIAN_POINT('',(297.0625,25.2905110875167,-216.771656672951));
#8575=CARTESIAN_POINT('',(297.0625,25.2905110875167,-330.002569477395));
#8576=CARTESIAN_POINT('',(297.0625,25.2905110875167,-350.));
#8577=CARTESIAN_POINT('Ctrl Pts',(318.0625,25.2905110875167,-216.771656672951));
#8578=CARTESIAN_POINT('Ctrl Pts',(311.0625,25.2905110875167,-216.771656672951));
#8579=CARTESIAN_POINT('Ctrl Pts',(304.062500000001,25.2905110875167,-216.771656672951));
#8580=CARTESIAN_POINT('Ctrl Pts',(297.062500000001,25.2905110875167,-216.771656672951));
#8581=CARTESIAN_POINT('',(313.8125,25.2905110875167,-330.002569477395));
#8582=CARTESIAN_POINT('Origin',(297.0625,23.2905110875167,-350.));
#8583=CARTESIAN_POINT('Origin',(297.0625,23.2905110875167,-330.002569477395));
#8584=CARTESIAN_POINT('Ctrl Pts',(297.0625,25.2905110875167,-216.771656672951));
#8585=CARTESIAN_POINT('Ctrl Pts',(297.056060992232,25.2905110875167,-216.771656672951));
#8586=CARTESIAN_POINT('Ctrl Pts',(297.049628786108,25.2904799919662,-216.771865850025));
#8587=CARTESIAN_POINT('Ctrl Pts',(297.016020722094,25.2901557194811,-216.774047189263));
#8588=CARTESIAN_POINT('Ctrl Pts',(296.98979136185,25.2893494190572,-216.779471128428));
#8589=CARTESIAN_POINT('Ctrl Pts',(296.91614597127,25.2857364336726,-216.803772690231));
#8590=CARTESIAN_POINT('Ctrl Pts',(296.872212457076,25.2818297049379,-216.830047156197));
#8591=CARTESIAN_POINT('Ctrl Pts',(296.733699656901,25.2658287388896,-216.937620187385));
#8592=CARTESIAN_POINT('Ctrl Pts',(296.648414647856,25.2485031354129,-217.054019363478));
#8593=CARTESIAN_POINT('Ctrl Pts',(296.37324811024,25.1798654414803,-217.514516574513));
#8594=CARTESIAN_POINT('Ctrl Pts',(296.212694333042,25.1055556937287,-218.011307767682));
#8595=CARTESIAN_POINT('Ctrl Pts',(295.566886026486,24.7509574400841,-220.371367124151));
#8596=CARTESIAN_POINT('Ctrl Pts',(295.195846218625,24.2298613178041,-223.789826481322));
#8597=CARTESIAN_POINT('Ctrl Pts',(295.072230475708,23.5190803936548,-228.300359192784));
#8598=CARTESIAN_POINT('Ctrl Pts',(295.0625,23.4044286985512,-229.024442454127));
#8599=CARTESIAN_POINT('Ctrl Pts',(295.0625,23.2905110875166,-229.740699445916));
#8600=CARTESIAN_POINT('Ctrl Pts',(0.,0.692436863172455,-330.));
#8601=CARTESIAN_POINT('Ctrl Pts',(1225.,0.692436863172455,-330.));
#8602=CARTESIAN_POINT('Ctrl Pts',(0.,5.36729010756762,-315.060779002508));
#8603=CARTESIAN_POINT('Ctrl Pts',(1225.,5.36729010756762,-315.060779002508));
#8604=CARTESIAN_POINT('Ctrl Pts',(0.,7.73616191059256,-309.282020228319));
#8605=CARTESIAN_POINT('Ctrl Pts',(1225.,7.73616191059256,-309.282020228319));
#8606=CARTESIAN_POINT('Ctrl Pts',(0.,15.7980112916491,-269.263660760413));
#8607=CARTESIAN_POINT('Ctrl Pts',(1225.,15.7980112916491,-269.263660760413));
#8608=CARTESIAN_POINT('Ctrl Pts',(0.,22.1706115435568,-230.911398635869));
#8609=CARTESIAN_POINT('Ctrl Pts',(1225.,22.1706115435568,-230.911398635869));
#8610=CARTESIAN_POINT('Ctrl Pts',(0.,27.2402918752549,-198.214185048207));
#8611=CARTESIAN_POINT('Ctrl Pts',(1225.,27.2402918752549,-198.214185048207));
#8612=CARTESIAN_POINT('Ctrl Pts',(0.,30.4361456778927,-164.898177192353));
#8613=CARTESIAN_POINT('Ctrl Pts',(1225.,30.4361456778927,-164.898177192353));
#8614=CARTESIAN_POINT('Ctrl Pts',(0.,32.7767416046338,-136.57512421457));
#8615=CARTESIAN_POINT('Ctrl Pts',(1225.,32.7767416046338,-136.57512421457));
#8616=CARTESIAN_POINT('Ctrl Pts',(0.,32.572174307517,-100.31120637567));
#8617=CARTESIAN_POINT('Ctrl Pts',(1225.,32.572174307517,-100.31120637567));
#8618=CARTESIAN_POINT('Ctrl Pts',(0.,31.4787146600278,-85.1197339869532));
#8619=CARTESIAN_POINT('Ctrl Pts',(1225.,31.4787146600278,-85.1197339869532));
#8620=CARTESIAN_POINT('Ctrl Pts',(0.,29.2161090680932,-65.9844229593376));
#8621=CARTESIAN_POINT('Ctrl Pts',(1225.,29.2161090680932,-65.9844229593376));
#8622=CARTESIAN_POINT('Ctrl Pts',(0.,26.7661902336552,-51.5393720618797));
#8623=CARTESIAN_POINT('Ctrl Pts',(1225.,26.7661902336552,-51.5393720618797));
#8624=CARTESIAN_POINT('Ctrl Pts',(0.,22.2069184142093,-33.7095873785944));
#8625=CARTESIAN_POINT('Ctrl Pts',(1225.,22.2069184142093,-33.7095873785944));
#8626=CARTESIAN_POINT('Ctrl Pts',(0.,19.3158500368011,-25.6495689043505));
#8627=CARTESIAN_POINT('Ctrl Pts',(1225.,19.3158500368011,-25.6495689043505));
#8628=CARTESIAN_POINT('Ctrl Pts',(0.,16.4902069465223,-17.4700986677718));
#8629=CARTESIAN_POINT('Ctrl Pts',(1225.,16.4902069465223,-17.4700986677718));
#8630=CARTESIAN_POINT('Ctrl Pts',(0.,10.7156213917761,-7.517737344979));
#8631=CARTESIAN_POINT('Ctrl Pts',(1225.,10.7156213917761,-7.517737344979));
#8632=CARTESIAN_POINT('Ctrl Pts',(0.,9.59210666071061,-5.06402799233127));
#8633=CARTESIAN_POINT('Ctrl Pts',(1225.,9.59210666071061,-5.06402799233127));
#8634=CARTESIAN_POINT('Ctrl Pts',(0.,-0.302237819680045,3.33162846574542));
#8635=CARTESIAN_POINT('Ctrl Pts',(1225.,-0.302237819680045,3.33162846574542));
#8636=CARTESIAN_POINT('Ctrl Pts',(0.,-5.37497260826862,-4.87193710665857));
#8637=CARTESIAN_POINT('Ctrl Pts',(1225.,-5.37497260826862,-4.87193710665857));
#8638=CARTESIAN_POINT('Ctrl Pts',(0.,-6.46637703842694,-7.76012590636975));
#8639=CARTESIAN_POINT('Ctrl Pts',(1225.,-6.46637703842694,-7.76012590636975));
#8640=CARTESIAN_POINT('Ctrl Pts',(0.,-8.72369290817783,-17.7139508712063));
#8641=CARTESIAN_POINT('Ctrl Pts',(1225.,-8.72369290817783,-17.7139508712063));
#8642=CARTESIAN_POINT('Ctrl Pts',(0.,-9.05735289519721,-25.7605611516216));
#8643=CARTESIAN_POINT('Ctrl Pts',(1225.,-9.05735289519721,-25.7605611516216));
#8644=CARTESIAN_POINT('Ctrl Pts',(0.,-9.65183932786034,-33.8874038470446));
#8645=CARTESIAN_POINT('Ctrl Pts',(1225.,-9.65183932786034,-33.8874038470446));
#8646=CARTESIAN_POINT('Ctrl Pts',(0.,-9.54958439734114,-51.7302428410842));
#8647=CARTESIAN_POINT('Ctrl Pts',(1225.,-9.54958439734114,-51.7302428410842));
#8648=CARTESIAN_POINT('Ctrl Pts',(0.,-9.12188646984469,-66.089055457432));
#8649=CARTESIAN_POINT('Ctrl Pts',(1225.,-9.12188646984469,-66.089055457432));
#8650=CARTESIAN_POINT('Ctrl Pts',(0.,-8.0807090947879,-85.1902133730808));
#8651=CARTESIAN_POINT('Ctrl Pts',(1225.,-8.0807090947879,-85.1902133730808));
#8652=CARTESIAN_POINT('Ctrl Pts',(0.,-7.41482789593825,-100.342950195034));
#8653=CARTESIAN_POINT('Ctrl Pts',(1225.,-7.41482789593825,-100.342950195034));
#8654=CARTESIAN_POINT('Ctrl Pts',(0.,-5.65487802201598,-136.527375623599));
#8655=CARTESIAN_POINT('Ctrl Pts',(1225.,-5.65487802201598,-136.527375623599));
#8656=CARTESIAN_POINT('Ctrl Pts',(0.,-4.681813072762,-164.837141179113));
#8657=CARTESIAN_POINT('Ctrl Pts',(1225.,-4.681813072762,-164.837141179113));
#8658=CARTESIAN_POINT('Ctrl Pts',(0.,-3.23576762517493,-198.076224064099));
#8659=CARTESIAN_POINT('Ctrl Pts',(1225.,-3.23576762517493,-198.076224064099));
#8660=CARTESIAN_POINT('Ctrl Pts',(0.,-2.10280368750388,-230.910800461435));
#8661=CARTESIAN_POINT('Ctrl Pts',(1225.,-2.10280368750388,-230.910800461435));
#8662=CARTESIAN_POINT('Ctrl Pts',(0.,-1.0506280543582,-268.755665480008));
#8663=CARTESIAN_POINT('Ctrl Pts',(1225.,-1.0506280543582,-268.755665480008));
#8664=CARTESIAN_POINT('Ctrl Pts',(0.,-0.545054891565593,-309.707874258144));
#8665=CARTESIAN_POINT('Ctrl Pts',(1225.,-0.545054891565593,-309.707874258144));
#8666=CARTESIAN_POINT('Ctrl Pts',(0.,-0.494719603944063,-314.653924811271));
#8667=CARTESIAN_POINT('Ctrl Pts',(1225.,-0.494719603944063,-314.653924811271));
#8668=CARTESIAN_POINT('Ctrl Pts',(0.,-0.428999999999996,-330.));
#8669=CARTESIAN_POINT('Ctrl Pts',(1225.,-0.428999999999996,-330.));
#8670=CARTESIAN_POINT('Origin',(7.27879715043928E-14,22.8389322104712,-92.375));
#8671=CARTESIAN_POINT('',(7.27879715043928E-14,2.58893221047123,-92.375));
#8672=CARTESIAN_POINT('',(7.27879715043928E-14,22.8389322104712,-92.375));
#8673=CARTESIAN_POINT('Origin',(6.65945476868281E-14,22.8389322104712,-112.625));
#8674=CARTESIAN_POINT('',(6.65945476868281E-14,22.8389322104712,-112.625));
#8675=CARTESIAN_POINT('Origin',(6.65945476868281E-14,2.58893221047122,-112.625));
#8676=CARTESIAN_POINT('',(6.65945476868281E-14,2.58893221047122,-112.625));
#8677=CARTESIAN_POINT('Origin',(7.27879715043928E-14,2.58893221047123,-92.375));
#8678=CARTESIAN_POINT('Ctrl Pts',(0.,1.64680134024821,-330.29864434516));
#8679=CARTESIAN_POINT('Ctrl Pts',(1225.,1.64680134024821,-330.29864434516));
#8680=CARTESIAN_POINT('Ctrl Pts',(0.,3.19920775811801,-325.337688066524));
#8681=CARTESIAN_POINT('Ctrl Pts',(1225.,3.19920775811801,-325.337688066524));
#8682=CARTESIAN_POINT('Ctrl Pts',(0.,4.3820511946385,-321.696008026152));
#8683=CARTESIAN_POINT('Ctrl Pts',(1225.,4.3820511946385,-321.696008026152));
#8684=CARTESIAN_POINT('Ctrl Pts',(0.,5.44161546160028,-318.23474338008));
#8685=CARTESIAN_POINT('Ctrl Pts',(1225.,5.44161546160028,-318.23474338008));
#8686=CARTESIAN_POINT('Ctrl Pts',(0.,6.5169989738106,-314.721802213749));
#8687=CARTESIAN_POINT('Ctrl Pts',(1225.,6.5169989738106,-314.721802213749));
#8688=CARTESIAN_POINT('Ctrl Pts',(0.,7.46470855111475,-311.395470933677));
#8689=CARTESIAN_POINT('Ctrl Pts',(1225.,7.46470855111475,-311.395470933677));
#8690=CARTESIAN_POINT('Ctrl Pts',(0.,8.43232739382674,-307.5959938512));
#8691=CARTESIAN_POINT('Ctrl Pts',(1225.,8.43232739382674,-307.5959938512));
#8692=CARTESIAN_POINT('Ctrl Pts',(0.,9.39706096657071,-303.80784614413));
#8693=CARTESIAN_POINT('Ctrl Pts',(1225.,9.39706096657071,-303.80784614413));
#8694=CARTESIAN_POINT('Ctrl Pts',(0.,10.3817799976923,-299.54954628283));
#8695=CARTESIAN_POINT('Ctrl Pts',(1225.,10.3817799976923,-299.54954628283));
#8696=CARTESIAN_POINT('Ctrl Pts',(0.,11.4320429947939,-294.668660332657));
#8697=CARTESIAN_POINT('Ctrl Pts',(1225.,11.4320429947939,-294.668660332657));
#8698=CARTESIAN_POINT('Ctrl Pts',(0.,12.5232524882118,-289.597483779911));
#8699=CARTESIAN_POINT('Ctrl Pts',(1225.,12.5232524882118,-289.597483779911));
#8700=CARTESIAN_POINT('Ctrl Pts',(0.,13.6860652341659,-283.850115495507));
#8701=CARTESIAN_POINT('Ctrl Pts',(1225.,13.6860652341659,-283.850115495507));
#8702=CARTESIAN_POINT('Ctrl Pts',(0.,14.852102593564,-277.839070144047));
#8703=CARTESIAN_POINT('Ctrl Pts',(1225.,14.852102593564,-277.839070144047));
#8704=CARTESIAN_POINT('Ctrl Pts',(0.,16.0127437122216,-271.855842981736));
#8705=CARTESIAN_POINT('Ctrl Pts',(1225.,16.0127437122216,-271.855842981736));
#8706=CARTESIAN_POINT('Ctrl Pts',(0.,17.1585652664414,-265.701049584801));
#8707=CARTESIAN_POINT('Ctrl Pts',(1225.,17.1585652664414,-265.701049584801));
#8708=CARTESIAN_POINT('Ctrl Pts',(0.,18.2258658896991,-259.751986444007));
#8709=CARTESIAN_POINT('Ctrl Pts',(1225.,18.2258658896991,-259.751986444007));
#8710=CARTESIAN_POINT('Ctrl Pts',(0.,19.4667979274987,-252.835113273099));
#8711=CARTESIAN_POINT('Ctrl Pts',(1225.,19.4667979274987,-252.835113273099));
#8712=CARTESIAN_POINT('Ctrl Pts',(0.,20.6014982483993,-246.200134583022));
#8713=CARTESIAN_POINT('Ctrl Pts',(1225.,20.6014982483993,-246.200134583022));
#8714=CARTESIAN_POINT('Ctrl Pts',(0.,21.6867340659214,-239.630835818206));
#8715=CARTESIAN_POINT('Ctrl Pts',(1225.,21.6867340659214,-239.630835818206));
#8716=CARTESIAN_POINT('Ctrl Pts',(0.,22.9471919441739,-232.000858767123));
#8717=CARTESIAN_POINT('Ctrl Pts',(1225.,22.9471919441739,-232.000858767123));
#8718=CARTESIAN_POINT('Ctrl Pts',(0.,24.1606004508659,-224.381993758314));
#8719=CARTESIAN_POINT('Ctrl Pts',(1225.,24.1606004508659,-224.381993758314));
#8720=CARTESIAN_POINT('Ctrl Pts',(0.,25.3179147248833,-216.587201046239));
#8721=CARTESIAN_POINT('Ctrl Pts',(1225.,25.3179147248833,-216.587201046239));
#8722=CARTESIAN_POINT('Ctrl Pts',(0.,26.8206692726095,-206.465784193758));
#8723=CARTESIAN_POINT('Ctrl Pts',(1225.,26.8206692726095,-206.465784193758));
#8724=CARTESIAN_POINT('Ctrl Pts',(0.,28.1745728928334,-196.082093296074));
#8725=CARTESIAN_POINT('Ctrl Pts',(1225.,28.1745728928334,-196.082093296074));
#8726=CARTESIAN_POINT('Ctrl Pts',(0.,29.2897958272957,-185.824761027717));
#8727=CARTESIAN_POINT('Ctrl Pts',(1225.,29.2897958272957,-185.824761027717));
#8728=CARTESIAN_POINT('Ctrl Pts',(0.,30.0777913178167,-178.577123517341));
#8729=CARTESIAN_POINT('Ctrl Pts',(1225.,30.0777913178167,-178.577123517341));
#8730=CARTESIAN_POINT('Ctrl Pts',(0.,30.7670182985951,-171.451392528556));
#8731=CARTESIAN_POINT('Ctrl Pts',(1225.,30.7670182985951,-171.451392528556));
#8732=CARTESIAN_POINT('Ctrl Pts',(0.,31.3777423162399,-164.46556616407));
#8733=CARTESIAN_POINT('Ctrl Pts',(1225.,31.3777423162399,-164.46556616407));
#8734=CARTESIAN_POINT('Ctrl Pts',(0.,31.9580063995981,-157.828158734899));
#8735=CARTESIAN_POINT('Ctrl Pts',(1225.,31.9580063995981,-157.828158734899));
#8736=CARTESIAN_POINT('Ctrl Pts',(0.,32.4665807921151,-151.305901770715));
#8737=CARTESIAN_POINT('Ctrl Pts',(1225.,32.4665807921151,-151.305901770715));
#8738=CARTESIAN_POINT('Ctrl Pts',(0.,32.83971053548,-144.414567555328));
#8739=CARTESIAN_POINT('Ctrl Pts',(1225.,32.83971053548,-144.414567555328));
#8740=CARTESIAN_POINT('Ctrl Pts',(0.,33.1236819646318,-139.169898480549));
#8741=CARTESIAN_POINT('Ctrl Pts',(1225.,33.1236819646318,-139.169898480549));
#8742=CARTESIAN_POINT('Ctrl Pts',(0.,33.3241616114993,-133.667173144492));
#8743=CARTESIAN_POINT('Ctrl Pts',(1225.,33.3241616114993,-133.667173144492));
#8744=CARTESIAN_POINT('Ctrl Pts',(0.,33.4311450892209,-128.040319568762));
#8745=CARTESIAN_POINT('Ctrl Pts',(1225.,33.4311450892209,-128.040319568762));
#8746=CARTESIAN_POINT('Ctrl Pts',(0.,33.5639819556931,-121.053693100664));
#8747=CARTESIAN_POINT('Ctrl Pts',(1225.,33.5639819556931,-121.053693100664));
#8748=CARTESIAN_POINT('Ctrl Pts',(0.,33.5535438557601,-113.909047974503));
#8749=CARTESIAN_POINT('Ctrl Pts',(1225.,33.5535438557601,-113.909047974503));
#8750=CARTESIAN_POINT('Ctrl Pts',(0.,33.4463451943583,-107.728276752566));
#8751=CARTESIAN_POINT('Ctrl Pts',(1225.,33.4463451943583,-107.728276752566));
#8752=CARTESIAN_POINT('Ctrl Pts',(0.,33.3660337147426,-103.097744285938));
#8753=CARTESIAN_POINT('Ctrl Pts',(1225.,33.3660337147426,-103.097744285938));
#8754=CARTESIAN_POINT('Ctrl Pts',(0.,33.2326387706097,-99.0223090786879));
#8755=CARTESIAN_POINT('Ctrl Pts',(1225.,33.2326387706097,-99.0223090786879));
#8756=CARTESIAN_POINT('Ctrl Pts',(0.,33.0484592082859,-95.4087500739943));
#8757=CARTESIAN_POINT('Ctrl Pts',(1225.,33.0484592082859,-95.4087500739943));
#8758=CARTESIAN_POINT('Ctrl Pts',(0.,32.8385028786472,-91.2894570537185));
#8759=CARTESIAN_POINT('Ctrl Pts',(1225.,32.8385028786472,-91.2894570537185));
#8760=CARTESIAN_POINT('Ctrl Pts',(0.,32.5590101916304,-87.6857623283273));
#8761=CARTESIAN_POINT('Ctrl Pts',(1225.,32.5590101916304,-87.6857623283273));
#8762=CARTESIAN_POINT('Ctrl Pts',(0.,32.1990291290068,-83.9348040362662));
#8763=CARTESIAN_POINT('Ctrl Pts',(1225.,32.1990291290068,-83.9348040362662));
#8764=CARTESIAN_POINT('Ctrl Pts',(0.,31.8782646708146,-80.5924779275379));
#8765=CARTESIAN_POINT('Ctrl Pts',(1225.,31.8782646708146,-80.5924779275379));
#8766=CARTESIAN_POINT('Ctrl Pts',(0.,31.4938194571227,-77.1350021241799));
#8767=CARTESIAN_POINT('Ctrl Pts',(1225.,31.4938194571227,-77.1350021241799));
#8768=CARTESIAN_POINT('Ctrl Pts',(0.,31.0620810263775,-73.6203970123575));
#8769=CARTESIAN_POINT('Ctrl Pts',(1225.,31.0620810263775,-73.6203970123575));
#8770=CARTESIAN_POINT('Ctrl Pts',(0.,30.606423375745,-69.9110753626955));
#8771=CARTESIAN_POINT('Ctrl Pts',(1225.,30.606423375745,-69.9110753626955));
#8772=CARTESIAN_POINT('Ctrl Pts',(0.,30.1084631501401,-66.2284526819281));
#8773=CARTESIAN_POINT('Ctrl Pts',(1225.,30.1084631501401,-66.2284526819281));
#8774=CARTESIAN_POINT('Ctrl Pts',(0.,29.5454016141021,-62.6391214643916));
#8775=CARTESIAN_POINT('Ctrl Pts',(1225.,29.5454016141021,-62.6391214643916));
#8776=CARTESIAN_POINT('Ctrl Pts',(0.,28.9988710738239,-59.155169881833));
#8777=CARTESIAN_POINT('Ctrl Pts',(1225.,28.9988710738239,-59.155169881833));
#8778=CARTESIAN_POINT('Ctrl Pts',(0.,28.3811683216372,-55.7186364771938));
#8779=CARTESIAN_POINT('Ctrl Pts',(1225.,28.3811683216372,-55.7186364771938));
#8780=CARTESIAN_POINT('Ctrl Pts',(0.,27.6165199417894,-52.0711369235248));
#8781=CARTESIAN_POINT('Ctrl Pts',(1225.,27.6165199417894,-52.0711369235248));
#8782=CARTESIAN_POINT('Ctrl Pts',(0.,26.9121359634132,-48.7111085569574));
#8783=CARTESIAN_POINT('Ctrl Pts',(1225.,26.9121359634132,-48.7111085569574));
#8784=CARTESIAN_POINT('Ctrl Pts',(0.,26.0795138553427,-45.1559868832888));
#8785=CARTESIAN_POINT('Ctrl Pts',(1225.,26.0795138553427,-45.1559868832888));
#8786=CARTESIAN_POINT('Ctrl Pts',(0.,25.2088563092788,-41.7446737962638));
#8787=CARTESIAN_POINT('Ctrl Pts',(1225.,25.2088563092788,-41.7446737962638));
#8788=CARTESIAN_POINT('Ctrl Pts',(0.,24.4292452618462,-38.6900889242673));
#8789=CARTESIAN_POINT('Ctrl Pts',(1225.,24.4292452618462,-38.6900889242673));
#8790=CARTESIAN_POINT('Ctrl Pts',(0.,23.6392452078114,-35.8333263150255));
#8791=CARTESIAN_POINT('Ctrl Pts',(1225.,23.6392452078114,-35.8333263150255));
#8792=CARTESIAN_POINT('Ctrl Pts',(0.,22.9076276494265,-33.3858759010255));
#8793=CARTESIAN_POINT('Ctrl Pts',(1225.,22.9076276494265,-33.3858759010255));
#8794=CARTESIAN_POINT('Ctrl Pts',(0.,22.0918930498722,-30.6570321758959));
#8795=CARTESIAN_POINT('Ctrl Pts',(1225.,22.0918930498722,-30.6570321758959));
#8796=CARTESIAN_POINT('Ctrl Pts',(0.,21.3518769755186,-28.4348614977454));
#8797=CARTESIAN_POINT('Ctrl Pts',(1225.,21.3518769755186,-28.4348614977454));
#8798=CARTESIAN_POINT('Ctrl Pts',(0.,20.6211412284416,-26.3233442661126));
#8799=CARTESIAN_POINT('Ctrl Pts',(1225.,20.6211412284416,-26.3233442661126));
#8800=CARTESIAN_POINT('Ctrl Pts',(0.,19.8256924385418,-24.024833712231));
#8801=CARTESIAN_POINT('Ctrl Pts',(1225.,19.8256924385418,-24.024833712231));
#8802=CARTESIAN_POINT('Ctrl Pts',(0.,19.0376068606726,-21.7943777347898));
#8803=CARTESIAN_POINT('Ctrl Pts',(1225.,19.0376068606726,-21.7943777347898));
#8804=CARTESIAN_POINT('Ctrl Pts',(0.,17.9734640592873,-19.2843991586415));
#8805=CARTESIAN_POINT('Ctrl Pts',(1225.,17.9734640592873,-19.2843991586415));
#8806=CARTESIAN_POINT('Ctrl Pts',(0.,17.1867028824001,-17.4286766973692));
#8807=CARTESIAN_POINT('Ctrl Pts',(1225.,17.1867028824001,-17.4286766973692));
#8808=CARTESIAN_POINT('Ctrl Pts',(0.,16.2190893634928,-15.4185239219677));
#8809=CARTESIAN_POINT('Ctrl Pts',(1225.,16.2190893634928,-15.4185239219677));
#8810=CARTESIAN_POINT('Ctrl Pts',(0.,15.197972054751,-13.4695109660776));
#8811=CARTESIAN_POINT('Ctrl Pts',(1225.,15.197972054751,-13.4695109660776));
#8812=CARTESIAN_POINT('Ctrl Pts',(0.,14.3532858372865,-11.8572531310512));
#8813=CARTESIAN_POINT('Ctrl Pts',(1225.,14.3532858372865,-11.8572531310512));
#8814=CARTESIAN_POINT('Ctrl Pts',(0.,13.5110257730956,-10.329895047018));
#8815=CARTESIAN_POINT('Ctrl Pts',(1225.,13.5110257730956,-10.329895047018));
#8816=CARTESIAN_POINT('Ctrl Pts',(0.,12.800942161804,-9.0621866404108));
#8817=CARTESIAN_POINT('Ctrl Pts',(1225.,12.800942161804,-9.0621866404108));
#8818=CARTESIAN_POINT('Ctrl Pts',(0.,12.0085650497407,-7.6475600947583));
#8819=CARTESIAN_POINT('Ctrl Pts',(1225.,12.0085650497407,-7.6475600947583));
#8820=CARTESIAN_POINT('Ctrl Pts',(0.,11.3883333638968,-6.5545121545998));
#8821=CARTESIAN_POINT('Ctrl Pts',(1225.,11.3883333638968,-6.5545121545998));
#8822=CARTESIAN_POINT('Ctrl Pts',(0.,10.5667248883015,-5.46323783426195));
#8823=CARTESIAN_POINT('Ctrl Pts',(1225.,10.5667248883015,-5.46323783426195));
#8824=CARTESIAN_POINT('Ctrl Pts',(0.,9.90974795237558,-4.59062991878161));
#8825=CARTESIAN_POINT('Ctrl Pts',(1225.,9.90974795237558,-4.59062991878161));
#8826=CARTESIAN_POINT('Ctrl Pts',(0.,9.0803052834772,-3.67157795676974));
#8827=CARTESIAN_POINT('Ctrl Pts',(1225.,9.0803052834772,-3.67157795676974));
#8828=CARTESIAN_POINT('Ctrl Pts',(0.,7.96005165074956,-2.66767166333002));
#8829=CARTESIAN_POINT('Ctrl Pts',(1225.,7.96005165074956,-2.66767166333002));
#8830=CARTESIAN_POINT('Ctrl Pts',(0.,6.83037773169485,-1.65532345597594));
#8831=CARTESIAN_POINT('Ctrl Pts',(1225.,6.83037773169485,-1.65532345597594));
#8832=CARTESIAN_POINT('Ctrl Pts',(0.,5.41100128219681,-0.549246472146797));
#8833=CARTESIAN_POINT('Ctrl Pts',(1225.,5.41100128219681,-0.549246472146797));
#8834=CARTESIAN_POINT('Ctrl Pts',(0.,3.8497100099536,0.208576916310581));
#8835=CARTESIAN_POINT('Ctrl Pts',(1225.,3.8497100099536,0.208576916310581));
#8836=CARTESIAN_POINT('Ctrl Pts',(0.,2.57832738991747,0.825683731848786));
#8837=CARTESIAN_POINT('Ctrl Pts',(1225.,2.57832738991747,0.825683731848786));
#8838=CARTESIAN_POINT('Ctrl Pts',(0.,1.2096849041932,1.16373065374675));
#8839=CARTESIAN_POINT('Ctrl Pts',(1225.,1.2096849041932,1.16373065374675));
#8840=CARTESIAN_POINT('Ctrl Pts',(0.,-0.0737938570798595,0.999074352483982));
#8841=CARTESIAN_POINT('Ctrl Pts',(1225.,-0.0737938570798595,0.999074352483982));
#8842=CARTESIAN_POINT('Ctrl Pts',(0.,-1.29482967018135,0.842428799194693));
#8843=CARTESIAN_POINT('Ctrl Pts',(1225.,-1.29482967018135,0.842428799194693));
#8844=CARTESIAN_POINT('Ctrl Pts',(0.,-2.38217169008376,0.224115366004797));
#8845=CARTESIAN_POINT('Ctrl Pts',(1225.,-2.38217169008376,0.224115366004797));
#8846=CARTESIAN_POINT('Ctrl Pts',(0.,-3.22199182170038,-0.542575191152658));
#8847=CARTESIAN_POINT('Ctrl Pts',(1225.,-3.22199182170038,-0.542575191152658));
#8848=CARTESIAN_POINT('Ctrl Pts',(0.,-4.29809478615122,-1.52497362423789));
#8849=CARTESIAN_POINT('Ctrl Pts',(1225.,-4.29809478615122,-1.52497362423789));
#8850=CARTESIAN_POINT('Ctrl Pts',(0.,-5.04920829162853,-2.67757568118971));
#8851=CARTESIAN_POINT('Ctrl Pts',(1225.,-5.04920829162853,-2.67757568118971));
#8852=CARTESIAN_POINT('Ctrl Pts',(0.,-5.62995929042949,-3.7039343242354));
#8853=CARTESIAN_POINT('Ctrl Pts',(1225.,-5.62995929042949,-3.7039343242354));
#8854=CARTESIAN_POINT('Ctrl Pts',(0.,-6.50869119246112,-5.25691328498143));
#8855=CARTESIAN_POINT('Ctrl Pts',(1225.,-6.50869119246112,-5.25691328498143));
#8856=CARTESIAN_POINT('Ctrl Pts',(0.,-6.98452737123054,-6.52519490659061));
#8857=CARTESIAN_POINT('Ctrl Pts',(1225.,-6.98452737123054,-6.52519490659061));
#8858=CARTESIAN_POINT('Ctrl Pts',(0.,-7.45795789813056,-8.18837961254933));
#8859=CARTESIAN_POINT('Ctrl Pts',(1225.,-7.45795789813056,-8.18837961254933));
#8860=CARTESIAN_POINT('Ctrl Pts',(0.,-7.80915107320493,-9.42213849465062));
#8861=CARTESIAN_POINT('Ctrl Pts',(1225.,-7.80915107320493,-9.42213849465062));
#8862=CARTESIAN_POINT('Ctrl Pts',(0.,-8.16281048658289,-10.9062803450111));
#8863=CARTESIAN_POINT('Ctrl Pts',(1225.,-8.16281048658289,-10.9062803450111));
#8864=CARTESIAN_POINT('Ctrl Pts',(0.,-8.5088331427332,-12.5620858766878));
#8865=CARTESIAN_POINT('Ctrl Pts',(1225.,-8.5088331427332,-12.5620858766878));
#8866=CARTESIAN_POINT('Ctrl Pts',(0.,-8.92703968304426,-14.5633094686182));
#8867=CARTESIAN_POINT('Ctrl Pts',(1225.,-8.92703968304426,-14.5633094686182));
#8868=CARTESIAN_POINT('Ctrl Pts',(0.,-9.29222426624794,-16.7147438408401));
#8869=CARTESIAN_POINT('Ctrl Pts',(1225.,-9.29222426624794,-16.7147438408401));
#8870=CARTESIAN_POINT('Ctrl Pts',(0.,-9.53249605661105,-18.6897802552453));
#8871=CARTESIAN_POINT('Ctrl Pts',(1225.,-9.53249605661105,-18.6897802552453));
#8872=CARTESIAN_POINT('Ctrl Pts',(0.,-9.82811471573831,-21.1197684601511));
#8873=CARTESIAN_POINT('Ctrl Pts',(1225.,-9.82811471573831,-21.1197684601511));
#8874=CARTESIAN_POINT('Ctrl Pts',(0.,-9.95930299145803,-23.2850669365717));
#8875=CARTESIAN_POINT('Ctrl Pts',(1225.,-9.95930299145803,-23.2850669365717));
#8876=CARTESIAN_POINT('Ctrl Pts',(0.,-10.0835784207001,-25.420868731127));
#8877=CARTESIAN_POINT('Ctrl Pts',(1225.,-10.0835784207001,-25.420868731127));
#8878=CARTESIAN_POINT('Ctrl Pts',(0.,-10.208374569364,-27.5656196275472));
#8879=CARTESIAN_POINT('Ctrl Pts',(1225.,-10.208374569364,-27.5656196275472));
#8880=CARTESIAN_POINT('Ctrl Pts',(0.,-10.3271132551333,-29.7141098741164));
#8881=CARTESIAN_POINT('Ctrl Pts',(1225.,-10.3271132551333,-29.7141098741164));
#8882=CARTESIAN_POINT('Ctrl Pts',(0.,-10.4168292977502,-32.3359415182742));
#8883=CARTESIAN_POINT('Ctrl Pts',(1225.,-10.4168292977502,-32.3359415182742));
#8884=CARTESIAN_POINT('Ctrl Pts',(0.,-10.496517900992,-34.6647346255466));
#8885=CARTESIAN_POINT('Ctrl Pts',(1225.,-10.496517900992,-34.6647346255466));
#8886=CARTESIAN_POINT('Ctrl Pts',(0.,-10.5453491662462,-37.3842197129925));
#8887=CARTESIAN_POINT('Ctrl Pts',(1225.,-10.5453491662462,-37.3842197129925));
#8888=CARTESIAN_POINT('Ctrl Pts',(0.,-10.5567184668163,-40.3747655948601));
#8889=CARTESIAN_POINT('Ctrl Pts',(1225.,-10.5567184668163,-40.3747655948601));
#8890=CARTESIAN_POINT('Ctrl Pts',(0.,-10.5691291041451,-43.639221497478));
#8891=CARTESIAN_POINT('Ctrl Pts',(1225.,-10.5691291041451,-43.639221497478));
#8892=CARTESIAN_POINT('Ctrl Pts',(0.,-10.5413063919209,-47.1419161838244));
#8893=CARTESIAN_POINT('Ctrl Pts',(1225.,-10.5413063919209,-47.1419161838244));
#8894=CARTESIAN_POINT('Ctrl Pts',(0.,-10.4899268024003,-50.4659767145986));
#8895=CARTESIAN_POINT('Ctrl Pts',(1225.,-10.4899268024003,-50.4659767145986));
#8896=CARTESIAN_POINT('Ctrl Pts',(0.,-10.4350634578063,-54.0154227115953));
#8897=CARTESIAN_POINT('Ctrl Pts',(1225.,-10.4350634578063,-54.0154227115953));
#8898=CARTESIAN_POINT('Ctrl Pts',(0.,-10.3533825376738,-57.3580562724725));
#8899=CARTESIAN_POINT('Ctrl Pts',(1225.,-10.3533825376738,-57.3580562724725));
#8900=CARTESIAN_POINT('Ctrl Pts',(0.,-10.2436227832659,-60.6630883479374));
#8901=CARTESIAN_POINT('Ctrl Pts',(1225.,-10.2436227832659,-60.6630883479374));
#8902=CARTESIAN_POINT('Ctrl Pts',(0.,-10.1234039631537,-64.28305869762));
#8903=CARTESIAN_POINT('Ctrl Pts',(1225.,-10.1234039631537,-64.28305869762));
#8904=CARTESIAN_POINT('Ctrl Pts',(0.,-9.96566888980196,-67.9428843302242));
#8905=CARTESIAN_POINT('Ctrl Pts',(1225.,-9.96566888980196,-67.9428843302242));
#8906=CARTESIAN_POINT('Ctrl Pts',(0.,-9.78769903885232,-71.6861689798571));
#8907=CARTESIAN_POINT('Ctrl Pts',(1225.,-9.78769903885232,-71.6861689798571));
#8908=CARTESIAN_POINT('Ctrl Pts',(0.,-9.61235291857214,-75.374268042227));
#8909=CARTESIAN_POINT('Ctrl Pts',(1225.,-9.61235291857214,-75.374268042227));
#8910=CARTESIAN_POINT('Ctrl Pts',(0.,-9.42280943272666,-79.0679769272214));
#8911=CARTESIAN_POINT('Ctrl Pts',(1225.,-9.42280943272666,-79.0679769272214));
#8912=CARTESIAN_POINT('Ctrl Pts',(0.,-9.24631658194429,-82.5986598322442));
#8913=CARTESIAN_POINT('Ctrl Pts',(1225.,-9.24631658194429,-82.5986598322442));
#8914=CARTESIAN_POINT('Ctrl Pts',(0.,-9.07456226615854,-86.0345498635996));
#8915=CARTESIAN_POINT('Ctrl Pts',(1225.,-9.07456226615854,-86.0345498635996));
#8916=CARTESIAN_POINT('Ctrl Pts',(0.,-8.91524349800121,-89.3146667753454));
#8917=CARTESIAN_POINT('Ctrl Pts',(1225.,-8.91524349800121,-89.3146667753454));
#8918=CARTESIAN_POINT('Ctrl Pts',(0.,-8.74768111714699,-92.8611323862562));
#8919=CARTESIAN_POINT('Ctrl Pts',(1225.,-8.74768111714699,-92.8611323862562));
#8920=CARTESIAN_POINT('Ctrl Pts',(0.,-8.59296566520854,-96.1356921470988));
#8921=CARTESIAN_POINT('Ctrl Pts',(1225.,-8.59296566520854,-96.1356921470988));
#8922=CARTESIAN_POINT('Ctrl Pts',(0.,-8.42544482084551,-99.7193573273208));
#8923=CARTESIAN_POINT('Ctrl Pts',(1225.,-8.42544482084551,-99.7193573273208));
#8924=CARTESIAN_POINT('Ctrl Pts',(0.,-8.23169597836005,-103.842908235994));
#8925=CARTESIAN_POINT('Ctrl Pts',(1225.,-8.23169597836005,-103.842908235994));
#8926=CARTESIAN_POINT('Ctrl Pts',(0.,-8.03507724089976,-108.027539034898));
#8927=CARTESIAN_POINT('Ctrl Pts',(1225.,-8.03507724089976,-108.027539034898));
#8928=CARTESIAN_POINT('Ctrl Pts',(0.,-7.81136753745331,-112.769478691961));
#8929=CARTESIAN_POINT('Ctrl Pts',(1225.,-7.81136753745331,-112.769478691961));
#8930=CARTESIAN_POINT('Ctrl Pts',(0.,-7.5803171259152,-117.764951156563));
#8931=CARTESIAN_POINT('Ctrl Pts',(1225.,-7.5803171259152,-117.764951156563));
#8932=CARTESIAN_POINT('Ctrl Pts',(0.,-7.32524117460321,-123.279872695454));
#8933=CARTESIAN_POINT('Ctrl Pts',(1225.,-7.32524117460321,-123.279872695454));
#8934=CARTESIAN_POINT('Ctrl Pts',(0.,-7.06767427090638,-129.006740293276));
#8935=CARTESIAN_POINT('Ctrl Pts',(1225.,-7.06767427090638,-129.006740293276));
#8936=CARTESIAN_POINT('Ctrl Pts',(0.,-6.83363640470257,-134.498020877974));
#8937=CARTESIAN_POINT('Ctrl Pts',(1225.,-6.83363640470257,-134.498020877974));
#8938=CARTESIAN_POINT('Ctrl Pts',(0.,-6.59265951963939,-140.152113148479));
#8939=CARTESIAN_POINT('Ctrl Pts',(1225.,-6.59265951963939,-140.152113148479));
#8940=CARTESIAN_POINT('Ctrl Pts',(0.,-6.37679820952985,-145.554014377455));
#8941=CARTESIAN_POINT('Ctrl Pts',(1225.,-6.37679820952985,-145.554014377455));
#8942=CARTESIAN_POINT('Ctrl Pts',(0.,-6.17309596437536,-150.787240520137));
#8943=CARTESIAN_POINT('Ctrl Pts',(1225.,-6.17309596437536,-150.787240520137));
#8944=CARTESIAN_POINT('Ctrl Pts',(0.,-5.9117217209245,-157.502092989304));
#8945=CARTESIAN_POINT('Ctrl Pts',(1225.,-5.9117217209245,-157.502092989304));
#8946=CARTESIAN_POINT('Ctrl Pts',(0.,-5.66036526765554,-164.05466076515));
#8947=CARTESIAN_POINT('Ctrl Pts',(1225.,-5.66036526765554,-164.05466076515));
#8948=CARTESIAN_POINT('Ctrl Pts',(0.,-5.39143620730885,-170.789192751243));
#8949=CARTESIAN_POINT('Ctrl Pts',(1225.,-5.39143620730885,-170.789192751243));
#8950=CARTESIAN_POINT('Ctrl Pts',(0.,-4.88319761797292,-183.516523267466));
#8951=CARTESIAN_POINT('Ctrl Pts',(1225.,-4.88319761797292,-183.516523267466));
#8952=CARTESIAN_POINT('Ctrl Pts',(0.,-4.32563870188783,-196.863684864685));
#8953=CARTESIAN_POINT('Ctrl Pts',(1225.,-4.32563870188783,-196.863684864685));
#8954=CARTESIAN_POINT('Ctrl Pts',(0.,-3.85435836649862,-209.91459087866));
#8955=CARTESIAN_POINT('Ctrl Pts',(1225.,-3.85435836649862,-209.91459087866));
#8956=CARTESIAN_POINT('Ctrl Pts',(0.,-3.57560841166123,-217.633859409095));
#8957=CARTESIAN_POINT('Ctrl Pts',(1225.,-3.57560841166123,-217.633859409095));
#8958=CARTESIAN_POINT('Ctrl Pts',(0.,-3.32213215567251,-225.218062980228));
#8959=CARTESIAN_POINT('Ctrl Pts',(1225.,-3.32213215567251,-225.218062980228));
#8960=CARTESIAN_POINT('Ctrl Pts',(0.,-3.09303406722703,-232.70048028873));
#8961=CARTESIAN_POINT('Ctrl Pts',(1225.,-3.09303406722703,-232.70048028873));
#8962=CARTESIAN_POINT('Ctrl Pts',(0.,-2.86206063676929,-240.24414687097));
#8963=CARTESIAN_POINT('Ctrl Pts',(1225.,-2.86206063676929,-240.24414687097));
#8964=CARTESIAN_POINT('Ctrl Pts',(0.,-2.65569095746709,-247.709801324637));
#8965=CARTESIAN_POINT('Ctrl Pts',(1225.,-2.65569095746709,-247.709801324637));
#8966=CARTESIAN_POINT('Ctrl Pts',(0.,-2.47178042305099,-255.595879477262));
#8967=CARTESIAN_POINT('Ctrl Pts',(1225.,-2.47178042305099,-255.595879477262));
#8968=CARTESIAN_POINT('Ctrl Pts',(0.,-2.33786184367721,-261.338304109887));
#8969=CARTESIAN_POINT('Ctrl Pts',(1225.,-2.33786184367721,-261.338304109887));
#8970=CARTESIAN_POINT('Ctrl Pts',(0.,-2.21579055251006,-267.323235086538));
#8971=CARTESIAN_POINT('Ctrl Pts',(1225.,-2.21579055251006,-267.323235086538));
#8972=CARTESIAN_POINT('Ctrl Pts',(0.,-2.10678708761589,-273.292573938378));
#8973=CARTESIAN_POINT('Ctrl Pts',(1225.,-2.10678708761589,-273.292573938378));
#8974=CARTESIAN_POINT('Ctrl Pts',(0.,-1.99225615862342,-279.564612399137));
#8975=CARTESIAN_POINT('Ctrl Pts',(1225.,-1.99225615862342,-279.564612399137));
#8976=CARTESIAN_POINT('Ctrl Pts',(0.,-1.89254338472366,-285.751019774802));
#8977=CARTESIAN_POINT('Ctrl Pts',(1225.,-1.89254338472366,-285.751019774802));
#8978=CARTESIAN_POINT('Ctrl Pts',(0.,-1.81006538599216,-291.236500865511));
#8979=CARTESIAN_POINT('Ctrl Pts',(1225.,-1.81006538599216,-291.236500865511));
#8980=CARTESIAN_POINT('Ctrl Pts',(0.,-1.73417952115068,-296.28354956992));
#8981=CARTESIAN_POINT('Ctrl Pts',(1225.,-1.73417952115068,-296.28354956992));
#8982=CARTESIAN_POINT('Ctrl Pts',(0.,-1.67287628521993,-300.736992881512));
#8983=CARTESIAN_POINT('Ctrl Pts',(1225.,-1.67287628521993,-300.736992881512));
#8984=CARTESIAN_POINT('Ctrl Pts',(0.,-1.62452955962636,-304.633886879576));
#8985=CARTESIAN_POINT('Ctrl Pts',(1225.,-1.62452955962636,-304.633886879576));
#8986=CARTESIAN_POINT('Ctrl Pts',(0.,-1.57620470674339,-308.529017870245));
#8987=CARTESIAN_POINT('Ctrl Pts',(1225.,-1.57620470674339,-308.529017870245));
#8988=CARTESIAN_POINT('Ctrl Pts',(0.,-1.54082496468682,-311.868037269723));
#8989=CARTESIAN_POINT('Ctrl Pts',(1225.,-1.54082496468682,-311.868037269723));
#8990=CARTESIAN_POINT('Ctrl Pts',(0.,-1.51327139158914,-315.206035028316));
#8991=CARTESIAN_POINT('Ctrl Pts',(1225.,-1.51327139158914,-315.206035028316));
#8992=CARTESIAN_POINT('Ctrl Pts',(0.,-1.48567769396572,-318.548893701917));
#8993=CARTESIAN_POINT('Ctrl Pts',(1225.,-1.48567769396572,-318.548893701917));
#8994=CARTESIAN_POINT('Ctrl Pts',(0.,-1.4659317218211,-321.890844216217));
#8995=CARTESIAN_POINT('Ctrl Pts',(1225.,-1.4659317218211,-321.890844216217));
#8996=CARTESIAN_POINT('Ctrl Pts',(0.,-1.44539853085085,-326.30957263989));
#8997=CARTESIAN_POINT('Ctrl Pts',(1225.,-1.44539853085085,-326.30957263989));
#8998=CARTESIAN_POINT('Ctrl Pts',(0.,-1.44006409373111,-327.457539799962));
#8999=CARTESIAN_POINT('Ctrl Pts',(1225.,-1.44006409373111,-327.457539799962));
#9000=CARTESIAN_POINT('Ctrl Pts',(0.,-1.4346582122423,-328.68090153066));
#9001=CARTESIAN_POINT('Ctrl Pts',(1225.,-1.4346582122423,-328.68090153066));
#9002=CARTESIAN_POINT('Ctrl Pts',(0.,-1.42899083021269,-330.004282463138));
#9003=CARTESIAN_POINT('Ctrl Pts',(1225.,-1.42899083021269,-330.004282463138));
#9004=CARTESIAN_POINT('Ctrl Pts',(245.,-1.42899083021269,-330.004282463138));
#9005=CARTESIAN_POINT('Ctrl Pts',(490.,-1.42899083021269,-330.004282463138));
#9006=CARTESIAN_POINT('Origin',(612.5,-0.429,-330.));
#9007=CARTESIAN_POINT('',(450.980446575946,-0.75,-330.001374683273));
#9008=CARTESIAN_POINT('Origin',(289.460893151893,-0.75,-325.15429917264));
#9009=CARTESIAN_POINT('Origin',(500.0003695967,0.,-330.002569477395));
#9010=CARTESIAN_POINT('Origin',(247.,17.8389322104712,-119.375));
#9011=CARTESIAN_POINT('',(247.,15.7139322104712,-119.375));
#9012=CARTESIAN_POINT('Origin',(247.,17.8389322104712,-119.375));
#9013=CARTESIAN_POINT('Origin',(245.,17.8389322104712,-119.375));
#9014=CARTESIAN_POINT('',(245.,15.7139322104712,-119.375));
#9015=CARTESIAN_POINT('Ctrl Pts',(0.,0.692436863172455,-330.));
#9016=CARTESIAN_POINT('Ctrl Pts',(1225.,0.692436863172455,-330.));
#9017=CARTESIAN_POINT('Ctrl Pts',(0.,5.36729010756762,-315.060779002508));
#9018=CARTESIAN_POINT('Ctrl Pts',(1225.,5.36729010756762,-315.060779002508));
#9019=CARTESIAN_POINT('Ctrl Pts',(0.,7.73616191059256,-309.282020228319));
#9020=CARTESIAN_POINT('Ctrl Pts',(1225.,7.73616191059256,-309.282020228319));
#9021=CARTESIAN_POINT('Ctrl Pts',(0.,15.7980112916491,-269.263660760413));
#9022=CARTESIAN_POINT('Ctrl Pts',(1225.,15.7980112916491,-269.263660760413));
#9023=CARTESIAN_POINT('Ctrl Pts',(0.,22.1706115435568,-230.911398635869));
#9024=CARTESIAN_POINT('Ctrl Pts',(1225.,22.1706115435568,-230.911398635869));
#9025=CARTESIAN_POINT('Ctrl Pts',(0.,27.2402918752549,-198.214185048207));
#9026=CARTESIAN_POINT('Ctrl Pts',(1225.,27.2402918752549,-198.214185048207));
#9027=CARTESIAN_POINT('Ctrl Pts',(0.,30.4361456778927,-164.898177192353));
#9028=CARTESIAN_POINT('Ctrl Pts',(1225.,30.4361456778927,-164.898177192353));
#9029=CARTESIAN_POINT('Ctrl Pts',(0.,32.7767416046338,-136.57512421457));
#9030=CARTESIAN_POINT('Ctrl Pts',(1225.,32.7767416046338,-136.57512421457));
#9031=CARTESIAN_POINT('Ctrl Pts',(0.,32.572174307517,-100.31120637567));
#9032=CARTESIAN_POINT('Ctrl Pts',(1225.,32.572174307517,-100.31120637567));
#9033=CARTESIAN_POINT('Ctrl Pts',(0.,31.4787146600278,-85.1197339869532));
#9034=CARTESIAN_POINT('Ctrl Pts',(1225.,31.4787146600278,-85.1197339869532));
#9035=CARTESIAN_POINT('Ctrl Pts',(0.,29.2161090680932,-65.9844229593376));
#9036=CARTESIAN_POINT('Ctrl Pts',(1225.,29.2161090680932,-65.9844229593376));
#9037=CARTESIAN_POINT('Ctrl Pts',(0.,26.7661902336552,-51.5393720618797));
#9038=CARTESIAN_POINT('Ctrl Pts',(1225.,26.7661902336552,-51.5393720618797));
#9039=CARTESIAN_POINT('Ctrl Pts',(0.,22.2069184142093,-33.7095873785944));
#9040=CARTESIAN_POINT('Ctrl Pts',(1225.,22.2069184142093,-33.7095873785944));
#9041=CARTESIAN_POINT('Ctrl Pts',(0.,19.3158500368011,-25.6495689043505));
#9042=CARTESIAN_POINT('Ctrl Pts',(1225.,19.3158500368011,-25.6495689043505));
#9043=CARTESIAN_POINT('Ctrl Pts',(0.,16.4902069465223,-17.4700986677718));
#9044=CARTESIAN_POINT('Ctrl Pts',(1225.,16.4902069465223,-17.4700986677718));
#9045=CARTESIAN_POINT('Ctrl Pts',(0.,10.7156213917761,-7.517737344979));
#9046=CARTESIAN_POINT('Ctrl Pts',(1225.,10.7156213917761,-7.517737344979));
#9047=CARTESIAN_POINT('Ctrl Pts',(0.,9.59210666071061,-5.06402799233127));
#9048=CARTESIAN_POINT('Ctrl Pts',(1225.,9.59210666071061,-5.06402799233127));
#9049=CARTESIAN_POINT('Ctrl Pts',(0.,-0.302237819680045,3.33162846574542));
#9050=CARTESIAN_POINT('Ctrl Pts',(1225.,-0.302237819680045,3.33162846574542));
#9051=CARTESIAN_POINT('Ctrl Pts',(0.,-5.37497260826862,-4.87193710665857));
#9052=CARTESIAN_POINT('Ctrl Pts',(1225.,-5.37497260826862,-4.87193710665857));
#9053=CARTESIAN_POINT('Ctrl Pts',(0.,-6.46637703842694,-7.76012590636975));
#9054=CARTESIAN_POINT('Ctrl Pts',(1225.,-6.46637703842694,-7.76012590636975));
#9055=CARTESIAN_POINT('Ctrl Pts',(0.,-8.72369290817783,-17.7139508712063));
#9056=CARTESIAN_POINT('Ctrl Pts',(1225.,-8.72369290817783,-17.7139508712063));
#9057=CARTESIAN_POINT('Ctrl Pts',(0.,-9.05735289519721,-25.7605611516216));
#9058=CARTESIAN_POINT('Ctrl Pts',(1225.,-9.05735289519721,-25.7605611516216));
#9059=CARTESIAN_POINT('Ctrl Pts',(0.,-9.65183932786034,-33.8874038470446));
#9060=CARTESIAN_POINT('Ctrl Pts',(1225.,-9.65183932786034,-33.8874038470446));
#9061=CARTESIAN_POINT('Ctrl Pts',(0.,-9.54958439734114,-51.7302428410842));
#9062=CARTESIAN_POINT('Ctrl Pts',(1225.,-9.54958439734114,-51.7302428410842));
#9063=CARTESIAN_POINT('Ctrl Pts',(0.,-9.12188646984469,-66.089055457432));
#9064=CARTESIAN_POINT('Ctrl Pts',(1225.,-9.12188646984469,-66.089055457432));
#9065=CARTESIAN_POINT('Ctrl Pts',(0.,-8.0807090947879,-85.1902133730808));
#9066=CARTESIAN_POINT('Ctrl Pts',(1225.,-8.0807090947879,-85.1902133730808));
#9067=CARTESIAN_POINT('Ctrl Pts',(0.,-7.41482789593825,-100.342950195034));
#9068=CARTESIAN_POINT('Ctrl Pts',(1225.,-7.41482789593825,-100.342950195034));
#9069=CARTESIAN_POINT('Ctrl Pts',(0.,-5.65487802201598,-136.527375623599));
#9070=CARTESIAN_POINT('Ctrl Pts',(1225.,-5.65487802201598,-136.527375623599));
#9071=CARTESIAN_POINT('Ctrl Pts',(0.,-4.681813072762,-164.837141179113));
#9072=CARTESIAN_POINT('Ctrl Pts',(1225.,-4.681813072762,-164.837141179113));
#9073=CARTESIAN_POINT('Ctrl Pts',(0.,-3.23576762517493,-198.076224064099));
#9074=CARTESIAN_POINT('Ctrl Pts',(1225.,-3.23576762517493,-198.076224064099));
#9075=CARTESIAN_POINT('Ctrl Pts',(0.,-2.10280368750388,-230.910800461435));
#9076=CARTESIAN_POINT('Ctrl Pts',(1225.,-2.10280368750388,-230.910800461435));
#9077=CARTESIAN_POINT('Ctrl Pts',(0.,-1.0506280543582,-268.755665480008));
#9078=CARTESIAN_POINT('Ctrl Pts',(1225.,-1.0506280543582,-268.755665480008));
#9079=CARTESIAN_POINT('Ctrl Pts',(0.,-0.545054891565593,-309.707874258144));
#9080=CARTESIAN_POINT('Ctrl Pts',(1225.,-0.545054891565593,-309.707874258144));
#9081=CARTESIAN_POINT('Ctrl Pts',(0.,-0.494719603944063,-314.653924811271));
#9082=CARTESIAN_POINT('Ctrl Pts',(1225.,-0.494719603944063,-314.653924811271));
#9083=CARTESIAN_POINT('Ctrl Pts',(0.,-0.428999999999996,-330.));
#9084=CARTESIAN_POINT('Ctrl Pts',(1225.,-0.428999999999996,-330.));
#9085=CARTESIAN_POINT('',(452.238638214415,30.8173067195324,-159.218439501447));
#9086=CARTESIAN_POINT('',(488.25,27.8827047545562,-189.435559893923));
#9087=CARTESIAN_POINT('Ctrl Pts',(452.238638214415,30.8173067195324,-159.218439501447));
#9088=CARTESIAN_POINT('Ctrl Pts',(460.357233093124,30.2637690196627,-166.030749469849));
#9089=CARTESIAN_POINT('Ctrl Pts',(469.430321572188,29.5506307714812,-173.643974666271));
#9090=CARTESIAN_POINT('Ctrl Pts',(481.113767895759,28.5446175459698,-183.447550167259));
#9091=CARTESIAN_POINT('Ctrl Pts',(484.726227460008,28.2180451100371,-186.478763655263));
#9092=CARTESIAN_POINT('Ctrl Pts',(488.25,27.8827047545562,-189.435559893923));
#9093=CARTESIAN_POINT('',(488.25,32.411756068165,-129.001319108971));
#9094=CARTESIAN_POINT('Ctrl Pts',(488.25,27.8827047545562,-189.435559893923));
#9095=CARTESIAN_POINT('Ctrl Pts',(488.25,29.0059885522606,-179.531230594704));
#9096=CARTESIAN_POINT('Ctrl Pts',(488.25,30.0366467008652,-168.769658776779));
#9097=CARTESIAN_POINT('Ctrl Pts',(488.25,31.6698279841315,-148.790311971723));
#9098=CARTESIAN_POINT('Ctrl Pts',(488.25,32.1893275511982,-139.628786862666));
#9099=CARTESIAN_POINT('Ctrl Pts',(488.25,32.411756068165,-129.001319108971));
#9100=CARTESIAN_POINT('Ctrl Pts',(488.25,32.411756068165,-129.001319108971));
#9101=CARTESIAN_POINT('Ctrl Pts',(486.390675235011,32.3791025895212,-130.561477833512));
#9102=CARTESIAN_POINT('Ctrl Pts',(484.546133781103,32.3394755698058,-132.109231887177));
#9103=CARTESIAN_POINT('Ctrl Pts',(477.49087528832,32.1596127367542,-138.029296686332));
#9104=CARTESIAN_POINT('Ctrl Pts',(472.338714524518,31.9671231258889,-142.352472884151));
#9105=CARTESIAN_POINT('Ctrl Pts',(462.094210523828,31.4556445559357,-150.948632412725));
#9106=CARTESIAN_POINT('Ctrl Pts',(457.124538621393,31.1504345715162,-155.118682271983));
#9107=CARTESIAN_POINT('Ctrl Pts',(452.238638214415,30.8173067195324,-159.218439501447));
#9108=CARTESIAN_POINT('Origin',(452.238638214415,0.,-159.218439501447));
#9109=CARTESIAN_POINT('',(452.238638214415,-4.84563363629416,-159.218439501447));
#9110=CARTESIAN_POINT('',(452.238638214415,0.,-159.218439501447));
#9111=CARTESIAN_POINT('',(488.25,-3.63783516794011,-189.435559893923));
#9112=CARTESIAN_POINT('Ctrl Pts',(488.25,-3.63783516794011,-189.435559893923));
#9113=CARTESIAN_POINT('Ctrl Pts',(486.387774143252,-3.70043599726978,-187.872966864357));
#9114=CARTESIAN_POINT('Ctrl Pts',(484.450006449455,-3.76600957423459,-186.246986707185));
#9115=CARTESIAN_POINT('Ctrl Pts',(477.50152834815,-4.00204173144655,-180.416521295136));
#9116=CARTESIAN_POINT('Ctrl Pts',(472.447685769465,-4.17508142147033,-176.175843851308));
#9117=CARTESIAN_POINT('Ctrl Pts',(461.864653520805,-4.53050047994645,-167.29562539472));
#9118=CARTESIAN_POINT('Ctrl Pts',(457.647388580777,-4.66953644912009,-163.756919938992));
#9119=CARTESIAN_POINT('Ctrl Pts',(452.238638214415,-4.84563363629416,-159.218439501447));
#9120=CARTESIAN_POINT('',(488.25,0.,-189.435559893923));
#9121=CARTESIAN_POINT('Origin',(488.25,0.,-330.004282463138));
#9122=CARTESIAN_POINT('',(488.25,-6.07091346647422,-129.001319108971));
#9123=CARTESIAN_POINT('Ctrl Pts',(488.25,-6.07091346647422,-129.001319108971));
#9124=CARTESIAN_POINT('Ctrl Pts',(488.25,-5.56538746171235,-140.481955615528));
#9125=CARTESIAN_POINT('Ctrl Pts',(488.25,-5.17604596972323,-150.707510017894));
#9126=CARTESIAN_POINT('Ctrl Pts',(488.25,-4.19549693579162,-175.965273242871));
#9127=CARTESIAN_POINT('Ctrl Pts',(488.25,-3.94519684494919,-181.763437668179));
#9128=CARTESIAN_POINT('Ctrl Pts',(488.25,-3.63783516794012,-189.435559893923));
#9129=CARTESIAN_POINT('',(488.25,0.,-129.001319108971));
#9130=CARTESIAN_POINT('Origin',(574.516121517409,0.,-56.6154483606186));
#9131=CARTESIAN_POINT('Ctrl Pts',(452.238638214415,-4.84563363629416,-159.218439501447));
#9132=CARTESIAN_POINT('Ctrl Pts',(458.322816857253,-5.04372130399863,-154.113207446225));
#9133=CARTESIAN_POINT('Ctrl Pts',(463.18667357377,-5.1998066817372,-150.031947092152));
#9134=CARTESIAN_POINT('Ctrl Pts',(475.637912714915,-5.61545382222674,-139.584116921117));
#9135=CARTESIAN_POINT('Ctrl Pts',(481.920456287913,-5.83704941565655,-134.312436903304));
#9136=CARTESIAN_POINT('Ctrl Pts',(488.25,-6.07091346647422,-129.001319108971));
#9137=CARTESIAN_POINT('Ctrl Pts',(0.,0.692436863172455,-330.));
#9138=CARTESIAN_POINT('Ctrl Pts',(1225.,0.692436863172455,-330.));
#9139=CARTESIAN_POINT('Ctrl Pts',(0.,5.36729010756762,-315.060779002508));
#9140=CARTESIAN_POINT('Ctrl Pts',(1225.,5.36729010756762,-315.060779002508));
#9141=CARTESIAN_POINT('Ctrl Pts',(0.,7.73616191059256,-309.282020228319));
#9142=CARTESIAN_POINT('Ctrl Pts',(1225.,7.73616191059256,-309.282020228319));
#9143=CARTESIAN_POINT('Ctrl Pts',(0.,15.7980112916491,-269.263660760413));
#9144=CARTESIAN_POINT('Ctrl Pts',(1225.,15.7980112916491,-269.263660760413));
#9145=CARTESIAN_POINT('Ctrl Pts',(0.,22.1706115435568,-230.911398635869));
#9146=CARTESIAN_POINT('Ctrl Pts',(1225.,22.1706115435568,-230.911398635869));
#9147=CARTESIAN_POINT('Ctrl Pts',(0.,27.2402918752549,-198.214185048207));
#9148=CARTESIAN_POINT('Ctrl Pts',(1225.,27.2402918752549,-198.214185048207));
#9149=CARTESIAN_POINT('Ctrl Pts',(0.,30.4361456778927,-164.898177192353));
#9150=CARTESIAN_POINT('Ctrl Pts',(1225.,30.4361456778927,-164.898177192353));
#9151=CARTESIAN_POINT('Ctrl Pts',(0.,32.7767416046338,-136.57512421457));
#9152=CARTESIAN_POINT('Ctrl Pts',(1225.,32.7767416046338,-136.57512421457));
#9153=CARTESIAN_POINT('Ctrl Pts',(0.,32.572174307517,-100.31120637567));
#9154=CARTESIAN_POINT('Ctrl Pts',(1225.,32.572174307517,-100.31120637567));
#9155=CARTESIAN_POINT('Ctrl Pts',(0.,31.4787146600278,-85.1197339869532));
#9156=CARTESIAN_POINT('Ctrl Pts',(1225.,31.4787146600278,-85.1197339869532));
#9157=CARTESIAN_POINT('Ctrl Pts',(0.,29.2161090680932,-65.9844229593376));
#9158=CARTESIAN_POINT('Ctrl Pts',(1225.,29.2161090680932,-65.9844229593376));
#9159=CARTESIAN_POINT('Ctrl Pts',(0.,26.7661902336552,-51.5393720618797));
#9160=CARTESIAN_POINT('Ctrl Pts',(1225.,26.7661902336552,-51.5393720618797));
#9161=CARTESIAN_POINT('Ctrl Pts',(0.,22.2069184142093,-33.7095873785944));
#9162=CARTESIAN_POINT('Ctrl Pts',(1225.,22.2069184142093,-33.7095873785944));
#9163=CARTESIAN_POINT('Ctrl Pts',(0.,19.3158500368011,-25.6495689043505));
#9164=CARTESIAN_POINT('Ctrl Pts',(1225.,19.3158500368011,-25.6495689043505));
#9165=CARTESIAN_POINT('Ctrl Pts',(0.,16.4902069465223,-17.4700986677718));
#9166=CARTESIAN_POINT('Ctrl Pts',(1225.,16.4902069465223,-17.4700986677718));
#9167=CARTESIAN_POINT('Ctrl Pts',(0.,10.7156213917761,-7.517737344979));
#9168=CARTESIAN_POINT('Ctrl Pts',(1225.,10.7156213917761,-7.517737344979));
#9169=CARTESIAN_POINT('Ctrl Pts',(0.,9.59210666071061,-5.06402799233127));
#9170=CARTESIAN_POINT('Ctrl Pts',(1225.,9.59210666071061,-5.06402799233127));
#9171=CARTESIAN_POINT('Ctrl Pts',(0.,-0.302237819680045,3.33162846574542));
#9172=CARTESIAN_POINT('Ctrl Pts',(1225.,-0.302237819680045,3.33162846574542));
#9173=CARTESIAN_POINT('Ctrl Pts',(0.,-5.37497260826862,-4.87193710665857));
#9174=CARTESIAN_POINT('Ctrl Pts',(1225.,-5.37497260826862,-4.87193710665857));
#9175=CARTESIAN_POINT('Ctrl Pts',(0.,-6.46637703842694,-7.76012590636975));
#9176=CARTESIAN_POINT('Ctrl Pts',(1225.,-6.46637703842694,-7.76012590636975));
#9177=CARTESIAN_POINT('Ctrl Pts',(0.,-8.72369290817783,-17.7139508712063));
#9178=CARTESIAN_POINT('Ctrl Pts',(1225.,-8.72369290817783,-17.7139508712063));
#9179=CARTESIAN_POINT('Ctrl Pts',(0.,-9.05735289519721,-25.7605611516216));
#9180=CARTESIAN_POINT('Ctrl Pts',(1225.,-9.05735289519721,-25.7605611516216));
#9181=CARTESIAN_POINT('Ctrl Pts',(0.,-9.65183932786034,-33.8874038470446));
#9182=CARTESIAN_POINT('Ctrl Pts',(1225.,-9.65183932786034,-33.8874038470446));
#9183=CARTESIAN_POINT('Ctrl Pts',(0.,-9.54958439734114,-51.7302428410842));
#9184=CARTESIAN_POINT('Ctrl Pts',(1225.,-9.54958439734114,-51.7302428410842));
#9185=CARTESIAN_POINT('Ctrl Pts',(0.,-9.12188646984469,-66.089055457432));
#9186=CARTESIAN_POINT('Ctrl Pts',(1225.,-9.12188646984469,-66.089055457432));
#9187=CARTESIAN_POINT('Ctrl Pts',(0.,-8.0807090947879,-85.1902133730808));
#9188=CARTESIAN_POINT('Ctrl Pts',(1225.,-8.0807090947879,-85.1902133730808));
#9189=CARTESIAN_POINT('Ctrl Pts',(0.,-7.41482789593825,-100.342950195034));
#9190=CARTESIAN_POINT('Ctrl Pts',(1225.,-7.41482789593825,-100.342950195034));
#9191=CARTESIAN_POINT('Ctrl Pts',(0.,-5.65487802201598,-136.527375623599));
#9192=CARTESIAN_POINT('Ctrl Pts',(1225.,-5.65487802201598,-136.527375623599));
#9193=CARTESIAN_POINT('Ctrl Pts',(0.,-4.681813072762,-164.837141179113));
#9194=CARTESIAN_POINT('Ctrl Pts',(1225.,-4.681813072762,-164.837141179113));
#9195=CARTESIAN_POINT('Ctrl Pts',(0.,-3.23576762517493,-198.076224064099));
#9196=CARTESIAN_POINT('Ctrl Pts',(1225.,-3.23576762517493,-198.076224064099));
#9197=CARTESIAN_POINT('Ctrl Pts',(0.,-2.10280368750388,-230.910800461435));
#9198=CARTESIAN_POINT('Ctrl Pts',(1225.,-2.10280368750388,-230.910800461435));
#9199=CARTESIAN_POINT('Ctrl Pts',(0.,-1.0506280543582,-268.755665480008));
#9200=CARTESIAN_POINT('Ctrl Pts',(1225.,-1.0506280543582,-268.755665480008));
#9201=CARTESIAN_POINT('Ctrl Pts',(0.,-0.545054891565593,-309.707874258144));
#9202=CARTESIAN_POINT('Ctrl Pts',(1225.,-0.545054891565593,-309.707874258144));
#9203=CARTESIAN_POINT('Ctrl Pts',(0.,-0.494719603944063,-314.653924811271));
#9204=CARTESIAN_POINT('Ctrl Pts',(1225.,-0.494719603944063,-314.653924811271));
#9205=CARTESIAN_POINT('Ctrl Pts',(0.,-0.428999999999996,-330.));
#9206=CARTESIAN_POINT('Ctrl Pts',(1225.,-0.428999999999996,-330.));
#9207=CARTESIAN_POINT('Origin',(321.793604820404,0.,-54.3309856042871));
#9208=CARTESIAN_POINT('',(321.793604820404,27.0577875914063,-54.3309856042871));
#9209=CARTESIAN_POINT('',(310.,24.8508895558945,-44.434976149236));
#9210=CARTESIAN_POINT('Ctrl Pts',(321.793604820404,27.0577875914063,-54.3309856042871));
#9211=CARTESIAN_POINT('Ctrl Pts',(317.978803191384,26.4204723535638,-51.1299869643628));
#9212=CARTESIAN_POINT('Ctrl Pts',(313.970634903105,25.6671306304848,-47.7667344319706));
#9213=CARTESIAN_POINT('Ctrl Pts',(310.,24.8508895558945,-44.4349761492361));
#9214=CARTESIAN_POINT('',(321.793604820404,-9.41760964782889,-54.3309856042871));
#9215=CARTESIAN_POINT('',(321.793604820404,0.,-54.3309856042871));
#9216=CARTESIAN_POINT('',(310.,-9.55287875258164,-44.434976149236));
#9217=CARTESIAN_POINT('Ctrl Pts',(310.,-9.55287875258163,-44.434976149236));
#9218=CARTESIAN_POINT('Ctrl Pts',(314.104244026221,-9.53501475323342,-47.8788457978995));
#9219=CARTESIAN_POINT('Ctrl Pts',(318.209667661074,-9.48357175543991,-51.3237052557314));
#9220=CARTESIAN_POINT('Ctrl Pts',(321.793604820404,-9.4176096478289,-54.3309856042871));
#9221=CARTESIAN_POINT('',(310.,0.,-44.434976149236));
#9222=CARTESIAN_POINT('Ctrl Pts',(0.,0.692436863172455,-330.));
#9223=CARTESIAN_POINT('Ctrl Pts',(1225.,0.692436863172455,-330.));
#9224=CARTESIAN_POINT('Ctrl Pts',(0.,5.36729010756762,-315.060779002508));
#9225=CARTESIAN_POINT('Ctrl Pts',(1225.,5.36729010756762,-315.060779002508));
#9226=CARTESIAN_POINT('Ctrl Pts',(0.,7.73616191059256,-309.282020228319));
#9227=CARTESIAN_POINT('Ctrl Pts',(1225.,7.73616191059256,-309.282020228319));
#9228=CARTESIAN_POINT('Ctrl Pts',(0.,15.7980112916491,-269.263660760413));
#9229=CARTESIAN_POINT('Ctrl Pts',(1225.,15.7980112916491,-269.263660760413));
#9230=CARTESIAN_POINT('Ctrl Pts',(0.,22.1706115435568,-230.911398635869));
#9231=CARTESIAN_POINT('Ctrl Pts',(1225.,22.1706115435568,-230.911398635869));
#9232=CARTESIAN_POINT('Ctrl Pts',(0.,27.2402918752549,-198.214185048207));
#9233=CARTESIAN_POINT('Ctrl Pts',(1225.,27.2402918752549,-198.214185048207));
#9234=CARTESIAN_POINT('Ctrl Pts',(0.,30.4361456778927,-164.898177192353));
#9235=CARTESIAN_POINT('Ctrl Pts',(1225.,30.4361456778927,-164.898177192353));
#9236=CARTESIAN_POINT('Ctrl Pts',(0.,32.7767416046338,-136.57512421457));
#9237=CARTESIAN_POINT('Ctrl Pts',(1225.,32.7767416046338,-136.57512421457));
#9238=CARTESIAN_POINT('Ctrl Pts',(0.,32.572174307517,-100.31120637567));
#9239=CARTESIAN_POINT('Ctrl Pts',(1225.,32.572174307517,-100.31120637567));
#9240=CARTESIAN_POINT('Ctrl Pts',(0.,31.4787146600278,-85.1197339869532));
#9241=CARTESIAN_POINT('Ctrl Pts',(1225.,31.4787146600278,-85.1197339869532));
#9242=CARTESIAN_POINT('Ctrl Pts',(0.,29.2161090680932,-65.9844229593376));
#9243=CARTESIAN_POINT('Ctrl Pts',(1225.,29.2161090680932,-65.9844229593376));
#9244=CARTESIAN_POINT('Ctrl Pts',(0.,26.7661902336552,-51.5393720618797));
#9245=CARTESIAN_POINT('Ctrl Pts',(1225.,26.7661902336552,-51.5393720618797));
#9246=CARTESIAN_POINT('Ctrl Pts',(0.,22.2069184142093,-33.7095873785944));
#9247=CARTESIAN_POINT('Ctrl Pts',(1225.,22.2069184142093,-33.7095873785944));
#9248=CARTESIAN_POINT('Ctrl Pts',(0.,19.3158500368011,-25.6495689043505));
#9249=CARTESIAN_POINT('Ctrl Pts',(1225.,19.3158500368011,-25.6495689043505));
#9250=CARTESIAN_POINT('Ctrl Pts',(0.,16.4902069465223,-17.4700986677718));
#9251=CARTESIAN_POINT('Ctrl Pts',(1225.,16.4902069465223,-17.4700986677718));
#9252=CARTESIAN_POINT('Ctrl Pts',(0.,10.7156213917761,-7.517737344979));
#9253=CARTESIAN_POINT('Ctrl Pts',(1225.,10.7156213917761,-7.517737344979));
#9254=CARTESIAN_POINT('Ctrl Pts',(0.,9.59210666071061,-5.06402799233127));
#9255=CARTESIAN_POINT('Ctrl Pts',(1225.,9.59210666071061,-5.06402799233127));
#9256=CARTESIAN_POINT('Ctrl Pts',(0.,-0.302237819680045,3.33162846574542));
#9257=CARTESIAN_POINT('Ctrl Pts',(1225.,-0.302237819680045,3.33162846574542));
#9258=CARTESIAN_POINT('Ctrl Pts',(0.,-5.37497260826862,-4.87193710665857));
#9259=CARTESIAN_POINT('Ctrl Pts',(1225.,-5.37497260826862,-4.87193710665857));
#9260=CARTESIAN_POINT('Ctrl Pts',(0.,-6.46637703842694,-7.76012590636975));
#9261=CARTESIAN_POINT('Ctrl Pts',(1225.,-6.46637703842694,-7.76012590636975));
#9262=CARTESIAN_POINT('Ctrl Pts',(0.,-8.72369290817783,-17.7139508712063));
#9263=CARTESIAN_POINT('Ctrl Pts',(1225.,-8.72369290817783,-17.7139508712063));
#9264=CARTESIAN_POINT('Ctrl Pts',(0.,-9.05735289519721,-25.7605611516216));
#9265=CARTESIAN_POINT('Ctrl Pts',(1225.,-9.05735289519721,-25.7605611516216));
#9266=CARTESIAN_POINT('Ctrl Pts',(0.,-9.65183932786034,-33.8874038470446));
#9267=CARTESIAN_POINT('Ctrl Pts',(1225.,-9.65183932786034,-33.8874038470446));
#9268=CARTESIAN_POINT('Ctrl Pts',(0.,-9.54958439734114,-51.7302428410842));
#9269=CARTESIAN_POINT('Ctrl Pts',(1225.,-9.54958439734114,-51.7302428410842));
#9270=CARTESIAN_POINT('Ctrl Pts',(0.,-9.12188646984469,-66.089055457432));
#9271=CARTESIAN_POINT('Ctrl Pts',(1225.,-9.12188646984469,-66.089055457432));
#9272=CARTESIAN_POINT('Ctrl Pts',(0.,-8.0807090947879,-85.1902133730808));
#9273=CARTESIAN_POINT('Ctrl Pts',(1225.,-8.0807090947879,-85.1902133730808));
#9274=CARTESIAN_POINT('Ctrl Pts',(0.,-7.41482789593825,-100.342950195034));
#9275=CARTESIAN_POINT('Ctrl Pts',(1225.,-7.41482789593825,-100.342950195034));
#9276=CARTESIAN_POINT('Ctrl Pts',(0.,-5.65487802201598,-136.527375623599));
#9277=CARTESIAN_POINT('Ctrl Pts',(1225.,-5.65487802201598,-136.527375623599));
#9278=CARTESIAN_POINT('Ctrl Pts',(0.,-4.681813072762,-164.837141179113));
#9279=CARTESIAN_POINT('Ctrl Pts',(1225.,-4.681813072762,-164.837141179113));
#9280=CARTESIAN_POINT('Ctrl Pts',(0.,-3.23576762517493,-198.076224064099));
#9281=CARTESIAN_POINT('Ctrl Pts',(1225.,-3.23576762517493,-198.076224064099));
#9282=CARTESIAN_POINT('Ctrl Pts',(0.,-2.10280368750388,-230.910800461435));
#9283=CARTESIAN_POINT('Ctrl Pts',(1225.,-2.10280368750388,-230.910800461435));
#9284=CARTESIAN_POINT('Ctrl Pts',(0.,-1.0506280543582,-268.755665480008));
#9285=CARTESIAN_POINT('Ctrl Pts',(1225.,-1.0506280543582,-268.755665480008));
#9286=CARTESIAN_POINT('Ctrl Pts',(0.,-0.545054891565593,-309.707874258144));
#9287=CARTESIAN_POINT('Ctrl Pts',(1225.,-0.545054891565593,-309.707874258144));
#9288=CARTESIAN_POINT('Ctrl Pts',(0.,-0.494719603944063,-314.653924811271));
#9289=CARTESIAN_POINT('Ctrl Pts',(1225.,-0.494719603944063,-314.653924811271));
#9290=CARTESIAN_POINT('Ctrl Pts',(0.,-0.428999999999996,-330.));
#9291=CARTESIAN_POINT('Ctrl Pts',(1225.,-0.428999999999996,-330.));
#9292=CARTESIAN_POINT('',(310.,28.7780430873157,-64.2269950593382));
#9293=CARTESIAN_POINT('Ctrl Pts',(310.,24.8508895558945,-44.434976149236));
#9294=CARTESIAN_POINT('Ctrl Pts',(310.,26.6650961856596,-51.8402613688579));
#9295=CARTESIAN_POINT('Ctrl Pts',(310.,27.7985448894761,-57.7429712425648));
#9296=CARTESIAN_POINT('Ctrl Pts',(310.,28.7780430873157,-64.2269950593382));
#9297=CARTESIAN_POINT('Ctrl Pts',(310.,28.7780430873157,-64.2269950593382));
#9298=CARTESIAN_POINT('Ctrl Pts',(313.862339297741,28.2884638482542,-60.9861075791225));
#9299=CARTESIAN_POINT('Ctrl Pts',(317.773547511426,27.7293936221164,-57.7042142095621));
#9300=CARTESIAN_POINT('Ctrl Pts',(321.793604820404,27.0577875914063,-54.3309856042872));
#9301=CARTESIAN_POINT('Origin',(199.516121517409,0.,-156.933976745116));
#9302=CARTESIAN_POINT('',(310.,-9.11372299914287,-64.2269950593382));
#9303=CARTESIAN_POINT('',(310.,0.,-64.2269950593382));
#9304=CARTESIAN_POINT('Ctrl Pts',(321.793604820404,-9.4176096478289,-54.3309856042872));
#9305=CARTESIAN_POINT('Ctrl Pts',(317.724445360546,-9.34271705840981,-57.7454158062549));
#9306=CARTESIAN_POINT('Ctrl Pts',(313.934433876999,-9.24301707153797,-60.9256130442572));
#9307=CARTESIAN_POINT('Ctrl Pts',(310.,-9.11372299914287,-64.2269950593382));
#9308=CARTESIAN_POINT('Ctrl Pts',(0.,0.692436863172455,-330.));
#9309=CARTESIAN_POINT('Ctrl Pts',(1225.,0.692436863172455,-330.));
#9310=CARTESIAN_POINT('Ctrl Pts',(0.,5.36729010756762,-315.060779002508));
#9311=CARTESIAN_POINT('Ctrl Pts',(1225.,5.36729010756762,-315.060779002508));
#9312=CARTESIAN_POINT('Ctrl Pts',(0.,7.73616191059256,-309.282020228319));
#9313=CARTESIAN_POINT('Ctrl Pts',(1225.,7.73616191059256,-309.282020228319));
#9314=CARTESIAN_POINT('Ctrl Pts',(0.,15.7980112916491,-269.263660760413));
#9315=CARTESIAN_POINT('Ctrl Pts',(1225.,15.7980112916491,-269.263660760413));
#9316=CARTESIAN_POINT('Ctrl Pts',(0.,22.1706115435568,-230.911398635869));
#9317=CARTESIAN_POINT('Ctrl Pts',(1225.,22.1706115435568,-230.911398635869));
#9318=CARTESIAN_POINT('Ctrl Pts',(0.,27.2402918752549,-198.214185048207));
#9319=CARTESIAN_POINT('Ctrl Pts',(1225.,27.2402918752549,-198.214185048207));
#9320=CARTESIAN_POINT('Ctrl Pts',(0.,30.4361456778927,-164.898177192353));
#9321=CARTESIAN_POINT('Ctrl Pts',(1225.,30.4361456778927,-164.898177192353));
#9322=CARTESIAN_POINT('Ctrl Pts',(0.,32.7767416046338,-136.57512421457));
#9323=CARTESIAN_POINT('Ctrl Pts',(1225.,32.7767416046338,-136.57512421457));
#9324=CARTESIAN_POINT('Ctrl Pts',(0.,32.572174307517,-100.31120637567));
#9325=CARTESIAN_POINT('Ctrl Pts',(1225.,32.572174307517,-100.31120637567));
#9326=CARTESIAN_POINT('Ctrl Pts',(0.,31.4787146600278,-85.1197339869532));
#9327=CARTESIAN_POINT('Ctrl Pts',(1225.,31.4787146600278,-85.1197339869532));
#9328=CARTESIAN_POINT('Ctrl Pts',(0.,29.2161090680932,-65.9844229593376));
#9329=CARTESIAN_POINT('Ctrl Pts',(1225.,29.2161090680932,-65.9844229593376));
#9330=CARTESIAN_POINT('Ctrl Pts',(0.,26.7661902336552,-51.5393720618797));
#9331=CARTESIAN_POINT('Ctrl Pts',(1225.,26.7661902336552,-51.5393720618797));
#9332=CARTESIAN_POINT('Ctrl Pts',(0.,22.2069184142093,-33.7095873785944));
#9333=CARTESIAN_POINT('Ctrl Pts',(1225.,22.2069184142093,-33.7095873785944));
#9334=CARTESIAN_POINT('Ctrl Pts',(0.,19.3158500368011,-25.6495689043505));
#9335=CARTESIAN_POINT('Ctrl Pts',(1225.,19.3158500368011,-25.6495689043505));
#9336=CARTESIAN_POINT('Ctrl Pts',(0.,16.4902069465223,-17.4700986677718));
#9337=CARTESIAN_POINT('Ctrl Pts',(1225.,16.4902069465223,-17.4700986677718));
#9338=CARTESIAN_POINT('Ctrl Pts',(0.,10.7156213917761,-7.517737344979));
#9339=CARTESIAN_POINT('Ctrl Pts',(1225.,10.7156213917761,-7.517737344979));
#9340=CARTESIAN_POINT('Ctrl Pts',(0.,9.59210666071061,-5.06402799233127));
#9341=CARTESIAN_POINT('Ctrl Pts',(1225.,9.59210666071061,-5.06402799233127));
#9342=CARTESIAN_POINT('Ctrl Pts',(0.,-0.302237819680045,3.33162846574542));
#9343=CARTESIAN_POINT('Ctrl Pts',(1225.,-0.302237819680045,3.33162846574542));
#9344=CARTESIAN_POINT('Ctrl Pts',(0.,-5.37497260826862,-4.87193710665857));
#9345=CARTESIAN_POINT('Ctrl Pts',(1225.,-5.37497260826862,-4.87193710665857));
#9346=CARTESIAN_POINT('Ctrl Pts',(0.,-6.46637703842694,-7.76012590636975));
#9347=CARTESIAN_POINT('Ctrl Pts',(1225.,-6.46637703842694,-7.76012590636975));
#9348=CARTESIAN_POINT('Ctrl Pts',(0.,-8.72369290817783,-17.7139508712063));
#9349=CARTESIAN_POINT('Ctrl Pts',(1225.,-8.72369290817783,-17.7139508712063));
#9350=CARTESIAN_POINT('Ctrl Pts',(0.,-9.05735289519721,-25.7605611516216));
#9351=CARTESIAN_POINT('Ctrl Pts',(1225.,-9.05735289519721,-25.7605611516216));
#9352=CARTESIAN_POINT('Ctrl Pts',(0.,-9.65183932786034,-33.8874038470446));
#9353=CARTESIAN_POINT('Ctrl Pts',(1225.,-9.65183932786034,-33.8874038470446));
#9354=CARTESIAN_POINT('Ctrl Pts',(0.,-9.54958439734114,-51.7302428410842));
#9355=CARTESIAN_POINT('Ctrl Pts',(1225.,-9.54958439734114,-51.7302428410842));
#9356=CARTESIAN_POINT('Ctrl Pts',(0.,-9.12188646984469,-66.089055457432));
#9357=CARTESIAN_POINT('Ctrl Pts',(1225.,-9.12188646984469,-66.089055457432));
#9358=CARTESIAN_POINT('Ctrl Pts',(0.,-8.0807090947879,-85.1902133730808));
#9359=CARTESIAN_POINT('Ctrl Pts',(1225.,-8.0807090947879,-85.1902133730808));
#9360=CARTESIAN_POINT('Ctrl Pts',(0.,-7.41482789593825,-100.342950195034));
#9361=CARTESIAN_POINT('Ctrl Pts',(1225.,-7.41482789593825,-100.342950195034));
#9362=CARTESIAN_POINT('Ctrl Pts',(0.,-5.65487802201598,-136.527375623599));
#9363=CARTESIAN_POINT('Ctrl Pts',(1225.,-5.65487802201598,-136.527375623599));
#9364=CARTESIAN_POINT('Ctrl Pts',(0.,-4.681813072762,-164.837141179113));
#9365=CARTESIAN_POINT('Ctrl Pts',(1225.,-4.681813072762,-164.837141179113));
#9366=CARTESIAN_POINT('Ctrl Pts',(0.,-3.23576762517493,-198.076224064099));
#9367=CARTESIAN_POINT('Ctrl Pts',(1225.,-3.23576762517493,-198.076224064099));
#9368=CARTESIAN_POINT('Ctrl Pts',(0.,-2.10280368750388,-230.910800461435));
#9369=CARTESIAN_POINT('Ctrl Pts',(1225.,-2.10280368750388,-230.910800461435));
#9370=CARTESIAN_POINT('Ctrl Pts',(0.,-1.0506280543582,-268.755665480008));
#9371=CARTESIAN_POINT('Ctrl Pts',(1225.,-1.0506280543582,-268.755665480008));
#9372=CARTESIAN_POINT('Ctrl Pts',(0.,-0.545054891565593,-309.707874258144));
#9373=CARTESIAN_POINT('Ctrl Pts',(1225.,-0.545054891565593,-309.707874258144));
#9374=CARTESIAN_POINT('Ctrl Pts',(0.,-0.494719603944063,-314.653924811271));
#9375=CARTESIAN_POINT('Ctrl Pts',(1225.,-0.494719603944063,-314.653924811271));
#9376=CARTESIAN_POINT('Ctrl Pts',(0.,-0.428999999999996,-330.));
#9377=CARTESIAN_POINT('Ctrl Pts',(1225.,-0.428999999999996,-330.));
#9378=CARTESIAN_POINT('Ctrl Pts',(310.,-9.11372299914287,-64.2269950593382));
#9379=CARTESIAN_POINT('Ctrl Pts',(310.,-9.40255292134533,-56.8520404855306));
#9380=CARTESIAN_POINT('Ctrl Pts',(310.,-9.52034429618294,-50.7070558075024));
#9381=CARTESIAN_POINT('Ctrl Pts',(310.,-9.55287875258164,-44.434976149236));
#9382=CARTESIAN_POINT('Origin',(310.,0.,0.));
#9383=CARTESIAN_POINT('Origin',(295.0625,0.290511087516668,-350.));
#9384=CARTESIAN_POINT('',(310.,0.290511087516671,-254.209883943556));
#9385=CARTESIAN_POINT('',(320.0625,0.290511087516672,-262.653323982277));
#9386=CARTESIAN_POINT('',(335.097672235308,0.290511087516675,-275.269331459611));
#9387=CARTESIAN_POINT('',(310.,0.290511087516671,-274.001902853658));
#9388=CARTESIAN_POINT('',(310.,0.290511087516671,-175.));
#9389=CARTESIAN_POINT('',(320.0625,0.290511087516672,-265.558462814937));
#9390=CARTESIAN_POINT('',(231.664339524257,0.290511087516657,-339.733326666883));
#9391=CARTESIAN_POINT('',(320.0625,0.290511087516672,-350.));
#9392=CARTESIAN_POINT('Origin',(321.793604820404,0.,-264.105893398607));
#9393=CARTESIAN_POINT('',(320.062500005604,16.6857226641416,-262.653323991682));
#9394=CARTESIAN_POINT('',(320.0625,0.145255543758336,-262.653323982277));
#9395=CARTESIAN_POINT('',(321.793604820403,16.420846012263,-264.105893398607));
#9396=CARTESIAN_POINT('Ctrl Pts',(321.793604820403,16.4208460122631,-264.105893398607));
#9397=CARTESIAN_POINT('Ctrl Pts',(321.217622551885,16.5092501157123,-263.622586889529));
#9398=CARTESIAN_POINT('Ctrl Pts',(320.64055173495,16.597548470231,-263.138366979876));
#9399=CARTESIAN_POINT('Ctrl Pts',(320.062500011208,16.6857226641416,-262.653323991682));
#9400=CARTESIAN_POINT('',(321.793604820403,-1.28481358176496,-264.105893398607));
#9401=CARTESIAN_POINT('',(321.793604820403,0.,-264.105893398607));
#9402=CARTESIAN_POINT('',(310.,-1.50414584016273,-254.209883943556));
#9403=CARTESIAN_POINT('Ctrl Pts',(310.,-1.50414584016273,-254.209883943556));
#9404=CARTESIAN_POINT('Ctrl Pts',(313.899137201308,-1.42633089822448,-257.481648531083));
#9405=CARTESIAN_POINT('Ctrl Pts',(317.836362208304,-1.3533226268119,-260.785372582316));
#9406=CARTESIAN_POINT('Ctrl Pts',(321.793604820404,-1.28481358176496,-264.105893398607));
#9407=CARTESIAN_POINT('',(310.,0.,-254.209883943556));
#9408=CARTESIAN_POINT('Origin',(310.,0.,0.));
#9409=CARTESIAN_POINT('',(310.,-1.09372752523052,-274.001902853658));
#9410=CARTESIAN_POINT('Ctrl Pts',(310.,-1.09372752523069,-274.001902853649));
#9411=CARTESIAN_POINT('Ctrl Pts',(310.,-1.10453750680459,-273.404551391539));
#9412=CARTESIAN_POINT('Ctrl Pts',(310.,-1.11548148694418,-272.806395523788));
#9413=CARTESIAN_POINT('Ctrl Pts',(310.,-1.12655712718842,-272.207950040907));
#9414=CARTESIAN_POINT('Ctrl Pts',(310.,-1.13763276743306,-271.609504558004));
#9415=CARTESIAN_POINT('Ctrl Pts',(310.,-1.14884006778238,-271.01076945997));
#9416=CARTESIAN_POINT('Ctrl Pts',(310.,-1.16017691684026,-270.412207409408));
#9417=CARTESIAN_POINT('Ctrl Pts',(310.,-1.17151376589745,-269.813645358883));
#9418=CARTESIAN_POINT('Ctrl Pts',(310.,-1.1829801636632,-269.21525635583));
#9419=CARTESIAN_POINT('Ctrl Pts',(310.,-1.19457422580631,-268.617450934947));
#9420=CARTESIAN_POINT('Ctrl Pts',(310.,-1.20643404043976,-268.005942958619));
#9421=CARTESIAN_POINT('Ctrl Pts',(310.,-1.21842743810667,-267.395045834911));
#9422=CARTESIAN_POINT('Ctrl Pts',(310.,-1.2305526477333,-266.785142545978));
#9423=CARTESIAN_POINT('Ctrl Pts',(310.,-1.24240615794938,-266.188905854918));
#9424=CARTESIAN_POINT('Ctrl Pts',(310.,-1.25438563995161,-265.593618756901));
#9425=CARTESIAN_POINT('Ctrl Pts',(310.,-1.26648966874325,-264.999586335966));
#9426=CARTESIAN_POINT('Ctrl Pts',(310.,-1.27859369753423,-264.405553915064));
#9427=CARTESIAN_POINT('Ctrl Pts',(310.,-1.29082227311461,-263.812776171245));
#9428=CARTESIAN_POINT('Ctrl Pts',(310.,-1.30317419755255,-263.221506060644));
#9429=CARTESIAN_POINT('Ctrl Pts',(310.,-1.31552612199127,-262.630235950007));
#9430=CARTESIAN_POINT('Ctrl Pts',(310.,-1.32800139528758,-262.040473472588));
#9431=CARTESIAN_POINT('Ctrl Pts',(310.,-1.34059904657455,-261.452419456617));
#9432=CARTESIAN_POINT('Ctrl Pts',(310.,-1.35370202119123,-260.840777121949));
#9433=CARTESIAN_POINT('Ctrl Pts',(310.,-1.36693738680629,-260.230983443574));
#9434=CARTESIAN_POINT('Ctrl Pts',(310.,-1.38030431159642,-259.623204567008));
#9435=CARTESIAN_POINT('Ctrl Pts',(310.,-1.39315573367398,-259.038865012832));
#9436=CARTESIAN_POINT('Ctrl Pts',(310.,-1.40612876484115,-258.456387497742));
#9437=CARTESIAN_POINT('Ctrl Pts',(310.,-1.41922289746897,-257.875866503179));
#9438=CARTESIAN_POINT('Ctrl Pts',(310.,-1.4323170300974,-257.295345508588));
#9439=CARTESIAN_POINT('Ctrl Pts',(310.,-1.44553226418649,-256.716781034523));
#9440=CARTESIAN_POINT('Ctrl Pts',(310.,-1.45886831917218,-256.140215434517));
#9441=CARTESIAN_POINT('Ctrl Pts',(310.,-1.47220437415819,-255.563649834497));
#9442=CARTESIAN_POINT('Ctrl Pts',(310.,-1.4856612500408,-254.989083108535));
#9443=CARTESIAN_POINT('Ctrl Pts',(310.,-1.49923889332086,-254.416505482259));
#9444=CARTESIAN_POINT('Ctrl Pts',(310.,-1.50087279310839,-254.347602916282));
#9445=CARTESIAN_POINT('Ctrl Pts',(310.,-1.5025084420127,-254.278729092695));
#9446=CARTESIAN_POINT('Ctrl Pts',(310.,-1.50414584016222,-254.209883943578));
#9447=CARTESIAN_POINT('',(310.,0.,-274.001902853658));
#9448=CARTESIAN_POINT('Origin',(199.516121517409,0.,-366.708884539436));
#9449=CARTESIAN_POINT('',(320.062499982434,16.1543263860777,-265.558462844417));
#9450=CARTESIAN_POINT('',(320.0625,0.145255543758336,-265.558462814937));
#9451=CARTESIAN_POINT('Ctrl Pts',(321.793604820403,-1.28481358176496,-264.105893398607));
#9452=CARTESIAN_POINT('Ctrl Pts',(318.012103414734,-1.21934702448237,-267.278949833401));
#9453=CARTESIAN_POINT('Ctrl Pts',(314.033347043087,-1.15497301960942,-270.617522837394));
#9454=CARTESIAN_POINT('Ctrl Pts',(310.,-1.09372752523052,-274.001902853658));
#9455=CARTESIAN_POINT('Ctrl Pts',(320.062499975034,16.1543263876477,-265.558462835886));
#9456=CARTESIAN_POINT('Ctrl Pts',(320.642258658091,16.243861527945,-265.071987538761));
#9457=CARTESIAN_POINT('Ctrl Pts',(321.219420823642,16.3327179148839,-264.587690978518));
#9458=CARTESIAN_POINT('Ctrl Pts',(321.793604820403,16.420846012263,-264.105893398607));
#9459=CARTESIAN_POINT('Origin',(320.0625,0.290511087516672,-350.));
#9460=CARTESIAN_POINT('Ctrl Pts',(320.062500005604,16.6857226641416,-262.653323991682));
#9461=CARTESIAN_POINT('Ctrl Pts',(320.062500005604,16.5766752257187,-263.25318992798));
#9462=CARTESIAN_POINT('Ctrl Pts',(320.062500005604,16.4669634713954,-263.854406505665));
#9463=CARTESIAN_POINT('Ctrl Pts',(320.062500005604,16.3566233405228,-264.456737604379));
#9464=CARTESIAN_POINT('Ctrl Pts',(320.062500005604,16.2894206027168,-264.823587802753));
#9465=CARTESIAN_POINT('Ctrl Pts',(320.062500005604,16.2219849687223,-265.190850430066));
#9466=CARTESIAN_POINT('Ctrl Pts',(320.062500005604,16.1543263860777,-265.558462844417));
#9467=CARTESIAN_POINT('Ctrl Pts',(0.,0.692436863172455,-330.));
#9468=CARTESIAN_POINT('Ctrl Pts',(1225.,0.692436863172455,-330.));
#9469=CARTESIAN_POINT('Ctrl Pts',(0.,5.36729010756762,-315.060779002508));
#9470=CARTESIAN_POINT('Ctrl Pts',(1225.,5.36729010756762,-315.060779002508));
#9471=CARTESIAN_POINT('Ctrl Pts',(0.,7.73616191059256,-309.282020228319));
#9472=CARTESIAN_POINT('Ctrl Pts',(1225.,7.73616191059256,-309.282020228319));
#9473=CARTESIAN_POINT('Ctrl Pts',(0.,15.7980112916491,-269.263660760413));
#9474=CARTESIAN_POINT('Ctrl Pts',(1225.,15.7980112916491,-269.263660760413));
#9475=CARTESIAN_POINT('Ctrl Pts',(0.,22.1706115435568,-230.911398635869));
#9476=CARTESIAN_POINT('Ctrl Pts',(1225.,22.1706115435568,-230.911398635869));
#9477=CARTESIAN_POINT('Ctrl Pts',(0.,27.2402918752549,-198.214185048207));
#9478=CARTESIAN_POINT('Ctrl Pts',(1225.,27.2402918752549,-198.214185048207));
#9479=CARTESIAN_POINT('Ctrl Pts',(0.,30.4361456778927,-164.898177192353));
#9480=CARTESIAN_POINT('Ctrl Pts',(1225.,30.4361456778927,-164.898177192353));
#9481=CARTESIAN_POINT('Ctrl Pts',(0.,32.7767416046338,-136.57512421457));
#9482=CARTESIAN_POINT('Ctrl Pts',(1225.,32.7767416046338,-136.57512421457));
#9483=CARTESIAN_POINT('Ctrl Pts',(0.,32.572174307517,-100.31120637567));
#9484=CARTESIAN_POINT('Ctrl Pts',(1225.,32.572174307517,-100.31120637567));
#9485=CARTESIAN_POINT('Ctrl Pts',(0.,31.4787146600278,-85.1197339869532));
#9486=CARTESIAN_POINT('Ctrl Pts',(1225.,31.4787146600278,-85.1197339869532));
#9487=CARTESIAN_POINT('Ctrl Pts',(0.,29.2161090680932,-65.9844229593376));
#9488=CARTESIAN_POINT('Ctrl Pts',(1225.,29.2161090680932,-65.9844229593376));
#9489=CARTESIAN_POINT('Ctrl Pts',(0.,26.7661902336552,-51.5393720618797));
#9490=CARTESIAN_POINT('Ctrl Pts',(1225.,26.7661902336552,-51.5393720618797));
#9491=CARTESIAN_POINT('Ctrl Pts',(0.,22.2069184142093,-33.7095873785944));
#9492=CARTESIAN_POINT('Ctrl Pts',(1225.,22.2069184142093,-33.7095873785944));
#9493=CARTESIAN_POINT('Ctrl Pts',(0.,19.3158500368011,-25.6495689043505));
#9494=CARTESIAN_POINT('Ctrl Pts',(1225.,19.3158500368011,-25.6495689043505));
#9495=CARTESIAN_POINT('Ctrl Pts',(0.,16.4902069465223,-17.4700986677718));
#9496=CARTESIAN_POINT('Ctrl Pts',(1225.,16.4902069465223,-17.4700986677718));
#9497=CARTESIAN_POINT('Ctrl Pts',(0.,10.7156213917761,-7.517737344979));
#9498=CARTESIAN_POINT('Ctrl Pts',(1225.,10.7156213917761,-7.517737344979));
#9499=CARTESIAN_POINT('Ctrl Pts',(0.,9.59210666071061,-5.06402799233127));
#9500=CARTESIAN_POINT('Ctrl Pts',(1225.,9.59210666071061,-5.06402799233127));
#9501=CARTESIAN_POINT('Ctrl Pts',(0.,-0.302237819680045,3.33162846574542));
#9502=CARTESIAN_POINT('Ctrl Pts',(1225.,-0.302237819680045,3.33162846574542));
#9503=CARTESIAN_POINT('Ctrl Pts',(0.,-5.37497260826862,-4.87193710665857));
#9504=CARTESIAN_POINT('Ctrl Pts',(1225.,-5.37497260826862,-4.87193710665857));
#9505=CARTESIAN_POINT('Ctrl Pts',(0.,-6.46637703842694,-7.76012590636975));
#9506=CARTESIAN_POINT('Ctrl Pts',(1225.,-6.46637703842694,-7.76012590636975));
#9507=CARTESIAN_POINT('Ctrl Pts',(0.,-8.72369290817783,-17.7139508712063));
#9508=CARTESIAN_POINT('Ctrl Pts',(1225.,-8.72369290817783,-17.7139508712063));
#9509=CARTESIAN_POINT('Ctrl Pts',(0.,-9.05735289519721,-25.7605611516216));
#9510=CARTESIAN_POINT('Ctrl Pts',(1225.,-9.05735289519721,-25.7605611516216));
#9511=CARTESIAN_POINT('Ctrl Pts',(0.,-9.65183932786034,-33.8874038470446));
#9512=CARTESIAN_POINT('Ctrl Pts',(1225.,-9.65183932786034,-33.8874038470446));
#9513=CARTESIAN_POINT('Ctrl Pts',(0.,-9.54958439734114,-51.7302428410842));
#9514=CARTESIAN_POINT('Ctrl Pts',(1225.,-9.54958439734114,-51.7302428410842));
#9515=CARTESIAN_POINT('Ctrl Pts',(0.,-9.12188646984469,-66.089055457432));
#9516=CARTESIAN_POINT('Ctrl Pts',(1225.,-9.12188646984469,-66.089055457432));
#9517=CARTESIAN_POINT('Ctrl Pts',(0.,-8.0807090947879,-85.1902133730808));
#9518=CARTESIAN_POINT('Ctrl Pts',(1225.,-8.0807090947879,-85.1902133730808));
#9519=CARTESIAN_POINT('Ctrl Pts',(0.,-7.41482789593825,-100.342950195034));
#9520=CARTESIAN_POINT('Ctrl Pts',(1225.,-7.41482789593825,-100.342950195034));
#9521=CARTESIAN_POINT('Ctrl Pts',(0.,-5.65487802201598,-136.527375623599));
#9522=CARTESIAN_POINT('Ctrl Pts',(1225.,-5.65487802201598,-136.527375623599));
#9523=CARTESIAN_POINT('Ctrl Pts',(0.,-4.681813072762,-164.837141179113));
#9524=CARTESIAN_POINT('Ctrl Pts',(1225.,-4.681813072762,-164.837141179113));
#9525=CARTESIAN_POINT('Ctrl Pts',(0.,-3.23576762517493,-198.076224064099));
#9526=CARTESIAN_POINT('Ctrl Pts',(1225.,-3.23576762517493,-198.076224064099));
#9527=CARTESIAN_POINT('Ctrl Pts',(0.,-2.10280368750388,-230.910800461435));
#9528=CARTESIAN_POINT('Ctrl Pts',(1225.,-2.10280368750388,-230.910800461435));
#9529=CARTESIAN_POINT('Ctrl Pts',(0.,-1.0506280543582,-268.755665480008));
#9530=CARTESIAN_POINT('Ctrl Pts',(1225.,-1.0506280543582,-268.755665480008));
#9531=CARTESIAN_POINT('Ctrl Pts',(0.,-0.545054891565593,-309.707874258144));
#9532=CARTESIAN_POINT('Ctrl Pts',(1225.,-0.545054891565593,-309.707874258144));
#9533=CARTESIAN_POINT('Ctrl Pts',(0.,-0.494719603944063,-314.653924811271));
#9534=CARTESIAN_POINT('Ctrl Pts',(1225.,-0.494719603944063,-314.653924811271));
#9535=CARTESIAN_POINT('Ctrl Pts',(0.,-0.428999999999996,-330.));
#9536=CARTESIAN_POINT('Ctrl Pts',(1225.,-0.428999999999996,-330.));
#9537=CARTESIAN_POINT('Ctrl Pts',(0.,0.692436863172455,-330.));
#9538=CARTESIAN_POINT('Ctrl Pts',(1225.,0.692436863172455,-330.));
#9539=CARTESIAN_POINT('Ctrl Pts',(0.,5.36729010756762,-315.060779002508));
#9540=CARTESIAN_POINT('Ctrl Pts',(1225.,5.36729010756762,-315.060779002508));
#9541=CARTESIAN_POINT('Ctrl Pts',(0.,7.73616191059256,-309.282020228319));
#9542=CARTESIAN_POINT('Ctrl Pts',(1225.,7.73616191059256,-309.282020228319));
#9543=CARTESIAN_POINT('Ctrl Pts',(0.,15.7980112916491,-269.263660760413));
#9544=CARTESIAN_POINT('Ctrl Pts',(1225.,15.7980112916491,-269.263660760413));
#9545=CARTESIAN_POINT('Ctrl Pts',(0.,22.1706115435568,-230.911398635869));
#9546=CARTESIAN_POINT('Ctrl Pts',(1225.,22.1706115435568,-230.911398635869));
#9547=CARTESIAN_POINT('Ctrl Pts',(0.,27.2402918752549,-198.214185048207));
#9548=CARTESIAN_POINT('Ctrl Pts',(1225.,27.2402918752549,-198.214185048207));
#9549=CARTESIAN_POINT('Ctrl Pts',(0.,30.4361456778927,-164.898177192353));
#9550=CARTESIAN_POINT('Ctrl Pts',(1225.,30.4361456778927,-164.898177192353));
#9551=CARTESIAN_POINT('Ctrl Pts',(0.,32.7767416046338,-136.57512421457));
#9552=CARTESIAN_POINT('Ctrl Pts',(1225.,32.7767416046338,-136.57512421457));
#9553=CARTESIAN_POINT('Ctrl Pts',(0.,32.572174307517,-100.31120637567));
#9554=CARTESIAN_POINT('Ctrl Pts',(1225.,32.572174307517,-100.31120637567));
#9555=CARTESIAN_POINT('Ctrl Pts',(0.,31.4787146600278,-85.1197339869532));
#9556=CARTESIAN_POINT('Ctrl Pts',(1225.,31.4787146600278,-85.1197339869532));
#9557=CARTESIAN_POINT('Ctrl Pts',(0.,29.2161090680932,-65.9844229593376));
#9558=CARTESIAN_POINT('Ctrl Pts',(1225.,29.2161090680932,-65.9844229593376));
#9559=CARTESIAN_POINT('Ctrl Pts',(0.,26.7661902336552,-51.5393720618797));
#9560=CARTESIAN_POINT('Ctrl Pts',(1225.,26.7661902336552,-51.5393720618797));
#9561=CARTESIAN_POINT('Ctrl Pts',(0.,22.2069184142093,-33.7095873785944));
#9562=CARTESIAN_POINT('Ctrl Pts',(1225.,22.2069184142093,-33.7095873785944));
#9563=CARTESIAN_POINT('Ctrl Pts',(0.,19.3158500368011,-25.6495689043505));
#9564=CARTESIAN_POINT('Ctrl Pts',(1225.,19.3158500368011,-25.6495689043505));
#9565=CARTESIAN_POINT('Ctrl Pts',(0.,16.4902069465223,-17.4700986677718));
#9566=CARTESIAN_POINT('Ctrl Pts',(1225.,16.4902069465223,-17.4700986677718));
#9567=CARTESIAN_POINT('Ctrl Pts',(0.,10.7156213917761,-7.517737344979));
#9568=CARTESIAN_POINT('Ctrl Pts',(1225.,10.7156213917761,-7.517737344979));
#9569=CARTESIAN_POINT('Ctrl Pts',(0.,9.59210666071061,-5.06402799233127));
#9570=CARTESIAN_POINT('Ctrl Pts',(1225.,9.59210666071061,-5.06402799233127));
#9571=CARTESIAN_POINT('Ctrl Pts',(0.,-0.302237819680045,3.33162846574542));
#9572=CARTESIAN_POINT('Ctrl Pts',(1225.,-0.302237819680045,3.33162846574542));
#9573=CARTESIAN_POINT('Ctrl Pts',(0.,-5.37497260826862,-4.87193710665857));
#9574=CARTESIAN_POINT('Ctrl Pts',(1225.,-5.37497260826862,-4.87193710665857));
#9575=CARTESIAN_POINT('Ctrl Pts',(0.,-6.46637703842694,-7.76012590636975));
#9576=CARTESIAN_POINT('Ctrl Pts',(1225.,-6.46637703842694,-7.76012590636975));
#9577=CARTESIAN_POINT('Ctrl Pts',(0.,-8.72369290817783,-17.7139508712063));
#9578=CARTESIAN_POINT('Ctrl Pts',(1225.,-8.72369290817783,-17.7139508712063));
#9579=CARTESIAN_POINT('Ctrl Pts',(0.,-9.05735289519721,-25.7605611516216));
#9580=CARTESIAN_POINT('Ctrl Pts',(1225.,-9.05735289519721,-25.7605611516216));
#9581=CARTESIAN_POINT('Ctrl Pts',(0.,-9.65183932786034,-33.8874038470446));
#9582=CARTESIAN_POINT('Ctrl Pts',(1225.,-9.65183932786034,-33.8874038470446));
#9583=CARTESIAN_POINT('Ctrl Pts',(0.,-9.54958439734114,-51.7302428410842));
#9584=CARTESIAN_POINT('Ctrl Pts',(1225.,-9.54958439734114,-51.7302428410842));
#9585=CARTESIAN_POINT('Ctrl Pts',(0.,-9.12188646984469,-66.089055457432));
#9586=CARTESIAN_POINT('Ctrl Pts',(1225.,-9.12188646984469,-66.089055457432));
#9587=CARTESIAN_POINT('Ctrl Pts',(0.,-8.0807090947879,-85.1902133730808));
#9588=CARTESIAN_POINT('Ctrl Pts',(1225.,-8.0807090947879,-85.1902133730808));
#9589=CARTESIAN_POINT('Ctrl Pts',(0.,-7.41482789593825,-100.342950195034));
#9590=CARTESIAN_POINT('Ctrl Pts',(1225.,-7.41482789593825,-100.342950195034));
#9591=CARTESIAN_POINT('Ctrl Pts',(0.,-5.65487802201598,-136.527375623599));
#9592=CARTESIAN_POINT('Ctrl Pts',(1225.,-5.65487802201598,-136.527375623599));
#9593=CARTESIAN_POINT('Ctrl Pts',(0.,-4.681813072762,-164.837141179113));
#9594=CARTESIAN_POINT('Ctrl Pts',(1225.,-4.681813072762,-164.837141179113));
#9595=CARTESIAN_POINT('Ctrl Pts',(0.,-3.23576762517493,-198.076224064099));
#9596=CARTESIAN_POINT('Ctrl Pts',(1225.,-3.23576762517493,-198.076224064099));
#9597=CARTESIAN_POINT('Ctrl Pts',(0.,-2.10280368750388,-230.910800461435));
#9598=CARTESIAN_POINT('Ctrl Pts',(1225.,-2.10280368750388,-230.910800461435));
#9599=CARTESIAN_POINT('Ctrl Pts',(0.,-1.0506280543582,-268.755665480008));
#9600=CARTESIAN_POINT('Ctrl Pts',(1225.,-1.0506280543582,-268.755665480008));
#9601=CARTESIAN_POINT('Ctrl Pts',(0.,-0.545054891565593,-309.707874258144));
#9602=CARTESIAN_POINT('Ctrl Pts',(1225.,-0.545054891565593,-309.707874258144));
#9603=CARTESIAN_POINT('Ctrl Pts',(0.,-0.494719603944063,-314.653924811271));
#9604=CARTESIAN_POINT('Ctrl Pts',(1225.,-0.494719603944063,-314.653924811271));
#9605=CARTESIAN_POINT('Ctrl Pts',(0.,-0.428999999999996,-330.));
#9606=CARTESIAN_POINT('Ctrl Pts',(1225.,-0.428999999999996,-330.));
#9607=CARTESIAN_POINT('Ctrl Pts',(0.,0.692436863172455,-330.));
#9608=CARTESIAN_POINT('Ctrl Pts',(1225.,0.692436863172455,-330.));
#9609=CARTESIAN_POINT('Ctrl Pts',(0.,5.36729010756762,-315.060779002508));
#9610=CARTESIAN_POINT('Ctrl Pts',(1225.,5.36729010756762,-315.060779002508));
#9611=CARTESIAN_POINT('Ctrl Pts',(0.,7.73616191059256,-309.282020228319));
#9612=CARTESIAN_POINT('Ctrl Pts',(1225.,7.73616191059256,-309.282020228319));
#9613=CARTESIAN_POINT('Ctrl Pts',(0.,15.7980112916491,-269.263660760413));
#9614=CARTESIAN_POINT('Ctrl Pts',(1225.,15.7980112916491,-269.263660760413));
#9615=CARTESIAN_POINT('Ctrl Pts',(0.,22.1706115435568,-230.911398635869));
#9616=CARTESIAN_POINT('Ctrl Pts',(1225.,22.1706115435568,-230.911398635869));
#9617=CARTESIAN_POINT('Ctrl Pts',(0.,27.2402918752549,-198.214185048207));
#9618=CARTESIAN_POINT('Ctrl Pts',(1225.,27.2402918752549,-198.214185048207));
#9619=CARTESIAN_POINT('Ctrl Pts',(0.,30.4361456778927,-164.898177192353));
#9620=CARTESIAN_POINT('Ctrl Pts',(1225.,30.4361456778927,-164.898177192353));
#9621=CARTESIAN_POINT('Ctrl Pts',(0.,32.7767416046338,-136.57512421457));
#9622=CARTESIAN_POINT('Ctrl Pts',(1225.,32.7767416046338,-136.57512421457));
#9623=CARTESIAN_POINT('Ctrl Pts',(0.,32.572174307517,-100.31120637567));
#9624=CARTESIAN_POINT('Ctrl Pts',(1225.,32.572174307517,-100.31120637567));
#9625=CARTESIAN_POINT('Ctrl Pts',(0.,31.4787146600278,-85.1197339869532));
#9626=CARTESIAN_POINT('Ctrl Pts',(1225.,31.4787146600278,-85.1197339869532));
#9627=CARTESIAN_POINT('Ctrl Pts',(0.,29.2161090680932,-65.9844229593376));
#9628=CARTESIAN_POINT('Ctrl Pts',(1225.,29.2161090680932,-65.9844229593376));
#9629=CARTESIAN_POINT('Ctrl Pts',(0.,26.7661902336552,-51.5393720618797));
#9630=CARTESIAN_POINT('Ctrl Pts',(1225.,26.7661902336552,-51.5393720618797));
#9631=CARTESIAN_POINT('Ctrl Pts',(0.,22.2069184142093,-33.7095873785944));
#9632=CARTESIAN_POINT('Ctrl Pts',(1225.,22.2069184142093,-33.7095873785944));
#9633=CARTESIAN_POINT('Ctrl Pts',(0.,19.3158500368011,-25.6495689043505));
#9634=CARTESIAN_POINT('Ctrl Pts',(1225.,19.3158500368011,-25.6495689043505));
#9635=CARTESIAN_POINT('Ctrl Pts',(0.,16.4902069465223,-17.4700986677718));
#9636=CARTESIAN_POINT('Ctrl Pts',(1225.,16.4902069465223,-17.4700986677718));
#9637=CARTESIAN_POINT('Ctrl Pts',(0.,10.7156213917761,-7.517737344979));
#9638=CARTESIAN_POINT('Ctrl Pts',(1225.,10.7156213917761,-7.517737344979));
#9639=CARTESIAN_POINT('Ctrl Pts',(0.,9.59210666071061,-5.06402799233127));
#9640=CARTESIAN_POINT('Ctrl Pts',(1225.,9.59210666071061,-5.06402799233127));
#9641=CARTESIAN_POINT('Ctrl Pts',(0.,-0.302237819680045,3.33162846574542));
#9642=CARTESIAN_POINT('Ctrl Pts',(1225.,-0.302237819680045,3.33162846574542));
#9643=CARTESIAN_POINT('Ctrl Pts',(0.,-5.37497260826862,-4.87193710665857));
#9644=CARTESIAN_POINT('Ctrl Pts',(1225.,-5.37497260826862,-4.87193710665857));
#9645=CARTESIAN_POINT('Ctrl Pts',(0.,-6.46637703842694,-7.76012590636975));
#9646=CARTESIAN_POINT('Ctrl Pts',(1225.,-6.46637703842694,-7.76012590636975));
#9647=CARTESIAN_POINT('Ctrl Pts',(0.,-8.72369290817783,-17.7139508712063));
#9648=CARTESIAN_POINT('Ctrl Pts',(1225.,-8.72369290817783,-17.7139508712063));
#9649=CARTESIAN_POINT('Ctrl Pts',(0.,-9.05735289519721,-25.7605611516216));
#9650=CARTESIAN_POINT('Ctrl Pts',(1225.,-9.05735289519721,-25.7605611516216));
#9651=CARTESIAN_POINT('Ctrl Pts',(0.,-9.65183932786034,-33.8874038470446));
#9652=CARTESIAN_POINT('Ctrl Pts',(1225.,-9.65183932786034,-33.8874038470446));
#9653=CARTESIAN_POINT('Ctrl Pts',(0.,-9.54958439734114,-51.7302428410842));
#9654=CARTESIAN_POINT('Ctrl Pts',(1225.,-9.54958439734114,-51.7302428410842));
#9655=CARTESIAN_POINT('Ctrl Pts',(0.,-9.12188646984469,-66.089055457432));
#9656=CARTESIAN_POINT('Ctrl Pts',(1225.,-9.12188646984469,-66.089055457432));
#9657=CARTESIAN_POINT('Ctrl Pts',(0.,-8.0807090947879,-85.1902133730808));
#9658=CARTESIAN_POINT('Ctrl Pts',(1225.,-8.0807090947879,-85.1902133730808));
#9659=CARTESIAN_POINT('Ctrl Pts',(0.,-7.41482789593825,-100.342950195034));
#9660=CARTESIAN_POINT('Ctrl Pts',(1225.,-7.41482789593825,-100.342950195034));
#9661=CARTESIAN_POINT('Ctrl Pts',(0.,-5.65487802201598,-136.527375623599));
#9662=CARTESIAN_POINT('Ctrl Pts',(1225.,-5.65487802201598,-136.527375623599));
#9663=CARTESIAN_POINT('Ctrl Pts',(0.,-4.681813072762,-164.837141179113));
#9664=CARTESIAN_POINT('Ctrl Pts',(1225.,-4.681813072762,-164.837141179113));
#9665=CARTESIAN_POINT('Ctrl Pts',(0.,-3.23576762517493,-198.076224064099));
#9666=CARTESIAN_POINT('Ctrl Pts',(1225.,-3.23576762517493,-198.076224064099));
#9667=CARTESIAN_POINT('Ctrl Pts',(0.,-2.10280368750388,-230.910800461435));
#9668=CARTESIAN_POINT('Ctrl Pts',(1225.,-2.10280368750388,-230.910800461435));
#9669=CARTESIAN_POINT('Ctrl Pts',(0.,-1.0506280543582,-268.755665480008));
#9670=CARTESIAN_POINT('Ctrl Pts',(1225.,-1.0506280543582,-268.755665480008));
#9671=CARTESIAN_POINT('Ctrl Pts',(0.,-0.545054891565593,-309.707874258144));
#9672=CARTESIAN_POINT('Ctrl Pts',(1225.,-0.545054891565593,-309.707874258144));
#9673=CARTESIAN_POINT('Ctrl Pts',(0.,-0.494719603944063,-314.653924811271));
#9674=CARTESIAN_POINT('Ctrl Pts',(1225.,-0.494719603944063,-314.653924811271));
#9675=CARTESIAN_POINT('Ctrl Pts',(0.,-0.428999999999996,-330.));
#9676=CARTESIAN_POINT('Ctrl Pts',(1225.,-0.428999999999996,-330.));
#9677=CARTESIAN_POINT('',(310.,1.89992621037504E-13,0.));
#9678=CARTESIAN_POINT('',(310.,1.24734843001421,0.));
#9679=CARTESIAN_POINT('Ctrl Pts',(310.,5.45163914011937E-12,7.43405337289005E-13));
#9680=CARTESIAN_POINT('Ctrl Pts',(310.,0.114974547873423,0.0162401479410605));
#9681=CARTESIAN_POINT('Ctrl Pts',(310.,0.231400220512431,0.0278497339661694));
#9682=CARTESIAN_POINT('Ctrl Pts',(310.,0.349161766909363,0.0347738144530696));
#9683=CARTESIAN_POINT('Ctrl Pts',(310.,0.46692331330821,0.0416978949400823));
#9684=CARTESIAN_POINT('Ctrl Pts',(310.,0.586020733464988,0.0439364698887305));
#9685=CARTESIAN_POINT('Ctrl Pts',(310.,0.706323499750523,0.0414844353699275));
#9686=CARTESIAN_POINT('Ctrl Pts',(310.,0.826626266030881,0.0390324008512301));
#9687=CARTESIAN_POINT('Ctrl Pts',(310.,0.948134378439923,0.0318897568654836));
#9688=CARTESIAN_POINT('Ctrl Pts',(310.,1.07070203273242,0.0201012391775182));
#9689=CARTESIAN_POINT('Ctrl Pts',(310.,1.12934755663461,0.0144607314935646));
#9690=CARTESIAN_POINT('Ctrl Pts',(310.,1.18823542527034,0.00775733967845919));
#9691=CARTESIAN_POINT('Ctrl Pts',(310.,1.24734843003398,-2.59303689631452E-12));
#9692=CARTESIAN_POINT('',(310.,23.6875057777721,-39.8660506365731));
#9693=CARTESIAN_POINT('Ctrl Pts',(310.,1.24734843001421,5.55111512312578E-16));
#9694=CARTESIAN_POINT('Ctrl Pts',(310.,2.86836222655508,-0.212723996984258));
#9695=CARTESIAN_POINT('Ctrl Pts',(310.,4.41664622420338,-1.18374290642509));
#9696=CARTESIAN_POINT('Ctrl Pts',(310.,5.49203961628674,-1.95868361929803));
#9697=CARTESIAN_POINT('Ctrl Pts',(310.,6.04284925921882,-2.35560331444712));
#9698=CARTESIAN_POINT('Ctrl Pts',(310.,6.44435412416324,-2.68079763132292));
#9699=CARTESIAN_POINT('Ctrl Pts',(310.,6.84194539936219,-3.01889985905074));
#9700=CARTESIAN_POINT('Ctrl Pts',(310.,8.32108399470238,-4.27672437733896));
#9701=CARTESIAN_POINT('Ctrl Pts',(310.,9.2885753107883,-5.41529284477388));
#9702=CARTESIAN_POINT('Ctrl Pts',(310.,9.84856410638852,-6.1729352522614));
#9703=CARTESIAN_POINT('Ctrl Pts',(310.,10.0860259818202,-6.49421165707899));
#9704=CARTESIAN_POINT('Ctrl Pts',(310.,10.2531026259359,-6.74454012021898));
#9705=CARTESIAN_POINT('Ctrl Pts',(310.,10.3581298677844,-6.90364256687611));
#9706=CARTESIAN_POINT('Ctrl Pts',(310.,10.4506020172286,-7.04372570116857));
#9707=CARTESIAN_POINT('Ctrl Pts',(310.,10.5032603780925,-7.12584141017166));
#9708=CARTESIAN_POINT('Ctrl Pts',(310.,10.5806900523081,-7.24820435647319));
#9709=CARTESIAN_POINT('Ctrl Pts',(310.,11.3170524941222,-8.41188583697814));
#9710=CARTESIAN_POINT('Ctrl Pts',(310.,12.6280151626258,-10.7739538279506));
#9711=CARTESIAN_POINT('Ctrl Pts',(310.,13.8262906037128,-13.0157722397909));
#9712=CARTESIAN_POINT('Ctrl Pts',(310.,14.3986328724828,-14.0865506201265));
#9713=CARTESIAN_POINT('Ctrl Pts',(310.,14.9376451000605,-15.1340695166466));
#9714=CARTESIAN_POINT('Ctrl Pts',(310.,15.3710537319891,-16.0132255160791));
#9715=CARTESIAN_POINT('Ctrl Pts',(310.,15.661736092075,-16.6028656892837));
#9716=CARTESIAN_POINT('Ctrl Pts',(310.,15.9028700896788,-17.1066479087768));
#9717=CARTESIAN_POINT('Ctrl Pts',(310.,16.1714555019243,-17.6870546599548));
#9718=CARTESIAN_POINT('Ctrl Pts',(310.,16.7236016100922,-18.8802293976968));
#9719=CARTESIAN_POINT('Ctrl Pts',(310.,17.3207945775456,-20.2564802210469));
#9720=CARTESIAN_POINT('Ctrl Pts',(310.,18.0164903410843,-22.0670247966024));
#9721=CARTESIAN_POINT('Ctrl Pts',(310.,18.3928966860117,-23.0466203349545));
#9722=CARTESIAN_POINT('Ctrl Pts',(310.,18.798672439944,-24.1530231025334));
#9723=CARTESIAN_POINT('Ctrl Pts',(310.,19.2475126044637,-25.4240684950665));
#9724=CARTESIAN_POINT('Ctrl Pts',(310.,19.6715957480334,-26.6250058627417));
#9725=CARTESIAN_POINT('Ctrl Pts',(310.,20.1500421931472,-28.0180245413383));
#9726=CARTESIAN_POINT('Ctrl Pts',(310.,20.5916409621934,-29.3550476975417));
#9727=CARTESIAN_POINT('Ctrl Pts',(310.,21.7072420211027,-32.7327392886403));
#9728=CARTESIAN_POINT('Ctrl Pts',(310.,22.6823820040483,-36.0671060982263));
#9729=CARTESIAN_POINT('Ctrl Pts',(310.,23.6875057777721,-39.8660506365731));
#9730=CARTESIAN_POINT('',(324.516121517409,26.5894907238316,-52.0465228479557));
#9731=CARTESIAN_POINT('Ctrl Pts',(310.,23.6875057777721,-39.8660506365731));
#9732=CARTESIAN_POINT('Ctrl Pts',(314.834235993964,24.7607485437648,-43.9224562761322));
#9733=CARTESIAN_POINT('Ctrl Pts',(319.863586245802,25.7666100505232,-48.1425822175106));
#9734=CARTESIAN_POINT('Ctrl Pts',(324.516121517409,26.5894907238316,-52.0465228479557));
#9735=CARTESIAN_POINT('',(324.516121517409,-9.46328783367815,-52.0465228479557));
#9736=CARTESIAN_POINT('Ctrl Pts',(324.516121517409,26.5894907238316,-52.0465228479557));
#9737=CARTESIAN_POINT('Ctrl Pts',(330.533922099599,25.5251394603114,-46.9969885989418));
#9738=CARTESIAN_POINT('Ctrl Pts',(341.467362628071,23.3777695458856,-37.8227426840032));
#9739=CARTESIAN_POINT('Ctrl Pts',(353.704760821222,19.9992985394905,-27.5543463735603));
#9740=CARTESIAN_POINT('Ctrl Pts',(356.656154770681,19.1434453897879,-25.0778327991102));
#9741=CARTESIAN_POINT('Ctrl Pts',(362.145661586624,17.4279514544206,-20.4715896545067));
#9742=CARTESIAN_POINT('Ctrl Pts',(364.652248209644,16.5379321003999,-18.3683137436169));
#9743=CARTESIAN_POINT('Ctrl Pts',(369.776432543086,14.4078718473086,-14.0686125593414));
#9744=CARTESIAN_POINT('Ctrl Pts',(372.22434365379,13.2928875647621,-12.0145712491951));
#9745=CARTESIAN_POINT('Ctrl Pts',(377.874308954235,10.6742379302271,-7.27368744942673));
#9746=CARTESIAN_POINT('Ctrl Pts',(379.278219714625,9.96107822274422,-6.0956664481779));
#9747=CARTESIAN_POINT('Ctrl Pts',(382.554183149169,7.31263615083681,-3.34680673850174));
#9748=CARTESIAN_POINT('Ctrl Pts',(383.98415783158,5.87959518101211,-2.14691550989775));
#9749=CARTESIAN_POINT('Ctrl Pts',(385.576578207352,3.71969709737075,-0.810716159908385));
#9750=CARTESIAN_POINT('Ctrl Pts',(386.008713673823,2.97074193357483,-0.448111448605611));
#9751=CARTESIAN_POINT('Ctrl Pts',(386.441736262588,1.80004491141063,-0.0847623540816401));
#9752=CARTESIAN_POINT('Ctrl Pts',(386.559534876837,1.32422773269666,0.0140824189198616));
#9753=CARTESIAN_POINT('Ctrl Pts',(386.592546654816,0.735430119722402,0.041782589646891));
#9754=CARTESIAN_POINT('Ctrl Pts',(386.59446928363,0.638856923206871,0.0433958667747324));
#9755=CARTESIAN_POINT('Ctrl Pts',(386.585744451517,0.162868771425814,0.036074863367136));
#9756=CARTESIAN_POINT('Ctrl Pts',(386.522242609288,-0.199707452329516,-0.0172095090266992));
#9757=CARTESIAN_POINT('Ctrl Pts',(386.275676842627,-0.93487245890397,-0.224102752892981));
#9758=CARTESIAN_POINT('Ctrl Pts',(386.086827585686,-1.28250257639984,-0.382566094737913));
#9759=CARTESIAN_POINT('Ctrl Pts',(385.599184963568,-1.9757982289712,-0.791746839103363));
#9760=CARTESIAN_POINT('Ctrl Pts',(385.2102675472,-2.41008398077433,-1.11808729973858));
#9761=CARTESIAN_POINT('Ctrl Pts',(383.628066482903,-3.69489510215304,-2.44571162923843));
#9762=CARTESIAN_POINT('Ctrl Pts',(382.38669187368,-4.37358514085239,-3.48734860599015));
#9763=CARTESIAN_POINT('Ctrl Pts',(379.255371495389,-5.8114618448895,-6.11483838051172));
#9764=CARTESIAN_POINT('Ctrl Pts',(377.27389460849,-6.43180024824194,-7.77749490549548));
#9765=CARTESIAN_POINT('Ctrl Pts',(369.888661193281,-7.80343183147849,-13.9744415403551));
#9766=CARTESIAN_POINT('Ctrl Pts',(367.105814550597,-8.2287896806726,-16.3095271318546));
#9767=CARTESIAN_POINT('Ctrl Pts',(362.872086525951,-8.67093579222402,-19.8620467558397));
#9768=CARTESIAN_POINT('Ctrl Pts',(361.472079694942,-8.78096276973552,-21.0367919713853));
#9769=CARTESIAN_POINT('Ctrl Pts',(357.395189354011,-9.04199991752118,-24.45770915281));
#9770=CARTESIAN_POINT('Ctrl Pts',(350.606306006952,-9.38442966863777,-30.1542586654331));
#9771=CARTESIAN_POINT('Ctrl Pts',(338.372251813756,-9.61027893481931,-40.419849026747));
#9772=CARTESIAN_POINT('Ctrl Pts',(330.541559165034,-9.55470313200965,-46.9905803401516));
#9773=CARTESIAN_POINT('Ctrl Pts',(324.516121517409,-9.46328783367815,-52.0465228479557));
#9774=CARTESIAN_POINT('',(310.,-9.55442515188066,-39.8660506365731));
#9775=CARTESIAN_POINT('Ctrl Pts',(324.516121517409,-9.46328783367815,-52.0465228479556));
#9776=CARTESIAN_POINT('Ctrl Pts',(319.835146860512,-9.53430552895064,-48.1187187398032));
#9777=CARTESIAN_POINT('Ctrl Pts',(314.655054867742,-9.57468417596248,-43.772105459205));
#9778=CARTESIAN_POINT('Ctrl Pts',(310.,-9.55442515188066,-39.8660506365731));
#9779=CARTESIAN_POINT('Ctrl Pts',(310.,-9.55442515188066,-39.8660506365731));
#9780=CARTESIAN_POINT('Ctrl Pts',(310.,-9.53794141958113,-36.6878934961554));
#9781=CARTESIAN_POINT('Ctrl Pts',(310.,-9.50062440323914,-34.2749886104072));
#9782=CARTESIAN_POINT('Ctrl Pts',(310.,-9.36423495164218,-30.9590529738484));
#9783=CARTESIAN_POINT('Ctrl Pts',(310.,-9.32600872572693,-30.0296870787634));
#9784=CARTESIAN_POINT('Ctrl Pts',(310.,-9.27822744847422,-29.0294524876168));
#9785=CARTESIAN_POINT('Ctrl Pts',(310.,-9.22014177599296,-27.9215897708752));
#9786=CARTESIAN_POINT('Ctrl Pts',(310.,-9.17891077898872,-27.135194737404));
#9787=CARTESIAN_POINT('Ctrl Pts',(310.,-9.13256603649907,-26.2939425828875));
#9788=CARTESIAN_POINT('Ctrl Pts',(310.,-9.08838089048158,-25.5325446256268));
#9789=CARTESIAN_POINT('Ctrl Pts',(310.,-8.9484169966083,-23.1206883234386));
#9790=CARTESIAN_POINT('Ctrl Pts',(310.,-8.80862355021361,-21.1464632342018));
#9791=CARTESIAN_POINT('Ctrl Pts',(310.,-8.59528788260859,-19.2806984790412));
#9792=CARTESIAN_POINT('Ctrl Pts',(310.,-8.43528613190484,-17.8813749126707));
#9793=CARTESIAN_POINT('Ctrl Pts',(310.,-8.23827073295676,-16.5429764099895));
#9794=CARTESIAN_POINT('Ctrl Pts',(310.,-7.9864662508763,-15.1249021906647));
#9795=CARTESIAN_POINT('Ctrl Pts',(310.,-7.92906292980375,-14.8016268897484));
#9796=CARTESIAN_POINT('Ctrl Pts',(310.,-7.86986733748084,-14.480210133338));
#9797=CARTESIAN_POINT('Ctrl Pts',(310.,-7.80499283510284,-14.1407557653683));
#9798=CARTESIAN_POINT('Ctrl Pts',(310.,-7.60777837660529,-13.1088355669872));
#9799=CARTESIAN_POINT('Ctrl Pts',(310.,-7.19741600008524,-11.0798816088613));
#9800=CARTESIAN_POINT('Ctrl Pts',(310.,-6.67811291325689,-9.12461377890895));
#9801=CARTESIAN_POINT('Ctrl Pts',(310.,-6.35533320437454,-7.90929117261823));
#9802=CARTESIAN_POINT('Ctrl Pts',(310.,-5.97552673471474,-6.74772701536744));
#9803=CARTESIAN_POINT('Ctrl Pts',(310.,-5.5699961213925,-5.81876688781885));
#9804=CARTESIAN_POINT('Ctrl Pts',(310.,-5.21192481892372,-4.9985231087171));
#9805=CARTESIAN_POINT('Ctrl Pts',(310.,-4.84496201612589,-4.32285890697127));
#9806=CARTESIAN_POINT('Ctrl Pts',(310.,-4.50841411993835,-3.76731379729277));
#9807=CARTESIAN_POINT('Ctrl Pts',(310.,-4.23793540971851,-3.32083017211793));
#9808=CARTESIAN_POINT('Ctrl Pts',(310.,-3.97939832373825,-2.93562456486615));
#9809=CARTESIAN_POINT('Ctrl Pts',(310.,-3.67585011432577,-2.53599736065537));
#9810=CARTESIAN_POINT('Ctrl Pts',(310.,-2.89723406376739,-1.51093397437964));
#9811=CARTESIAN_POINT('Ctrl Pts',(310.,-1.96651380998273,-0.607123204446637));
#9812=CARTESIAN_POINT('Ctrl Pts',(310.,-0.808784668914952,-0.197957363164064));
#9813=CARTESIAN_POINT('Ctrl Pts',(310.,-0.545655536975419,-0.10496199074328));
#9814=CARTESIAN_POINT('Ctrl Pts',(310.,-0.272977090808682,-0.0385579975855581));
#9815=CARTESIAN_POINT('Ctrl Pts',(310.,1.90056304028019E-13,-2.42861286636753E-16));
#9816=CARTESIAN_POINT('Origin',(310.,0.,0.));
#9817=CARTESIAN_POINT('',(310.,0.,-39.8660506365731));
#9818=CARTESIAN_POINT('Origin',(202.238638214415,0.,50.5564682928728));
#9819=CARTESIAN_POINT('',(324.516121517409,0.,-52.0465228479557));
#9820=CARTESIAN_POINT('Origin',(324.516121517409,0.,-52.0465228479556));
#9821=CARTESIAN_POINT('Origin',(202.238638214415,0.,50.5564682928728));
#9822=CARTESIAN_POINT('',(305.,-9.50490143555986,-35.6705524806867));
#9823=CARTESIAN_POINT('',(305.,22.5339163068649,-35.6705524806867));
#9824=CARTESIAN_POINT('Ctrl Pts',(305.,-9.50490143555986,-35.6705524806867));
#9825=CARTESIAN_POINT('Ctrl Pts',(302.314545052447,-9.46140795973601,-33.4171882246517));
#9826=CARTESIAN_POINT('Ctrl Pts',(299.590939818126,-9.38956045520975,-31.1318120770601));
#9827=CARTESIAN_POINT('Ctrl Pts',(294.266125836284,-9.15379282838742,-26.6637626288089));
#9828=CARTESIAN_POINT('Ctrl Pts',(292.493399455408,-9.07083865187786,-25.1762685764377));
#9829=CARTESIAN_POINT('Ctrl Pts',(288.045400648163,-8.83124423483655,-21.4439544178016));
#9830=CARTESIAN_POINT('Ctrl Pts',(285.387348320954,-8.63834763047823,-19.2135836903903));
#9831=CARTESIAN_POINT('Ctrl Pts',(280.187792150462,-7.96118175442662,-14.850638025445));
#9832=CARTESIAN_POINT('Ctrl Pts',(277.953509911991,-7.59185738523105,-12.9758526231981));
#9833=CARTESIAN_POINT('Ctrl Pts',(271.862630781768,-6.4273669145449,-7.86499819148279));
#9834=CARTESIAN_POINT('Ctrl Pts',(269.674278140792,-5.82431481028786,-6.02875229755434));
#9835=CARTESIAN_POINT('Ctrl Pts',(266.133623347907,-4.09995983769084,-3.05779016671819));
#9836=CARTESIAN_POINT('Ctrl Pts',(264.703503467106,-3.2720989948586,-1.85777710219842));
#9837=CARTESIAN_POINT('Ctrl Pts',(263.383191943248,-1.9129801077117,-0.749904189490096));
#9838=CARTESIAN_POINT('Ctrl Pts',(263.058288590271,-1.49930234579546,-0.477277905839209));
#9839=CARTESIAN_POINT('Ctrl Pts',(262.651489861953,-0.674284509420243,-0.135933242943657));
#9840=CARTESIAN_POINT('Ctrl Pts',(262.53013765669,-0.302289203734605,-0.03410665226546));
#9841=CARTESIAN_POINT('Ctrl Pts',(262.461386864451,0.191270282188679,0.0235821121457039));
#9842=CARTESIAN_POINT('Ctrl Pts',(262.452211919229,0.282199821229667,0.031280805297259));
#9843=CARTESIAN_POINT('Ctrl Pts',(262.440526825774,0.466533928803138,0.0410857629060413));
#9844=CARTESIAN_POINT('Ctrl Pts',(262.438141043455,0.559517601847104,0.0430876719700418));
#9845=CARTESIAN_POINT('Ctrl Pts',(262.443388216714,1.05985342371354,0.038684770823421));
#9846=CARTESIAN_POINT('Ctrl Pts',(262.511854607141,1.45770933626539,-0.0187653521322634));
#9847=CARTESIAN_POINT('Ctrl Pts',(262.788886153054,2.4216582434018,-0.251222420131881));
#9848=CARTESIAN_POINT('Ctrl Pts',(263.055246901214,2.97439736378037,-0.474725625641461));
#9849=CARTESIAN_POINT('Ctrl Pts',(264.000446950827,4.58412496158391,-1.2678426386606));
#9850=CARTESIAN_POINT('Ctrl Pts',(264.896687403644,5.60405875488354,-2.01987767209732));
#9851=CARTESIAN_POINT('Ctrl Pts',(266.433056182654,7.22842949932901,-3.30904414791646));
#9852=CARTESIAN_POINT('Ctrl Pts',(267.495407905941,8.18066798706714,-4.20046308710732));
#9853=CARTESIAN_POINT('Ctrl Pts',(269.999552095254,10.0450403999626,-6.30168955277488));
#9854=CARTESIAN_POINT('Ctrl Pts',(271.042200709128,10.6460023893346,-7.17657562012339));
#9855=CARTESIAN_POINT('Ctrl Pts',(279.979177351958,14.7395692826701,-14.6755894249628));
#9856=CARTESIAN_POINT('Ctrl Pts',(283.270308089215,16.1575486972117,-17.4371760127513));
#9857=CARTESIAN_POINT('Ctrl Pts',(290.269607909922,18.5336761639565,-23.3102859108057));
#9858=CARTESIAN_POINT('Ctrl Pts',(296.684572751577,20.4721421044827,-28.6930805434529));
#9859=CARTESIAN_POINT('Ctrl Pts',(303.657524169134,22.2085947449421,-34.5440815061424));
#9860=CARTESIAN_POINT('Ctrl Pts',(304.324522351805,22.3716632522467,-35.1037594352178));
#9861=CARTESIAN_POINT('Ctrl Pts',(305.,22.5339163068649,-35.6705524806867));
#9862=CARTESIAN_POINT('',(305.,0.,-35.6705524806867));
#9863=CARTESIAN_POINT('Origin',(305.,0.,-330.004282463138));
#9864=CARTESIAN_POINT('',(305.,1.89992621037504E-13,0.));
#9865=CARTESIAN_POINT('Ctrl Pts',(305.,7.24753590475302E-13,7.57172102794357E-14));
#9866=CARTESIAN_POINT('Ctrl Pts',(305.,-0.114974547866939,-0.0162401479403304));
#9867=CARTESIAN_POINT('Ctrl Pts',(305.,-0.22849797096356,-0.0371108577959227));
#9868=CARTESIAN_POINT('Ctrl Pts',(305.,-0.340470294891953,-0.0625073462497718));
#9869=CARTESIAN_POINT('Ctrl Pts',(305.,-0.452442618820938,-0.0879038347037549));
#9870=CARTESIAN_POINT('Ctrl Pts',(305.,-0.562863843581675,-0.11782610175604));
#9871=CARTESIAN_POINT('Ctrl Pts',(305.,-0.671649271393052,-0.152119524395793));
#9872=CARTESIAN_POINT('Ctrl Pts',(305.,-0.780434699203686,-0.186412947035312));
#9873=CARTESIAN_POINT('Ctrl Pts',(305.,-0.887584330064958,-0.225077525262231));
#9874=CARTESIAN_POINT('Ctrl Pts',(305.,-0.993028742811743,-0.267908796371797));
#9875=CARTESIAN_POINT('Ctrl Pts',(305.,-1.09847315555925,-0.310740067481658));
#9876=CARTESIAN_POINT('Ctrl Pts',(305.,-1.20221235019225,-0.357738031474222));
#9877=CARTESIAN_POINT('Ctrl Pts',(305.,-1.3041921821616,-0.408648385950804));
#9878=CARTESIAN_POINT('Ctrl Pts',(305.,-1.40617201413023,-0.459558740427026));
#9879=CARTESIAN_POINT('Ctrl Pts',(305.,-1.50639248343524,-0.514381485387222));
#9880=CARTESIAN_POINT('Ctrl Pts',(305.,-1.60481472214351,-0.57281247873878));
#9881=CARTESIAN_POINT('Ctrl Pts',(305.,-1.70323696085241,-0.631243472090716));
#9882=CARTESIAN_POINT('Ctrl Pts',(305.,-1.79986096896454,-0.693282713834068));
#9883=CARTESIAN_POINT('Ctrl Pts',(305.,-1.8946631551628,-0.758576222182321));
#9884=CARTESIAN_POINT('Ctrl Pts',(305.,-1.98946534136107,-0.823869730530578));
#9885=CARTESIAN_POINT('Ctrl Pts',(305.,-2.08244570564544,-0.892417505483719));
#9886=CARTESIAN_POINT('Ctrl Pts',(305.,-2.17359593331485,-0.963815725561337));
#9887=CARTESIAN_POINT('Ctrl Pts',(305.,-2.26759961401675,-1.03744906312361));
#9888=CARTESIAN_POINT('Ctrl Pts',(305.,-2.35965671289384,-1.11411423197433));
#9889=CARTESIAN_POINT('Ctrl Pts',(305.,-2.44977506848981,-1.19331324831482));
#9890=CARTESIAN_POINT('Ctrl Pts',(305.,-2.5455831491725,-1.27751258481358));
#9891=CARTESIAN_POINT('Ctrl Pts',(305.,-2.63920084762698,-1.36456753781971));
#9892=CARTESIAN_POINT('Ctrl Pts',(305.,-2.73064888048206,-1.45389165628288));
#9893=CARTESIAN_POINT('Ctrl Pts',(305.,-2.82209691333726,-1.54321577474617));
#9894=CARTESIAN_POINT('Ctrl Pts',(305.,-2.91137528059307,-1.6348090586665));
#9895=CARTESIAN_POINT('Ctrl Pts',(305.,-2.99851146926066,-1.72813674385847));
#9896=CARTESIAN_POINT('Ctrl Pts',(305.,-3.08564765792801,-1.82146442905019));
#9897=CARTESIAN_POINT('Ctrl Pts',(305.,-3.17064166800718,-1.91652651551354));
#9898=CARTESIAN_POINT('Ctrl Pts',(305.,-3.25352775689173,-2.0128399259281));
#9899=CARTESIAN_POINT('Ctrl Pts',(305.,-3.33641384577629,-2.10915333634266));
#9900=CARTESIAN_POINT('Ctrl Pts',(305.,-3.41719201346625,-2.20671807070843));
#9901=CARTESIAN_POINT('Ctrl Pts',(305.,-3.49590328773755,-2.30510273856992));
#9902=CARTESIAN_POINT('Ctrl Pts',(305.,-3.57461456200887,-2.40348740643142));
#9903=CARTESIAN_POINT('Ctrl Pts',(305.,-3.65125894286155,-2.50269200778865));
#9904=CARTESIAN_POINT('Ctrl Pts',(305.,-3.72588422845394,-2.60233683905106));
#9905=CARTESIAN_POINT('Ctrl Pts',(305.,-3.80050951404638,-2.70198167031356));
#9906=CARTESIAN_POINT('Ctrl Pts',(305.,-3.87311570437852,-2.80206673148124));
#9907=CARTESIAN_POINT('Ctrl Pts',(305.,-3.94375736799113,-2.90226400582856));
#9908=CARTESIAN_POINT('Ctrl Pts',(305.,-4.01439903160363,-3.00246128017575));
#9909=CARTESIAN_POINT('Ctrl Pts',(305.,-4.08307616849658,-3.10277076770255));
#9910=CARTESIAN_POINT('Ctrl Pts',(305.,-4.14985011759313,-3.20291613854839));
#9911=CARTESIAN_POINT('Ctrl Pts',(305.,-4.21662406668978,-3.30306150939439));
#9912=CARTESIAN_POINT('Ctrl Pts',(305.,-4.28149482799002,-3.40304276355942));
#9913=CARTESIAN_POINT('Ctrl Pts',(305.,-4.34453051079933,-3.50263525804779));
#9914=CARTESIAN_POINT('Ctrl Pts',(305.,-4.40756619360877,-3.60222775253636));
#9915=CARTESIAN_POINT('Ctrl Pts',(305.,-4.46876679792728,-3.70143148734829));
#9916=CARTESIAN_POINT('Ctrl Pts',(305.,-4.52820720344278,-3.80007350635287));
#9917=CARTESIAN_POINT('Ctrl Pts',(305.,-4.58764760895828,-3.89871552535746));
#9918=CARTESIAN_POINT('Ctrl Pts',(305.,-4.64532781567076,-3.99679582855471));
#9919=CARTESIAN_POINT('Ctrl Pts',(305.,-4.7013294736505,-4.09419314667886));
#9920=CARTESIAN_POINT('Ctrl Pts',(305.,-4.75733113162997,-4.19159046480253));
#9921=CARTESIAN_POINT('Ctrl Pts',(305.,-4.81165424087671,-4.28830479785311));
#9922=CARTESIAN_POINT('Ctrl Pts',(305.,-4.86438722184339,-4.38426656342982));
#9923=CARTESIAN_POINT('Ctrl Pts',(305.,-4.91712020281026,-4.48022832900686));
#9924=CARTESIAN_POINT('Ctrl Pts',(305.,-4.96826305549707,-4.57543752711002));
#9925=CARTESIAN_POINT('Ctrl Pts',(305.,-5.01791097073886,-4.66987626220346));
#9926=CARTESIAN_POINT('Ctrl Pts',(305.,-5.06755888598071,-4.76431499729702));
#9927=CARTESIAN_POINT('Ctrl Pts',(305.,-5.11571186377753,-4.85798326938083));
#9928=CARTESIAN_POINT('Ctrl Pts',(305.,-5.1624718653468,-4.95091486978406));
#9929=CARTESIAN_POINT('Ctrl Pts',(305.,-5.20923186691584,-5.04384647018686));
#9930=CARTESIAN_POINT('Ctrl Pts',(305.,-5.25459889225733,-5.13604139890907));
#9931=CARTESIAN_POINT('Ctrl Pts',(305.,-5.29868167297107,-5.22758513414475));
#9932=CARTESIAN_POINT('Ctrl Pts',(305.,-5.34276445368496,-5.31912886938074));
#9933=CARTESIAN_POINT('Ctrl Pts',(305.,-5.3855629897711,-5.41002141113019));
#9934=CARTESIAN_POINT('Ctrl Pts',(305.,-5.42719278321171,-5.50039992445217));
#9935=CARTESIAN_POINT('Ctrl Pts',(305.,-5.46882257665218,-5.59077843777385));
#9936=CARTESIAN_POINT('Ctrl Pts',(305.,-5.50928362744713,-5.68064292266806));
#9937=CARTESIAN_POINT('Ctrl Pts',(305.,-5.54869820796115,-5.77018223105874));
#9938=CARTESIAN_POINT('Ctrl Pts',(305.,-5.58811278847528,-5.8597215394497));
#9939=CARTESIAN_POINT('Ctrl Pts',(305.,-5.62648089870846,-5.94893567133712));
#9940=CARTESIAN_POINT('Ctrl Pts',(305.,-5.6639315814077,-6.03806516551001));
#9941=CARTESIAN_POINT('Ctrl Pts',(305.,-5.70320726815291,-6.13153801675298));
#9942=CARTESIAN_POINT('Ctrl Pts',(305.,-5.74147387273186,-6.22491730740403));
#9943=CARTESIAN_POINT('Ctrl Pts',(305.,-5.77888823668194,-6.31854155260102));
#9944=CARTESIAN_POINT('Ctrl Pts',(305.,-5.81921375862567,-6.41945056602682));
#9945=CARTESIAN_POINT('Ctrl Pts',(305.,-5.85855152609983,-6.52065379858381));
#9946=CARTESIAN_POINT('Ctrl Pts',(305.,-5.89709641181351,-6.62260246267241));
#9947=CARTESIAN_POINT('Ctrl Pts',(305.,-5.9352916218739,-6.72362625786965));
#9948=CARTESIAN_POINT('Ctrl Pts',(305.,-5.97270825169305,-6.82538198826073));
#9949=CARTESIAN_POINT('Ctrl Pts',(305.,-6.00951722394012,-6.92825991975362));
#9950=CARTESIAN_POINT('Ctrl Pts',(305.,-6.04632619618719,-7.03113785124652));
#9951=CARTESIAN_POINT('Ctrl Pts',(305.,-6.08252751086215,-7.1351379838412));
#9952=CARTESIAN_POINT('Ctrl Pts',(305.,-6.11827345271111,-7.24060190082138));
#9953=CARTESIAN_POINT('Ctrl Pts',(305.,-6.15401939456005,-7.34606581780152));
#9954=CARTESIAN_POINT('Ctrl Pts',(305.,-6.18930996358297,-7.45299351916716));
#9955=CARTESIAN_POINT('Ctrl Pts',(305.,-6.22427880660285,-7.56167790557759));
#9956=CARTESIAN_POINT('Ctrl Pts',(305.,-6.25924764962276,-7.67036229198812));
#9957=CARTESIAN_POINT('Ctrl Pts',(305.,-6.29389476663962,-7.78080336344344));
#9958=CARTESIAN_POINT('Ctrl Pts',(305.,-6.32833516655334,-7.89324533797864));
#9959=CARTESIAN_POINT('Ctrl Pts',(305.,-6.36277556646704,-8.00568731251376));
#9960=CARTESIAN_POINT('Ctrl Pts',(305.,-6.3970092492776,-8.12013019012873));
#9961=CARTESIAN_POINT('Ctrl Pts',(305.,-6.43113258596183,-8.23676950623429));
#9962=CARTESIAN_POINT('Ctrl Pts',(305.,-6.46525592264603,-8.35340882233974));
#9963=CARTESIAN_POINT('Ctrl Pts',(305.,-6.49926891320391,-8.47224457693579));
#9964=CARTESIAN_POINT('Ctrl Pts',(305.,-6.5332492906892,-8.59342362280881));
#9965=CARTESIAN_POINT('Ctrl Pts',(305.,-6.56722966817452,-8.71460266868194));
#9966=CARTESIAN_POINT('Ctrl Pts',(305.,-6.60117743258725,-8.8381250058321));
#9967=CARTESIAN_POINT('Ctrl Pts',(305.,-6.63515167905804,-8.96408880442133));
#9968=CARTESIAN_POINT('Ctrl Pts',(305.,-6.66912592552884,-9.09005260301061));
#9969=CARTESIAN_POINT('Ctrl Pts',(305.,-6.70312665405769,-9.21845786303897));
#9970=CARTESIAN_POINT('Ctrl Pts',(305.,-6.73719432185218,-9.34935407204425));
#9971=CARTESIAN_POINT('Ctrl Pts',(305.,-6.77126198964663,-9.48025028104939));
#9972=CARTESIAN_POINT('Ctrl Pts',(305.,-6.80539659670672,-9.61363743903142));
#9973=CARTESIAN_POINT('Ctrl Pts',(305.,-6.83961996231692,-9.74951635090384));
#9974=CARTESIAN_POINT('Ctrl Pts',(305.,-6.87384332792715,-9.88539526277637));
#9975=CARTESIAN_POINT('Ctrl Pts',(305.,-6.9081554520875,-10.0237659285393));
#9976=CARTESIAN_POINT('Ctrl Pts',(305.,-6.94255951615937,-10.1645804704818));
#9977=CARTESIAN_POINT('Ctrl Pts',(305.,-6.97696358023127,-10.3053950124244));
#9978=CARTESIAN_POINT('Ctrl Pts',(305.,-7.01145958421468,-10.4486534305465));
#9979=CARTESIAN_POINT('Ctrl Pts',(305.,-7.04603207154794,-10.5942591645131));
#9980=CARTESIAN_POINT('Ctrl Pts',(305.,-7.0806045588812,-10.7398648984796));
#9981=CARTESIAN_POINT('Ctrl Pts',(305.,-7.1152535295643,-10.8878179482907));
#9982=CARTESIAN_POINT('Ctrl Pts',(305.,-7.14994488911248,-11.0379730709866));
#9983=CARTESIAN_POINT('Ctrl Pts',(305.,-7.18463624866066,-11.1881281936826));
#9984=CARTESIAN_POINT('Ctrl Pts',(305.,-7.21936999707391,-11.3404853892635));
#9985=CARTESIAN_POINT('Ctrl Pts',(305.,-7.25409340194441,-11.4948507321457));
#9986=CARTESIAN_POINT('Ctrl Pts',(305.,-7.28881680681491,-11.6492160750278));
#9987=CARTESIAN_POINT('Ctrl Pts',(305.,-7.32352986814265,-11.8055895652113));
#9988=CARTESIAN_POINT('Ctrl Pts',(305.,-7.3581612155967,-11.9637285944878));
#9989=CARTESIAN_POINT('Ctrl Pts',(305.,-7.39279256305072,-12.1218676237642));
#9990=CARTESIAN_POINT('Ctrl Pts',(305.,-7.42734219663104,-12.2817721921338));
#9991=CARTESIAN_POINT('Ctrl Pts',(305.,-7.46172010808368,-12.4431510087641));
#9992=CARTESIAN_POINT('Ctrl Pts',(305.,-7.50580848247465,-12.650113252418));
#9993=CARTESIAN_POINT('Ctrl Pts',(305.,-7.54961077942573,-12.8594912679179));
#9994=CARTESIAN_POINT('Ctrl Pts',(305.,-7.59291608155776,-13.0706130062306));
#9995=CARTESIAN_POINT('Ctrl Pts',(305.,-7.63342635892583,-13.2681084572819));
#9996=CARTESIAN_POINT('Ctrl Pts',(305.,-7.67350181808096,-13.4671299882791));
#9997=CARTESIAN_POINT('Ctrl Pts',(305.,-7.71299085657541,-13.6671757563027));
#9998=CARTESIAN_POINT('Ctrl Pts',(305.,-7.75247989506964,-13.8672215243251));
#9999=CARTESIAN_POINT('Ctrl Pts',(305.,-7.7913825129032,-14.0682915293739));
#10000=CARTESIAN_POINT('Ctrl Pts',(305.,-7.82956790518996,-14.2699317284409));
#10001=CARTESIAN_POINT('Ctrl Pts',(305.,-7.86775329747691,-14.4715719275088));
#10002=CARTESIAN_POINT('Ctrl Pts',(305.,-7.90522146421706,-14.673782320595));
#10003=CARTESIAN_POINT('Ctrl Pts',(305.,-7.94186239808589,-14.8761566646023));
#10004=CARTESIAN_POINT('Ctrl Pts',(305.,-7.97850333195508,-15.0785310086117));
#10005=CARTESIAN_POINT('Ctrl Pts',(305.,-8.01431703295293,-15.2810693035421));
#10006=CARTESIAN_POINT('Ctrl Pts',(305.,-8.04921429131655,-15.4834131062082));
#10007=CARTESIAN_POINT('Ctrl Pts',(305.,-8.08411154967989,-15.6857569088728));
#10008=CARTESIAN_POINT('Ctrl Pts',(305.,-8.11809236540902,-15.8879062192729));
#10009=CARTESIAN_POINT('Ctrl Pts',(305.,-8.15108832630262,-16.0895503941341));
#10010=CARTESIAN_POINT('Ctrl Pts',(305.,-8.18408428719595,-16.2911945689937));
#10011=CARTESIAN_POINT('Ctrl Pts',(305.,-8.21609539325377,-16.4923336083144));
#10012=CARTESIAN_POINT('Ctrl Pts',(305.,-8.2470740298364,-16.6927046687332));
#10013=CARTESIAN_POINT('Ctrl Pts',(305.,-8.27942940344549,-16.9019805193022));
#10014=CARTESIAN_POINT('Ctrl Pts',(305.,-8.3106583276468,-17.1104182191085));
#10015=CARTESIAN_POINT('Ctrl Pts',(305.,-8.34073077527049,-17.3177739712498));
#10016=CARTESIAN_POINT('Ctrl Pts',(305.,-8.36986345890594,-17.5186498561366));
#10017=CARTESIAN_POINT('Ctrl Pts',(305.,-8.39791093545627,-17.71851063218));
#10018=CARTESIAN_POINT('Ctrl Pts',(305.,-8.42486805426017,-17.9171855564935));
#10019=CARTESIAN_POINT('Ctrl Pts',(305.,-8.45151071766027,-18.1135429332974));
#10020=CARTESIAN_POINT('Ctrl Pts',(305.,-8.47708835419445,-18.308742057567));
#10021=CARTESIAN_POINT('Ctrl Pts',(305.,-8.50161691165005,-18.5026661741408));
#10022=CARTESIAN_POINT('Ctrl Pts',(305.,-8.52614546910566,-18.6965902907146));
#10023=CARTESIAN_POINT('Ctrl Pts',(305.,-8.5496249474827,-18.8892393995927));
#10024=CARTESIAN_POINT('Ctrl Pts',(305.,-8.57209209213011,-19.0805445455245));
#10025=CARTESIAN_POINT('Ctrl Pts',(305.,-8.59455923677752,-19.2718496914562));
#10026=CARTESIAN_POINT('Ctrl Pts',(305.,-8.6160140476953,-19.4618108744417));
#10027=CARTESIAN_POINT('Ctrl Pts',(305.,-8.63651406779404,-19.6504069391422));
#10028=CARTESIAN_POINT('Ctrl Pts',(305.,-8.65701408789278,-19.8390030038427));
#10029=CARTESIAN_POINT('Ctrl Pts',(305.,-8.67655931717248,-20.026233950258));
#10030=CARTESIAN_POINT('Ctrl Pts',(305.,-8.69522809610531,-20.2121264229605));
#10031=CARTESIAN_POINT('Ctrl Pts',(305.,-8.71391928102139,-20.3982420009686));
#10032=CARTESIAN_POINT('Ctrl Pts',(305.,-8.73173190635084,-20.5830158809142));
#10033=CARTESIAN_POINT('Ctrl Pts',(305.,-8.74876548003334,-20.7665228044319));
#10034=CARTESIAN_POINT('Ctrl Pts',(305.,-8.77247940450473,-21.0219988076118));
#10035=CARTESIAN_POINT('Ctrl Pts',(305.,-8.79468938803207,-21.2750235000181));
#10036=CARTESIAN_POINT('Ctrl Pts',(305.,-8.81567935213215,-21.5258879780998));
#10037=CARTESIAN_POINT('Ctrl Pts',(305.,-8.83667721313418,-21.7768468371044));
#10038=CARTESIAN_POINT('Ctrl Pts',(305.,-8.8564541395036,-22.0256438546614));
#10039=CARTESIAN_POINT('Ctrl Pts',(305.,-8.87526220621785,-22.2726114648832));
#10040=CARTESIAN_POINT('Ctrl Pts',(305.,-8.894070272932,-22.5195790751038));
#10041=CARTESIAN_POINT('Ctrl Pts',(305.,-8.91190947999098,-22.7647172779893));
#10042=CARTESIAN_POINT('Ctrl Pts',(305.,-8.92899972633883,-23.0083995207352));
#10043=CARTESIAN_POINT('Ctrl Pts',(305.,-8.94608997268684,-23.2520817634835));
#10044=CARTESIAN_POINT('Ctrl Pts',(305.,-8.96243125832371,-23.4943080460921));
#10045=CARTESIAN_POINT('Ctrl Pts',(305.,-8.9782113061601,-23.7354928288394));
#10046=CARTESIAN_POINT('Ctrl Pts',(305.,-8.99399135399647,-23.9766776115865));
#10047=CARTESIAN_POINT('Ctrl Pts',(305.,-9.00921016403237,-24.2168208944723));
#10048=CARTESIAN_POINT('Ctrl Pts',(305.,-9.02402328314505,-24.4563781508579));
#10049=CARTESIAN_POINT('Ctrl Pts',(305.,-9.03883640225776,-24.6959354072437));
#10050=CARTESIAN_POINT('Ctrl Pts',(305.,-9.05324383044725,-24.9349066371293));
#10051=CARTESIAN_POINT('Ctrl Pts',(305.,-9.06736893855744,-25.1737883269586));
#10052=CARTESIAN_POINT('Ctrl Pts',(305.,-9.0814940466676,-25.4126700167875));
#10053=CARTESIAN_POINT('Ctrl Pts',(305.,-9.09533683469846,-25.6514621665601));
#10054=CARTESIAN_POINT('Ctrl Pts',(305.,-9.1089884974605,-25.8907022758032));
#10055=CARTESIAN_POINT('Ctrl Pts',(305.,-9.12264016022253,-26.1299423850459));
#10056=CARTESIAN_POINT('Ctrl Pts',(305.,-9.13610069771576,-26.369630453759));
#10057=CARTESIAN_POINT('Ctrl Pts',(305.,-9.14942912871731,-26.6103449945522));
#10058=CARTESIAN_POINT('Ctrl Pts',(305.,-9.16275755971891,-26.8510595353461));
#10059=CARTESIAN_POINT('Ctrl Pts',(305.,-9.17595388422883,-27.09280054822));
#10060=CARTESIAN_POINT('Ctrl Pts',(305.,-9.18904494499081,-27.3361875588663));
#10061=CARTESIAN_POINT('Ctrl Pts',(305.,-9.20213600575271,-27.5795745695111));
#10062=CARTESIAN_POINT('Ctrl Pts',(305.,-9.21512180276668,-27.8246075779283));
#10063=CARTESIAN_POINT('Ctrl Pts',(305.,-9.22799700274308,-28.071947122893));
#10064=CARTESIAN_POINT('Ctrl Pts',(305.,-9.24087220271955,-28.3192866678592));
#10065=CARTESIAN_POINT('Ctrl Pts',(305.,-9.25363680565845,-28.568932749373));
#10066=CARTESIAN_POINT('Ctrl Pts',(305.,-9.26625330223675,-28.8215869192923));
#10067=CARTESIAN_POINT('Ctrl Pts',(305.,-9.27872496088957,-29.0713406084318));
#10068=CARTESIAN_POINT('Ctrl Pts',(305.,-9.29105180009889,-29.3240339365198));
#10069=CARTESIAN_POINT('Ctrl Pts',(305.,-9.30316679241689,-29.5803835107414));
#10070=CARTESIAN_POINT('Ctrl Pts',(305.,-9.31288202673624,-29.7859549313297));
#10071=CARTESIAN_POINT('Ctrl Pts',(305.,-9.32245929770851,-29.9938831277425));
#10072=CARTESIAN_POINT('Ctrl Pts',(305.,-9.33186073996487,-30.2045098028062));
#10073=CARTESIAN_POINT('Ctrl Pts',(305.,-9.34126218222118,-30.4151364778689));
#10074=CARTESIAN_POINT('Ctrl Pts',(305.,-9.35048779576159,-30.6284616315825));
#10075=CARTESIAN_POINT('Ctrl Pts',(305.,-9.35950326721695,-30.84477495953));
#10076=CARTESIAN_POINT('Ctrl Pts',(305.,-9.36851873867229,-31.0610882874769));
#10077=CARTESIAN_POINT('Ctrl Pts',(305.,-9.37732406804259,-31.2803897896576));
#10078=CARTESIAN_POINT('Ctrl Pts',(305.,-9.38588849395844,-31.5029171544116));
#10079=CARTESIAN_POINT('Ctrl Pts',(305.,-9.39445291987434,-31.7254445191667));
#10080=CARTESIAN_POINT('Ctrl Pts',(305.,-9.40277644233577,-31.951197746495));
#10081=CARTESIAN_POINT('Ctrl Pts',(305.,-9.41083185197305,-32.1803625174923));
#10082=CARTESIAN_POINT('Ctrl Pts',(305.,-9.4188872616103,-32.409527288489));
#10083=CARTESIAN_POINT('Ctrl Pts',(305.,-9.42667455842339,-32.6421036031547));
#10084=CARTESIAN_POINT('Ctrl Pts',(305.,-9.43417008504233,-32.8782251353415));
#10085=CARTESIAN_POINT('Ctrl Pts',(305.,-9.44166561166128,-33.1143466675289));
#10086=CARTESIAN_POINT('Ctrl Pts',(305.,-9.44886936808608,-33.3540134172374));
#10087=CARTESIAN_POINT('Ctrl Pts',(305.,-9.45576124894643,-33.5973070510757));
#10088=CARTESIAN_POINT('Ctrl Pts',(305.,-9.46265312980668,-33.8406006849104));
#10089=CARTESIAN_POINT('Ctrl Pts',(305.,-9.4692331351025,-34.0875212028747));
#10090=CARTESIAN_POINT('Ctrl Pts',(305.,-9.47548471146331,-34.3380982643337));
#10091=CARTESIAN_POINT('Ctrl Pts',(305.,-9.48173628782417,-34.588675325795));
#10092=CARTESIAN_POINT('Ctrl Pts',(305.,-9.48765943525003,-34.8429089307511));
#10093=CARTESIAN_POINT('Ctrl Pts',(305.,-9.49324115237001,-35.1007767313232));
#10094=CARTESIAN_POINT('Ctrl Pts',(305.,-9.49731060670464,-35.2887800314265));
#10095=CARTESIAN_POINT('Ctrl Pts',(305.,-9.50119865056191,-35.4787139760805));
#10096=CARTESIAN_POINT('Ctrl Pts',(305.,-9.50490143555986,-35.6705524806867));
#10097=CARTESIAN_POINT('',(305.,1.24734843001421,0.));
#10098=CARTESIAN_POINT('Ctrl Pts',(305.,1.24734843003398,-2.59303689631452E-12));
#10099=CARTESIAN_POINT('Ctrl Pts',(305.,1.12380375262027,0.0162126427537053));
#10100=CARTESIAN_POINT('Ctrl Pts',(305.,1.00124345000829,0.0278184453581102));
#10101=CARTESIAN_POINT('Ctrl Pts',(305.,0.879820635917684,0.0347488250122754));
#10102=CARTESIAN_POINT('Ctrl Pts',(305.,0.758397821832123,0.0416792046661525));
#10103=CARTESIAN_POINT('Ctrl Pts',(305.,0.638112496267858,0.0439341613701736));
#10104=CARTESIAN_POINT('Ctrl Pts',(305.,0.519102496328652,0.0414949520199042));
#10105=CARTESIAN_POINT('Ctrl Pts',(305.,0.400092496384513,0.0390557426695336));
#10106=CARTESIAN_POINT('Ctrl Pts',(305.,0.282357822065504,0.0319223672644835));
#10107=CARTESIAN_POINT('Ctrl Pts',(305.,0.166021033859345,0.0201259223942338));
#10108=CARTESIAN_POINT('Ctrl Pts',(305.,0.110356821852586,0.014481621753752));
#10109=CARTESIAN_POINT('Ctrl Pts',(305.,0.0550124144496449,0.00777050021748412));
#10110=CARTESIAN_POINT('Ctrl Pts',(305.,5.45163914011937E-12,7.43405337289005E-13));
#10111=CARTESIAN_POINT('Ctrl Pts',(305.,22.5339163068649,-35.6705524806867));
#10112=CARTESIAN_POINT('Ctrl Pts',(305.,21.9360762015884,-33.5821380913831));
#10113=CARTESIAN_POINT('Ctrl Pts',(305.,20.8828746831178,-30.0392661745112));
#10114=CARTESIAN_POINT('Ctrl Pts',(305.,17.9705984349484,-21.8198909596826));
#10115=CARTESIAN_POINT('Ctrl Pts',(305.,16.9576053463476,-19.272066623918));
#10116=CARTESIAN_POINT('Ctrl Pts',(305.,14.0938575080856,-13.3851834818292));
#10117=CARTESIAN_POINT('Ctrl Pts',(305.,12.3169406798161,-10.2340577423561));
#10118=CARTESIAN_POINT('Ctrl Pts',(305.,10.5447256396963,-7.10439810871394));
#10119=CARTESIAN_POINT('Ctrl Pts',(305.,9.7666280945033,-5.88379468712812));
#10120=CARTESIAN_POINT('Ctrl Pts',(305.,7.36580325784162,-3.4098019466202));
#10121=CARTESIAN_POINT('Ctrl Pts',(305.,6.10380573109993,-2.34203460111571));
#10122=CARTESIAN_POINT('Ctrl Pts',(305.,3.73938138152043,-0.78524308057821));
#10123=CARTESIAN_POINT('Ctrl Pts',(305.,2.83538436277594,-0.390941521968108));
#10124=CARTESIAN_POINT('Ctrl Pts',(305.,1.82371685999501,-0.100180109903256));
#10125=CARTESIAN_POINT('Ctrl Pts',(305.,1.53674670774797,-0.0379774425678876));
#10126=CARTESIAN_POINT('Ctrl Pts',(305.,1.24734843001422,-3.29597460435593E-16));
#10127=CARTESIAN_POINT('Ctrl Pts',(0.,0.692436863172455,-330.));
#10128=CARTESIAN_POINT('Ctrl Pts',(1225.,0.692436863172455,-330.));
#10129=CARTESIAN_POINT('Ctrl Pts',(0.,5.36729010756762,-315.060779002508));
#10130=CARTESIAN_POINT('Ctrl Pts',(1225.,5.36729010756762,-315.060779002508));
#10131=CARTESIAN_POINT('Ctrl Pts',(0.,7.73616191059256,-309.282020228319));
#10132=CARTESIAN_POINT('Ctrl Pts',(1225.,7.73616191059256,-309.282020228319));
#10133=CARTESIAN_POINT('Ctrl Pts',(0.,15.7980112916491,-269.263660760413));
#10134=CARTESIAN_POINT('Ctrl Pts',(1225.,15.7980112916491,-269.263660760413));
#10135=CARTESIAN_POINT('Ctrl Pts',(0.,22.1706115435568,-230.911398635869));
#10136=CARTESIAN_POINT('Ctrl Pts',(1225.,22.1706115435568,-230.911398635869));
#10137=CARTESIAN_POINT('Ctrl Pts',(0.,27.2402918752549,-198.214185048207));
#10138=CARTESIAN_POINT('Ctrl Pts',(1225.,27.2402918752549,-198.214185048207));
#10139=CARTESIAN_POINT('Ctrl Pts',(0.,30.4361456778927,-164.898177192353));
#10140=CARTESIAN_POINT('Ctrl Pts',(1225.,30.4361456778927,-164.898177192353));
#10141=CARTESIAN_POINT('Ctrl Pts',(0.,32.7767416046338,-136.57512421457));
#10142=CARTESIAN_POINT('Ctrl Pts',(1225.,32.7767416046338,-136.57512421457));
#10143=CARTESIAN_POINT('Ctrl Pts',(0.,32.572174307517,-100.31120637567));
#10144=CARTESIAN_POINT('Ctrl Pts',(1225.,32.572174307517,-100.31120637567));
#10145=CARTESIAN_POINT('Ctrl Pts',(0.,31.4787146600278,-85.1197339869532));
#10146=CARTESIAN_POINT('Ctrl Pts',(1225.,31.4787146600278,-85.1197339869532));
#10147=CARTESIAN_POINT('Ctrl Pts',(0.,29.2161090680932,-65.9844229593376));
#10148=CARTESIAN_POINT('Ctrl Pts',(1225.,29.2161090680932,-65.9844229593376));
#10149=CARTESIAN_POINT('Ctrl Pts',(0.,26.7661902336552,-51.5393720618797));
#10150=CARTESIAN_POINT('Ctrl Pts',(1225.,26.7661902336552,-51.5393720618797));
#10151=CARTESIAN_POINT('Ctrl Pts',(0.,22.2069184142093,-33.7095873785944));
#10152=CARTESIAN_POINT('Ctrl Pts',(1225.,22.2069184142093,-33.7095873785944));
#10153=CARTESIAN_POINT('Ctrl Pts',(0.,19.3158500368011,-25.6495689043505));
#10154=CARTESIAN_POINT('Ctrl Pts',(1225.,19.3158500368011,-25.6495689043505));
#10155=CARTESIAN_POINT('Ctrl Pts',(0.,16.4902069465223,-17.4700986677718));
#10156=CARTESIAN_POINT('Ctrl Pts',(1225.,16.4902069465223,-17.4700986677718));
#10157=CARTESIAN_POINT('Ctrl Pts',(0.,10.7156213917761,-7.517737344979));
#10158=CARTESIAN_POINT('Ctrl Pts',(1225.,10.7156213917761,-7.517737344979));
#10159=CARTESIAN_POINT('Ctrl Pts',(0.,9.59210666071061,-5.06402799233127));
#10160=CARTESIAN_POINT('Ctrl Pts',(1225.,9.59210666071061,-5.06402799233127));
#10161=CARTESIAN_POINT('Ctrl Pts',(0.,-0.302237819680045,3.33162846574542));
#10162=CARTESIAN_POINT('Ctrl Pts',(1225.,-0.302237819680045,3.33162846574542));
#10163=CARTESIAN_POINT('Ctrl Pts',(0.,-5.37497260826862,-4.87193710665857));
#10164=CARTESIAN_POINT('Ctrl Pts',(1225.,-5.37497260826862,-4.87193710665857));
#10165=CARTESIAN_POINT('Ctrl Pts',(0.,-6.46637703842694,-7.76012590636975));
#10166=CARTESIAN_POINT('Ctrl Pts',(1225.,-6.46637703842694,-7.76012590636975));
#10167=CARTESIAN_POINT('Ctrl Pts',(0.,-8.72369290817783,-17.7139508712063));
#10168=CARTESIAN_POINT('Ctrl Pts',(1225.,-8.72369290817783,-17.7139508712063));
#10169=CARTESIAN_POINT('Ctrl Pts',(0.,-9.05735289519721,-25.7605611516216));
#10170=CARTESIAN_POINT('Ctrl Pts',(1225.,-9.05735289519721,-25.7605611516216));
#10171=CARTESIAN_POINT('Ctrl Pts',(0.,-9.65183932786034,-33.8874038470446));
#10172=CARTESIAN_POINT('Ctrl Pts',(1225.,-9.65183932786034,-33.8874038470446));
#10173=CARTESIAN_POINT('Ctrl Pts',(0.,-9.54958439734114,-51.7302428410842));
#10174=CARTESIAN_POINT('Ctrl Pts',(1225.,-9.54958439734114,-51.7302428410842));
#10175=CARTESIAN_POINT('Ctrl Pts',(0.,-9.12188646984469,-66.089055457432));
#10176=CARTESIAN_POINT('Ctrl Pts',(1225.,-9.12188646984469,-66.089055457432));
#10177=CARTESIAN_POINT('Ctrl Pts',(0.,-8.0807090947879,-85.1902133730808));
#10178=CARTESIAN_POINT('Ctrl Pts',(1225.,-8.0807090947879,-85.1902133730808));
#10179=CARTESIAN_POINT('Ctrl Pts',(0.,-7.41482789593825,-100.342950195034));
#10180=CARTESIAN_POINT('Ctrl Pts',(1225.,-7.41482789593825,-100.342950195034));
#10181=CARTESIAN_POINT('Ctrl Pts',(0.,-5.65487802201598,-136.527375623599));
#10182=CARTESIAN_POINT('Ctrl Pts',(1225.,-5.65487802201598,-136.527375623599));
#10183=CARTESIAN_POINT('Ctrl Pts',(0.,-4.681813072762,-164.837141179113));
#10184=CARTESIAN_POINT('Ctrl Pts',(1225.,-4.681813072762,-164.837141179113));
#10185=CARTESIAN_POINT('Ctrl Pts',(0.,-3.23576762517493,-198.076224064099));
#10186=CARTESIAN_POINT('Ctrl Pts',(1225.,-3.23576762517493,-198.076224064099));
#10187=CARTESIAN_POINT('Ctrl Pts',(0.,-2.10280368750388,-230.910800461435));
#10188=CARTESIAN_POINT('Ctrl Pts',(1225.,-2.10280368750388,-230.910800461435));
#10189=CARTESIAN_POINT('Ctrl Pts',(0.,-1.0506280543582,-268.755665480008));
#10190=CARTESIAN_POINT('Ctrl Pts',(1225.,-1.0506280543582,-268.755665480008));
#10191=CARTESIAN_POINT('Ctrl Pts',(0.,-0.545054891565593,-309.707874258144));
#10192=CARTESIAN_POINT('Ctrl Pts',(1225.,-0.545054891565593,-309.707874258144));
#10193=CARTESIAN_POINT('Ctrl Pts',(0.,-0.494719603944063,-314.653924811271));
#10194=CARTESIAN_POINT('Ctrl Pts',(1225.,-0.494719603944063,-314.653924811271));
#10195=CARTESIAN_POINT('Ctrl Pts',(0.,-0.428999999999996,-330.));
#10196=CARTESIAN_POINT('Ctrl Pts',(1225.,-0.428999999999996,-330.));
#10197=CARTESIAN_POINT('Ctrl Pts',(0.,0.692436863172455,-330.));
#10198=CARTESIAN_POINT('Ctrl Pts',(1225.,0.692436863172455,-330.));
#10199=CARTESIAN_POINT('Ctrl Pts',(0.,5.36729010756762,-315.060779002508));
#10200=CARTESIAN_POINT('Ctrl Pts',(1225.,5.36729010756762,-315.060779002508));
#10201=CARTESIAN_POINT('Ctrl Pts',(0.,7.73616191059256,-309.282020228319));
#10202=CARTESIAN_POINT('Ctrl Pts',(1225.,7.73616191059256,-309.282020228319));
#10203=CARTESIAN_POINT('Ctrl Pts',(0.,15.7980112916491,-269.263660760413));
#10204=CARTESIAN_POINT('Ctrl Pts',(1225.,15.7980112916491,-269.263660760413));
#10205=CARTESIAN_POINT('Ctrl Pts',(0.,22.1706115435568,-230.911398635869));
#10206=CARTESIAN_POINT('Ctrl Pts',(1225.,22.1706115435568,-230.911398635869));
#10207=CARTESIAN_POINT('Ctrl Pts',(0.,27.2402918752549,-198.214185048207));
#10208=CARTESIAN_POINT('Ctrl Pts',(1225.,27.2402918752549,-198.214185048207));
#10209=CARTESIAN_POINT('Ctrl Pts',(0.,30.4361456778927,-164.898177192353));
#10210=CARTESIAN_POINT('Ctrl Pts',(1225.,30.4361456778927,-164.898177192353));
#10211=CARTESIAN_POINT('Ctrl Pts',(0.,32.7767416046338,-136.57512421457));
#10212=CARTESIAN_POINT('Ctrl Pts',(1225.,32.7767416046338,-136.57512421457));
#10213=CARTESIAN_POINT('Ctrl Pts',(0.,32.572174307517,-100.31120637567));
#10214=CARTESIAN_POINT('Ctrl Pts',(1225.,32.572174307517,-100.31120637567));
#10215=CARTESIAN_POINT('Ctrl Pts',(0.,31.4787146600278,-85.1197339869532));
#10216=CARTESIAN_POINT('Ctrl Pts',(1225.,31.4787146600278,-85.1197339869532));
#10217=CARTESIAN_POINT('Ctrl Pts',(0.,29.2161090680932,-65.9844229593376));
#10218=CARTESIAN_POINT('Ctrl Pts',(1225.,29.2161090680932,-65.9844229593376));
#10219=CARTESIAN_POINT('Ctrl Pts',(0.,26.7661902336552,-51.5393720618797));
#10220=CARTESIAN_POINT('Ctrl Pts',(1225.,26.7661902336552,-51.5393720618797));
#10221=CARTESIAN_POINT('Ctrl Pts',(0.,22.2069184142093,-33.7095873785944));
#10222=CARTESIAN_POINT('Ctrl Pts',(1225.,22.2069184142093,-33.7095873785944));
#10223=CARTESIAN_POINT('Ctrl Pts',(0.,19.3158500368011,-25.6495689043505));
#10224=CARTESIAN_POINT('Ctrl Pts',(1225.,19.3158500368011,-25.6495689043505));
#10225=CARTESIAN_POINT('Ctrl Pts',(0.,16.4902069465223,-17.4700986677718));
#10226=CARTESIAN_POINT('Ctrl Pts',(1225.,16.4902069465223,-17.4700986677718));
#10227=CARTESIAN_POINT('Ctrl Pts',(0.,10.7156213917761,-7.517737344979));
#10228=CARTESIAN_POINT('Ctrl Pts',(1225.,10.7156213917761,-7.517737344979));
#10229=CARTESIAN_POINT('Ctrl Pts',(0.,9.59210666071061,-5.06402799233127));
#10230=CARTESIAN_POINT('Ctrl Pts',(1225.,9.59210666071061,-5.06402799233127));
#10231=CARTESIAN_POINT('Ctrl Pts',(0.,-0.302237819680045,3.33162846574542));
#10232=CARTESIAN_POINT('Ctrl Pts',(1225.,-0.302237819680045,3.33162846574542));
#10233=CARTESIAN_POINT('Ctrl Pts',(0.,-5.37497260826862,-4.87193710665857));
#10234=CARTESIAN_POINT('Ctrl Pts',(1225.,-5.37497260826862,-4.87193710665857));
#10235=CARTESIAN_POINT('Ctrl Pts',(0.,-6.46637703842694,-7.76012590636975));
#10236=CARTESIAN_POINT('Ctrl Pts',(1225.,-6.46637703842694,-7.76012590636975));
#10237=CARTESIAN_POINT('Ctrl Pts',(0.,-8.72369290817783,-17.7139508712063));
#10238=CARTESIAN_POINT('Ctrl Pts',(1225.,-8.72369290817783,-17.7139508712063));
#10239=CARTESIAN_POINT('Ctrl Pts',(0.,-9.05735289519721,-25.7605611516216));
#10240=CARTESIAN_POINT('Ctrl Pts',(1225.,-9.05735289519721,-25.7605611516216));
#10241=CARTESIAN_POINT('Ctrl Pts',(0.,-9.65183932786034,-33.8874038470446));
#10242=CARTESIAN_POINT('Ctrl Pts',(1225.,-9.65183932786034,-33.8874038470446));
#10243=CARTESIAN_POINT('Ctrl Pts',(0.,-9.54958439734114,-51.7302428410842));
#10244=CARTESIAN_POINT('Ctrl Pts',(1225.,-9.54958439734114,-51.7302428410842));
#10245=CARTESIAN_POINT('Ctrl Pts',(0.,-9.12188646984469,-66.089055457432));
#10246=CARTESIAN_POINT('Ctrl Pts',(1225.,-9.12188646984469,-66.089055457432));
#10247=CARTESIAN_POINT('Ctrl Pts',(0.,-8.0807090947879,-85.1902133730808));
#10248=CARTESIAN_POINT('Ctrl Pts',(1225.,-8.0807090947879,-85.1902133730808));
#10249=CARTESIAN_POINT('Ctrl Pts',(0.,-7.41482789593825,-100.342950195034));
#10250=CARTESIAN_POINT('Ctrl Pts',(1225.,-7.41482789593825,-100.342950195034));
#10251=CARTESIAN_POINT('Ctrl Pts',(0.,-5.65487802201598,-136.527375623599));
#10252=CARTESIAN_POINT('Ctrl Pts',(1225.,-5.65487802201598,-136.527375623599));
#10253=CARTESIAN_POINT('Ctrl Pts',(0.,-4.681813072762,-164.837141179113));
#10254=CARTESIAN_POINT('Ctrl Pts',(1225.,-4.681813072762,-164.837141179113));
#10255=CARTESIAN_POINT('Ctrl Pts',(0.,-3.23576762517493,-198.076224064099));
#10256=CARTESIAN_POINT('Ctrl Pts',(1225.,-3.23576762517493,-198.076224064099));
#10257=CARTESIAN_POINT('Ctrl Pts',(0.,-2.10280368750388,-230.910800461435));
#10258=CARTESIAN_POINT('Ctrl Pts',(1225.,-2.10280368750388,-230.910800461435));
#10259=CARTESIAN_POINT('Ctrl Pts',(0.,-1.0506280543582,-268.755665480008));
#10260=CARTESIAN_POINT('Ctrl Pts',(1225.,-1.0506280543582,-268.755665480008));
#10261=CARTESIAN_POINT('Ctrl Pts',(0.,-0.545054891565593,-309.707874258144));
#10262=CARTESIAN_POINT('Ctrl Pts',(1225.,-0.545054891565593,-309.707874258144));
#10263=CARTESIAN_POINT('Ctrl Pts',(0.,-0.494719603944063,-314.653924811271));
#10264=CARTESIAN_POINT('Ctrl Pts',(1225.,-0.494719603944063,-314.653924811271));
#10265=CARTESIAN_POINT('Ctrl Pts',(0.,-0.428999999999996,-330.));
#10266=CARTESIAN_POINT('Ctrl Pts',(1225.,-0.428999999999996,-330.));
#10267=CARTESIAN_POINT('',(404.579485078734,1.0051794019041,-329.002569477395));
#10268=CARTESIAN_POINT('',(488.25,1.00517940190413,-329.002569477395));
#10269=CARTESIAN_POINT('Ctrl Pts',(404.579485078734,1.0051794019041,-329.002569477395));
#10270=CARTESIAN_POINT('Ctrl Pts',(405.634429754892,1.0051794019041,-329.002569477395));
#10271=CARTESIAN_POINT('Ctrl Pts',(406.689374431049,1.00517940190412,-329.002569477395));
#10272=CARTESIAN_POINT('Ctrl Pts',(434.579546071472,1.00517940190412,-329.002569477395));
#10273=CARTESIAN_POINT('Ctrl Pts',(461.414773035736,1.00517940190412,-329.002569477395));
#10274=CARTESIAN_POINT('Ctrl Pts',(488.25,1.00517940190412,-329.002569477395));
#10275=CARTESIAN_POINT('',(488.25,27.3506505169814,-194.004485406586));
#10276=CARTESIAN_POINT('Ctrl Pts',(488.25,1.00517940190414,-329.002569477395));
#10277=CARTESIAN_POINT('Ctrl Pts',(488.25,4.08280007416059,-319.205943981837));
#10278=CARTESIAN_POINT('Ctrl Pts',(488.25,5.82748797924481,-314.190982912728));
#10279=CARTESIAN_POINT('Ctrl Pts',(488.25,11.8348251350588,-289.354181643672));
#10280=CARTESIAN_POINT('Ctrl Pts',(488.25,16.2702734227288,-265.424359134175));
#10281=CARTESIAN_POINT('Ctrl Pts',(488.25,24.3578756876683,-218.426245654995));
#10282=CARTESIAN_POINT('Ctrl Pts',(488.25,26.5840551389934,-200.417375619991));
#10283=CARTESIAN_POINT('Ctrl Pts',(488.25,27.3506505169814,-194.004485406586));
#10284=CARTESIAN_POINT('',(449.516121517409,30.628319165385,-161.502902257779));
#10285=CARTESIAN_POINT('Ctrl Pts',(488.25,27.3506505169814,-194.004485406586));
#10286=CARTESIAN_POINT('Ctrl Pts',(484.133834589907,27.7635256631199,-190.550612529112));
#10287=CARTESIAN_POINT('Ctrl Pts',(479.977075652656,28.1561942603591,-187.062677637973));
#10288=CARTESIAN_POINT('Ctrl Pts',(475.590188263583,28.5462840284518,-183.381642047785));
#10289=CARTESIAN_POINT('Ctrl Pts',(466.937475003031,29.3156985608579,-176.121153542173));
#10290=CARTESIAN_POINT('Ctrl Pts',(457.589873161098,30.0582222150975,-168.277584284215));
#10291=CARTESIAN_POINT('Ctrl Pts',(449.516121517409,30.628319165385,-161.502902257779));
#10292=CARTESIAN_POINT('',(327.238638214415,16.4208460122631,-264.105893398607));
#10293=CARTESIAN_POINT('Ctrl Pts',(449.516121517409,30.628319165385,-161.502902257779));
#10294=CARTESIAN_POINT('Ctrl Pts',(434.404522426441,29.561271659352,-174.183039481509));
#10295=CARTESIAN_POINT('Ctrl Pts',(415.871754906025,28.0498146424206,-189.733877872584));
#10296=CARTESIAN_POINT('Ctrl Pts',(395.435733676692,25.6966081757503,-206.881735748849));
#10297=CARTESIAN_POINT('Ctrl Pts',(390.842058595201,25.1676467998427,-210.736286815476));
#10298=CARTESIAN_POINT('Ctrl Pts',(386.181732045159,24.6015590011179,-214.646765104782));
#10299=CARTESIAN_POINT('Ctrl Pts',(381.290529973484,23.9830916350584,-218.750970959138));
#10300=CARTESIAN_POINT('Ctrl Pts',(364.422093498568,21.8501645297568,-232.905269783777));
#10301=CARTESIAN_POINT('Ctrl Pts',(345.294802361629,19.192179593892,-248.954972722204));
#10302=CARTESIAN_POINT('Ctrl Pts',(327.238638214415,16.4208460122631,-264.105893398607));
#10303=CARTESIAN_POINT('Ctrl Pts',(327.238638214415,16.4208460122631,-264.105893398607));
#10304=CARTESIAN_POINT('Ctrl Pts',(340.174580247009,14.4353849656839,-274.960437587087));
#10305=CARTESIAN_POINT('Ctrl Pts',(357.429564409691,11.6499668191991,-289.439088433964));
#10306=CARTESIAN_POINT('Ctrl Pts',(385.417869385136,6.26634412856853,-312.924064816137));
#10307=CARTESIAN_POINT('Ctrl Pts',(392.014794890946,4.31728289690697,-318.459542574966));
#10308=CARTESIAN_POINT('Ctrl Pts',(404.579485078734,1.00517940190409,-329.002569477396));
#10309=CARTESIAN_POINT('Origin',(571.793604820404,0.,-264.105893398607));
#10310=CARTESIAN_POINT('',(488.25,-3.45616514827854,-194.004485406586));
#10311=CARTESIAN_POINT('',(488.25,0.,-194.004485406586));
#10312=CARTESIAN_POINT('',(449.516121517409,-4.75682094568857,-161.502902257779));
#10313=CARTESIAN_POINT('Ctrl Pts',(449.516121517409,-4.75682094568856,-161.502902257779));
#10314=CARTESIAN_POINT('Ctrl Pts',(467.23388547518,-4.17756583117281,-176.369871460031));
#10315=CARTESIAN_POINT('Ctrl Pts',(477.816801116011,-3.80133411203988,-185.249992071031));
#10316=CARTESIAN_POINT('Ctrl Pts',(488.25,-3.45616514827854,-194.004485406586));
#10317=CARTESIAN_POINT('',(449.516121517409,0.,-161.502902257779));
#10318=CARTESIAN_POINT('Origin',(449.516121517409,0.,-161.502902257779));
#10319=CARTESIAN_POINT('',(327.238638214415,-1.28481358176496,-264.105893398607));
#10320=CARTESIAN_POINT('Ctrl Pts',(327.238638214415,-1.28481358176496,-264.105893398607));
#10321=CARTESIAN_POINT('Ctrl Pts',(349.250105795396,-1.66588312231929,-245.636079069735));
#10322=CARTESIAN_POINT('Ctrl Pts',(370.641341780589,-2.22351376091122,-227.686700844133));
#10323=CARTESIAN_POINT('Ctrl Pts',(410.350567208897,-3.40309083909567,-194.366704432905));
#10324=CARTESIAN_POINT('Ctrl Pts',(420.101979866679,-3.79517070410699,-186.184297668302));
#10325=CARTESIAN_POINT('Ctrl Pts',(449.516121517409,-4.75682094568857,-161.502902257779));
#10326=CARTESIAN_POINT('',(327.238638214415,0.,-264.105893398607));
#10327=CARTESIAN_POINT('Origin',(327.238638214415,0.,-264.105893398607));
#10328=CARTESIAN_POINT('',(404.579485075534,-0.43330568763774,-329.002569476053));
#10329=CARTESIAN_POINT('',(404.579485078733,0.,-329.002569477395));
#10330=CARTESIAN_POINT('Ctrl Pts',(404.579485075534,-0.433305687637739,
-329.002569474711));
#10331=CARTESIAN_POINT('Ctrl Pts',(401.540428621491,-0.444408356992258,
-326.452498324997));
#10332=CARTESIAN_POINT('Ctrl Pts',(397.806735474382,-0.458920268330132,
-323.319557782328));
#10333=CARTESIAN_POINT('Ctrl Pts',(389.767143015374,-0.49926280171656,-316.573538715159));
#10334=CARTESIAN_POINT('Ctrl Pts',(385.684560990553,-0.528001106742119,
-313.14784564388));
#10335=CARTESIAN_POINT('Ctrl Pts',(365.864346511997,-0.709348969377697,
-296.51671098507));
#10336=CARTESIAN_POINT('Ctrl Pts',(344.764728356453,-0.981396324666174,
-278.812029172771));
#10337=CARTESIAN_POINT('Ctrl Pts',(327.238638214415,-1.28481358176496,-264.105893398607));
#10338=CARTESIAN_POINT('Origin',(0.,0.,-329.002569477395));
#10339=CARTESIAN_POINT('',(488.25,-0.433305687647183,-329.002569474968));
#10340=CARTESIAN_POINT('Ctrl Pts',(488.25,-0.43330568762605,-329.002569477395));
#10341=CARTESIAN_POINT('Ctrl Pts',(461.414773035736,-0.43330568762605,-329.002569477395));
#10342=CARTESIAN_POINT('Ctrl Pts',(434.579546071472,-0.43330568762605,-329.002569477395));
#10343=CARTESIAN_POINT('Ctrl Pts',(406.689374429983,-0.43330568762605,-329.002569477395));
#10344=CARTESIAN_POINT('Ctrl Pts',(405.634429752758,-0.43330568763774,-329.002569476053));
#10345=CARTESIAN_POINT('Ctrl Pts',(404.579485075534,-0.43330568763774,-329.002569476053));
#10346=CARTESIAN_POINT('',(488.25,0.,-329.002569477395));
#10347=CARTESIAN_POINT('Ctrl Pts',(0.,0.692436863172455,-330.));
#10348=CARTESIAN_POINT('Ctrl Pts',(1225.,0.692436863172455,-330.));
#10349=CARTESIAN_POINT('Ctrl Pts',(0.,5.36729010756762,-315.060779002508));
#10350=CARTESIAN_POINT('Ctrl Pts',(1225.,5.36729010756762,-315.060779002508));
#10351=CARTESIAN_POINT('Ctrl Pts',(0.,7.73616191059256,-309.282020228319));
#10352=CARTESIAN_POINT('Ctrl Pts',(1225.,7.73616191059256,-309.282020228319));
#10353=CARTESIAN_POINT('Ctrl Pts',(0.,15.7980112916491,-269.263660760413));
#10354=CARTESIAN_POINT('Ctrl Pts',(1225.,15.7980112916491,-269.263660760413));
#10355=CARTESIAN_POINT('Ctrl Pts',(0.,22.1706115435568,-230.911398635869));
#10356=CARTESIAN_POINT('Ctrl Pts',(1225.,22.1706115435568,-230.911398635869));
#10357=CARTESIAN_POINT('Ctrl Pts',(0.,27.2402918752549,-198.214185048207));
#10358=CARTESIAN_POINT('Ctrl Pts',(1225.,27.2402918752549,-198.214185048207));
#10359=CARTESIAN_POINT('Ctrl Pts',(0.,30.4361456778927,-164.898177192353));
#10360=CARTESIAN_POINT('Ctrl Pts',(1225.,30.4361456778927,-164.898177192353));
#10361=CARTESIAN_POINT('Ctrl Pts',(0.,32.7767416046338,-136.57512421457));
#10362=CARTESIAN_POINT('Ctrl Pts',(1225.,32.7767416046338,-136.57512421457));
#10363=CARTESIAN_POINT('Ctrl Pts',(0.,32.572174307517,-100.31120637567));
#10364=CARTESIAN_POINT('Ctrl Pts',(1225.,32.572174307517,-100.31120637567));
#10365=CARTESIAN_POINT('Ctrl Pts',(0.,31.4787146600278,-85.1197339869532));
#10366=CARTESIAN_POINT('Ctrl Pts',(1225.,31.4787146600278,-85.1197339869532));
#10367=CARTESIAN_POINT('Ctrl Pts',(0.,29.2161090680932,-65.9844229593376));
#10368=CARTESIAN_POINT('Ctrl Pts',(1225.,29.2161090680932,-65.9844229593376));
#10369=CARTESIAN_POINT('Ctrl Pts',(0.,26.7661902336552,-51.5393720618797));
#10370=CARTESIAN_POINT('Ctrl Pts',(1225.,26.7661902336552,-51.5393720618797));
#10371=CARTESIAN_POINT('Ctrl Pts',(0.,22.2069184142093,-33.7095873785944));
#10372=CARTESIAN_POINT('Ctrl Pts',(1225.,22.2069184142093,-33.7095873785944));
#10373=CARTESIAN_POINT('Ctrl Pts',(0.,19.3158500368011,-25.6495689043505));
#10374=CARTESIAN_POINT('Ctrl Pts',(1225.,19.3158500368011,-25.6495689043505));
#10375=CARTESIAN_POINT('Ctrl Pts',(0.,16.4902069465223,-17.4700986677718));
#10376=CARTESIAN_POINT('Ctrl Pts',(1225.,16.4902069465223,-17.4700986677718));
#10377=CARTESIAN_POINT('Ctrl Pts',(0.,10.7156213917761,-7.517737344979));
#10378=CARTESIAN_POINT('Ctrl Pts',(1225.,10.7156213917761,-7.517737344979));
#10379=CARTESIAN_POINT('Ctrl Pts',(0.,9.59210666071061,-5.06402799233127));
#10380=CARTESIAN_POINT('Ctrl Pts',(1225.,9.59210666071061,-5.06402799233127));
#10381=CARTESIAN_POINT('Ctrl Pts',(0.,-0.302237819680045,3.33162846574542));
#10382=CARTESIAN_POINT('Ctrl Pts',(1225.,-0.302237819680045,3.33162846574542));
#10383=CARTESIAN_POINT('Ctrl Pts',(0.,-5.37497260826862,-4.87193710665857));
#10384=CARTESIAN_POINT('Ctrl Pts',(1225.,-5.37497260826862,-4.87193710665857));
#10385=CARTESIAN_POINT('Ctrl Pts',(0.,-6.46637703842694,-7.76012590636975));
#10386=CARTESIAN_POINT('Ctrl Pts',(1225.,-6.46637703842694,-7.76012590636975));
#10387=CARTESIAN_POINT('Ctrl Pts',(0.,-8.72369290817783,-17.7139508712063));
#10388=CARTESIAN_POINT('Ctrl Pts',(1225.,-8.72369290817783,-17.7139508712063));
#10389=CARTESIAN_POINT('Ctrl Pts',(0.,-9.05735289519721,-25.7605611516216));
#10390=CARTESIAN_POINT('Ctrl Pts',(1225.,-9.05735289519721,-25.7605611516216));
#10391=CARTESIAN_POINT('Ctrl Pts',(0.,-9.65183932786034,-33.8874038470446));
#10392=CARTESIAN_POINT('Ctrl Pts',(1225.,-9.65183932786034,-33.8874038470446));
#10393=CARTESIAN_POINT('Ctrl Pts',(0.,-9.54958439734114,-51.7302428410842));
#10394=CARTESIAN_POINT('Ctrl Pts',(1225.,-9.54958439734114,-51.7302428410842));
#10395=CARTESIAN_POINT('Ctrl Pts',(0.,-9.12188646984469,-66.089055457432));
#10396=CARTESIAN_POINT('Ctrl Pts',(1225.,-9.12188646984469,-66.089055457432));
#10397=CARTESIAN_POINT('Ctrl Pts',(0.,-8.0807090947879,-85.1902133730808));
#10398=CARTESIAN_POINT('Ctrl Pts',(1225.,-8.0807090947879,-85.1902133730808));
#10399=CARTESIAN_POINT('Ctrl Pts',(0.,-7.41482789593825,-100.342950195034));
#10400=CARTESIAN_POINT('Ctrl Pts',(1225.,-7.41482789593825,-100.342950195034));
#10401=CARTESIAN_POINT('Ctrl Pts',(0.,-5.65487802201598,-136.527375623599));
#10402=CARTESIAN_POINT('Ctrl Pts',(1225.,-5.65487802201598,-136.527375623599));
#10403=CARTESIAN_POINT('Ctrl Pts',(0.,-4.681813072762,-164.837141179113));
#10404=CARTESIAN_POINT('Ctrl Pts',(1225.,-4.681813072762,-164.837141179113));
#10405=CARTESIAN_POINT('Ctrl Pts',(0.,-3.23576762517493,-198.076224064099));
#10406=CARTESIAN_POINT('Ctrl Pts',(1225.,-3.23576762517493,-198.076224064099));
#10407=CARTESIAN_POINT('Ctrl Pts',(0.,-2.10280368750388,-230.910800461435));
#10408=CARTESIAN_POINT('Ctrl Pts',(1225.,-2.10280368750388,-230.910800461435));
#10409=CARTESIAN_POINT('Ctrl Pts',(0.,-1.0506280543582,-268.755665480008));
#10410=CARTESIAN_POINT('Ctrl Pts',(1225.,-1.0506280543582,-268.755665480008));
#10411=CARTESIAN_POINT('Ctrl Pts',(0.,-0.545054891565593,-309.707874258144));
#10412=CARTESIAN_POINT('Ctrl Pts',(1225.,-0.545054891565593,-309.707874258144));
#10413=CARTESIAN_POINT('Ctrl Pts',(0.,-0.494719603944063,-314.653924811271));
#10414=CARTESIAN_POINT('Ctrl Pts',(1225.,-0.494719603944063,-314.653924811271));
#10415=CARTESIAN_POINT('Ctrl Pts',(0.,-0.428999999999996,-330.));
#10416=CARTESIAN_POINT('Ctrl Pts',(1225.,-0.428999999999996,-330.));
#10417=CARTESIAN_POINT('Ctrl Pts',(488.25,-3.45616514827809,-194.004485406598));
#10418=CARTESIAN_POINT('Ctrl Pts',(488.25,-3.40839610481903,-195.216047906456));
#10419=CARTESIAN_POINT('Ctrl Pts',(488.25,-3.36096120306727,-196.428135436136));
#10420=CARTESIAN_POINT('Ctrl Pts',(488.25,-3.3139521097169,-197.640005130821));
#10421=CARTESIAN_POINT('Ctrl Pts',(488.25,-3.26694301636642,-198.851874825509));
#10422=CARTESIAN_POINT('Ctrl Pts',(488.25,-3.22035973141733,-200.063526685203));
#10423=CARTESIAN_POINT('Ctrl Pts',(488.25,-3.17427575585917,-201.274266705881));
#10424=CARTESIAN_POINT('Ctrl Pts',(488.25,-3.12819178030091,-202.485006726561));
#10425=CARTESIAN_POINT('Ctrl Pts',(488.25,-3.08260711413359,-203.694834908226));
#10426=CARTESIAN_POINT('Ctrl Pts',(488.25,-3.03757709264218,-204.903106107648));
#10427=CARTESIAN_POINT('Ctrl Pts',(488.25,-2.99254707115076,-206.11137730707));
#10428=CARTESIAN_POINT('Ctrl Pts',(488.25,-2.94807169433524,-207.31809152425));
#10429=CARTESIAN_POINT('Ctrl Pts',(488.25,-2.90418813177605,-208.522652476756));
#10430=CARTESIAN_POINT('Ctrl Pts',(488.25,-2.86030456921685,-209.727213429262));
#10431=CARTESIAN_POINT('Ctrl Pts',(488.25,-2.81701282091397,-210.929621117094));
#10432=CARTESIAN_POINT('Ctrl Pts',(488.25,-2.77433189074326,-212.129328118614));
#10433=CARTESIAN_POINT('Ctrl Pts',(488.25,-2.74081687243293,-213.071392922783));
#10434=CARTESIAN_POINT('Ctrl Pts',(488.25,-2.70767813137611,-214.011793386187));
#10435=CARTESIAN_POINT('Ctrl Pts',(488.25,-2.67491702394198,-214.950285664723));
#10436=CARTESIAN_POINT('Ctrl Pts',(488.25,-2.64842729568026,-215.709124647323));
#10437=CARTESIAN_POINT('Ctrl Pts',(488.25,-2.62218411258218,-216.466713035347));
#10438=CARTESIAN_POINT('Ctrl Pts',(488.25,-2.59618664805742,-217.222958250347));
#10439=CARTESIAN_POINT('Ctrl Pts',(488.25,-2.57018918353256,-217.97920346535));
#10440=CARTESIAN_POINT('Ctrl Pts',(488.25,-2.54443743758101,-218.734105507328));
#10441=CARTESIAN_POINT('Ctrl Pts',(488.25,-2.51893046189491,-219.487623926092));
#10442=CARTESIAN_POINT('Ctrl Pts',(488.25,-2.49342348620893,-220.241142344852));
#10443=CARTESIAN_POINT('Ctrl Pts',(488.25,-2.46816128078838,-220.993277140398));
#10444=CARTESIAN_POINT('Ctrl Pts',(488.25,-2.44314277560789,-221.744039990795));
#10445=CARTESIAN_POINT('Ctrl Pts',(488.25,-2.41812427042729,-222.494802841196));
#10446=CARTESIAN_POINT('Ctrl Pts',(488.25,-2.39334946548675,-223.244193746448));
#10447=CARTESIAN_POINT('Ctrl Pts',(488.25,-2.36881716904331,-223.992276512878));
#10448=CARTESIAN_POINT('Ctrl Pts',(488.25,-2.34428487260012,-224.740359279301));
#10449=CARTESIAN_POINT('Ctrl Pts',(488.25,-2.31999508465404,-225.4871339069));
#10450=CARTESIAN_POINT('Ctrl Pts',(488.25,-2.2959464917446,-226.23271633026));
#10451=CARTESIAN_POINT('Ctrl Pts',(488.25,-2.27189789883499,-226.978298753624));
#10452=CARTESIAN_POINT('Ctrl Pts',(488.25,-2.24809050096203,-227.722688972749));
#10453=CARTESIAN_POINT('Ctrl Pts',(488.25,-2.2245228629477,-228.466055050475));
#10454=CARTESIAN_POINT('Ctrl Pts',(488.25,-2.20095522493333,-229.209421128202));
#10455=CARTESIAN_POINT('Ctrl Pts',(488.25,-2.17762734677759,-229.95176306453));
#10456=CARTESIAN_POINT('Ctrl Pts',(488.25,-2.15453767158497,-230.693301050558));
#10457=CARTESIAN_POINT('Ctrl Pts',(488.25,-2.13144799639221,-231.43483903659));
#10458=CARTESIAN_POINT('Ctrl Pts',(488.25,-2.10859652416256,-232.175573072321));
#10459=CARTESIAN_POINT('Ctrl Pts',(488.25,-2.08598157628296,-232.915775477109));
#10460=CARTESIAN_POINT('Ctrl Pts',(488.25,-2.06336662840355,-233.65597788189));
#10461=CARTESIAN_POINT('Ctrl Pts',(488.25,-2.04098820487418,-234.395648655727));
#10462=CARTESIAN_POINT('Ctrl Pts',(488.25,-2.01884450536424,-235.135112246235));
#10463=CARTESIAN_POINT('Ctrl Pts',(488.25,-1.99670080585434,-235.874575836742));
#10464=CARTESIAN_POINT('Ctrl Pts',(488.25,-1.97479183036387,-236.61383224392));
#10465=CARTESIAN_POINT('Ctrl Pts',(488.25,-1.95311565684469,-237.353258043641));
#10466=CARTESIAN_POINT('Ctrl Pts',(488.25,-1.9314394833255,-238.092683843362));
#10467=CARTESIAN_POINT('Ctrl Pts',(488.25,-1.9099961117776,-238.832279035627));
#10468=CARTESIAN_POINT('Ctrl Pts',(488.25,-1.88878349843533,-239.572472324565));
#10469=CARTESIAN_POINT('Ctrl Pts',(488.25,-1.86757088509294,-240.312665613507));
#10470=CARTESIAN_POINT('Ctrl Pts',(488.25,-1.84658902995618,-241.053456999123));
#10471=CARTESIAN_POINT('Ctrl Pts',(488.25,-1.82583576754185,-241.795327313801));
#10472=CARTESIAN_POINT('Ctrl Pts',(488.25,-1.80508250512748,-242.537197628479));
#10473=CARTESIAN_POINT('Ctrl Pts',(488.25,-1.78455783543554,-243.28014687222));
#10474=CARTESIAN_POINT('Ctrl Pts',(488.25,-1.7642594712653,-244.024708005668));
#10475=CARTESIAN_POINT('Ctrl Pts',(488.25,-1.74396110709515,-244.769269139113));
#10476=CARTESIAN_POINT('Ctrl Pts',(488.25,-1.7238890484467,-245.515442162265));
#10477=CARTESIAN_POINT('Ctrl Pts',(488.25,-1.70404088640167,-246.263812164029));
#10478=CARTESIAN_POINT('Ctrl Pts',(488.25,-1.68801877245991,-246.867921975893));
#10479=CARTESIAN_POINT('Ctrl Pts',(488.25,-1.67214254322675,-247.473466972231));
#10480=CARTESIAN_POINT('Ctrl Pts',(488.25,-1.65641091009869,-248.080770328433));
#10481=CARTESIAN_POINT('Ctrl Pts',(488.25,-1.64192640732197,-248.639929512836));
#10482=CARTESIAN_POINT('Ctrl Pts',(488.25,-1.62756447924648,-249.200580526535));
#10483=CARTESIAN_POINT('Ctrl Pts',(488.25,-1.61332433146496,-249.762927800076));
#10484=CARTESIAN_POINT('Ctrl Pts',(488.25,-1.59908418368347,-250.325275073616));
#10485=CARTESIAN_POINT('Ctrl Pts',(488.25,-1.58496581619594,-250.889318606997));
#10486=CARTESIAN_POINT('Ctrl Pts',(488.25,-1.57096866166002,-251.455210702857));
#10487=CARTESIAN_POINT('Ctrl Pts',(488.25,-1.55697150712408,-252.02110279872));
#10488=CARTESIAN_POINT('Ctrl Pts',(488.25,-1.54309556553974,-252.588843457062));
#10489=CARTESIAN_POINT('Ctrl Pts',(488.25,-1.52934049662957,-253.158532852618));
#10490=CARTESIAN_POINT('Ctrl Pts',(488.25,-1.5155854277194,-253.728222248174));
#10491=CARTESIAN_POINT('Ctrl Pts',(488.25,-1.5019512314834,-254.299860380943));
#10492=CARTESIAN_POINT('Ctrl Pts',(488.25,-1.48843779470902,-254.873495297755));
#10493=CARTESIAN_POINT('Ctrl Pts',(488.25,-1.47492435793466,-255.447130214565));
#10494=CARTESIAN_POINT('Ctrl Pts',(488.25,-1.46153168062193,-256.022761915417));
#10495=CARTESIAN_POINT('Ctrl Pts',(488.25,-1.44825987662318,-256.600386319234));
#10496=CARTESIAN_POINT('Ctrl Pts',(488.25,-1.43498807262442,-257.178010723051));
#10497=CARTESIAN_POINT('Ctrl Pts',(488.25,-1.42183714193965,-257.757627829832));
#10498=CARTESIAN_POINT('Ctrl Pts',(488.25,-1.40880742548615,-258.339181430595));
#10499=CARTESIAN_POINT('Ctrl Pts',(488.25,-1.39577770903262,-258.920735031358));
#10500=CARTESIAN_POINT('Ctrl Pts',(488.25,-1.38286920681035,-259.504225126103));
#10501=CARTESIAN_POINT('Ctrl Pts',(488.25,-1.37008248680152,-260.089543377942));
#10502=CARTESIAN_POINT('Ctrl Pts',(488.25,-1.35729576679263,-260.674861629782));
#10503=CARTESIAN_POINT('Ctrl Pts',(488.25,-1.34463082899718,-261.262008038716));
#10504=CARTESIAN_POINT('Ctrl Pts',(488.25,-1.33208846846225,-261.85082213995));
#10505=CARTESIAN_POINT('Ctrl Pts',(488.25,-1.31954610792744,-262.439636241178));
#10506=CARTESIAN_POINT('Ctrl Pts',(488.25,-1.30712632465315,-263.030118034705));
#10507=CARTESIAN_POINT('Ctrl Pts',(488.25,-1.29483014075136,-263.622054927833));
#10508=CARTESIAN_POINT('Ctrl Pts',(488.25,-1.28253395684951,-264.213991820963));
#10509=CARTESIAN_POINT('Ctrl Pts',(488.25,-1.27036137232018,-264.807383813694));
#10510=CARTESIAN_POINT('Ctrl Pts',(488.25,-1.25831363634025,-265.40196618542));
#10511=CARTESIAN_POINT('Ctrl Pts',(488.25,-1.24626590036023,-265.996548557151));
#10512=CARTESIAN_POINT('Ctrl Pts',(488.25,-1.23434301292961,-266.592321307877));
#10513=CARTESIAN_POINT('Ctrl Pts',(488.25,-1.2225464502902,-267.188967589088));
#10514=CARTESIAN_POINT('Ctrl Pts',(488.25,-1.21074988765095,-267.785613870292));
#10515=CARTESIAN_POINT('Ctrl Pts',(488.25,-1.1990796498029,-268.383133681981));
#10516=CARTESIAN_POINT('Ctrl Pts',(488.25,-1.18753744005277,-268.981158047739));
#10517=CARTESIAN_POINT('Ctrl Pts',(488.25,-1.17599523030247,-269.579182413506));
#10518=CARTESIAN_POINT('Ctrl Pts',(488.25,-1.16458104865009,-270.177711333343));
#10519=CARTESIAN_POINT('Ctrl Pts',(488.25,-1.15329682546724,-270.776323702928));
#10520=CARTESIAN_POINT('Ctrl Pts',(488.25,-1.14201260228442,-271.374936072511));
#10521=CARTESIAN_POINT('Ctrl Pts',(488.25,-1.13085833757114,-271.973631891843));
#10522=CARTESIAN_POINT('Ctrl Pts',(488.25,-1.1198361887639,-272.571937928697));
#10523=CARTESIAN_POINT('Ctrl Pts',(488.25,-1.1088140399567,-273.170243965549));
#10524=CARTESIAN_POINT('Ctrl Pts',(488.25,-1.09792400705556,-273.768160219923));
#10525=CARTESIAN_POINT('Ctrl Pts',(488.25,-1.08716847456189,-274.365161331687));
#10526=CARTESIAN_POINT('Ctrl Pts',(488.25,-1.07641294206834,-274.962162443444));
#10527=CARTESIAN_POINT('Ctrl Pts',(488.25,-1.06579190998227,-275.55824841259));
#10528=CARTESIAN_POINT('Ctrl Pts',(488.25,-1.05530798987001,-276.152841751089));
#10529=CARTESIAN_POINT('Ctrl Pts',(488.25,-1.04482406975776,-276.747435089588));
#10530=CARTESIAN_POINT('Ctrl Pts',(488.25,-1.0344772616193,-277.340535797439));
#10531=CARTESIAN_POINT('Ctrl Pts',(488.25,-1.0242704040859,-277.931514258699));
#10532=CARTESIAN_POINT('Ctrl Pts',(488.25,-1.01192100524613,-278.64654615759));
#10533=CARTESIAN_POINT('Ctrl Pts',(488.25,-0.999776508957483,-279.3584665376));
#10534=CARTESIAN_POINT('Ctrl Pts',(488.25,-0.987842226307063,-280.066086840889));
#10535=CARTESIAN_POINT('Ctrl Pts',(488.25,-0.978306095823271,-280.631513330508));
#10536=CARTESIAN_POINT('Ctrl Pts',(488.25,-0.968904184860091,-281.194193625829));
#10537=CARTESIAN_POINT('Ctrl Pts',(488.25,-0.959638856988814,-281.753571286568));
#10538=CARTESIAN_POINT('Ctrl Pts',(488.25,-0.950373529117565,-282.312948947306));
#10539=CARTESIAN_POINT('Ctrl Pts',(488.25,-0.94124478433822,-282.86902397346));
#10540=CARTESIAN_POINT('Ctrl Pts',(488.25,-0.932254635145589,-283.421292051965));
#10541=CARTESIAN_POINT('Ctrl Pts',(488.25,-0.923264485952955,-283.973560130469));
#10542=CARTESIAN_POINT('Ctrl Pts',(488.25,-0.914412932347035,-284.522021261324));
#10543=CARTESIAN_POINT('Ctrl Pts',(488.25,-0.905701635746168,-285.066223258679));
#10544=CARTESIAN_POINT('Ctrl Pts',(488.25,-0.896990339145312,-285.610425256032));
#10545=CARTESIAN_POINT('Ctrl Pts',(488.25,-0.88841929954951,-286.150368119886));
#10546=CARTESIAN_POINT('Ctrl Pts',(488.25,-0.879989827300617,-286.685651791608));
#10547=CARTESIAN_POINT('Ctrl Pts',(488.25,-0.87156035505174,-287.220935463328));
#10548=CARTESIAN_POINT('Ctrl Pts',(488.25,-0.863272450149773,-287.751559942916));
#10549=CARTESIAN_POINT('Ctrl Pts',(488.25,-0.8551270718601,-288.277177298958));
#10550=CARTESIAN_POINT('Ctrl Pts',(488.25,-0.846981693570413,-288.802794655001));
#10551=CARTESIAN_POINT('Ctrl Pts',(488.25,-0.838978841893018,-289.323404887497));
#10552=CARTESIAN_POINT('Ctrl Pts',(488.25,-0.831119125016822,-289.838712192249));
#10553=CARTESIAN_POINT('Ctrl Pts',(488.25,-0.82306392230861,-290.366836151698));
#10554=CARTESIAN_POINT('Ctrl Pts',(488.25,-0.815159064553254,-290.889389885747));
#10555=CARTESIAN_POINT('Ctrl Pts',(488.25,-0.80740482382899,-291.406111777173));
#10556=CARTESIAN_POINT('Ctrl Pts',(488.25,-0.799838765110129,-291.910293722365));
#10557=CARTESIAN_POINT('Ctrl Pts',(488.25,-0.792416100225207,-292.408923666508));
#10558=CARTESIAN_POINT('Ctrl Pts',(488.25,-0.785136726478247,-292.901811356342));
#10559=CARTESIAN_POINT('Ctrl Pts',(488.25,-0.777857352731282,-293.394699046175));
#10560=CARTESIAN_POINT('Ctrl Pts',(488.25,-0.77072127012228,-293.881844481699));
#10561=CARTESIAN_POINT('Ctrl Pts',(488.25,-0.763728024878785,-294.363109536872));
#10562=CARTESIAN_POINT('Ctrl Pts',(488.25,-0.756734779635304,-294.844374592043));
#10563=CARTESIAN_POINT('Ctrl Pts',(488.25,-0.749884371757329,-295.319759266863));
#10564=CARTESIAN_POINT('Ctrl Pts',(488.25,-0.743175996395932,-295.789177562507));
#10565=CARTESIAN_POINT('Ctrl Pts',(488.25,-0.736467621034512,-296.258595858153));
#10566=CARTESIAN_POINT('Ctrl Pts',(488.25,-0.729901278189672,-296.722047774623));
#10567=CARTESIAN_POINT('Ctrl Pts',(488.25,-0.723475811935998,-297.17949944031));
#10568=CARTESIAN_POINT('Ctrl Pts',(488.25,-0.717050345682347,-297.636951105995));
#10569=CARTESIAN_POINT('Ctrl Pts',(488.25,-0.710765756019862,-298.088402520898));
#10570=CARTESIAN_POINT('Ctrl Pts',(488.25,-0.704620535946662,-298.53387194063));
#10571=CARTESIAN_POINT('Ctrl Pts',(488.25,-0.698475315873442,-298.979341360363));
#10572=CARTESIAN_POINT('Ctrl Pts',(488.25,-0.692469465389507,-299.418828784925));
#10573=CARTESIAN_POINT('Ctrl Pts',(488.25,-0.686601126416491,-299.852404597144));
#10574=CARTESIAN_POINT('Ctrl Pts',(488.25,-0.680732787443485,-300.285980409363));
#10575=CARTESIAN_POINT('Ctrl Pts',(488.25,-0.675001959981401,-300.713644609239));
#10576=CARTESIAN_POINT('Ctrl Pts',(488.25,-0.669406434875396,-301.13551970682));
#10577=CARTESIAN_POINT('Ctrl Pts',(488.25,-0.663810909769403,-301.557394804399));
#10578=CARTESIAN_POINT('Ctrl Pts',(488.25,-0.65835068701949,-301.973480799683));
#10579=CARTESIAN_POINT('Ctrl Pts',(488.25,-0.653023206394339,-302.383952329936));
#10580=CARTESIAN_POINT('Ctrl Pts',(488.25,-0.647695725769189,-302.794423860189));
#10581=CARTESIAN_POINT('Ctrl Pts',(488.25,-0.642500987268801,-303.199280925411));
#10582=CARTESIAN_POINT('Ctrl Pts',(488.25,-0.637436079585381,-303.598750290084));
#10583=CARTESIAN_POINT('Ctrl Pts',(488.25,-0.63237117190195,-303.998219654758));
#10584=CARTESIAN_POINT('Ctrl Pts',(488.25,-0.627436095035488,-304.392301318883));
#10585=CARTESIAN_POINT('Ctrl Pts',(488.25,-0.622627586601723,-304.781274174159));
#10586=CARTESIAN_POINT('Ctrl Pts',(488.25,-0.617819078167974,-305.170247029433));
#10587=CARTESIAN_POINT('Ctrl Pts',(488.25,-0.61313713816692,-305.554111075859));
#10588=CARTESIAN_POINT('Ctrl Pts',(488.25,-0.608578153137815,-305.933197332354));
#10589=CARTESIAN_POINT('Ctrl Pts',(488.25,-0.604019168108687,-306.312283588851));
#10590=CARTESIAN_POINT('Ctrl Pts',(488.25,-0.599583138051508,-306.686592055416));
#10591=CARTESIAN_POINT('Ctrl Pts',(488.25,-0.595266098429052,-307.056505878187));
#10592=CARTESIAN_POINT('Ctrl Pts',(488.25,-0.59094905880661,-307.426419700956));
#10593=CARTESIAN_POINT('Ctrl Pts',(488.25,-0.586751009618889,-307.791938879929));
#10594=CARTESIAN_POINT('Ctrl Pts',(488.25,-0.582667635252188,-308.15349868846));
#10595=CARTESIAN_POINT('Ctrl Pts',(488.25,-0.578584260885484,-308.515058496992));
#10596=CARTESIAN_POINT('Ctrl Pts',(488.25,-0.574615561339799,-308.872658935081));
#10597=CARTESIAN_POINT('Ctrl Pts',(488.25,-0.570756869924954,-309.226787403299));
#10598=CARTESIAN_POINT('Ctrl Pts',(488.25,-0.566898178510098,-309.580915871518));
#10599=CARTESIAN_POINT('Ctrl Pts',(488.25,-0.563149495226081,-309.931572369866));
#10600=CARTESIAN_POINT('Ctrl Pts',(488.25,-0.559505802306247,-310.279296426132));
#10601=CARTESIAN_POINT('Ctrl Pts',(488.25,-0.555686522586104,-310.643777041134));
#10602=CARTESIAN_POINT('Ctrl Pts',(488.25,-0.551982599023881,-311.005035308938));
#10603=CARTESIAN_POINT('Ctrl Pts',(488.25,-0.548387838869727,-311.363754053259));
#10604=CARTESIAN_POINT('Ctrl Pts',(488.25,-0.544958343498361,-311.70598113393));
#10605=CARTESIAN_POINT('Ctrl Pts',(488.25,-0.541628202060871,-312.045897255443));
#10606=CARTESIAN_POINT('Ctrl Pts',(488.25,-0.538391677719536,-312.384148711993));
#10607=CARTESIAN_POINT('Ctrl Pts',(488.25,-0.535155153378205,-312.722400168542));
#10608=CARTESIAN_POINT('Ctrl Pts',(488.25,-0.532012246133028,-313.058986960127));
#10609=CARTESIAN_POINT('Ctrl Pts',(488.25,-0.528956868069807,-313.394607508163));
#10610=CARTESIAN_POINT('Ctrl Pts',(488.25,-0.525901490006588,-313.730228056199));
#10611=CARTESIAN_POINT('Ctrl Pts',(488.25,-0.522933641125325,-314.064882360684));
#10612=CARTESIAN_POINT('Ctrl Pts',(488.25,-0.520046882435343,-314.399320970251));
#10613=CARTESIAN_POINT('Ctrl Pts',(488.25,-0.517160123745355,-314.733759579818));
#10614=CARTESIAN_POINT('Ctrl Pts',(488.25,-0.51435445524665,-315.067982494466));
#10615=CARTESIAN_POINT('Ctrl Pts',(488.25,-0.511623086872072,-315.402792390044));
#10616=CARTESIAN_POINT('Ctrl Pts',(488.25,-0.508891718497488,-315.737602285623));
#10617=CARTESIAN_POINT('Ctrl Pts',(488.25,-0.506234650247033,-316.072999162131));
#10618=CARTESIAN_POINT('Ctrl Pts',(488.25,-0.503644740977077,-316.409837822636));
#10619=CARTESIAN_POINT('Ctrl Pts',(488.25,-0.50105483170712,-316.746676483141));
#10620=CARTESIAN_POINT('Ctrl Pts',(488.25,-0.498532081417661,-317.084956927642));
#10621=CARTESIAN_POINT('Ctrl Pts',(488.25,-0.496068997888596,-317.425586086424));
#10622=CARTESIAN_POINT('Ctrl Pts',(488.25,-0.493605914359546,-317.766215245204));
#10623=CARTESIAN_POINT('Ctrl Pts',(488.25,-0.491202497590888,-318.109193118264));
#10624=CARTESIAN_POINT('Ctrl Pts',(488.25,-0.488850904286038,-318.455478763107));
#10625=CARTESIAN_POINT('Ctrl Pts',(488.25,-0.486499310981152,-318.801764407955));
#10626=CARTESIAN_POINT('Ctrl Pts',(488.25,-0.484199541140074,-319.151357824586));
#10627=CARTESIAN_POINT('Ctrl Pts',(488.25,-0.481943400389744,-319.50527019772));
#10628=CARTESIAN_POINT('Ctrl Pts',(488.25,-0.479687259639449,-319.859182570848));
#10629=CARTESIAN_POINT('Ctrl Pts',(488.25,-0.477474747979901,-320.217413900479));
#10630=CARTESIAN_POINT('Ctrl Pts',(488.25,-0.475297319961559,-320.58102749855));
#10631=CARTESIAN_POINT('Ctrl Pts',(488.25,-0.473119891943211,-320.944641096622));
#10632=CARTESIAN_POINT('Ctrl Pts',(488.25,-0.47097754756607,-321.313636963134));
#10633=CARTESIAN_POINT('Ctrl Pts',(488.25,-0.468861390304121,-321.689130537242));
#10634=CARTESIAN_POINT('Ctrl Pts',(488.25,-0.466745233042152,-322.064624111353));
#10635=CARTESIAN_POINT('Ctrl Pts',(488.25,-0.464655262895375,-322.446615393061));
#10636=CARTESIAN_POINT('Ctrl Pts',(488.25,-0.462582232261298,-322.836271948737));
#10637=CARTESIAN_POINT('Ctrl Pts',(488.25,-0.460509201627214,-323.225928504414));
#10638=CARTESIAN_POINT('Ctrl Pts',(488.25,-0.45845311050583,-323.62325033406));
#10639=CARTESIAN_POINT('Ctrl Pts',(488.25,-0.456404360218175,-324.029457131266));
#10640=CARTESIAN_POINT('Ctrl Pts',(488.25,-0.45435560993055,-324.435663928466));
#10641=CARTESIAN_POINT('Ctrl Pts',(488.25,-0.452314200476654,-324.850755693226));
#10642=CARTESIAN_POINT('Ctrl Pts',(488.25,-0.450270182101041,-325.276004246354));
#10643=CARTESIAN_POINT('Ctrl Pts',(488.25,-0.448226163725427,-325.701252799482));
#10644=CARTESIAN_POINT('Ctrl Pts',(488.25,-0.446179536428095,-326.136658140978));
#10645=CARTESIAN_POINT('Ctrl Pts',(488.25,-0.444119999377121,-326.583544218869));
#10646=CARTESIAN_POINT('Ctrl Pts',(488.25,-0.44206046232614,-327.030430296761));
#10647=CARTESIAN_POINT('Ctrl Pts',(488.25,-0.439988015521518,-327.488797111048));
#10648=CARTESIAN_POINT('Ctrl Pts',(488.25,-0.437892007054851,-327.960020736974));
#10649=CARTESIAN_POINT('Ctrl Pts',(488.25,-0.436376931162734,-328.300639377972));
#10650=CARTESIAN_POINT('Ctrl Pts',(488.25,-0.43484953710452,-328.647976731392));
#10651=CARTESIAN_POINT('Ctrl Pts',(488.25,-0.433305687647183,-329.002569472542));
#10652=CARTESIAN_POINT('Origin',(488.25,0.,-330.004282463138));
#10653=CARTESIAN_POINT('Ctrl Pts',(0.,0.692436863172455,-330.));
#10654=CARTESIAN_POINT('Ctrl Pts',(1225.,0.692436863172455,-330.));
#10655=CARTESIAN_POINT('Ctrl Pts',(0.,5.36729010756762,-315.060779002508));
#10656=CARTESIAN_POINT('Ctrl Pts',(1225.,5.36729010756762,-315.060779002508));
#10657=CARTESIAN_POINT('Ctrl Pts',(0.,7.73616191059256,-309.282020228319));
#10658=CARTESIAN_POINT('Ctrl Pts',(1225.,7.73616191059256,-309.282020228319));
#10659=CARTESIAN_POINT('Ctrl Pts',(0.,15.7980112916491,-269.263660760413));
#10660=CARTESIAN_POINT('Ctrl Pts',(1225.,15.7980112916491,-269.263660760413));
#10661=CARTESIAN_POINT('Ctrl Pts',(0.,22.1706115435568,-230.911398635869));
#10662=CARTESIAN_POINT('Ctrl Pts',(1225.,22.1706115435568,-230.911398635869));
#10663=CARTESIAN_POINT('Ctrl Pts',(0.,27.2402918752549,-198.214185048207));
#10664=CARTESIAN_POINT('Ctrl Pts',(1225.,27.2402918752549,-198.214185048207));
#10665=CARTESIAN_POINT('Ctrl Pts',(0.,30.4361456778927,-164.898177192353));
#10666=CARTESIAN_POINT('Ctrl Pts',(1225.,30.4361456778927,-164.898177192353));
#10667=CARTESIAN_POINT('Ctrl Pts',(0.,32.7767416046338,-136.57512421457));
#10668=CARTESIAN_POINT('Ctrl Pts',(1225.,32.7767416046338,-136.57512421457));
#10669=CARTESIAN_POINT('Ctrl Pts',(0.,32.572174307517,-100.31120637567));
#10670=CARTESIAN_POINT('Ctrl Pts',(1225.,32.572174307517,-100.31120637567));
#10671=CARTESIAN_POINT('Ctrl Pts',(0.,31.4787146600278,-85.1197339869532));
#10672=CARTESIAN_POINT('Ctrl Pts',(1225.,31.4787146600278,-85.1197339869532));
#10673=CARTESIAN_POINT('Ctrl Pts',(0.,29.2161090680932,-65.9844229593376));
#10674=CARTESIAN_POINT('Ctrl Pts',(1225.,29.2161090680932,-65.9844229593376));
#10675=CARTESIAN_POINT('Ctrl Pts',(0.,26.7661902336552,-51.5393720618797));
#10676=CARTESIAN_POINT('Ctrl Pts',(1225.,26.7661902336552,-51.5393720618797));
#10677=CARTESIAN_POINT('Ctrl Pts',(0.,22.2069184142093,-33.7095873785944));
#10678=CARTESIAN_POINT('Ctrl Pts',(1225.,22.2069184142093,-33.7095873785944));
#10679=CARTESIAN_POINT('Ctrl Pts',(0.,19.3158500368011,-25.6495689043505));
#10680=CARTESIAN_POINT('Ctrl Pts',(1225.,19.3158500368011,-25.6495689043505));
#10681=CARTESIAN_POINT('Ctrl Pts',(0.,16.4902069465223,-17.4700986677718));
#10682=CARTESIAN_POINT('Ctrl Pts',(1225.,16.4902069465223,-17.4700986677718));
#10683=CARTESIAN_POINT('Ctrl Pts',(0.,10.7156213917761,-7.517737344979));
#10684=CARTESIAN_POINT('Ctrl Pts',(1225.,10.7156213917761,-7.517737344979));
#10685=CARTESIAN_POINT('Ctrl Pts',(0.,9.59210666071061,-5.06402799233127));
#10686=CARTESIAN_POINT('Ctrl Pts',(1225.,9.59210666071061,-5.06402799233127));
#10687=CARTESIAN_POINT('Ctrl Pts',(0.,-0.302237819680045,3.33162846574542));
#10688=CARTESIAN_POINT('Ctrl Pts',(1225.,-0.302237819680045,3.33162846574542));
#10689=CARTESIAN_POINT('Ctrl Pts',(0.,-5.37497260826862,-4.87193710665857));
#10690=CARTESIAN_POINT('Ctrl Pts',(1225.,-5.37497260826862,-4.87193710665857));
#10691=CARTESIAN_POINT('Ctrl Pts',(0.,-6.46637703842694,-7.76012590636975));
#10692=CARTESIAN_POINT('Ctrl Pts',(1225.,-6.46637703842694,-7.76012590636975));
#10693=CARTESIAN_POINT('Ctrl Pts',(0.,-8.72369290817783,-17.7139508712063));
#10694=CARTESIAN_POINT('Ctrl Pts',(1225.,-8.72369290817783,-17.7139508712063));
#10695=CARTESIAN_POINT('Ctrl Pts',(0.,-9.05735289519721,-25.7605611516216));
#10696=CARTESIAN_POINT('Ctrl Pts',(1225.,-9.05735289519721,-25.7605611516216));
#10697=CARTESIAN_POINT('Ctrl Pts',(0.,-9.65183932786034,-33.8874038470446));
#10698=CARTESIAN_POINT('Ctrl Pts',(1225.,-9.65183932786034,-33.8874038470446));
#10699=CARTESIAN_POINT('Ctrl Pts',(0.,-9.54958439734114,-51.7302428410842));
#10700=CARTESIAN_POINT('Ctrl Pts',(1225.,-9.54958439734114,-51.7302428410842));
#10701=CARTESIAN_POINT('Ctrl Pts',(0.,-9.12188646984469,-66.089055457432));
#10702=CARTESIAN_POINT('Ctrl Pts',(1225.,-9.12188646984469,-66.089055457432));
#10703=CARTESIAN_POINT('Ctrl Pts',(0.,-8.0807090947879,-85.1902133730808));
#10704=CARTESIAN_POINT('Ctrl Pts',(1225.,-8.0807090947879,-85.1902133730808));
#10705=CARTESIAN_POINT('Ctrl Pts',(0.,-7.41482789593825,-100.342950195034));
#10706=CARTESIAN_POINT('Ctrl Pts',(1225.,-7.41482789593825,-100.342950195034));
#10707=CARTESIAN_POINT('Ctrl Pts',(0.,-5.65487802201598,-136.527375623599));
#10708=CARTESIAN_POINT('Ctrl Pts',(1225.,-5.65487802201598,-136.527375623599));
#10709=CARTESIAN_POINT('Ctrl Pts',(0.,-4.681813072762,-164.837141179113));
#10710=CARTESIAN_POINT('Ctrl Pts',(1225.,-4.681813072762,-164.837141179113));
#10711=CARTESIAN_POINT('Ctrl Pts',(0.,-3.23576762517493,-198.076224064099));
#10712=CARTESIAN_POINT('Ctrl Pts',(1225.,-3.23576762517493,-198.076224064099));
#10713=CARTESIAN_POINT('Ctrl Pts',(0.,-2.10280368750388,-230.910800461435));
#10714=CARTESIAN_POINT('Ctrl Pts',(1225.,-2.10280368750388,-230.910800461435));
#10715=CARTESIAN_POINT('Ctrl Pts',(0.,-1.0506280543582,-268.755665480008));
#10716=CARTESIAN_POINT('Ctrl Pts',(1225.,-1.0506280543582,-268.755665480008));
#10717=CARTESIAN_POINT('Ctrl Pts',(0.,-0.545054891565593,-309.707874258144));
#10718=CARTESIAN_POINT('Ctrl Pts',(1225.,-0.545054891565593,-309.707874258144));
#10719=CARTESIAN_POINT('Ctrl Pts',(0.,-0.494719603944063,-314.653924811271));
#10720=CARTESIAN_POINT('Ctrl Pts',(1225.,-0.494719603944063,-314.653924811271));
#10721=CARTESIAN_POINT('Ctrl Pts',(0.,-0.428999999999996,-330.));
#10722=CARTESIAN_POINT('Ctrl Pts',(1225.,-0.428999999999996,-330.));
#10723=CARTESIAN_POINT('',(249.897791350096,1.00517940190414,-329.002569477395));
#10724=CARTESIAN_POINT('',(295.0625,1.00517940190412,-329.002569477395));
#10725=CARTESIAN_POINT('Ctrl Pts',(249.897791350096,1.00517940190414,-329.002569477395));
#10726=CARTESIAN_POINT('Ctrl Pts',(257.263651375581,1.00517940190414,-329.002569477395));
#10727=CARTESIAN_POINT('Ctrl Pts',(264.629511401065,1.00517940190416,-329.002569477395));
#10728=CARTESIAN_POINT('Ctrl Pts',(279.684414284366,1.00517940190416,-329.002569477395));
#10729=CARTESIAN_POINT('Ctrl Pts',(287.373457142183,1.00517940190416,-329.002569477395));
#10730=CARTESIAN_POINT('Ctrl Pts',(295.0625,1.00517940190416,-329.002569477395));
#10731=CARTESIAN_POINT('',(295.0625,11.166004517803,-291.104879107032));
#10732=CARTESIAN_POINT('Ctrl Pts',(295.0625,1.00517940190416,-329.002569477395));
#10733=CARTESIAN_POINT('Ctrl Pts',(295.0625,3.29147320574974,-321.72488110891));
#10734=CARTESIAN_POINT('Ctrl Pts',(295.0625,4.86834280302683,-316.998720717439));
#10735=CARTESIAN_POINT('Ctrl Pts',(295.0625,8.17661364505074,-304.846091084637));
#10736=CARTESIAN_POINT('Ctrl Pts',(295.0625,9.71388709215289,-298.039129464086));
#10737=CARTESIAN_POINT('Ctrl Pts',(295.0625,11.166004517803,-291.104879107032));
#10738=CARTESIAN_POINT('Ctrl Pts',(295.0625,11.166004517803,-291.104879107032));
#10739=CARTESIAN_POINT('Ctrl Pts',(290.763202135519,10.410541368595,-294.712418359439));
#10740=CARTESIAN_POINT('Ctrl Pts',(286.600456677882,9.6480395916284,-298.205376537627));
#10741=CARTESIAN_POINT('Ctrl Pts',(268.748705991678,6.17214048276699,-313.18477395429));
#10742=CARTESIAN_POINT('Ctrl Pts',(262.245221623798,4.26001229890487,-318.641845288745));
#10743=CARTESIAN_POINT('Ctrl Pts',(249.897791350096,1.00517940190413,-329.002569477395));
#10744=CARTESIAN_POINT('Origin',(295.0625,25.2905110875167,-350.));
#10745=CARTESIAN_POINT('',(295.0625,0.290511087516668,-329.002569477395));
#10746=CARTESIAN_POINT('',(295.0625,12.6452555437583,-329.002569477395));
#10747=CARTESIAN_POINT('',(295.0625,0.290511087516668,-291.104879107032));
#10748=CARTESIAN_POINT('',(295.0625,0.290511087516668,-350.));
#10749=CARTESIAN_POINT('',(295.0625,12.6452555437583,-291.104879107032));
#10750=CARTESIAN_POINT('Origin',(324.516121517409,0.,-266.390356154939));
#10751=CARTESIAN_POINT('',(249.897791353296,-0.43330568763774,-329.002569476053));
#10752=CARTESIAN_POINT('',(249.897791350096,0.,-329.002569477395));
#10753=CARTESIAN_POINT('',(305.,0.29051108751667,-282.766326522208));
#10754=CARTESIAN_POINT('',(295.289217841208,0.290511087516668,-290.914640250093));
#10755=CARTESIAN_POINT('',(305.,-0.942952674152336,-282.766326522208));
#10756=CARTESIAN_POINT('',(305.,0.,-282.766326522208));
#10757=CARTESIAN_POINT('Ctrl Pts',(249.897791353296,-0.43330568763774,-329.002569474711));
#10758=CARTESIAN_POINT('Ctrl Pts',(252.936847807339,-0.444408356992264,
-326.452498324997));
#10759=CARTESIAN_POINT('Ctrl Pts',(256.670540954448,-0.458920268330132,
-323.319557782328));
#10760=CARTESIAN_POINT('Ctrl Pts',(264.521077274413,-0.498314121340022,
-316.732175651701));
#10761=CARTESIAN_POINT('Ctrl Pts',(268.491460386762,-0.525852755008966,
-313.400628646497));
#10762=CARTESIAN_POINT('Ctrl Pts',(282.234799815893,-0.649845340071677,
-301.868597600369));
#10763=CARTESIAN_POINT('Ctrl Pts',(293.675540230326,-0.787217071669767,
-292.268676538223));
#10764=CARTESIAN_POINT('Ctrl Pts',(305.,-0.942952674152337,-282.766326522208));
#10765=CARTESIAN_POINT('Origin',(0.,0.,-329.002569477395));
#10766=CARTESIAN_POINT('',(305.,-0.43330568762605,-329.002569477395));
#10767=CARTESIAN_POINT('Ctrl Pts',(305.,-0.43330568762605,-329.002569477395));
#10768=CARTESIAN_POINT('Ctrl Pts',(295.61818332357,-0.43330568762605,-329.002569477395));
#10769=CARTESIAN_POINT('Ctrl Pts',(286.23636664714,-0.43330568762605,-329.002569477395));
#10770=CARTESIAN_POINT('Ctrl Pts',(267.868963764905,-0.43330568762605,-329.002569477395));
#10771=CARTESIAN_POINT('Ctrl Pts',(258.883377559101,-0.43330568763774,-329.002569476053));
#10772=CARTESIAN_POINT('Ctrl Pts',(249.897791353296,-0.43330568763774,-329.002569476053));
#10773=CARTESIAN_POINT('',(305.,0.29051108751667,-329.002569477395));
#10774=CARTESIAN_POINT('',(305.,0.,-329.002569477395));
#10775=CARTESIAN_POINT('',(147.53125,0.290511087516642,-329.002569477395));
#10776=CARTESIAN_POINT('Origin',(295.0625,0.290511087516668,-350.));
#10777=CARTESIAN_POINT('',(305.,0.29051108751667,-340.002141231569));
#10778=CARTESIAN_POINT('Origin',(305.,0.,-330.004282463138));
#10779=CARTESIAN_POINT('Ctrl Pts',(305.,-0.942952674152338,-282.766326522208));
#10780=CARTESIAN_POINT('Ctrl Pts',(305.,-0.933853553646655,-283.321517669926));
#10781=CARTESIAN_POINT('Ctrl Pts',(305.,-0.924892277191171,-283.873094479055));
#10782=CARTESIAN_POINT('Ctrl Pts',(305.,-0.916070644621802,-284.420584211746));
#10783=CARTESIAN_POINT('Ctrl Pts',(305.,-0.907249012052644,-284.968073944424));
#10784=CARTESIAN_POINT('Ctrl Pts',(305.,-0.898567023369594,-285.511476600665));
#10785=CARTESIAN_POINT('Ctrl Pts',(305.,-0.890026127332087,-286.050371569837));
#10786=CARTESIAN_POINT('Ctrl Pts',(305.,-0.881485231294802,-286.589266538995));
#10787=CARTESIAN_POINT('Ctrl Pts',(305.,-0.873085427903051,-287.123653821086));
#10788=CARTESIAN_POINT('Ctrl Pts',(305.,-0.864827814839799,-287.653164932696));
#10789=CARTESIAN_POINT('Ctrl Pts',(305.,-0.856570201776186,-288.182676044329));
#10790=CARTESIAN_POINT('Ctrl Pts',(305.,-0.848454779041081,-288.707310985481));
#10791=CARTESIAN_POINT('Ctrl Pts',(305.,-0.840482293240967,-289.226753399956));
#10792=CARTESIAN_POINT('Ctrl Pts',(305.,-0.832213289289464,-289.765515272423));
#10793=CARTESIAN_POINT('Ctrl Pts',(305.,-0.824098054798424,-290.298690833324));
#10794=CARTESIAN_POINT('Ctrl Pts',(305.,-0.816137023807446,-290.825986343023));
#10795=CARTESIAN_POINT('Ctrl Pts',(305.,-0.808424775034937,-291.336803868044));
#10796=CARTESIAN_POINT('Ctrl Pts',(305.,-0.8008572406782,-291.842103393084));
#10797=CARTESIAN_POINT('Ctrl Pts',(305.,-0.793434451734464,-292.341671853095));
#10798=CARTESIAN_POINT('Ctrl Pts',(305.,-0.78604697796921,-292.838863531352));
#10799=CARTESIAN_POINT('Ctrl Pts',(305.,-0.778802875311199,-293.330378589515));
#10800=CARTESIAN_POINT('Ctrl Pts',(305.,-0.771701822401714,-293.816059240984));
#10801=CARTESIAN_POINT('Ctrl Pts',(305.,-0.764600769492243,-294.301739892452));
#10802=CARTESIAN_POINT('Ctrl Pts',(305.,-0.757642766331297,-294.781586137226));
#10803=CARTESIAN_POINT('Ctrl Pts',(305.,-0.750827140483683,-295.255492315923));
#10804=CARTESIAN_POINT('Ctrl Pts',(305.,-0.744011514636076,-295.729398494619));
#10805=CARTESIAN_POINT('Ctrl Pts',(305.,-0.7373382661018,-296.197364607238));
#10806=CARTESIAN_POINT('Ctrl Pts',(305.,-0.730806371369186,-296.659337121614));
#10807=CARTESIAN_POINT('Ctrl Pts',(305.,-0.724274476636468,-297.121309635997));
#10808=CARTESIAN_POINT('Ctrl Pts',(305.,-0.717883935705416,-297.577288552138));
#10809=CARTESIAN_POINT('Ctrl Pts',(305.,-0.711633373987881,-298.027272465087));
#10810=CARTESIAN_POINT('Ctrl Pts',(305.,-0.705382812270428,-298.477256378031));
#10811=CARTESIAN_POINT('Ctrl Pts',(305.,-0.699272229766489,-298.921245287785));
#10812=CARTESIAN_POINT('Ctrl Pts',(305.,-0.693299900811438,-299.359289916618));
#10813=CARTESIAN_POINT('Ctrl Pts',(305.,-0.687327571856406,-299.79733454545));
#10814=CARTESIAN_POINT('Ctrl Pts',(305.,-0.681493496450262,-300.229434893361));
#10815=CARTESIAN_POINT('Ctrl Pts',(305.,-0.675795597851903,-300.655693809841));
#10816=CARTESIAN_POINT('Ctrl Pts',(305.,-0.670097699253529,-301.081952726321));
#10817=CARTESIAN_POINT('Ctrl Pts',(305.,-0.664535977462942,-301.502370211369));
#10818=CARTESIAN_POINT('Ctrl Pts',(305.,-0.659108004662562,-301.91710124169));
#10819=CARTESIAN_POINT('Ctrl Pts',(305.,-0.653680031862163,-302.331832272012));
#10820=CARTESIAN_POINT('Ctrl Pts',(305.,-0.648385808051974,-302.740876847607));
#10821=CARTESIAN_POINT('Ctrl Pts',(305.,-0.643222554337935,-303.144442072399));
#10822=CARTESIAN_POINT('Ctrl Pts',(305.,-0.638059300624001,-303.548007297183));
#10823=CARTESIAN_POINT('Ctrl Pts',(305.,-0.633027017006212,-303.946093171164));
#10824=CARTESIAN_POINT('Ctrl Pts',(305.,-0.628122573514036,-304.338958925483));
#10825=CARTESIAN_POINT('Ctrl Pts',(305.,-0.62321813002179,-304.731824679807));
#10826=CARTESIAN_POINT('Ctrl Pts',(305.,-0.61844152665516,-305.119470314469));
#10827=CARTESIAN_POINT('Ctrl Pts',(305.,-0.613789282367135,-305.502207187828));
#10828=CARTESIAN_POINT('Ctrl Pts',(305.,-0.609137038079189,-305.88494406118));
#10829=CARTESIAN_POINT('Ctrl Pts',(305.,-0.604609152869844,-306.262772173229));
#10830=CARTESIAN_POINT('Ctrl Pts',(305.,-0.600201794615612,-306.636055009552));
#10831=CARTESIAN_POINT('Ctrl Pts',(305.,-0.595794436361305,-307.009337845881));
#10832=CARTESIAN_POINT('Ctrl Pts',(305.,-0.591507605062116,-307.378075406484));
#10833=CARTESIAN_POINT('Ctrl Pts',(305.,-0.587337117518078,-307.742683304154));
#10834=CARTESIAN_POINT('Ctrl Pts',(305.,-0.583166629974089,-308.10729120182));
#10835=CARTESIAN_POINT('Ctrl Pts',(305.,-0.579112486185249,-308.467769436554));
#10836=CARTESIAN_POINT('Ctrl Pts',(305.,-0.575170151875116,-308.824585748369));
#10837=CARTESIAN_POINT('Ctrl Pts',(305.,-0.571227817564884,-309.181402060192));
#10838=CARTESIAN_POINT('Ctrl Pts',(305.,-0.567397292733365,-309.534556449095));
#10839=CARTESIAN_POINT('Ctrl Pts',(305.,-0.563673692027638,-309.884568782309));
#10840=CARTESIAN_POINT('Ctrl Pts',(305.,-0.559950091321955,-310.234581115518));
#10841=CARTESIAN_POINT('Ctrl Pts',(305.,-0.556333414742062,-310.581451393037));
#10842=CARTESIAN_POINT('Ctrl Pts',(305.,-0.552818425858562,-310.925751609314));
#10843=CARTESIAN_POINT('Ctrl Pts',(305.,-0.549270880968965,-311.273240751734));
#10844=CARTESIAN_POINT('Ctrl Pts',(305.,-0.545826916726938,-311.618111922016));
#10845=CARTESIAN_POINT('Ctrl Pts',(305.,-0.542480787257454,-311.961006993056));
#10846=CARTESIAN_POINT('Ctrl Pts',(305.,-0.539165365394139,-312.300755297992));
#10847=CARTESIAN_POINT('Ctrl Pts',(305.,-0.535945990328679,-312.638563687635));
#10848=CARTESIAN_POINT('Ctrl Pts',(305.,-0.532816720227032,-312.975108893675));
#10849=CARTESIAN_POINT('Ctrl Pts',(305.,-0.529687450125391,-313.311654099715));
#10850=CARTESIAN_POINT('Ctrl Pts',(305.,-0.526648284987564,-313.646936122151));
#10851=CARTESIAN_POINT('Ctrl Pts',(305.,-0.523692931903034,-313.98168381989));
#10852=CARTESIAN_POINT('Ctrl Pts',(305.,-0.520737578818512,-314.316431517628));
#10853=CARTESIAN_POINT('Ctrl Pts',(305.,-0.517866037787288,-314.650644890669));
#10854=CARTESIAN_POINT('Ctrl Pts',(305.,-0.515071664822366,-314.985104925135));
#10855=CARTESIAN_POINT('Ctrl Pts',(305.,-0.512277291857458,-315.319564959601));
#10856=CARTESIAN_POINT('Ctrl Pts',(305.,-0.509560086958853,-315.654271655492));
#10857=CARTESIAN_POINT('Ctrl Pts',(305.,-0.506913055063079,-315.990058126152));
#10858=CARTESIAN_POINT('Ctrl Pts',(305.,-0.504266023167291,-316.325844596813));
#10859=CARTESIAN_POINT('Ctrl Pts',(305.,-0.501689164274335,-316.662710842242));
#10860=CARTESIAN_POINT('Ctrl Pts',(305.,-0.499175132244264,-317.001542102999));
#10861=CARTESIAN_POINT('Ctrl Pts',(305.,-0.496661100214164,-317.340373363759));
#10862=CARTESIAN_POINT('Ctrl Pts',(305.,-0.494209895046951,-317.681169639846));
#10863=CARTESIAN_POINT('Ctrl Pts',(305.,-0.491813819526197,-318.024868299038));
#10864=CARTESIAN_POINT('Ctrl Pts',(305.,-0.489417744005461,-318.368566958227));
#10865=CARTESIAN_POINT('Ctrl Pts',(305.,-0.487076798131184,-318.715168000521));
#10866=CARTESIAN_POINT('Ctrl Pts',(305.,-0.484782933610464,-319.065660920913));
#10867=CARTESIAN_POINT('Ctrl Pts',(305.,-0.482449233045937,-319.422240622458));
#10868=CARTESIAN_POINT('Ctrl Pts',(305.,-0.48016426435722,-319.782848393735));
#10869=CARTESIAN_POINT('Ctrl Pts',(305.,-0.477919179722341,-320.148581548976));
#10870=CARTESIAN_POINT('Ctrl Pts',(305.,-0.475712418465909,-320.508071674489));
#10871=CARTESIAN_POINT('Ctrl Pts',(305.,-0.473544190225905,-320.872513849974));
#10872=CARTESIAN_POINT('Ctrl Pts',(305.,-0.471405738459557,-321.243002730123));
#10873=CARTESIAN_POINT('Ctrl Pts',(305.,-0.469267286693209,-321.613491610271));
#10874=CARTESIAN_POINT('Ctrl Pts',(305.,-0.467158611400517,-321.990027195081));
#10875=CARTESIAN_POINT('Ctrl Pts',(305.,-0.465070604962231,-322.373756266462));
#10876=CARTESIAN_POINT('Ctrl Pts',(305.,-0.462982598524028,-322.757485337828));
#10877=CARTESIAN_POINT('Ctrl Pts',(305.,-0.460915260940229,-323.148407895762));
#10878=CARTESIAN_POINT('Ctrl Pts',(305.,-0.45885913351511,-323.547722849392));
#10879=CARTESIAN_POINT('Ctrl Pts',(305.,-0.456740518106135,-323.959173425585));
#10880=CARTESIAN_POINT('Ctrl Pts',(305.,-0.454633806504655,-324.379533972618));
#10881=CARTESIAN_POINT('Ctrl Pts',(305.,-0.452528261256061,-324.810173956059));
#10882=CARTESIAN_POINT('Ctrl Pts',(305.,-0.450484818490379,-325.228112330627));
#10883=CARTESIAN_POINT('Ctrl Pts',(305.,-0.448442472484429,-325.655732973784));
#10884=CARTESIAN_POINT('Ctrl Pts',(305.,-0.446391051719928,-326.094340633296));
#10885=CARTESIAN_POINT('Ctrl Pts',(305.,-0.444246113540762,-326.552942949719));
#10886=CARTESIAN_POINT('Ctrl Pts',(305.,-0.442091257351194,-327.02355639493));
#10887=CARTESIAN_POINT('Ctrl Pts',(305.,-0.439914445740238,-327.507733356144));
#10888=CARTESIAN_POINT('Ctrl Pts',(305.,-0.437737634129281,-327.991910317358));
#10889=CARTESIAN_POINT('Ctrl Pts',(305.,-0.435538867096936,-328.489650794574));
#10890=CARTESIAN_POINT('Ctrl Pts',(305.,-0.433305687626049,-329.002569477396));
#10891=CARTESIAN_POINT('Ctrl Pts',(0.,0.692436863172455,-330.));
#10892=CARTESIAN_POINT('Ctrl Pts',(1225.,0.692436863172455,-330.));
#10893=CARTESIAN_POINT('Ctrl Pts',(0.,5.36729010756762,-315.060779002508));
#10894=CARTESIAN_POINT('Ctrl Pts',(1225.,5.36729010756762,-315.060779002508));
#10895=CARTESIAN_POINT('Ctrl Pts',(0.,7.73616191059256,-309.282020228319));
#10896=CARTESIAN_POINT('Ctrl Pts',(1225.,7.73616191059256,-309.282020228319));
#10897=CARTESIAN_POINT('Ctrl Pts',(0.,15.7980112916491,-269.263660760413));
#10898=CARTESIAN_POINT('Ctrl Pts',(1225.,15.7980112916491,-269.263660760413));
#10899=CARTESIAN_POINT('Ctrl Pts',(0.,22.1706115435568,-230.911398635869));
#10900=CARTESIAN_POINT('Ctrl Pts',(1225.,22.1706115435568,-230.911398635869));
#10901=CARTESIAN_POINT('Ctrl Pts',(0.,27.2402918752549,-198.214185048207));
#10902=CARTESIAN_POINT('Ctrl Pts',(1225.,27.2402918752549,-198.214185048207));
#10903=CARTESIAN_POINT('Ctrl Pts',(0.,30.4361456778927,-164.898177192353));
#10904=CARTESIAN_POINT('Ctrl Pts',(1225.,30.4361456778927,-164.898177192353));
#10905=CARTESIAN_POINT('Ctrl Pts',(0.,32.7767416046338,-136.57512421457));
#10906=CARTESIAN_POINT('Ctrl Pts',(1225.,32.7767416046338,-136.57512421457));
#10907=CARTESIAN_POINT('Ctrl Pts',(0.,32.572174307517,-100.31120637567));
#10908=CARTESIAN_POINT('Ctrl Pts',(1225.,32.572174307517,-100.31120637567));
#10909=CARTESIAN_POINT('Ctrl Pts',(0.,31.4787146600278,-85.1197339869532));
#10910=CARTESIAN_POINT('Ctrl Pts',(1225.,31.4787146600278,-85.1197339869532));
#10911=CARTESIAN_POINT('Ctrl Pts',(0.,29.2161090680932,-65.9844229593376));
#10912=CARTESIAN_POINT('Ctrl Pts',(1225.,29.2161090680932,-65.9844229593376));
#10913=CARTESIAN_POINT('Ctrl Pts',(0.,26.7661902336552,-51.5393720618797));
#10914=CARTESIAN_POINT('Ctrl Pts',(1225.,26.7661902336552,-51.5393720618797));
#10915=CARTESIAN_POINT('Ctrl Pts',(0.,22.2069184142093,-33.7095873785944));
#10916=CARTESIAN_POINT('Ctrl Pts',(1225.,22.2069184142093,-33.7095873785944));
#10917=CARTESIAN_POINT('Ctrl Pts',(0.,19.3158500368011,-25.6495689043505));
#10918=CARTESIAN_POINT('Ctrl Pts',(1225.,19.3158500368011,-25.6495689043505));
#10919=CARTESIAN_POINT('Ctrl Pts',(0.,16.4902069465223,-17.4700986677718));
#10920=CARTESIAN_POINT('Ctrl Pts',(1225.,16.4902069465223,-17.4700986677718));
#10921=CARTESIAN_POINT('Ctrl Pts',(0.,10.7156213917761,-7.517737344979));
#10922=CARTESIAN_POINT('Ctrl Pts',(1225.,10.7156213917761,-7.517737344979));
#10923=CARTESIAN_POINT('Ctrl Pts',(0.,9.59210666071061,-5.06402799233127));
#10924=CARTESIAN_POINT('Ctrl Pts',(1225.,9.59210666071061,-5.06402799233127));
#10925=CARTESIAN_POINT('Ctrl Pts',(0.,-0.302237819680045,3.33162846574542));
#10926=CARTESIAN_POINT('Ctrl Pts',(1225.,-0.302237819680045,3.33162846574542));
#10927=CARTESIAN_POINT('Ctrl Pts',(0.,-5.37497260826862,-4.87193710665857));
#10928=CARTESIAN_POINT('Ctrl Pts',(1225.,-5.37497260826862,-4.87193710665857));
#10929=CARTESIAN_POINT('Ctrl Pts',(0.,-6.46637703842694,-7.76012590636975));
#10930=CARTESIAN_POINT('Ctrl Pts',(1225.,-6.46637703842694,-7.76012590636975));
#10931=CARTESIAN_POINT('Ctrl Pts',(0.,-8.72369290817783,-17.7139508712063));
#10932=CARTESIAN_POINT('Ctrl Pts',(1225.,-8.72369290817783,-17.7139508712063));
#10933=CARTESIAN_POINT('Ctrl Pts',(0.,-9.05735289519721,-25.7605611516216));
#10934=CARTESIAN_POINT('Ctrl Pts',(1225.,-9.05735289519721,-25.7605611516216));
#10935=CARTESIAN_POINT('Ctrl Pts',(0.,-9.65183932786034,-33.8874038470446));
#10936=CARTESIAN_POINT('Ctrl Pts',(1225.,-9.65183932786034,-33.8874038470446));
#10937=CARTESIAN_POINT('Ctrl Pts',(0.,-9.54958439734114,-51.7302428410842));
#10938=CARTESIAN_POINT('Ctrl Pts',(1225.,-9.54958439734114,-51.7302428410842));
#10939=CARTESIAN_POINT('Ctrl Pts',(0.,-9.12188646984469,-66.089055457432));
#10940=CARTESIAN_POINT('Ctrl Pts',(1225.,-9.12188646984469,-66.089055457432));
#10941=CARTESIAN_POINT('Ctrl Pts',(0.,-8.0807090947879,-85.1902133730808));
#10942=CARTESIAN_POINT('Ctrl Pts',(1225.,-8.0807090947879,-85.1902133730808));
#10943=CARTESIAN_POINT('Ctrl Pts',(0.,-7.41482789593825,-100.342950195034));
#10944=CARTESIAN_POINT('Ctrl Pts',(1225.,-7.41482789593825,-100.342950195034));
#10945=CARTESIAN_POINT('Ctrl Pts',(0.,-5.65487802201598,-136.527375623599));
#10946=CARTESIAN_POINT('Ctrl Pts',(1225.,-5.65487802201598,-136.527375623599));
#10947=CARTESIAN_POINT('Ctrl Pts',(0.,-4.681813072762,-164.837141179113));
#10948=CARTESIAN_POINT('Ctrl Pts',(1225.,-4.681813072762,-164.837141179113));
#10949=CARTESIAN_POINT('Ctrl Pts',(0.,-3.23576762517493,-198.076224064099));
#10950=CARTESIAN_POINT('Ctrl Pts',(1225.,-3.23576762517493,-198.076224064099));
#10951=CARTESIAN_POINT('Ctrl Pts',(0.,-2.10280368750388,-230.910800461435));
#10952=CARTESIAN_POINT('Ctrl Pts',(1225.,-2.10280368750388,-230.910800461435));
#10953=CARTESIAN_POINT('Ctrl Pts',(0.,-1.0506280543582,-268.755665480008));
#10954=CARTESIAN_POINT('Ctrl Pts',(1225.,-1.0506280543582,-268.755665480008));
#10955=CARTESIAN_POINT('Ctrl Pts',(0.,-0.545054891565593,-309.707874258144));
#10956=CARTESIAN_POINT('Ctrl Pts',(1225.,-0.545054891565593,-309.707874258144));
#10957=CARTESIAN_POINT('Ctrl Pts',(0.,-0.494719603944063,-314.653924811271));
#10958=CARTESIAN_POINT('Ctrl Pts',(1225.,-0.494719603944063,-314.653924811271));
#10959=CARTESIAN_POINT('Ctrl Pts',(0.,-0.428999999999996,-330.));
#10960=CARTESIAN_POINT('Ctrl Pts',(1225.,-0.428999999999996,-330.));
#10961=CARTESIAN_POINT('Origin',(324.516121517409,0.,-266.390356154939));
#10962=CARTESIAN_POINT('',(310.,0.290511087516671,-278.570828366321));
#10963=CARTESIAN_POINT('',(320.0625,0.290511087516672,-270.1273883276));
#10964=CARTESIAN_POINT('',(295.289217841208,0.290511087516668,-290.914640250093));
#10965=CARTESIAN_POINT('',(320.0625,15.3052005203771,-270.1273883276));
#10966=CARTESIAN_POINT('',(320.0625,0.145255543758336,-270.1273883276));
#10967=CARTESIAN_POINT('',(324.516121517409,16.0009465627194,-266.390356154939));
#10968=CARTESIAN_POINT('Ctrl Pts',(324.516121517409,16.0009465627194,-266.390356154939));
#10969=CARTESIAN_POINT('Ctrl Pts',(323.088776418558,15.7797336517012,-267.588040900948));
#10970=CARTESIAN_POINT('Ctrl Pts',(321.599661901921,15.5472539485767,-268.837556342638));
#10971=CARTESIAN_POINT('Ctrl Pts',(320.0625,15.3052005203771,-270.1273883276));
#10972=CARTESIAN_POINT('',(324.516121517409,-1.23842244365054,-266.390356154939));
#10973=CARTESIAN_POINT('',(324.516121517409,0.,-266.390356154939));
#10974=CARTESIAN_POINT('',(310.,-1.01326872096013,-278.570828366321));
#10975=CARTESIAN_POINT('Ctrl Pts',(310.,-1.01326872096013,-278.570828366321));
#10976=CARTESIAN_POINT('Ctrl Pts',(314.999003713114,-1.08519241216254,-274.376166194393));
#10977=CARTESIAN_POINT('Ctrl Pts',(319.906501343092,-1.16110924846758,-270.258286743075));
#10978=CARTESIAN_POINT('Ctrl Pts',(324.516121517409,-1.23842244365054,-266.390356154939));
#10979=CARTESIAN_POINT('',(310.,0.,-278.570828366321));
#10980=CARTESIAN_POINT('Ctrl Pts',(0.,0.692436863172455,-330.));
#10981=CARTESIAN_POINT('Ctrl Pts',(1225.,0.692436863172455,-330.));
#10982=CARTESIAN_POINT('Ctrl Pts',(0.,5.36729010756762,-315.060779002508));
#10983=CARTESIAN_POINT('Ctrl Pts',(1225.,5.36729010756762,-315.060779002508));
#10984=CARTESIAN_POINT('Ctrl Pts',(0.,7.73616191059256,-309.282020228319));
#10985=CARTESIAN_POINT('Ctrl Pts',(1225.,7.73616191059256,-309.282020228319));
#10986=CARTESIAN_POINT('Ctrl Pts',(0.,15.7980112916491,-269.263660760413));
#10987=CARTESIAN_POINT('Ctrl Pts',(1225.,15.7980112916491,-269.263660760413));
#10988=CARTESIAN_POINT('Ctrl Pts',(0.,22.1706115435568,-230.911398635869));
#10989=CARTESIAN_POINT('Ctrl Pts',(1225.,22.1706115435568,-230.911398635869));
#10990=CARTESIAN_POINT('Ctrl Pts',(0.,27.2402918752549,-198.214185048207));
#10991=CARTESIAN_POINT('Ctrl Pts',(1225.,27.2402918752549,-198.214185048207));
#10992=CARTESIAN_POINT('Ctrl Pts',(0.,30.4361456778927,-164.898177192353));
#10993=CARTESIAN_POINT('Ctrl Pts',(1225.,30.4361456778927,-164.898177192353));
#10994=CARTESIAN_POINT('Ctrl Pts',(0.,32.7767416046338,-136.57512421457));
#10995=CARTESIAN_POINT('Ctrl Pts',(1225.,32.7767416046338,-136.57512421457));
#10996=CARTESIAN_POINT('Ctrl Pts',(0.,32.572174307517,-100.31120637567));
#10997=CARTESIAN_POINT('Ctrl Pts',(1225.,32.572174307517,-100.31120637567));
#10998=CARTESIAN_POINT('Ctrl Pts',(0.,31.4787146600278,-85.1197339869532));
#10999=CARTESIAN_POINT('Ctrl Pts',(1225.,31.4787146600278,-85.1197339869532));
#11000=CARTESIAN_POINT('Ctrl Pts',(0.,29.2161090680932,-65.9844229593376));
#11001=CARTESIAN_POINT('Ctrl Pts',(1225.,29.2161090680932,-65.9844229593376));
#11002=CARTESIAN_POINT('Ctrl Pts',(0.,26.7661902336552,-51.5393720618797));
#11003=CARTESIAN_POINT('Ctrl Pts',(1225.,26.7661902336552,-51.5393720618797));
#11004=CARTESIAN_POINT('Ctrl Pts',(0.,22.2069184142093,-33.7095873785944));
#11005=CARTESIAN_POINT('Ctrl Pts',(1225.,22.2069184142093,-33.7095873785944));
#11006=CARTESIAN_POINT('Ctrl Pts',(0.,19.3158500368011,-25.6495689043505));
#11007=CARTESIAN_POINT('Ctrl Pts',(1225.,19.3158500368011,-25.6495689043505));
#11008=CARTESIAN_POINT('Ctrl Pts',(0.,16.4902069465223,-17.4700986677718));
#11009=CARTESIAN_POINT('Ctrl Pts',(1225.,16.4902069465223,-17.4700986677718));
#11010=CARTESIAN_POINT('Ctrl Pts',(0.,10.7156213917761,-7.517737344979));
#11011=CARTESIAN_POINT('Ctrl Pts',(1225.,10.7156213917761,-7.517737344979));
#11012=CARTESIAN_POINT('Ctrl Pts',(0.,9.59210666071061,-5.06402799233127));
#11013=CARTESIAN_POINT('Ctrl Pts',(1225.,9.59210666071061,-5.06402799233127));
#11014=CARTESIAN_POINT('Ctrl Pts',(0.,-0.302237819680045,3.33162846574542));
#11015=CARTESIAN_POINT('Ctrl Pts',(1225.,-0.302237819680045,3.33162846574542));
#11016=CARTESIAN_POINT('Ctrl Pts',(0.,-5.37497260826862,-4.87193710665857));
#11017=CARTESIAN_POINT('Ctrl Pts',(1225.,-5.37497260826862,-4.87193710665857));
#11018=CARTESIAN_POINT('Ctrl Pts',(0.,-6.46637703842694,-7.76012590636975));
#11019=CARTESIAN_POINT('Ctrl Pts',(1225.,-6.46637703842694,-7.76012590636975));
#11020=CARTESIAN_POINT('Ctrl Pts',(0.,-8.72369290817783,-17.7139508712063));
#11021=CARTESIAN_POINT('Ctrl Pts',(1225.,-8.72369290817783,-17.7139508712063));
#11022=CARTESIAN_POINT('Ctrl Pts',(0.,-9.05735289519721,-25.7605611516216));
#11023=CARTESIAN_POINT('Ctrl Pts',(1225.,-9.05735289519721,-25.7605611516216));
#11024=CARTESIAN_POINT('Ctrl Pts',(0.,-9.65183932786034,-33.8874038470446));
#11025=CARTESIAN_POINT('Ctrl Pts',(1225.,-9.65183932786034,-33.8874038470446));
#11026=CARTESIAN_POINT('Ctrl Pts',(0.,-9.54958439734114,-51.7302428410842));
#11027=CARTESIAN_POINT('Ctrl Pts',(1225.,-9.54958439734114,-51.7302428410842));
#11028=CARTESIAN_POINT('Ctrl Pts',(0.,-9.12188646984469,-66.089055457432));
#11029=CARTESIAN_POINT('Ctrl Pts',(1225.,-9.12188646984469,-66.089055457432));
#11030=CARTESIAN_POINT('Ctrl Pts',(0.,-8.0807090947879,-85.1902133730808));
#11031=CARTESIAN_POINT('Ctrl Pts',(1225.,-8.0807090947879,-85.1902133730808));
#11032=CARTESIAN_POINT('Ctrl Pts',(0.,-7.41482789593825,-100.342950195034));
#11033=CARTESIAN_POINT('Ctrl Pts',(1225.,-7.41482789593825,-100.342950195034));
#11034=CARTESIAN_POINT('Ctrl Pts',(0.,-5.65487802201598,-136.527375623599));
#11035=CARTESIAN_POINT('Ctrl Pts',(1225.,-5.65487802201598,-136.527375623599));
#11036=CARTESIAN_POINT('Ctrl Pts',(0.,-4.681813072762,-164.837141179113));
#11037=CARTESIAN_POINT('Ctrl Pts',(1225.,-4.681813072762,-164.837141179113));
#11038=CARTESIAN_POINT('Ctrl Pts',(0.,-3.23576762517493,-198.076224064099));
#11039=CARTESIAN_POINT('Ctrl Pts',(1225.,-3.23576762517493,-198.076224064099));
#11040=CARTESIAN_POINT('Ctrl Pts',(0.,-2.10280368750388,-230.910800461435));
#11041=CARTESIAN_POINT('Ctrl Pts',(1225.,-2.10280368750388,-230.910800461435));
#11042=CARTESIAN_POINT('Ctrl Pts',(0.,-1.0506280543582,-268.755665480008));
#11043=CARTESIAN_POINT('Ctrl Pts',(1225.,-1.0506280543582,-268.755665480008));
#11044=CARTESIAN_POINT('Ctrl Pts',(0.,-0.545054891565593,-309.707874258144));
#11045=CARTESIAN_POINT('Ctrl Pts',(1225.,-0.545054891565593,-309.707874258144));
#11046=CARTESIAN_POINT('Ctrl Pts',(0.,-0.494719603944063,-314.653924811271));
#11047=CARTESIAN_POINT('Ctrl Pts',(1225.,-0.494719603944063,-314.653924811271));
#11048=CARTESIAN_POINT('Ctrl Pts',(0.,-0.428999999999996,-330.));
#11049=CARTESIAN_POINT('Ctrl Pts',(1225.,-0.428999999999996,-330.));
#11050=CARTESIAN_POINT('',(320.0625,1.00517940190409,-329.002569477395));
#11051=CARTESIAN_POINT('',(399.134451684722,1.00517940190413,-329.002569477395));
#11052=CARTESIAN_POINT('Ctrl Pts',(320.0625,1.00517940190413,-329.002569477395));
#11053=CARTESIAN_POINT('Ctrl Pts',(333.402750030287,1.00517940190413,-329.002569477395));
#11054=CARTESIAN_POINT('Ctrl Pts',(346.743000060573,1.00517940190413,-329.002569477395));
#11055=CARTESIAN_POINT('Ctrl Pts',(373.100317288814,1.00517940190413,-329.002569477395));
#11056=CARTESIAN_POINT('Ctrl Pts',(386.117384486768,1.00517940190413,-329.002569477395));
#11057=CARTESIAN_POINT('Ctrl Pts',(399.134451684722,1.00517940190413,-329.002569477395));
#11058=CARTESIAN_POINT('Ctrl Pts',(399.134451684722,1.00517940190412,-329.002569477395));
#11059=CARTESIAN_POINT('Ctrl Pts',(390.420646313335,3.3021739790884,-321.690818604114));
#11060=CARTESIAN_POINT('Ctrl Pts',(385.804219044848,4.61753670377511,-317.817176185769));
#11061=CARTESIAN_POINT('Ctrl Pts',(370.378717834871,8.19684952344805,-304.873643809753));
#11062=CARTESIAN_POINT('Ctrl Pts',(361.21553228359,9.89152665787944,-297.184818193264));
#11063=CARTESIAN_POINT('Ctrl Pts',(344.693910805757,12.7975834857758,-283.321531704764));
#11064=CARTESIAN_POINT('Ctrl Pts',(334.11143054053,14.5138456206758,-274.441776417271));
#11065=CARTESIAN_POINT('Ctrl Pts',(324.516121517409,16.0009465627194,-266.390356154939));
#11066=CARTESIAN_POINT('Ctrl Pts',(320.0625,15.3052005203772,-270.1273883276));
#11067=CARTESIAN_POINT('Ctrl Pts',(320.0625,13.4114500440446,-280.21863121591));
#11068=CARTESIAN_POINT('Ctrl Pts',(320.0625,10.8143439325991,-293.417920421756));
#11069=CARTESIAN_POINT('Ctrl Pts',(320.0625,5.9743436497949,-313.733082920086));
#11070=CARTESIAN_POINT('Ctrl Pts',(320.0625,4.13169453041585,-319.050304048346));
#11071=CARTESIAN_POINT('Ctrl Pts',(320.0625,1.00517940190413,-329.002569477395));
#11072=CARTESIAN_POINT('Ctrl Pts',(0.,0.692436863172455,-330.));
#11073=CARTESIAN_POINT('Ctrl Pts',(1225.,0.692436863172455,-330.));
#11074=CARTESIAN_POINT('Ctrl Pts',(0.,5.36729010756762,-315.060779002508));
#11075=CARTESIAN_POINT('Ctrl Pts',(1225.,5.36729010756762,-315.060779002508));
#11076=CARTESIAN_POINT('Ctrl Pts',(0.,7.73616191059256,-309.282020228319));
#11077=CARTESIAN_POINT('Ctrl Pts',(1225.,7.73616191059256,-309.282020228319));
#11078=CARTESIAN_POINT('Ctrl Pts',(0.,15.7980112916491,-269.263660760413));
#11079=CARTESIAN_POINT('Ctrl Pts',(1225.,15.7980112916491,-269.263660760413));
#11080=CARTESIAN_POINT('Ctrl Pts',(0.,22.1706115435568,-230.911398635869));
#11081=CARTESIAN_POINT('Ctrl Pts',(1225.,22.1706115435568,-230.911398635869));
#11082=CARTESIAN_POINT('Ctrl Pts',(0.,27.2402918752549,-198.214185048207));
#11083=CARTESIAN_POINT('Ctrl Pts',(1225.,27.2402918752549,-198.214185048207));
#11084=CARTESIAN_POINT('Ctrl Pts',(0.,30.4361456778927,-164.898177192353));
#11085=CARTESIAN_POINT('Ctrl Pts',(1225.,30.4361456778927,-164.898177192353));
#11086=CARTESIAN_POINT('Ctrl Pts',(0.,32.7767416046338,-136.57512421457));
#11087=CARTESIAN_POINT('Ctrl Pts',(1225.,32.7767416046338,-136.57512421457));
#11088=CARTESIAN_POINT('Ctrl Pts',(0.,32.572174307517,-100.31120637567));
#11089=CARTESIAN_POINT('Ctrl Pts',(1225.,32.572174307517,-100.31120637567));
#11090=CARTESIAN_POINT('Ctrl Pts',(0.,31.4787146600278,-85.1197339869532));
#11091=CARTESIAN_POINT('Ctrl Pts',(1225.,31.4787146600278,-85.1197339869532));
#11092=CARTESIAN_POINT('Ctrl Pts',(0.,29.2161090680932,-65.9844229593376));
#11093=CARTESIAN_POINT('Ctrl Pts',(1225.,29.2161090680932,-65.9844229593376));
#11094=CARTESIAN_POINT('Ctrl Pts',(0.,26.7661902336552,-51.5393720618797));
#11095=CARTESIAN_POINT('Ctrl Pts',(1225.,26.7661902336552,-51.5393720618797));
#11096=CARTESIAN_POINT('Ctrl Pts',(0.,22.2069184142093,-33.7095873785944));
#11097=CARTESIAN_POINT('Ctrl Pts',(1225.,22.2069184142093,-33.7095873785944));
#11098=CARTESIAN_POINT('Ctrl Pts',(0.,19.3158500368011,-25.6495689043505));
#11099=CARTESIAN_POINT('Ctrl Pts',(1225.,19.3158500368011,-25.6495689043505));
#11100=CARTESIAN_POINT('Ctrl Pts',(0.,16.4902069465223,-17.4700986677718));
#11101=CARTESIAN_POINT('Ctrl Pts',(1225.,16.4902069465223,-17.4700986677718));
#11102=CARTESIAN_POINT('Ctrl Pts',(0.,10.7156213917761,-7.517737344979));
#11103=CARTESIAN_POINT('Ctrl Pts',(1225.,10.7156213917761,-7.517737344979));
#11104=CARTESIAN_POINT('Ctrl Pts',(0.,9.59210666071061,-5.06402799233127));
#11105=CARTESIAN_POINT('Ctrl Pts',(1225.,9.59210666071061,-5.06402799233127));
#11106=CARTESIAN_POINT('Ctrl Pts',(0.,-0.302237819680045,3.33162846574542));
#11107=CARTESIAN_POINT('Ctrl Pts',(1225.,-0.302237819680045,3.33162846574542));
#11108=CARTESIAN_POINT('Ctrl Pts',(0.,-5.37497260826862,-4.87193710665857));
#11109=CARTESIAN_POINT('Ctrl Pts',(1225.,-5.37497260826862,-4.87193710665857));
#11110=CARTESIAN_POINT('Ctrl Pts',(0.,-6.46637703842694,-7.76012590636975));
#11111=CARTESIAN_POINT('Ctrl Pts',(1225.,-6.46637703842694,-7.76012590636975));
#11112=CARTESIAN_POINT('Ctrl Pts',(0.,-8.72369290817783,-17.7139508712063));
#11113=CARTESIAN_POINT('Ctrl Pts',(1225.,-8.72369290817783,-17.7139508712063));
#11114=CARTESIAN_POINT('Ctrl Pts',(0.,-9.05735289519721,-25.7605611516216));
#11115=CARTESIAN_POINT('Ctrl Pts',(1225.,-9.05735289519721,-25.7605611516216));
#11116=CARTESIAN_POINT('Ctrl Pts',(0.,-9.65183932786034,-33.8874038470446));
#11117=CARTESIAN_POINT('Ctrl Pts',(1225.,-9.65183932786034,-33.8874038470446));
#11118=CARTESIAN_POINT('Ctrl Pts',(0.,-9.54958439734114,-51.7302428410842));
#11119=CARTESIAN_POINT('Ctrl Pts',(1225.,-9.54958439734114,-51.7302428410842));
#11120=CARTESIAN_POINT('Ctrl Pts',(0.,-9.12188646984469,-66.089055457432));
#11121=CARTESIAN_POINT('Ctrl Pts',(1225.,-9.12188646984469,-66.089055457432));
#11122=CARTESIAN_POINT('Ctrl Pts',(0.,-8.0807090947879,-85.1902133730808));
#11123=CARTESIAN_POINT('Ctrl Pts',(1225.,-8.0807090947879,-85.1902133730808));
#11124=CARTESIAN_POINT('Ctrl Pts',(0.,-7.41482789593825,-100.342950195034));
#11125=CARTESIAN_POINT('Ctrl Pts',(1225.,-7.41482789593825,-100.342950195034));
#11126=CARTESIAN_POINT('Ctrl Pts',(0.,-5.65487802201598,-136.527375623599));
#11127=CARTESIAN_POINT('Ctrl Pts',(1225.,-5.65487802201598,-136.527375623599));
#11128=CARTESIAN_POINT('Ctrl Pts',(0.,-4.681813072762,-164.837141179113));
#11129=CARTESIAN_POINT('Ctrl Pts',(1225.,-4.681813072762,-164.837141179113));
#11130=CARTESIAN_POINT('Ctrl Pts',(0.,-3.23576762517493,-198.076224064099));
#11131=CARTESIAN_POINT('Ctrl Pts',(1225.,-3.23576762517493,-198.076224064099));
#11132=CARTESIAN_POINT('Ctrl Pts',(0.,-2.10280368750388,-230.910800461435));
#11133=CARTESIAN_POINT('Ctrl Pts',(1225.,-2.10280368750388,-230.910800461435));
#11134=CARTESIAN_POINT('Ctrl Pts',(0.,-1.0506280543582,-268.755665480008));
#11135=CARTESIAN_POINT('Ctrl Pts',(1225.,-1.0506280543582,-268.755665480008));
#11136=CARTESIAN_POINT('Ctrl Pts',(0.,-0.545054891565593,-309.707874258144));
#11137=CARTESIAN_POINT('Ctrl Pts',(1225.,-0.545054891565593,-309.707874258144));
#11138=CARTESIAN_POINT('Ctrl Pts',(0.,-0.494719603944063,-314.653924811271));
#11139=CARTESIAN_POINT('Ctrl Pts',(1225.,-0.494719603944063,-314.653924811271));
#11140=CARTESIAN_POINT('Ctrl Pts',(0.,-0.428999999999996,-330.));
#11141=CARTESIAN_POINT('Ctrl Pts',(1225.,-0.428999999999996,-330.));
#11142=CARTESIAN_POINT('',(399.134451685601,-0.433305687622839,-329.002569477764));
#11143=CARTESIAN_POINT('',(310.,-0.433305687626049,-329.002569477396));
#11144=CARTESIAN_POINT('Ctrl Pts',(399.134451685601,-0.433305687622839,
-329.002569477764));
#11145=CARTESIAN_POINT('Ctrl Pts',(384.476824972634,-0.433305687622839,
-329.002569477764));
#11146=CARTESIAN_POINT('Ctrl Pts',(369.819198259667,-0.43330568762605,-329.002569477395));
#11147=CARTESIAN_POINT('Ctrl Pts',(340.107714364466,-0.43330568762605,-329.002569477395));
#11148=CARTESIAN_POINT('Ctrl Pts',(325.053857182233,-0.43330568762605,-329.002569477395));
#11149=CARTESIAN_POINT('Ctrl Pts',(310.,-0.43330568762605,-329.002569477395));
#11150=CARTESIAN_POINT('Ctrl Pts',(310.,-0.433305687626048,-329.002569477396));
#11151=CARTESIAN_POINT('Ctrl Pts',(310.,-0.435441502439683,-328.512013597207));
#11152=CARTESIAN_POINT('Ctrl Pts',(310.,-0.43754583737655,-328.035341666916));
#11153=CARTESIAN_POINT('Ctrl Pts',(310.,-0.439629598116693,-327.57113993171));
#11154=CARTESIAN_POINT('Ctrl Pts',(310.,-0.441713358856758,-327.106938196522));
#11155=CARTESIAN_POINT('Ctrl Pts',(310.,-0.4437765454001,-326.655206656419));
#11156=CARTESIAN_POINT('Ctrl Pts',(310.,-0.445829712350285,-326.214583683807));
#11157=CARTESIAN_POINT('Ctrl Pts',(310.,-0.447882879300575,-325.773960711173));
#11158=CARTESIAN_POINT('Ctrl Pts',(310.,-0.449926026657705,-325.344446306032));
#11159=CARTESIAN_POINT('Ctrl Pts',(310.,-0.451969357948766,-324.924730968007));
#11160=CARTESIAN_POINT('Ctrl Pts',(310.,-0.454012689239738,-324.505015630002));
#11161=CARTESIAN_POINT('Ctrl Pts',(310.,-0.456056204464641,-324.095099359112));
#11162=CARTESIAN_POINT('Ctrl Pts',(310.,-0.458109756074084,-323.693724782182));
#11163=CARTESIAN_POINT('Ctrl Pts',(310.,-0.4601633076835,-323.292350205256));
#11164=CARTESIAN_POINT('Ctrl Pts',(310.,-0.462226895677458,-322.899517322289));
#11165=CARTESIAN_POINT('Ctrl Pts',(310.,-0.464310021430089,-322.51402088734));
#11166=CARTESIAN_POINT('Ctrl Pts',(310.,-0.466393147182763,-322.128524452384));
#11167=CARTESIAN_POINT('Ctrl Pts',(310.,-0.468495810694112,-321.750364465446));
#11168=CARTESIAN_POINT('Ctrl Pts',(310.,-0.470627162261792,-321.378387807805));
#11169=CARTESIAN_POINT('Ctrl Pts',(310.,-0.47287000294027,-320.986953381006));
#11170=CARTESIAN_POINT('Ctrl Pts',(310.,-0.475144614944147,-320.602365575139));
#11171=CARTESIAN_POINT('Ctrl Pts',(310.,-0.47746124112296,-320.223343016404));
#11172=CARTESIAN_POINT('Ctrl Pts',(310.,-0.479705472733685,-319.856164912629));
#11173=CARTESIAN_POINT('Ctrl Pts',(310.,-0.48198913159151,-319.494209970406));
#11174=CARTESIAN_POINT('Ctrl Pts',(310.,-0.484321144699634,-319.136370434754));
#11175=CARTESIAN_POINT('Ctrl Pts',(310.,-0.486608722852162,-318.785349292971));
#11176=CARTESIAN_POINT('Ctrl Pts',(310.,-0.488942828947207,-318.438288389668));
#11177=CARTESIAN_POINT('Ctrl Pts',(310.,-0.491331534869028,-318.094194727047));
#11178=CARTESIAN_POINT('Ctrl Pts',(310.,-0.49372024079085,-317.750101064426));
#11179=CARTESIAN_POINT('Ctrl Pts',(310.,-0.496163546539447,-317.408974642488));
#11180=CARTESIAN_POINT('Ctrl Pts',(310.,-0.4986691729226,-317.069874590652));
#11181=CARTESIAN_POINT('Ctrl Pts',(310.,-0.501174799305749,-316.730774538816));
#11182=CARTESIAN_POINT('Ctrl Pts',(310.,-0.503742746323455,-316.393700857083));
#11183=CARTESIAN_POINT('Ctrl Pts',(310.,-0.50638038370702,-316.05776480209));
#11184=CARTESIAN_POINT('Ctrl Pts',(310.,-0.509018021090589,-315.721828747096));
#11185=CARTESIAN_POINT('Ctrl Pts',(310.,-0.511725348840019,-315.387030318842));
#11186=CARTESIAN_POINT('Ctrl Pts',(310.,-0.514509385610133,-315.052532901184));
#11187=CARTESIAN_POINT('Ctrl Pts',(310.,-0.517293422380244,-314.718035483527));
#11188=CARTESIAN_POINT('Ctrl Pts',(310.,-0.52015416817104,-314.383839076465));
#11189=CARTESIAN_POINT('Ctrl Pts',(310.,-0.52309829056087,-314.049159191072));
#11190=CARTESIAN_POINT('Ctrl Pts',(310.,-0.526042412950698,-313.714479305679));
#11191=CARTESIAN_POINT('Ctrl Pts',(310.,-0.52906991193956,-313.379315941956));
#11192=CARTESIAN_POINT('Ctrl Pts',(310.,-0.532187104029329,-313.042936738192));
#11193=CARTESIAN_POINT('Ctrl Pts',(310.,-0.535304296119106,-312.706557534428));
#11194=CARTESIAN_POINT('Ctrl Pts',(310.,-0.53851118130979,-312.368962490624));
#11195=CARTESIAN_POINT('Ctrl Pts',(310.,-0.541813725026776,-312.029471372288));
#11196=CARTESIAN_POINT('Ctrl Pts',(310.,-0.545116268743746,-311.689980253954));
#11197=CARTESIAN_POINT('Ctrl Pts',(310.,-0.548514470987015,-311.348593061089));
#11198=CARTESIAN_POINT('Ctrl Pts',(310.,-0.552013946105504,-311.004681686419));
#11199=CARTESIAN_POINT('Ctrl Pts',(310.,-0.555513421224021,-310.660770311747));
#11200=CARTESIAN_POINT('Ctrl Pts',(310.,-0.559114169217759,-310.31433475527));
#11201=CARTESIAN_POINT('Ctrl Pts',(310.,-0.562821453359156,-309.964799036933));
#11202=CARTESIAN_POINT('Ctrl Pts',(310.,-0.566528737500531,-309.615263318598));
#11203=CARTESIAN_POINT('Ctrl Pts',(310.,-0.570342557789565,-309.262627438402));
#11204=CARTESIAN_POINT('Ctrl Pts',(310.,-0.574267826422221,-308.906367543509));
#11205=CARTESIAN_POINT('Ctrl Pts',(310.,-0.578193095054876,-308.550107648616));
#11206=CARTESIAN_POINT('Ctrl Pts',(310.,-0.582229812031154,-308.190223739024));
#11207=CARTESIAN_POINT('Ctrl Pts',(310.,-0.586382538470539,-307.826244089115));
#11208=CARTESIAN_POINT('Ctrl Pts',(310.,-0.590535264909918,-307.462264439206));
#11209=CARTESIAN_POINT('Ctrl Pts',(310.,-0.594804000812407,-307.094189048979));
#11210=CARTESIAN_POINT('Ctrl Pts',(310.,-0.599192956221011,-306.721598320031));
#11211=CARTESIAN_POINT('Ctrl Pts',(310.,-0.603581911629752,-306.349007591072));
#11212=CARTESIAN_POINT('Ctrl Pts',(310.,-0.608091086544617,-305.971901523392));
#11213=CARTESIAN_POINT('Ctrl Pts',(310.,-0.612724339932138,-305.589912645806));
#11214=CARTESIAN_POINT('Ctrl Pts',(310.,-0.617357593319712,-305.207923768217));
#11215=CARTESIAN_POINT('Ctrl Pts',(310.,-0.622114925179944,-304.821052080721));
#11216=CARTESIAN_POINT('Ctrl Pts',(310.,-0.626999843402891,-304.428982239354));
#11217=CARTESIAN_POINT('Ctrl Pts',(310.,-0.631884761625599,-304.036912398005));
#11218=CARTESIAN_POINT('Ctrl Pts',(310.,-0.636897266211009,-303.639644402785));
#11219=CARTESIAN_POINT('Ctrl Pts',(310.,-0.642040513972696,-303.236915036944));
#11220=CARTESIAN_POINT('Ctrl Pts',(310.,-0.64737732724045,-302.819029000236));
#11221=CARTESIAN_POINT('Ctrl Pts',(310.,-0.65285491228983,-302.395262422801));
#11222=CARTESIAN_POINT('Ctrl Pts',(310.,-0.658476396329554,-301.965380569787));
#11223=CARTESIAN_POINT('Ctrl Pts',(310.,-0.663893989892245,-301.551090474298));
#11224=CARTESIAN_POINT('Ctrl Pts',(310.,-0.669445231106901,-301.131120992144));
#11225=CARTESIAN_POINT('Ctrl Pts',(310.,-0.675132561421423,-300.705315122814));
#11226=CARTESIAN_POINT('Ctrl Pts',(310.,-0.68081989173597,-300.279509253482));
#11227=CARTESIAN_POINT('Ctrl Pts',(310.,-0.686643311150384,-299.847866996974));
#11228=CARTESIAN_POINT('Ctrl Pts',(310.,-0.692604910036091,-299.410283479996));
#11229=CARTESIAN_POINT('Ctrl Pts',(310.,-0.698566508921794,-298.972699963018));
#11230=CARTESIAN_POINT('Ctrl Pts',(310.,-0.704666287278791,-298.529175185569));
#11231=CARTESIAN_POINT('Ctrl Pts',(310.,-0.710905984402026,-298.079656401573));
#11232=CARTESIAN_POINT('Ctrl Pts',(310.,-0.717145681525309,-297.630137617574));
#11233=CARTESIAN_POINT('Ctrl Pts',(310.,-0.723525297414835,-297.174624827028));
#11234=CARTESIAN_POINT('Ctrl Pts',(310.,-0.730046220289074,-296.713117411076));
#11235=CARTESIAN_POINT('Ctrl Pts',(310.,-0.736567143163315,-296.251609995124));
#11236=CARTESIAN_POINT('Ctrl Pts',(310.,-0.743229373022268,-295.784107953766));
#11237=CARTESIAN_POINT('Ctrl Pts',(310.,-0.75003394700793,-295.310662795361));
#11238=CARTESIAN_POINT('Ctrl Pts',(310.,-0.756838520993593,-294.837217636956));
#11239=CARTESIAN_POINT('Ctrl Pts',(310.,-0.763785439105963,-294.357829361505));
#11240=CARTESIAN_POINT('Ctrl Pts',(310.,-0.770875387410556,-293.872601604584));
#11241=CARTESIAN_POINT('Ctrl Pts',(310.,-0.77796533571503,-293.387373847671));
#11242=CARTESIAN_POINT('Ctrl Pts',(310.,-0.785198314211722,-292.896306609288));
#11243=CARTESIAN_POINT('Ctrl Pts',(310.,-0.792574657889672,-292.39955565223));
#11244=CARTESIAN_POINT('Ctrl Pts',(310.,-0.799951001567705,-291.902804695166));
#11245=CARTESIAN_POINT('Ctrl Pts',(310.,-0.807470710427001,-291.400370019427));
#11246=CARTESIAN_POINT('Ctrl Pts',(310.,-0.815133768380118,-290.892459515026));
#11247=CARTESIAN_POINT('Ctrl Pts',(310.,-0.822796826333274,-290.384549010622));
#11248=CARTESIAN_POINT('Ctrl Pts',(310.,-0.830603233380253,-289.871162677554));
#11249=CARTESIAN_POINT('Ctrl Pts',(310.,-0.838552622357143,-289.352560533054));
#11250=CARTESIAN_POINT('Ctrl Pts',(310.,-0.846502011334027,-288.833958388555));
#11251=CARTESIAN_POINT('Ctrl Pts',(310.,-0.85459438224082,-288.310140432622));
#11252=CARTESIAN_POINT('Ctrl Pts',(310.,-0.86282901683713,-287.781418809705));
#11253=CARTESIAN_POINT('Ctrl Pts',(310.,-0.871063651433395,-287.252697186791));
#11254=CARTESIAN_POINT('Ctrl Pts',(310.,-0.879440549719174,-286.719071896891));
#11255=CARTESIAN_POINT('Ctrl Pts',(310.,-0.8879586423776,-286.180907211673));
#11256=CARTESIAN_POINT('Ctrl Pts',(310.,-0.896476735036114,-285.642742526449));
#11257=CARTESIAN_POINT('Ctrl Pts',(310.,-0.905136022067278,-285.100038445905));
#11258=CARTESIAN_POINT('Ctrl Pts',(310.,-0.913935083077743,-284.553211368926));
#11259=CARTESIAN_POINT('Ctrl Pts',(310.,-0.922734144088111,-284.006384291953));
#11260=CARTESIAN_POINT('Ctrl Pts',(310.,-0.931672979077778,-283.455434218544));
#11261=CARTESIAN_POINT('Ctrl Pts',(310.,-0.94074981657692,-282.9008296748));
#11262=CARTESIAN_POINT('Ctrl Pts',(310.,-0.949826654076162,-282.34622513105));
#11263=CARTESIAN_POINT('Ctrl Pts',(310.,-0.95904149408488,-281.787966116966));
#11264=CARTESIAN_POINT('Ctrl Pts',(310.,-0.968392214056775,-281.226573285866));
#11265=CARTESIAN_POINT('Ctrl Pts',(310.,-0.977934440509501,-280.653682905297));
#11266=CARTESIAN_POINT('Ctrl Pts',(310.,-0.987618170932413,-280.077528842402));
#11267=CARTESIAN_POINT('Ctrl Pts',(310.,-0.997440772765939,-279.498720362981));
#11268=CARTESIAN_POINT('Ctrl Pts',(310.,-1.00267743937074,-279.190143563664));
#11269=CARTESIAN_POINT('Ctrl Pts',(310.,-1.00795356922714,-278.880813373204));
#11270=CARTESIAN_POINT('Ctrl Pts',(310.,-1.01326872096013,-278.570828366321));
#11271=CARTESIAN_POINT('Ctrl Pts',(324.516121517409,-1.23842244365054,-266.390356154939));
#11272=CARTESIAN_POINT('Ctrl Pts',(338.072436341741,-1.01105403273142,-277.765454924158));
#11273=CARTESIAN_POINT('Ctrl Pts',(354.337480825937,-0.79787904566628,-291.413447751929));
#11274=CARTESIAN_POINT('Ctrl Pts',(379.055115401891,-0.523790982221523,
-312.154005808187));
#11275=CARTESIAN_POINT('Ctrl Pts',(384.670917070938,-0.486145720357534,
-316.866222917449));
#11276=CARTESIAN_POINT('Ctrl Pts',(399.134451685601,-0.433305687622839,
-329.002569478133));
#11277=CARTESIAN_POINT('Origin',(310.,0.,0.));
#11278=CARTESIAN_POINT('',(310.,0.290511087516671,-329.002569477395));
#11279=CARTESIAN_POINT('',(310.,0.,-329.002569477395));
#11280=CARTESIAN_POINT('',(310.,0.290511087516671,-175.));
#11281=CARTESIAN_POINT('Origin',(295.0625,0.290511087516668,-350.));
#11282=CARTESIAN_POINT('',(320.0625,0.290511087516672,-329.002569477395));
#11283=CARTESIAN_POINT('',(147.53125,0.290511087516642,-329.002569477395));
#11284=CARTESIAN_POINT('',(320.0625,0.290511087516672,-350.));
#11285=CARTESIAN_POINT('Origin',(320.0625,0.290511087516672,-350.));
#11286=CARTESIAN_POINT('',(320.0625,0.145255543758336,-329.002569477395));
#11287=CARTESIAN_POINT('Origin',(0.,0.,-329.002569477395));
#11288=CARTESIAN_POINT('',(399.134451684722,0.,-329.002569477395));
#11289=CARTESIAN_POINT('Origin',(446.793604820404,0.,-368.993347295767));
#11290=UNCERTAINTY_MEASURE_WITH_UNIT(LENGTH_MEASURE(0.01),#11294,
'DISTANCE_ACCURACY_VALUE',
'Maximum model space distance between geometric entities at asserted c
onnectivities');
#11291=UNCERTAINTY_MEASURE_WITH_UNIT(LENGTH_MEASURE(0.01),#11294,
'DISTANCE_ACCURACY_VALUE',
'Maximum model space distance between geometric entities at asserted c
onnectivities');
#11292=(
GEOMETRIC_REPRESENTATION_CONTEXT(3)
GLOBAL_UNCERTAINTY_ASSIGNED_CONTEXT((#11290))
GLOBAL_UNIT_ASSIGNED_CONTEXT((#11294,#11296,#11297))
REPRESENTATION_CONTEXT('','3D')
);
#11293=(
GEOMETRIC_REPRESENTATION_CONTEXT(3)
GLOBAL_UNCERTAINTY_ASSIGNED_CONTEXT((#11291))
GLOBAL_UNIT_ASSIGNED_CONTEXT((#11294,#11296,#11297))
REPRESENTATION_CONTEXT('','3D')
);
#11294=(
LENGTH_UNIT()
NAMED_UNIT(*)
SI_UNIT(.MILLI.,.METRE.)
);
#11295=(
LENGTH_UNIT()
NAMED_UNIT(*)
SI_UNIT(.CENTI.,.METRE.)
);
#11296=(
NAMED_UNIT(*)
PLANE_ANGLE_UNIT()
SI_UNIT($,.RADIAN.)
);
#11297=(
NAMED_UNIT(*)
SI_UNIT($,.STERADIAN.)
SOLID_ANGLE_UNIT()
);
#11298=SHAPE_DEFINITION_REPRESENTATION(#11299,#11300);
#11299=PRODUCT_DEFINITION_SHAPE('',$,#11302);
#11300=SHAPE_REPRESENTATION('',(#3340),#11292);
#11301=PRODUCT_DEFINITION_CONTEXT('part definition',#11306,'design');
#11302=PRODUCT_DEFINITION('WingLeft_Junct','WingLeft_Junct',#11303,#11301);
#11303=PRODUCT_DEFINITION_FORMATION('',$,#11308);
#11304=PRODUCT_RELATED_PRODUCT_CATEGORY('WingLeft_Junct',
'WingLeft_Junct',(#11308));
#11305=APPLICATION_PROTOCOL_DEFINITION('international standard',
'automotive_design',2009,#11306);
#11306=APPLICATION_CONTEXT(
'Core Data for Automotive Mechanical Design Process');
#11307=PRODUCT_CONTEXT('part definition',#11306,'mechanical');
#11308=PRODUCT('WingLeft_Junct','WingLeft_Junct',$,(#11307));
#11309=PRESENTATION_STYLE_ASSIGNMENT((#11311));
#11310=PRESENTATION_STYLE_ASSIGNMENT((#11312));
#11311=SURFACE_STYLE_USAGE(.BOTH.,#11317);
#11312=SURFACE_STYLE_USAGE(.BOTH.,#11318);
#11313=SURFACE_STYLE_RENDERING_WITH_PROPERTIES($,#11325,(#11315));
#11314=SURFACE_STYLE_RENDERING_WITH_PROPERTIES($,#11326,(#11316));
#11315=SURFACE_STYLE_TRANSPARENT(0.);
#11316=SURFACE_STYLE_TRANSPARENT(0.);
#11317=SURFACE_SIDE_STYLE('',(#11319,#11313));
#11318=SURFACE_SIDE_STYLE('',(#11320,#11314));
#11319=SURFACE_STYLE_FILL_AREA(#11321);
#11320=SURFACE_STYLE_FILL_AREA(#11322);
#11321=FILL_AREA_STYLE('',(#11323));
#11322=FILL_AREA_STYLE('',(#11324));
#11323=FILL_AREA_STYLE_COLOUR('',#11325);
#11324=FILL_AREA_STYLE_COLOUR('',#11326);
#11325=COLOUR_RGB('',0.749019607843137,0.749019607843137,0.749019607843137);
#11326=COLOUR_RGB('',0.698039215686274,0.,0.);
ENDSEC;
END-ISO-10303-21;
